TITLE,CONTACT_1,CONTACT_2,WEB_LINK,DATA_SOURCE
Windstorm disturbance without patch dynamics twelve years of change in a Minnesota forest,Sara Webb,Sara Scanga,http://esapubs.org/archive/ecol/E082/011/default.htm,Ecology
Mapped quadrats in sagebrush steppe long-term data for analyzing demographic rates and plant to plant interactions,Luke Zachmann,NA,http://esapubs.org/archive/ecol/E091/243/default.htm,Ecology
Long-term phytoplankton community dynamics in the Western English Channel,Claire Widdicombe,NA,http://plankt.oxfordjournals.org/content/32/5.toc,Oxford Journals
Bird community dynamics in a temperate deciduous forest Long-term trends at Hubbard Brook,Richard Holmes,Tom Sherry,http://www.esajournals.org/toc/emon/56/3,Ecology
Time and space and the variation of species,Author now deceased,Queries at Ecology,http://www.esajournals.org/toc/ecol/41/4,Ecology
MCR LTER Coral Reef Long-term Population and Community Dynamics Fishes,Andrew Brooks,LTER contact,http://mcr.lternet.edu/cgi-bin/showDataset.cgi?docid=knb-lter-mcr.6,Moorea Coral Reef LTER
Skokholm Bird Observatory,Mark Williamson,NA,http://ecologicaldata.org/wiki/skokholm-bird-observatory,Eco Data Wiki
Detection of Density-Dependent Effects in Annual Duck Censuses,William Vickery,Tom Nudds,http://www.esajournals.org/toc/ecol/65/1,Ecology
Fluctuations and long-term in the relative densities of tetraonid populations in Finland. 1964-77,Harto Linden,Global Population Dynamics Database,http://www3.imperial.ac.uk/cpb/databases/gpdd,Global Population Dynamics Database
A transect survey of small land carnivore and red fox populations on a subarctic fell in Finnish forest Lapland over 13 winters,Erkki Pulliainen,Global Population Dynamics Database,http://www3.imperial.ac.uk/cpb/databases/gpdd,Global Population Dynamics Database
An 11-year study of small mammal populations at Mont St. Hilaire. Quebec,Peter Grant,Global Population Dynamics Database,http://www3.imperial.ac.uk/cpb/databases/gpdd,Global Population Dynamics Database
El Verde Grid invertebrate data (Big Grid Snail Captures 1991-2007),Christopher Bloch,Michael Willig,http://luq.lternet.edu/data/luqmetadata107/7427,Luquillo LTER
Small Mammal Mark-Recapture Population Dynamics at Core Research Sites,Seth Newsome,Mike Friggens,http://sev.lternet.edu/data/sev-8,Sevilleta LTER
Avian populations long-term monitoring dataset. San Juan. Puerto Rico Luquillo Long Term Ecological Research Site Database Grid points bird counts DBAS 23,Robert Waide,E Melendez,http://luq.lternet.edu/data/luqmetadata23,Luquillo LTER
Long-term monitoring and experimental manipulation of a Chihuahuan Desert ecosystem near Portal. Arizona. USA,Morgan Ernest,Thomas Valone,http://esapubs.org/archive/ecol/E090/118/default.htm,Ecology
Forest Census Plot on Barro Colorado Island,Stephen Hubbell,Richard Condit,http://ctfs.si.edu/,SmithsonianTropical Research Institute
Animal Demography Unit - Coordinated Waterbird Counts (CWAC) (AfrOBIS),Michael Brooks,NA,http://www.iobis.org/mapper/?dataset=603,OBIS
Marine and Coastal Management - Copepod Surveys (AfrOBIS),Hans Verheye,NA,http://www.iobis.org/mapper/?dataset=125,OBIS
Seabird 2000 (EurOBIS),Ian Mitchell,Info at Birdwatch Ireland,http://www.iobis.org/mapper/?dataset=101,OBIS
Zooplankton Data from the Canadian Beaufort Sea Shelf. 1984 and 1985 NOGAP B2. Zooplankton Data from the Canadian Beaufort Sea Shelf. 1986. Central and Arctic Region,C Hopcroft,Cheryl Clarke-Hopcroft,http://www.iobis.org/mapper/?dataset=4428,Arctic Ocean Diversity Database
A comparison of benthic biodiversity in the North Sea. English Channel and Celtic Seas,H Rees,NA,http://www.iobis.org/mapper/?dataset=51,OBIS
MEDITS Seabird surveys 1999 - 2000 - 2002,Maite Louzao,Daniel Oro,https://globalchange.nasa.gov/KeywordSearch/Metadata.do?Portal=seamap&KeywordPath=&OrigMetadataNode=GCMD&EntryId=seamap334&MetadataView=Full&MetadataType=0&lbnode=mdlb3,OBIS
IOW Macrozoobenthos monitoring Baltic Sea (1980-2005) (EurOBIS),Michael Zettler,NA,http://www.iobis.org/mapper/?dataset=254,OBIS
CRRU Cetacean sighting in Scotland waters 1997-2010,Kevin Robinson,NA,http://www.iobis.org/mapper/?dataset=2354,OBIS
Phytoplankton of the Ukrainian Black Sea shelf (1985-2005),Natalya Derezuyk,Francisco Hernandez,http://www.emodnet-biology.eu/data-catalog?module=dataset&dasid=2694,EMODnet Bioloby
Phytoplankton in the Oosterschelde before. during and after the storm-surge barrier (1982-1990),Peter Herman,NA,http://www.iobis.org/mapper/?dataset=505,OBIS
Zooplankton in the Bay of Biscay (1995-2004. yearly DEPM surveys),Unai Cotano,Francisco Hernandez,http://bio.emodnet.eu/,EMODnet Bioloby
Baltic seabirds transect surveys,Gedas Vaitkus,NA,http://www.iobis.org/mapper/?dataset=2260,OBIS
Structure and function of contemporary food webs on Arctic shelves A panarctic comparison. The pelagic system of the Kara Sea- communities and components of carbon flow (ArcOD/AOOS),C Hopcroft,Cheryl Clarke-Hopcroft,http://www.iobis.org/mapper/?dataset=4396,OBIS
Archives of the Arctic Seas Zooplankton (ARC),Information Manager,NA,http://www.iobis.org/mapper/?dataset=4470,OBIS
"Zoobenthos data from the Southern Beaufort Sea, 1971-1975 - Wildco Petersen Grabs 1974-1975 only",C Hopcroft,Cheryl Clarke-Hopcroft,http://www.iobis.org/mapper/?dataset=4461,OBIS
Seabirds of the Southern and South Indian Ocean (Australian Antarctic Data Centre),Dave Watts,Eric Woehler,https://data.aad.gov.au/metadata/records/ASAC_2208_seabirds,https://data.aad.gov.au/metadata/records/ASAC_2208_seabirds
Marine Nature Conservation Review (MNCR) and associated benthic marine data held and managed by JNCC (EurOBIS),Steve Wilkinson,Contact at CEH,http://www.iobis.org/mapper/?dataset=1987,OBIS
Southampton Oceanography Center Discovery Collections Midwater Database (collections from Discovery sailings - 1979 only year with furthest afield data),P Pugh,NA,http://www.iobis.org/mapper/?dataset=12,OBIS
South Western Pacific Regional OBIS Data Asteroid Subset (South Western Pacific OBIS),Steve Massey,Don Robertson,http://www.iobis.org/mapper/?dataset=219,OBIS
DFO Maritimes Research Vessel Trawl Surveys Fish Observations (OBIS Canada),Don Clark,NA,http://www.iobis.org/mapper/?dataset=237,OBIS
CRED REA Algal Quadrate Images in the Pacific Ocean 2002-2008 (OBIS-USA),Coral Ecologist Team Lead (NOAA),NA,http://www.iobis.org/mapper/?dataset=1577,OBIS
CRED Rapid Ecological Assessments of Fish Belt Transect Surveys and Fish Stationary Point Count Surveys in the Pacific Ocean 2000-2010 (OBIS-USA),Coral Ecologist Team Lead (NOAA),NA,http://www.iobis.org/mapper/?dataset=1581,OBIS
CRED Rapid Ecological Assessments of Coral Population in the Pacific Ocean 2007-2010 (OBIS-USA),Coral Ecologist Team Lead (NOAA),NA,http://www.iobis.org/mapper/?dataset=1578,OBIS
Maine Department of Marine Resources Inshore Trawl Survey 2000-2009 (OBIS-USA),Sally Sherman,David Libby,http://www.iobis.org/mapper/?dataset=1693,OBIS
A Biological Survey of the Waters of Woods Hole and Vicinity,Richard Osman,Ajay R,http://www.iobis.org/mapper/?dataset=230,OBIS
MARMAP Chevron Trap Survey 1990-2009 (OBIS-USA),Tracy Smart,Marcel Reichert,http://www.iobis.org/mapper/?dataset=1504,OBIS
MARMAP Neuston Nets 1990-2009 (OBIS-USA),Tracy Smart,Marcel Reichert,http://www.iobis.org/mapper/?dataset=1665,OBIS
MARMAP Florida Antillean Trap Survey 1990-2009 (OBIS-USA),Tracy Smart,Marcel Reichert,http://www.iobis.org/mapper/?dataset=1505,OBIS
Zooplankton Sampled with 10m2MOCNESS Net in Georges Bank 1995-1999 (OBIS-USA),Laurence Madin,Erich Horgan,http://www.iobis.org/mapper/?dataset=2339,OBIS
South TX Outer Continental Shelf and MI. AL. and FL Outer Continental Shelf benthic organism sampling 1974-1978 (OBIS-USA),NODC Contact (NOAA),NA,http://www.iobis.org/mapper/?dataset=2343,OBIS
Copepods (Tropical and Subtropical Western South Atlantic OBIS),Fabio L. Silveira,Alexandre Marino,http://www.iobis.org/mapper/?dataset=569,OBIS
Previous_fisheries_REVIZEE_Program (Tropical and Subtropical Western South Atlantic OBIS),Alexandre Marino,Evberghe,http://www.iobis.org/mapper/?dataset=2411,OBIS
Pelagic and Demersal Fish Database II. REVIZEE South Area (WSAOBIS),Alexandre Marino,NA,http://www.iobis.org/mapper/?dataset=105,OBIS
South Western Pacific Regional OBIS Data Bryozoan Subset (South Western Pacific OBIS),Steve Massey,NA,http://www.iobis.org/mapper/?dataset=221,OBIS
South Western Pacific Regional OBIS Data provider for the NIWA Marine Biodata Information System (South Western Pacific OBIS),Steve Massey,NA,http://www.gbif.org/dataset/83b58bb2-f762-11e1-a439-00145eb45e9a,GBIF
Admiralty Bay Benthos Diversity Data Base (ABBED).,Jacek Sicinski,Bruno Danis,http://www.scarmarbin.be/index.php,SCAR-MarBIN
CMarZ (Census of Marine Zooplankton)-Asia Database,Shuhei Nishida,Hiroomi Miyamoto,http://www.iobis.org/mapper/?dataset=1500,OBIS
EPA'S EMAP Database,Stephen Hale,NA,http://www.iobis.org/mapper/?dataset=25,OBIS
North Pacific Groundfish Observer (North Pacific Research Board),Karen Stocks,NA,http://www.iobis.org/mapper/?dataset=67,OBIS
North American Sessile Marine Invertebrate Survey,G Ruiz,B Steves,http://www.iobis.org/mapper/?dataset=106,OBIS
PIROP Northwest Atlantic 1965-1992 (SEAMAP),Andy Read,Westgate,http://www.iobis.org/mapper/?dataset=2245,OBIS
CalCOFI and NMFS Seabird and Marine Mammal Observation Data. 1987-2006 (SEAMAP),Bill Sydeman,K D Hyrenbach,http://www.iobis.org/mapper/?dataset=2050,OBIS
Bahamas Marine Mammal Research Organisation Opportunistic Sightings (SEAMAP),Charlotte Dunn,Info at Bahamas Whales,http://www.iobis.org/mapper/?dataset=2157,OBIS
POPA cetacean. seabird. and sea turtle sightings in the Azores area 1998-2009 (OBIS SEAMAP),Andy Read,Patrick Halpin,http://www.iobis.org/mapper/?dataset=4257,OBIS
Marine Biological Sample Database. JAMSTEC (OBIS_JAPAN),Tohru Iseto,NA,http://www.iobis.org/mapper/?dataset=2289,OBIS
Atlantic Zone Monitoring Program Maritimes Region (AZMP) plankton datasets. In Fisheries and Oceans Canada - BioChem archive (OBIS Canada),Jeff Spry,Mary Kennedy,http://www.iobis.org/mapper/?dataset=2328,OBIS
Pacific Shrimp Trawl Survey (OBIS Canada),James Boutillier,NA,http://www.iobis.org/mapper/?dataset=261,OBIS
ECNASAP - East Coast North America Strategic Assessment (OBIS Canada),Bob Branton,NA,http://www.iobis.org/mapper/?dataset=38,OBIS
Snow crab research trawl survey database (Southern Gulf of St. Lawrence. Gulf region. Canada) from 1988 to 2010 (OBIS Canada),Mary Kennedy,NA,http://www.iobis.org/mapper/?dataset=2348,OBIS
DFO Maritimes Research Vessel Trawl Surveys Invertebrate Observations (OBIS Canada),John Tremblay,Bob Branton,http://www.iobis.org/mapper/?dataset=257,OBIS
DFO Central and Arctic Multi-species Stock Assessment Surveys (OBIS_CANADA),Tim Siferd,NA,http://www.iobis.org/mapper/?dataset=2293,OBIS
CSIRO - Great Barrier Reef seabed biodiversity study 2003-2006,Tony Rees,"Jane Fromont, Roland Pitcher",https://obis.org/dataset/a8a98929-f991-4407-af3a-40496f47297c,OBIS
National Benthic Infaunal Database (NOAA NBI),Contact at NCCOS (NOAA),Leslie Irwin,http://www.iobis.org/mapper/?dataset=3962,OBIS
St. John. USVI Fish Assessment and Monitoring Data (2002 - Present) (NOAA-CCMA),Kimberley Robertson,NA,http://www.iobis.org/mapper/?dataset=1672,OBIS
St. Croix. USVI Fish Assessment and Monitoring Data (2002 - Present) (NOAA-CCMA),Kimberley Robertson,NA,http://www.iobis.org/mapper/?dataset=1673,OBIS
Whale Catches in Southern Ocean (OBIS - Australian Antarctic Data Centre),Dave Watts,NA,http://www.iobis.org/mapper/?dataset=22,OBIS
Spatial and temporal distribution and abundance of moths in the Andrews Experimental Forest. 1994 to 2004,Julia Jones,Jeffrey Miller,http://andrewsforest.oregonstate.edu/data/abstract.cfm?dbcode=SA015,Andrews Forest
Breeding birds survey North America,Brian McGIll,Keith Pardieck,https://www.pwrc.usgs.gov/bbs/,US Breeding Birds Survey
SOTEAG Rocky Shore Survey (Sullom Voe),Rebecca Kinnear,Jon Moore,http://www.soteag.org.uk/,Shetland Oil Terminal Environmental Advisory Group
Taiwan bottom trawl survey,Kwang-Tsao Shao,Yung-Chang Lin (Jack),http://www.gbif.org/dataset/f9382ea5-fdd1-4398-a275-75dd880ee876,GBIF
Pasoh Forest Dynamics Plot. Malaysia - Smithsonian Tropical Research Institute,Christine Fletcher,Abd Rahman Kassim,http://www.ctfs.si.edu/site/Pasoh/,SmithsonianTropical Research Institute
Mudumalai Forest Dynamics Plot. India - Smithsonian Tropical Research Institute,R Sukuman,Sandeep Pulla,http://www.ctfs.si.edu/site/Mudumalai/,SmithsonianTropical Research Institute
MACROBEL Long term trends in the macrobenthos of the Belgian Continental Shelf,Tom Moens,NA,http://www.emodnet-biology.eu/data-catalog?module=dataset&dasid=145,OBIS (Ocean Biogeographic Information System) - EurOBIS
MARMAP Fly Net 1990-2009,Tracy Smart,Marcel Reichert,http://www.usgs.gov/obis-usa/search/?datasetid=MARMAP_FlyNet#,OBIS (Ocean Biogeographic Information System) - OBIS USA (MARMAP)
MARMAP Yankee Trawl 1990-2009,Tracy Smart,Marcel Reichert,http://www.usgs.gov/obis-usa/search/?datasetid=MARMAP_YankeeTrawl#,OBIS (Ocean Biogeographic Information System) - OBIS USA (MARMAP)
Northeast Fisheries Science Center Bottom Trawl Survey Data (OBIS-USA),Linda Despres,NA,http://www.iobis.org/mapper/?dataset=1435,OBIS (Ocean Biogeographic Information System) - OBIS USA
Long-term growth mortality and regeneration of trees in permanent vegetation plots in the Pacific Northwest 1910 to present,Mark E. Harmon,Robert J. Pabst and Suzanne M. Remillard,http://andrewsforest.oregonstate.edu/data/abstract.cfm?dbcode=TV010,HJ Andrews Experimental Forest LTER. USA
Landbird Monitoring Program (UMT-LBMP),Richard L. Hutto,NA,http://www.treesearch.fs.fed.us/pubs/32091,Avian Knowledge Network
Vegetation Plots of the Bonanza Creek LTER Control Plots Species Count (1975 - 2004),Teresa Hollingsworth,NA,https://portal.lternet.edu/nis/mapbrowse?packageid=knb-lter-bnz.175.20,Bonanza Creek LTER - University of Alaska Fairbanks
Experiment 133 - Effect of Burning Patterns on Vegetation in the Fish Lake Burn Compartments - Shrub Survey,Peter Reich,NA,http://www.cedarcreek.umn.edu/research/experiments/e133,Cedar Creek Ecosystem Science Reserve
Point count bird censusing long-term monitoring of bird distrubution and diversity in central Arizona-Phoenix period 2000 to 2011,Nancy Grimm,NA,https://caplter.asu.edu/data/data-catalog/?id=46,Central Arizona-Phoenix LTER
Transect bird survey with data synthesis from multiple transects in the central Arizona-Phoenix area period 1998 to 2000,Nancy Grimm,NA,https://caplter.asu.edu/data/data-catalog/?id=43,Central Arizona-Phoenix LTER
Coastal ecological data from the Virginian Biogeographic Province 1990 to 1993,Stephen S. Hale,NA,http://www.esapubs.org/archive/ecol/E083/057/default.htm,ESA - Ecological Publications (Ecology)
Upper Little Tennessee River Biomonitoring Program Database - LTWA Biomonitoring Database,William O. McLarney,NA,https://coweeta.uga.edu/dbpublic/dataset_details.asp?accession=4045,Coweeta Long Term Ecological Research Program
Macrophyte count data collected from Northeast Shark Slough Everglades National Park (FCE) from September 2006 to Present,Evelyn?Gaiser,Evelyn Gaiser,http://fcelter.fiu.edu/data/core/metadata/?datasetid=LT_PP_Gaiser_001,Florida Coastal Everglades LTER Program
HF044. Land Use on the Southern New England and New York Coasts 1600-2001,David Foster,NA,http://harvardforest.fas.harvard.edu:8080/exist/apps/datasets/showData.html?id=hf044,The Harvard Forest Long Term Ecological Research Program
Forest Inventory of a Northern Hardwood Forest Watershed 5,Information Manager at Hubbard Brook LTER,NA,http://www.hubbardbrook.org/data/dataset.php?id=36,The Hubbard Brook Ecosystem Study LTER Program
Fish population on selected watersheds at Konza Prairie - CFP012 - Konza fish population,Keith B Gido,NA,http://www.konza.ksu.edu/KNZ/pages/data/Knzdsdetail.aspx?datasetCode=CFP01,Konza Prairie LTER Program
Madison Wisconsin Lakes Zooplankton 1976 - 1994 - old net,Emily Stanley,NA,https://lter.limnology.wisc.edu/dataset/madison-wisonsin-lakes-zooplankton-1976-1994,North Temperate Lakes Long Term Ecological Research
North Temperate Lakes LTER Zooplankton - Madison Lakes Area 1997 - current,Emily Stanley,NA,https://lter.limnology.wisc.edu/dataset/north-temperate-lakes-lter-zooplankton-madison-lakes-area-1997-current,North Temperate Lakes Long Term Ecological Research
Pinon Juniper Net Primary Production Quadrat Data from the Sevilleta National Wildlife Refuge New Mexico 1999-2001,Douglas I. Moore,NA,http://sev.lternet.edu/data/sev-187,Sevilleta Long Term Ecological Research Program
Pinon-Juniper (Core Site) Quadrat Data for the Net Primary Production Study at the Sevilleta National Wildlife Refuge New Mexico (2003-present ),Sevilleta LTER Information Manager,NA,http://sev.lternet.edu/node/1718,Sevilleta LTER
Sherman Forest Dynamics Plot Panama,Richard Condit,NA,http://www.ctfs.si.edu/site/Sherman/,The Center for Tropical Forest Science. Smithsonian Tropical Research Institute
Lac Croche understory vegetation data set (1998 to 2006),Alain Paquette,NA,http://esapubs.org/archive/ecol/E088/197/default.htm#data,ESA - Ecological Publications (Ecology)
Long-term N-fertilized vegetation plots on Hog Island Virginia Coastal Barrier Islands 1992 to 2014,Frank Day,NA,http://www.vcrlter.virginia.edu/cgi-bin/showDataset.cgi?docid=knb-lter-vcr.106,Virginia Coast Reserve Long-Term Ecological Research
Migratory Fishes in the river Scheldt Trekvis,Maarten Stevens,NA,https://www.inbo.be/en,Research Institute for Nature and Forest (INBO)
Long-term monitoring dataset of fish assemblages impinged at nuclear power plants in northern Taiwan,Kwang-Tsao Shao,NA,http://datadryad.org/resource/doi:10.5061/dryad.m777t,Dryad
Evidence for long-term shift in plant community composition under decadal experimental warming,Zheng Shi,NA,http://datadryad.org/resource/doi:10.5061/dryad.1v339?show=full,Dryad
MARMAP Blackfish Trap Survey 1990-2009,Marcel Reichert,NA,http://www2.usgs.gov/obis-usa/search/?datasetid=MARMAP_BlackfishSurvey,OBIS (Ocean Biogeographic Information System) - OBIS USA (MARMAP)
"Multi-decade, spatially explicit population studies of canopy dynamics in Michigan old-growth forests",Kerry D. Woods,NA,http://www.esapubs.org/archive/ecol/E090/251/default.htm,ESA - Ecological Publications (Ecology)
Madison Wisconsin Lakes Zooplankton 1976 - 1994 - new net,Emily Stanley,NA,https://lter.limnology.wisc.edu/dataset/madison-wisonsin-lakes-zooplankton-1976-1994,North Temperate Lakes Long Term Ecological Research
Experimental evidence of reduced diversity of seedlings due to climate modification in a Mediterranean-type community.,Francisco Lloret,NA,None,Contributed by Grace Murphy
"Santa Barbara Coastal LTER Reef: Kelp Forest Community Dynamics: Abundance and size of Giant Kelp (Macrocystis Pyrifera), ongoing since 2000",Dan Reed,NA,http://sbc.lternet.edu//index.html,Santa Barbara Coastal LTER
Santa Barbara Coastal LTER Reef: Kelp Forest Community Dynamics: Fish abundance,Dan Reed,NA,http://sbc.lternet.edu//index.html,Santa Barbara Coastal LTER
Santa Barbara Coastal LTER Reef: Kelp Forest Community Dynamics: Invertebrate and algal density,Dan Reed,NA,http://sbc.lternet.edu//index.html,Santa Barbara Coastal LTER
"Santa Barbara Coastal LTER Reef: Kelp Forest Community Dynamics: Cover of sessile organisms, Uniform Point Contact",Dan Reed,NA,http://sbc.lternet.edu//index.html,Santa Barbara Coastal LTER
Response of an urban remnant reptile community to summer wildfire,Dr Rob A. Davis,Dr Tim S. Doherty,http://journals.plos.org/plosone/article?id=10.1371/journal.pone.0127925,Authors contacted BioTIME
Eutrophication and Dreissena Invasion as Drivers of Biodiversity A Century of Change in the Mollusc Community of Oneida Lake,Vadim Karatayev,NA,None,Contributed by Grace Murphy
Zooplankton Data from the Canadian Beaufort Sea Shelf. 1984 and 1985 NOGAP B2. Zooplankton Data from the Canadian Beaufort Sea Shelf. 1986. Central and Arctic Region,C Hopcroft,Cheryl Clarke-Hopcroft,http://www.iobis.org/mapper/?dataset=4428,OBIS
Previous_fisheries_REVIZEE_Program (Tropical and Subtropical Western South Atlantic OBIS),Alexandre Marino,NA,http://www.iobis.org/mapper/?dataset=2411,OBIS
CSIRO Marine Data Warehouse (OBIS Australia),Tony Rees,NA,http://www.iobis.org/mapper/?dataset=57,OBIS
Tam Dao Butterfly communities,Timothy C Bonebrake,Lie Van Vu,None,None
Systematic global assessment of reef fish communities by the Reef Life Survey program,Graham Edgar,Rick Stuart-Smith,http://reeflifesurvey.imas.utas.edu.au/portal/home,Contacted authors directly
Long-term mapped quadrats from Kansas prairie demographic information for herbaceaous plants,Peter B Adler,NA,http://esapubs.org/archive/ecol/E088/161/#abstract,Ecological Archives
Elba Island Butterflies,Leonardo Dapporto,NA,http://link.springer.com/article/10.1007/s10841-008-9189-7/fulltext.html,Journal of Insect Conservation
Insect Populations via Sticky Traps at KBS-LTER (Kellogg Biological Station. MI),Doug Landis,Stuart Gage,http://lter.kbs.msu.edu/datatables/67,Kellogg Biological Station LTER
Patterns and processes affecting the dynamics and structure of seasonally semideciduous forests in SE Brazil(Padroes e processos que influenciam a dinamica e a estrutura das Florestas Estacionais Semideciduais SE Brasil),Tiago Egydio Barreto,"Ricardo Rodrigues, Renato Augusto Ferreira de Lima and Thiago Almeida Bueno",None,Contacted authors directly
The influence of environmental variables on tree species component dynamics in a montane forest fragment in Lages SC Brazil Influencia de variaveis ambientais na dinamica do componente arboreo em um fragmento de Floresta Ombrofila Mista em Lages SC,Pedro Higuchi,Ana Carolina da Silva,None,Contacted authors directly
Cape of Good Hope Permanent Plots,Jasper Slingsby,NA,None,Contacted authors directly
Population estimates of Appalachian salamanders. Coweeta LTER,R Haven Wiley,NA,http://datadryad.org/handle/10255/dryad.25564,Dryad
Edwin S. George Reserve Turtles. The Global Population Dynamics Database Version 2,Barry Brook,NA,http://onlinelibrary.wiley.com/doi/10.1111/j.1461-0248.2006.00883.x/abstract,Ecology Letters
Marine microplankton diversity database,Sofia Sal,Sofia Sal Brequa,http://esapubs.org/archive/ecol/E094/149/,ESA - Ecological Publications (Ecology)
Seasonal summary of numbers of small mammals on 14 LTER traplines in prairie habitats at Konza Prairie,Donald W. Kaufman,NA,http://lter.konza.ksu.edu/content/csm01-seasonal-summary-numbers-small-mammals-14-lter-traplines-prairie-habitats-konza,Konza Prairie Long-Term Ecological Research
Stability in a Multi-Species Assemblage of Large Herbivores in East Africa,Herbert Henri Theodore Prins,NA,http://www.jstor.org/stable/4219351?seq=1#page_scan_tab_contents,JSTOR Oecologia
Successional Dynamics on a Resampled Chronosequence Core Old Field Grasshopper Sampling,Knops Johannes,Tilman David,http://www.cedarcreek.umn.edu/research/data/dataset?ghe014,Cedar Creek Ecosystem Science Reserve
Small mammal abundance: Successional Dynamics on a Resampled Chronosequence,Knops Johannes,Tilman David,http://www.cedarcreek.umn.edu/research/data/dataset?ghe014,Cedar Creek Ecosystem Science Reserve
Jornada Grasshopper Data,John Anderson,David Lightfoor,http://jornada.nmsu.edu/lter/dataset/49712/view,Jornada Basin LTER
Mangrove Forest Growth from the Shark River Slough Everglades National Park (FCE) South Florida from January 1995 to Present,Robert ATwilley,Victor Rivera-Monroy,http://fcelter.fiu.edu/data/core/metadata/?datasetid=LT_PP_Rivera_002,Florida Coastal Everglades LTER
Effects of rangeland management on community dynamics of herpetofauna to the tallgrass prairie,Dustin J. Wilgers,NA,http://www.bioone.org/doi/pdf/10.1655/0018-0831%282006%2962%5B378%3AEORMOC%5D2.0.CO%3B2,Herpetologica
Small Mammal Exclosure Study. Jornada LTER.  SMES rodent trapping data,Robert Schooley,NA,http://jornada.nmsu.edu/lter/dataset/49798/view,Jornada LTER
Forest destructuring as revealed by the temporal dynamics of fundamental species - Case study of Santa Genebra Forest in Brazil,Fabiano Turini Farah,"Ricardo Rodrigues, Renato Augusto Ferreira de Lima and Thiago Almeida Bueno",None,Contacted author directly
The Response of Anolis Lizards to Hurricane-Induced Habitat Changes in a Puerto Rican Rain Forest.,Douglas Reagan,NA,http://luq.lternet.edu/data/luqmetadata4,Luquillo LTER
Temporal evaluation of natural regeneration in a semi-deciduous forest in Pirenopolis. Goias. Brazil,Fabio Venturoli,NA,None,Contacted author directly
Fray Jorge Small Mammals 1989-2005,Douglas A. Kelt,NA,http://esapubs.org/archive/ecol/E094/084/,ESA - Ecological Publications (Ecology)
The Rainbow Bay Long-term Study,David Scott,NA,http://srelherp.uga.edu/projects/rbay.htm,The Rainbow Bay Long Term Study
Twenty years tree demography in an undisturbed Dipterocarp permanent sample plot at Uppangala Western Ghats of India,N. Ayyappan,NA,http://esapubs.org/archive/ecol/E092/115/metadata.htm,ESA - Ecological Publications (Ecology)
The Australian Zooplankton Database (Project ID 1): PhD; zooplankton abundance in Gulf of Carpentaria,Claire Davies,Anthony Richardson,http://esapubs.org/archive/ecol/E095/278/,ESA - Ecological Publications (Ecology)
Stream Fish Assemblage stability in a southern Appalachian stream (Coweeta Hydro Lab 1984 - 1995),Gary D Grossman,NA,https://portal.lternet.edu/nis/mapbrowse?packageid=knb-lter-cwt.3047.13,LTER
Weekly record of bird species observed on Konza Prairie,JMB,J Briggs,http://www.konza.ksu.edu/knz/pages/data/Knzdsdetail.aspx?datasetCode=CBP01,Konza LTER
Stochasticity in structural and functional characteristics of an Indiana stream fish assemblage  a test of community theory,Gary D Grossman,NA,http://www.jstor.org/stable/2461070?seq=1#page_scan_tab_contents,JSTOR
Long term monitoring and experimental manipulation of a Chihuahuan Desert ecosystem near Portal Arizona,Morgan Ernest,Tom Valone,http://esapubs.org/archive/ecol/E090/118/metadata.htm,Ecology
Mountain Birdwatch,John D. Lloyd,Kent P. McFarland,http://vtecostudies.org/projects/mountains/mountain-birdwatch/,Vermont Centre for Ecostudies
Dynamics and Organization of a Rocky Intertidal Fish Assemblage,Gary D Grossman,NA,http://www.jstor.org/stable/2461182.,JSTOR - The American Naturalist
Species trends turnover and composition of a woodland bird community in southern Sweden during a period of 57 years.,Soren Svensson,NA,http://springer,Ornis Svecica
Brazil Dataset 1,Fernando Rodrigues da Silva,NA,None,Contacted author directly
Brazil Dataset 2,Giselda Durigan,NA,None,Contacted author directly
Brazil Dataset 3,Giselda Durigan,NA,None,Contacted author directly
Brazil Dataset 4,Giselda Durigan,NA,None,Contacted author directly
Brazil Dataset 5,Giselda Durigan,NA,None,Contacted author directly
Monitoring experiences at the Atlantic rainforest biome using permanent plots.,Carolina Mathias Moreira,"Ana Paula Savassi-Coutinho Giselda Durigan Vincius Castro Souza Natlia Macedo Ivanauskas Ricardo Ribeiro Rodrigues, Renato Augusto Ferreira de Lima and Thiago Almeida Bueno",None,Contacted author directly
Zooplankton community of the Vitoria Bay estuarine system (southeastern Brazil). Characterization during a three-year study,Jose Mauro Sterza,Luiz Loureiro Fernandes,None,Contacted author directly
Bats (Mammalia Chiroptera) in restinga in the municipality of Jaguaruna south of Santa Catarina Brazil.,Fernando Carvalho,Fernando Carvalho,None,Contacted author directly
St. M polychaete species time-series,Claire Laguionie-Marchais,Henry Ruhl,None,MBARI/NOC/NHM project
Megafauna PAP time series,Claire Laguionie-Marchais,Henry Ruhl,None,NOCS
Megafauna Sta M time series,Claire Laguionie-Marchais,Henry Ruhl,None,MBARI
Flooded forest plot sampling in Peru,Randall W. Myster,NA,http://luq.lternet.edu/data/luqmetadata169,Luquillo LTER
La Planada Forest Dynamics Plots,Natalia Norden Medina,NA,http://www.ctfs.si.edu/site/La+Planada,The Center for Tropical Forest Science. Smithsonian Tropical Research Institute
Plant Species Composition on Selected Watersheds at Konza Prairie,David C. Hartnett,Scott L. Collins,https://portal.lternet.edu/nis/mapbrowse?packageid=knb-lter-knz.69.9,Konza LTER
Long-term stem inventory data from tropical rain forest plots in Australia,Matt Bradford,Dan Metcalfe,http://esapubs.org/archive/ecol/E095/209/metadata.php,Ecology
Small Mammal Trapping Webs on the Central Plains Experimental Range,Paul Stapp,NA,https://portal.lternet.edu/nis/mapbrowse?packageid=knb-lter-sgs.137.17,Shortgrass Steppe LTER
Neotropical Migratory Bird Communities in a Developing Pine Plantation,H Williamson,NA,http://www.srs.fs.fed.us/pubs/520,US Forest Service Southern Research Station
SBC LTER Reef Kelp Forest Community Dynamics Fish abundance,Santa Barbara Coastal LTER,Daniel C Reed,https://portal.lternet.edu/nis/mapbrowse?packageid=knb-lter-sbc.17.27,Santa Barbara Coastal LTER
Bialowieza National Park bird assemblage,Tomasz Wesolowski,NA,http://www.bioone.org/doi/abs/10.3161/000164510X551354,Acta Ornithologica
A long-term bird population study in an Appalachian spruce forest,JSTOR,NA,http://www.jstor.org/stable/4161914.,The Wilson Bulletin
Plant and small-mammal responses to large-herbivore exclusion in an African savanna,Tyler R. Kartzinel,NA,http://esapubs.org/archive/ecol/E095/064/metadata.php,Ecology
The 37-year dynamics of a subalpine bird community with special emphasis on the influence of environmental temperature and Epirrita autumnata cycles.,Anders Enemar,NA,http://www.luvre.org/data_o_pdf/Luvre-130%202004%20Enemar%20mfl%2037%20ar%20skogen.pdf,Ornis Svecica
Long-term reductions in anthropogenic nutrients link to improvements in Chesapeake Bay habitat,Nancy Rybicki,Henry Ruhl,http://www.pnas.org/content/107/38/16566.full.pdf,Contacted author directly
Hahei marine dataset (1997-2002),Trevor Willis,NA,None,Contacted author directly
Small Mammal Exclosure Study (SMES),David Lightfoot,NA,https://portal.lternet.edu/nis/mapbrowse?packageid=knb-lter-sev.8.297976,Sevilleta LTER - http://sev.lternet.edu/content/small-mammal-exclosure-study-smes-0
Monitoring site 1000 Coastal zone research - Tidal flat survey (Epibenthic fauna),Nature Conservation Bureau Ministry of the Environment Centre for Biodiversity,NPO Japan Wetlands International,http://www.biodic.go.jp/moni1000/findings/data/index.html,Ministry of the Environment Biodiversity Center
Monitoring site 1000 Land waters research- Lakes benthic animal research,Ecosystem monitoring department and maintenance department. Nature Conservation Bureau Ministry of the Environment Biodiversity Center,NPO Japan Wetlands International,http://www.biodic.go.jp/moni1000/findings/data/index.html,Ministry of the Environment Biodiversity Center
Monitoring site 1000 Alpine research - Surface wandering beetles,General Foundation Natural Environment Research Center monitoring site 1000 alpine zone personnel,Nature Conservation Bureau Ministry of the Environment Biodiversity Center Contact: ecosystem monitoring Department,http://www.biodic.go.jp/moni1000/findings/data/index.html,Ministry of the Environment Biodiversity Center
Monitoring site 1000 coastal zone research - Algae survey permanent quadrats,Ecosystem monitoring department and maintenance department. Nature Conservation Bureau Ministry of the Environment Biodiversity Center,NPO Japan Wetlands International,http://www.biodic.go.jp/moni1000/findings/data/index.html,Ministry of the Environment Biodiversity Center
Monitoring site 1000 coastal zone research - Algae survey transects,Ecosystem monitoring department and maintenance department. Nature Conservation Bureau Ministry of the Environment Biodiversity Center,NPO Japan Wetlands International,http://www.biodic.go.jp/moni1000/findings/data/index.html,Ministry of the Environment Biodiversity Center
Monitoring site 1000 Village survey - Bird survey data,Shinichi Takagawa Nana Goto - Mayuko Fukuda,Ecosystem Monitoring Department,http://www.biodic.go.jp/moni1000/findings/data/index.html,Ministry of the Environment Biodiversity Center
Village survey Medium and large mammal survey data,Shinichi Takagawa Nana Goto - Mayuko Fukuda,Ecosystem Monitoring Department,http://www.biodic.go.jp/moni1000/findings/data/index.html,Ministry of the Environment Biodiversity Center
Monitoring site 1000 Shorebird Survey,Ecosystem monitoring department and maintenance department. Nature Conservation Bureau Ministry of the Environment Biodiversity Center,NA,http://www.biodic.go.jp/moni1000/findings/data/index.html,Ministry of the Environment Biodiversity Center
Surface of the earth wandering beetles survey data,Niwa Ci,Sukigara Naozumi - Hatase Yoriko,http://www.biodic.go.jp/moni1000/findings/data/index.html,Ministry of the Environment Biodiversity Center
Monitoring site 1000 forest and grassland research - Bird survey data -1st phase,Foundation Wild Bird Society of Japan nature protection room charge : Hayama politics,Nature Conservation Bureau Ministry of the Environment Biodiversity Center Contact: ecosystem monitoring Departmen,http://www.biodic.go.jp/moni1000/findings/data/index.html,Ministry of the Environment Biodiversity Center
Monitoring site 1000 forest and grassland research - Bird survey data -2nd phase,Foundation Wild Bird Society of Japan nature protection room charge : Hayama politics,Nature Conservation Bureau Ministry of the Environment Biodiversity Center Contact: ecosystem monitoring Departmen,http://www.biodic.go.jp/moni1000/findings/data/index.html,Ministry of the Environment Biodiversity Center
Calafuria Mid-shore Intertidal Dataset (1991-2014),Lisandro Benedetti Cecchi,NA,None,Contacted author directly
Calafuria Low-shore Intertidal Dataset (1991-2014),Lisandro Benedetti Cecchi,NA,None,Contacted author directly
Long-term sampling of a herpetofaunal assemblage on an isolated urban bushland,R A How,NA,http://www.rswa.org.au/publications/Journal/81%283%29/81%283%29how.pdf,Journal of the Royal Society of Western Australia
Small Mammals and Vegetation Changes After Fire in a Mixed Conifer-Hardwood Forest,Contact at GPDD,NA,http://www3.imperial.ac.uk/cpb/databases/gpdd,The Global Population Dynamics Database
Boubin,Tomas Vrska,Kamil Kral,http://naturalforests.cz/research,Natural Forests in the Czech Republic (Databank)
Cahnov-Soutok,Tomas Vrska,Kamil Kral,http://naturalforests.cz/research,Natural Forests in the Czech Republic (Databank)
Milesice,Tomas Vrska,Kamil Kral,http://naturalforests.cz/research,Natural Forests in the Czech Republic (Databank)
Mionsi-V,Tomas Vrska,Kamil Kral,http://naturalforests.cz/research,Natural Forests in the Czech Republic (Databank)
Mionsi-R,Tomas Vrska,Kamil Kral,http://naturalforests.cz/research,Natural Forests in the Czech Republic (Databank)
Mionsi-C,Tomas Vrska,Kamil Kral,http://naturalforests.cz/research,Natural Forests in the Czech Republic (Databank)
Ranspurk,Tomas Vrska,Kamil Kral,http://naturalforests.cz/research,Natural Forests in the Czech Republic (Databank)
Razula,Tomas Vrska,Kamil Kral,http://naturalforests.cz/research,Natural Forests in the Czech Republic (Databank)
Salajka,Tomas Vrska,Kamil Kral,http://naturalforests.cz/research,Natural Forests in the Czech Republic (Databank)
Stozec,Tomas Vrska,Kamil Kral,http://naturalforests.cz/research,Natural Forests in the Czech Republic (Databank)
Velka Ples,Tomas Vrska,Kamil Kral,http://naturalforests.cz/research,Natural Forests in the Czech Republic (Databank)
Zakova hora,Tomas Vrska,Kamil Kral,http://naturalforests.cz/research,Natural Forests in the Czech Republic (Databank)
Zofin,Tomas Vrska,Kamil Kral,http://naturalforests.cz/research,Natural Forests in the Czech Republic (Databank)
Doutnac,Tomas Vrska,Kamil Kral,http://naturalforests.cz/research,Natural Forests in the Czech Republic (Databank)
Polednik,Tomas Vrska,Kamil Kral,http://naturalforests.cz/research,Natural Forests in the Czech Republic (Databank)
Polom,Tomas Vrska,Kamil Kral,http://naturalforests.cz/research,Natural Forests in the Czech Republic (Databank)
V Kluci,Tomas Vrska,Kamil Kral,http://naturalforests.cz/research,Natural Forests in the Czech Republic (Databank)
Jirina,Tomas Vrska,Kamil Kral,http://naturalforests.cz/research,Natural Forests in the Czech Republic (Databank)
Kohoutov,Tomas Vrska,Kamil Kral,http://naturalforests.cz/research,Natural Forests in the Czech Republic (Databank)
Brazil Dataset 6,Yzel Rondon Suarez,NA,None,Contacted author directly
Community ecology of anura amphibia at Northwest region of Sao Paulo state,Denise de Cerqueira Rossa-Feres,NA,None,Contacted author directly
Brazil Dataset 7,Gabriella Damasceno,Alessandra Fidelis,None,Contacted author directly
Brazil Dataset 8,Alessandra Fidelis,NA,None,Contacted author directly
Short-term changes caused by fire and mowing in Brazilian Campos grasslands with different long-term fire histories,Alessandra Fidelis,NA,None,Contacted author directly
Conicyt-Fondecyt Fish Data,Alejandro Perez Matus,Catalina Sallen,None,Contacted author directly
Conicyt-Fondecyt Turf Algae Data,Alejandro Perez Matus,Catalina Sallen,None,Contacted author directly
Icthyoplankton data collected from Yenliao Bay in 6 stations northeast of Taiwan (1995-2000),Chih-hao Hsieh (Zac),NA,None,Contacted author directly
Bird populations in east central Illinois. Fluctuations variations and development over a half-century,Author now deceased,NA,https://www.ideals.illinois.edu/handle/2142/25182,IDEALS
Data collected aboard cruises off the coast of the Western Antarctic Penninsula,William R Fraser,NA,https://portal.lternet.edu/nis/mapbrowse?packageid=knb-lter-pal.100.1,Palmer LTER
Species composition and population fluctuations of alpine bird communities during 38 years in the Scandinavian mountain range,Soren Svensson,NA,http://www.luvre.org/data_o_pdf/Luvre-135%202006%20Svensson%20Heden%2038%20ar.pdf,Ornis Svecica
Boulder County Open Space butterfly diversity and abundance,Jeffrey C. Oliver,Kathleen L. Prudic,http://esapubs.org/archive/ecol/E087/061/,ESA - Ecological Publications (Ecology)
Monitoring site 1000 Alpine research - Butterfly Survey,General Foundation Natural Environment Research Center monitoring site 1000 alpine zone personnel,Nature Conservation Bureau Ministry of the Environment Biodiversity Center Contact: ecosystem monitoring Department,http://www.biodic.go.jp/moni1000/findings/data/index.html,Ministry of the Environment Biodiversity Center
Monitoring site 1000 Alpine research - Bumblebee Survey,Nature Conservation Bureau Ministry of the Environment Centre for Biodiversity Contact: ecosystem monitoring Department,NA,http://www.biodic.go.jp/moni1000/findings/data/index.html,Ministry of the Environment Biodiversity Center
Faunal communities and habitat characteristics of the Big Bend seagrass meadows 2009 - 2010,Christopher D Stallings,NA,http://esapubs.org/archive/ecol/E096/030/,ESA - Ecological Publications (Ecology)
Phytoplankton time series from Lake Zurich,Francesco Pomati,NA,None,Contacted author directly
Zooplankton time series from Lake Zurich,Francesco Pomati,NA,None,Contacted author directly
Long term monitoring of fish abundances from coastal Skagerrak,Halvor Knutsen,Ebsen Moland,None,Contacted author directly
The New Zealand Freshwater Fish Database - Electric fishing - Backpack,Freshwater Fish Database administrator,NIWA,https://www.niwa.co.nz/our-services/online-services/freshwater-fish-database,NIWA
The New Zealand Freshwater Fish Database - Traps- Gee Minnow traps,Freshwater Fish Database administrator,NIWA,https://www.niwa.co.nz/our-services/online-services/freshwater-fish-database,NIWA
The New Zealand Freshwater Fish Database - Observation (Spotlighting visual),Freshwater Fish Database administrator,NIWA,https://www.niwa.co.nz/our-services/online-services/freshwater-fish-database,NIWA
Zooplankton density for lake samples collected near Toolik Lake Arctic LTER in the summers (1983-1992 & 1993-2002),Phaedra Budy,NA,http://arc-lter.ecosystems.mbl.edu/1993-2002arcticlterzoops,Arctic Long-Term Ecological Research
Summer Phytoplankton Densities 1992-2001,Diane McKnight,John Priscu,http://mcm.lternet.edu/content/summer-phytoplankton-densities-1992-2001,McMurdo Dry Valleys LTER
Karimunjawa WCS fish survey,Andrew Hoey,NA,None,Contacted author directly
Aceh WCS fish survey 2010 to 2016,Andrew Hoey,NA,None,Contacted author directly
Aceh WCS fish surveys,Andrew Hoey,NA,None,Contacted author directly
Long-term dynamics of bird populations in pine forests of Ilmen Nature Reserve during the breeding period individuals / km2,Roberto Cazzolla Gatti,NA,http://ashipunov.info/shipunov/school/books/zakharov1998_biorazn_nasel_ptits_mazemn_mestoob_juzhn_urala.pdf,http://ashipunov.info/shipunov/school/books/zakharov1998_biorazn_nasel_ptits_mazemn_mestoob_juzhn_urala.pdf
Long-term dynamics of bird populations in pine-birch forests of Ilmen Nature Reserve during the breeding period individuals / km2,Roberto Cazzolla Gatti,NA,http://ashipunov.info/shipunov/school/books/zakharov1998_biorazn_nasel_ptits_mazemn_mestoob_juzhn_urala.pdf,http://ashipunov.info/shipunov/school/books/zakharov1998_biorazn_nasel_ptits_mazemn_mestoob_juzhn_urala.pdf
Long-term dynamics of bird populations in birch forests of Ilmen Nature Reserve during the breeding period individuals / km2,Roberto Cazzolla Gatti,NA,http://ashipunov.info/shipunov/school/books/zakharov1998_biorazn_nasel_ptits_mazemn_mestoob_juzhn_urala.pdf,http://ashipunov.info/shipunov/school/books/zakharov1998_biorazn_nasel_ptits_mazemn_mestoob_juzhn_urala.pdf
Composition and abundance of bird species in the village Matabay in June 1980-1985 (absolute indicators (area 025 km2)),Roberto Cazzolla Gatti,NA,http://cyberleninka.ru/article/n/ptitsy-naselyonnyh-punktov-markakolskoy-kotloviny-yuzhnyy-altay,http://cyberleninka.ru/article/n/ptitsy-naselyonnyh-punktov-markakolskoy-kotloviny-yuzhnyy-altay
Composition and abundance of bird species in the village Verhnjaja Elovka in June 1980-1985 (absolute indicators (area 025 km2)),Roberto Cazzolla Gatti,NA,http://cyberleninka.ru/article/n/ptitsy-naselyonnyh-punktov-markakolskoy-kotloviny-yuzhnyy-altay,http://cyberleninka.ru/article/n/ptitsy-naselyonnyh-punktov-markakolskoy-kotloviny-yuzhnyy-altay
The dynamics of species composition and abundance of migratory birds of prey in the Irkut River mouth (absolute figures),Roberto Cazzolla Gatti,NA,http://cyberleninka.ru/article/n/migratsii-hischnyh-ptits-v-ustie-reki-irkut,http://cyberleninka.ru/article/n/migratsii-hischnyh-ptits-v-ustie-reki-irkut
A number of waterfowl after periods of breeding and molting in the lower reaches of Ob River (thous. individuals / 22 thous. km2),Roberto Cazzolla Gatti,NA,http://www.twirpx.com/file/733205/,http://www.twirpx.com/file/733205/
The density of population (ind/1000ha.) of hunting species of mammals in the Republic of Mordovia (Chamzinsky district),Roberto Cazzolla Gatti,NA,http://www.unn.ru/pages/e-library/vestnik/19931778_2014_-_4-1_unicode/31.pdf,http://www.unn.ru/pages/e-library/vestnik/19931778_2014_-_4-1_unicode/31.pdf
Long-term population dynamics of small mammals in the Natural Boundary Morozova Gora (individuals / 100 trap-nights),Roberto Cazzolla Gatti,NA,http://elibrary.ru/item.asp?id=24990048,http://elibrary.ru/item.asp?id=24990048
Number of small mammals in Verkhnyaya Angara basin (accounting period since 20.07 to 20.08 individuals /100 trap-nights,Roberto Cazzolla Gatti,NA,http://biosoil.isu.ru/ru/other/docs/bzj_2011_06.pdf,http://biosoil.isu.ru/ru/other/docs/bzj_2011_06.pdf
Indicators of abundance (individuals / 100 trap-nights) of different species of small mammals in different years with using trap grooves and a coefficient characterizing the adverse conditions winter,Roberto Cazzolla Gatti,NA,http://www.sevin.ru/Rus-Mon_10/Vol%201%20Session%206%20A.pdf,http://www.sevin.ru/Rus-Mon_10/Vol%201%20Session%206%20A.pdf
Composition (%) and biomass (thous. tons) of fish species  in Olyutorsky-Navarin area in 2005-2012,Roberto Cazzolla Gatti,NA,http://www.natural-sciences.ru/ru/article/view?id=33118,http://www.natural-sciences.ru/ru/article/view?id=33118
Composition (%) and biomass (thous. tons) of fish species  in  Gulf of Anadyr in 2005-2012,Roberto Cazzolla Gatti,NA,http://www.natural-sciences.ru/ru/article/view?id=33118,http://www.natural-sciences.ru/ru/article/view?id=33118
Year-to-year dynamics of total nekton biomass (thous. tons) in the upper epipelagic of the North-West Pacific in June-July of 2000s,Roberto Cazzolla Gatti,NA,http://cyberleninka.ru/article/n/vidovaya-struktura-i-mezhgodovaya-dinamika-biomassy-nektona-v-verhney-epipelagiali-prikurilskih-vod-tihogo-okeana-v-letnie-periody-2000-h,http://cyberleninka.ru/article/n/vidovaya-struktura-i-mezhgodovaya-dinamika-biomassy-nektona-v-verhney-epipelagiali-prikurilskih-vod-tihogo-okeana-v-letnie-periody-2000-h
Population dynamics of some species founded in all periods of study in the lake Bolshoi Kharbei in late July - early August (thous.individuals/m3),Roberto Cazzolla Gatti,NA,http://elib.sfu-kras.ru/handle/2311/16633,http://elib.sfu-kras.ru/handle/2311/16633
Damselfly abundance data from freshwater ponds around Cairngorms region,Lesley Lancaster,Robert Nicholas Fitt,Data supplied directly,Data supplied directly
Dynamics of a coral reef community,Chao-yang Kuo,Tung-Yung Fan,None,Supplied by authors
Dynamics of a coral reef community,Chao-yang Kuo,Chaolun Allen Chen,None,Supplied by authors
Trawl Survey Data from Rockall Scotland (1986 - 2008),Francis Neat,NA,http://www.gov.scot/Topics/marine/science/Researchers/FrancisNeat,doi:10.5061/dryad.8908/1
Spatial and temporal organisation of a coastal lagoon fish community,Jose Eduardo Rebelo,NA,None,Data provider contacted directly
A multi-decade time series of kelp forest community structure at San Nicolas Island California.,"Michael Kenner
",Tim Tinker,http://esapubs.org/archive/ecol/E094/244/#data,Ecological Archives
A multi-decade time series of kelp forest community structure at the California Channel Islands.,National Park Data Portal,"David Kushner, Andrew Rassweiler",http://esapubs.org/archive/ecol/E094/245/,Ecological Archives
Prescribed Burn Effect on Chihuahuan Desert Grasses and Shrubs at the Sevilleta National Wildlife Refuge,Esteban Muldavin,Scott Collins,http://sev.lternet.edu/data/sev-166,LTER Sevilleta
Fourteen years of mapped permanent quadrats in a northern mixed prairie,Peter Adler,NA,http://esapubs.org/archive/ecol/E092/143/metadata.htm,Ecological Archives
Structure and dynamics of a passerine bird community in a spruce-dominated boreal forest,Olav Hogstad,NA,http://www.sekj.org/PDF/anzf30/anz30-043-054.pdf,Annales Zoologici Fennici
Bromeliad invertebrate counts at different elevations in the Luquillo Experimental Forest,Barbara A. Richardson,NA,http://luq.lternet.edu/data/luqmetadata131,LTER Luquillo
Epifaunal invertebrate survey from Goodwin Islands York River Estuary Chesapeake Bay,Jon S. Lefcheck,J. Emmett Duffy,http://gradworks.umi.com/36/62/3662989.html,PhD Thesis
Long term study of the stream ecosystems in the Breitenbach,Diana Bowler,NA,None,Contributed by author (supplemental to a book)
"ITEX Dataset 1 - Abisko (Wet, Dry, Peatland), Kanger (Bashful, Dopey, Sneezy) and Kilpisjarvi",Anders Michelson,Eric Post,none,ITEX database
ITEX Dataset 2 - Wolfcreek,Jill Johnstone,NA,none,ITEX database
ITEX Dataset 3 - Bylot (Mesprairie and Mespolygon),Esther Levesque,NA,none,ITEX database
ITEX Dataset 5 - Teberda (Malaya Alpine-Snowbed and Geranium Hedysarum Meadow),Vladimir G. Onipchenko,Asem A. Akhmetzhanova,none,ITEX database
"ITEX Dataset 6 - Atqasuk (AW, AD) and Barrow (BW, BD)",Robert D. Hollister,NA,none,ITEX database
"ITEX Dataset 7 - Akureyri (GA66, MD72, SB63, SY59), Blonduos (SD33, SD34), Dalsmynni (AG4, KD24, KD25), Hjardarland (LH92, SH90), Holtavorduheidi (AH37, AH38, VH49), Modruvellir (LH69, MV51, MV52), Oxnadalsheidi (SA16, SA17, SA19) and Thykkvibaer (HH100, RT81, VE82)",Borgthor Magnusson,NA,none,ITEX database
ITEX Dataset 8 - Valbercla (Alpine),Christian Rixen,NA,none,ITEX database
"ITEX Dataset 9 - Alexfiord (Levdolomite, Levgranite) and Sverdrup",Esther Levesque,NA,none,ITEX database
ITEX Dataset 11 - Finse (Ridge),Kari Klanderud,NA,none,ITEX database
ITEX Dataset 12 - Finse (Slope),Kari Klanderud,NA,none,ITEX database
"ITEX Dataset 13 - Toolik (Dry, Moist)",Willam A. Gould,NA,none,ITEX database
"ITEX Dataset 14 - Toolik (LTER Heath, LTER Moist acidic tussock, LTER non-acidic tussock, LTER wet sedge, SAG wet sedge2, Tussock 1981 plots)",Gauis R. Shaver,NA,none,ITEX database
"ITEX Dataset 15 - Sadvent (MES-cover, MES-photo, wet-cover, wet-photo)",Elisabeth J. Cooper,NA,none,ITEX database
"ITEX Dataset 16 - Finse (Nfinse, Ridge cover)",Kari Klanderud,NA,none,ITEX database
ITEX Dataset 17 - Dovre (Kuntshoe) and Faroe (Sornfelli),Anna Maria Fosaa,Annika Hofgaard,none,ITEX database
ITEX Dataset 18 - Alpine plots (Sonja Wipf),Sonja Wipf,NA,none,ITEX database
"ITEX Dataset 19 - Teberda (Festuca Varia Grassland, Malaya Alpine Lichen-Heath)",Vladimir G. Onipchenko,Asem A. Akhmetzhanova,none,ITEX database
"ITEX Dataset 20 - Torngats (Nakvakdry, Nakvakwet)",Luise Hermanutz,Laura Siegwart Collier,none,ITEX database
Macrobenthos monitoring at long-term monitoring stations in the Belgian part of the North Sea between 1979 and 1999,Gert Van Hoey,NA,none,author contributed directly
Macrobenthos monitoring at long-term monitoring stations in the Belgian part of the North Sea from 2001 on,Gert Van Hoey,NA,none,author contributed directly
Epibenthos and demersal fish monitoring at long-term monitoring stations in the Belgian part of the North Sea (Trawl Distance 3000m),Gert Van Hoey,NA,none,author contributed directly
"Long-term tree demography in old-growth forests of Huron Mts, MI from permanent-plot censuses, 1962-2009",Kerry D. Woods,NA,https://knb.ecoinformatics.org//#view/knb.499.1,author contributed directly
Coral data from Lizard Island,Joshua S. Madin,Mia Hoogenboom,none,author contributed directly
Red Sea artificial reefs,Jonathan Belmaker,NA,none,author contributed directly
"Fish and marine invertebrates from the Israeli Eastern Mediterranean sea  1990-4, 2000, 2008-2012",Jonathan Belmaker,NA,none,author contributed directly
Trawl fisheries in Israeli Mediterranean,Itai van Rijn,Jonathan Belmaker,none,author contributed directly
"ITEX Dataset 21 - Sadvent (MES-Pointframe, Wet-Pointframe)",Elisabeth J. Cooper,NA,none,ITEX database
"ITEX Dataset 22 - Toolik (Imnavait, Tussockgrid)",Willam A. Gould,NA,none,ITEX database
Butterfly fauna in Mount Gariwang-san Korea,Cheolmin Lee,NA,http://www.sciencedirect.com/science/article/pii/S2287884X16300048,Journal of Asia-Pacific Biodiversity
"Demersal fish hauls from Guanabara Bay Brazil 2005-2015, first period",Gabriel Barros GonÃ§alves de Souza,Marcelo Vianna,None,Contributed directly by authors
The Hundt 2001 data - Rudolf Hundt,Helge Bruelheide,Ute Jandt,None,Contributed directly by author
A large-scale fragmentation experiment for Neotropical bats,Ricardo Rocha,Adria Lopez-Baucells,None,Contributed directly by author
"Factors influencing long-term and seasonal
waterbird abundance and composition at two
adjacent lakes in Zimbabwe",Alexandre Caron,NA,https://www.tandfonline.com/doi/pdf/10.2989/00306525.2012.692726?needAccess=true,Journal of African Ornithology
1980s-2010s: The world's largest mangrove ecosystem is becoming homogeneous,Swapan Kumar Sarker,Amir Hosain Chowdhury,https://www.sciencedirect.com/science/article/pii/S0006320718314186#ab0005,https://www.sciencedirect.com/science/article/pii/S0006320718314186#ab0005
Data from: Oxygen limitations on marine animal distributions and the collapse of epibenthic community structure during shoaling hypoxia.,Jackson Chu,Verena Tunnicliffe,https://datadryad.org/stash/dataset/doi:10.5061/dryad.1p55v,Dryad
Long-term Mollusc Population Abundance and Size Data from the Georgia Coastal Ecosystems LTER 0.25sqm quadrat,GCE-LTER Information Manager,Merryl Alber,https://doi.org/10.6073/pasta/651d603e2930d7ff608d7325230418e8,NA
Long-term Mollusc Population Abundance and Size Data from the Georgia Coastal Ecosystems LTER 0.5sqm quadrat,GCE-LTER Information Manager,Merryl Alber,https://doi.org/10.6073/pasta/651d603e2930d7ff608d7325230418e8,NA
UHURU experiment: tree census detailed 2009-2019,Jacob Goheen,NA,https://doi.org/10.5061/dryad.1g1jwstxw,Dryad
UHURU experiment: understory of large quadrats 2008-2019,Jacob Goheen,NA,https://doi.org/10.5061/dryad.1g1jwstxw,Dryad
Belizean Barrier Reef coral community 1997-2016,John F. Bruno,NA,https://github.com/calves06/Belizean_Barrier_Reef_Change,NA
"Zooplankton abundance in the Upper San Francisco Estuary from 1972-2021, ver 4: 20mm survey, mesoplankton.",Samuel M Bashevkin,NA,https://doi.org/10.6073/pasta/8b646dfbeb625e308212a39f1e46f69b,NA
"Zooplankton abundance in the Upper San Francisco Estuary from 1972-2021, ver 4: Directed Outflow Project, macroplankton",Samuel M Bashevkin,NA,https://doi.org/10.6073/pasta/8b646dfbeb625e308212a39f1e46f69b,NA
"Zooplankton abundance in the Upper San Francisco Estuary from 1972-2021, ver 4: Directed Outflow Project, mesoplankton.",Samuel M Bashevkin,NA,https://doi.org/10.6073/pasta/8b646dfbeb625e308212a39f1e46f69b,NA
"Zooplankton abundance in the Upper San Francisco Estuary from 1972-2021, ver 4: Environmental Monitoring Program, macroplankton.",Samuel M Bashevkin,NA,https://doi.org/10.6073/pasta/8b646dfbeb625e308212a39f1e46f69b,NA
"Zooplankton abundance in the Upper San Francisco Estuary from 1972-2021, ver 4: Environmental Monitoring Program, mesoplankton.",Samuel M Bashevkin,NA,https://doi.org/10.6073/pasta/8b646dfbeb625e308212a39f1e46f69b,NA
"Zooplankton abundance in the Upper San Francisco Estuary from 1972-2021, ver 4: Environmental Monitoring Program, microplankton.",Samuel M Bashevkin,NA,https://doi.org/10.6073/pasta/8b646dfbeb625e308212a39f1e46f69b,NA
"Zooplankton abundance in the Upper San Francisco Estuary from 1972-2021, ver 4: Fall Mdiwater Trawl, macroplankton.",Samuel M Bashevkin,NA,https://doi.org/10.6073/pasta/8b646dfbeb625e308212a39f1e46f69b,NA
"Zooplankton abundance in the Upper San Francisco Estuary from 1972-2021, ver 4: Fall Midwater Trawl, mesoplankton",Samuel M Bashevkin,NA,https://doi.org/10.6073/pasta/8b646dfbeb625e308212a39f1e46f69b,NA
"Zooplankton abundance in the Upper San Francisco Estuary from 1972-2021, ver 4: Fish Restoration Program, macroplankton.",Samuel M Bashevkin,NA,https://doi.org/10.6073/pasta/8b646dfbeb625e308212a39f1e46f69b,NA
"Zooplankton abundance in the Upper San Francisco Estuary from 1972-2021, version 4: Fish Restoration Program, mesoplankton",Samuel M Bashevkin,NA,https://doi.org/10.6073/pasta/8b646dfbeb625e308212a39f1e46f69b,NA
"Zooplankton abundance in the Upper San Francisco Estuary from 1972-2021, ver 4: Summer Townet Survey, mesoplankton.",Samuel M Bashevkin,NA,https://doi.org/10.6073/pasta/8b646dfbeb625e308212a39f1e46f69b,NA
"Soil invertebrates Komi Republic 2001-2010, 0.0025 sq m samples",Alla Koleskinova,Tatyana Konakova,https://www.gbif.org/dataset/d52fad79-9ba7-432c-a595-1cede017e70d,NA
"Soil invertebrates Komi Republic 2001-2010, 0.01 sq m samples",Alla Koleskinova,Tatyana Konakova,https://www.gbif.org/dataset/d52fad79-9ba7-432c-a595-1cede017e70d,NA
Vegetation dynamics in pine forests of Banff and Jasper National Parks: a 47-year dataset,Laura Super,Ellen Macdonald,https://borealisdata.ca/dataset.xhtml?persistentId=doi:10.5683/SP3/YAQCWD,NA
Cover and density of southwestern ponderosa pine understory plants in permanent chart quadrats (2002–2020),Margaret M. Moore,NA,https://doi.org/10.2737/RDS-2021-0092,NA
UK Environmental Change Network (ECN) carabid beetle data: 1992-2015,UK Environmental Change Network,Susannah Rennie,https://doi.org/10.5285/8385f864-dd41-410f-b248-028f923cb281,NA
MIREN survey of plant species in mountains,MIREN team,Tim Seipel,https://doi.org/10.5281/zenodo.7495407,NA
"eLTER Benthic invertebrates at three sites at River Salaca, Latvia - Skanais Mazsalaca",Agnija Skuja,Davis Ozolins,https://b2share.eudat.eu/records/5561d1c856bc46d19b259fc0df90479c,NA
"eLTER Benthic invertebrates at three sites at River Salaca, Latvia - Vecate",Agnija Skuja,Davis Ozolins,https://b2share.eudat.eu/records/5561d1c856bc46d19b259fc0df90479c,NA
"eLTER Benthic invertebrates at three sites at River Salaca, Latvia - Vecsalaca",Agnija Skuja,Davis Ozolins,https://b2share.eudat.eu/records/5561d1c856bc46d19b259fc0df90479c,NA
"Long-term Plant Biomass Monitoring Data from Altamaha River Plant Transition Sites near the Georgia Coastal Ecosystems LTER Project on Sapelo Island, Georgia",Dr. Steven C. Pennings,NA,http://dx.doi.org/10.6073/pasta/7a4a05d7e4f0d709b72c8d637da3c1c2,NA
Phytoplankton species abundance in Lake Inba (Japan) from 1986 to 2016,Maiko Kagami,Akemi Iwayama,https://b2share.eudat.eu/records/d57da19440ad43ba90f3e50ae6402c3a,NA
LTER Benthic invertebrates at four sites along the Atna River - Norway 2003-2017,Knut Andreas Eikland Bakkelie,NA,https://doi.org/10.23728/b2share.d57da19440ad43ba90f3e50ae6402c3a,NA
War-in-the-Pacific National Historical Park marine biological survey,Kathy Dratch,Kelly Kozar,http://irma.nps.gov/DataStore/Reference/Profile/175663,NA
"Vegetation Data, Buxton Climate Change Experiment, UK, 1994-2009",Dr Jason Fridley,NA,https://knb.ecoinformatics.org/view/doi:10.5063/AA/fridley.3.2,NA
Structure and dynamics of a mountain riparian forest at an upstream valley in central Japan,Tomohiro Yoshida,NA,https://doi.org/10.1111/1440-1703.12150,NA
Long term data from the Hanko Bird Observatory,Kari Soilevaara,Jari Laitasalo,https://www.halias.fi/pitkaaikaisaineisto/,NA
Long term monitoring of the rocky intertidal on Wizard Island in Barkley Sound,Luke Andersson,NA,https://doi.org/10.5683/SP2/VBPBFN,NA
PBG07 Grasshopper species abundances in the Patch-Burn Grazing experiment at Konza Prairie,Dr Anthony Joern,NA,http://lter.konza.ksu.edu/content/pbg07-grasshopper-species-abundances-patch-burn-grazing-experiment-konza-prairie,NA
"Arthropod sweepnet sampling: Interactive Effects of Deer, Fire and Nitrogen. Cedar Creek.",Johannes Knops,Mark Ritchie,https://portal.edirepository.org/nis/mapbrowse?scope=knb-lter-cdr&identifier=310,NA
"Small Mammal Abundance: Interactive Effects of Deer, Fire and Nitrogen. Cedar Creek.",Johannes Knops,Mark Ritchie,https://portal.edirepository.org/nis/mapbrowse?packageid=knb-lter-cdr.317.8,NA
"Insect Population Dynamics on the Main Cropping System Experiment at the Kellogg Biological Station, Hickory Corners, MI  (1989 to 2017)",Douglas Landis,Data Manager Kellogg Biological Station,10.6073/pasta/f0776c1574808b08c484c1f7645a7357,NA
"Santa Barbara Coastal LTER: Reef: Annual time series of biomass for kelp forest species, ongoing since 2000","Information Manager, Santa Barbara Coastal LTER",NA,http://doi.org/10.6073/pasta/f2d0beb83ce7ed6949364ac28df790ea,NA
Long-term population trends in three grassland insect groups: a comparative analysis of 1951 and 2009,Sebastian Schuch,NA,https://onlinelibrary.wiley.com/doi/10.1111/j.1439-0418.2011.01645.x,NA
"Chagos Archipelago UVC fish surveys around rat-infested/rat-free islands, pre-/post- 2015 bleaching event",Casey Benkwitt,"Nick Graham, Shaun Wilson",NA,data authors
"Changes in the avifauna in a high Andean cloud forest
in Colombia over a 24-year period - Mist Net Captures",Loreta Rosselli,F. Gary Stiles,http://,NA
Christmas Bird Count - Bogota (1989-2015),Loreta Rosselli,"F. Gary Stiles, Sussy De La Zerda",http://,NA
Native and non-native freshwater fish communities surrounding aquarium trade fish farms in Brazil - a decadal comparison,Andre L. B. Magalhaes,NA,https://link.springer.com/article/10.1007/s10750-020-04307-w,NA
Channel Islands National Park Kelp Forest Monitoring Program - Roving Diver Fish Counts 2003-2019,National Park Data Portal,David Kushner; Joshua L. Sprague; Scott Gabara,https://irma.nps.gov/DataStore/,NA
UK Environmental Change Network (ECN) butterfly data: 1993-2015,UK Environmental Change Network,Susannah Rennie,https://catalogue.ceh.ac.uk/documents/5aeda581-b4f2-4e51-b1a6-890b6b3403a3,NA
UK Environmental Change Network (ECN) moth data: 1992-2015,UK Environmental Change Network,Susannah Rennie,https://catalogue.ceh.ac.uk/documents/a2a49f47-49b3-46da-a434-bb22e524c5d2,NA
"Desert Ecology Plot Network: Mammal Abundance Pit Traps, Simpson Desert, Western Queensland, 1990-2018",Glenda Wardle,"Chris Dickman, Aaron Greenville, Bobby Tamayo",https://datacommons.anu.edu.au/DataCommons/rest/display/anudc:5751,NA
"Desert Ecology Plot Network: Herpetofauna Abundance Pit Traps, Simpson Desert, Western Queensland, 1990-2018",Glenda Wardle,"Chris Dickman, Aaron Greenville, Bobby Tamayo",https://datacommons.anu.edu.au/DataCommons/rest/display/anudc:5753,NA
"Bulgaria Wintering Waterbirds, Aleksandar Stamboliyski Reservoir",Vesela Evtimova,"Boris Nikolov, Radoslav Stanchev",https://b2share.eudat.eu/records/ea5af584b5104dd8a09b55eb7ad73335,NA
"Bulgaria Wintering Waterbirds, Black Sea Coast",Vesela Evtimova,"Boris Nikolov, Radoslav Stanchev",https://b2share.eudat.eu/records/ea5af584b5104dd8a09b55eb7ad73335,NA
"Bulgaria Wintering Waterbirds, Lake Complexes",Vesela Evtimova,"Boris Nikolov, Radoslav Stanchev",https://b2share.eudat.eu/records/ea5af584b5104dd8a09b55eb7ad73335,NA
Bulgaria Wintering Waterbirds Srebarna Lake,Vesela Evtimova,"Boris Nikolov, Radoslav Stanchev",https://b2share.eudat.eu/records/ea5af584b5104dd8a09b55eb7ad73335,NA
LTER Finland Moths 1993-2016,Juha Poyry,Anna Suuronen,http://doi.org/10.23728/b2share.c9399a3ccb61450aaf58042b88a142fd,NA
Ants Under Climate Change at Harvard Forest and Duke Forest 2009-2015 Winkler method,Harvard Forest Information Manager,NA,https://doi.org/10.6073/pasta/4f6e15dcfd1abfa62f2c582f39804730,NA
Ants and Ecosystem Function in Hemlock Removal Experiment at Harvard Forest 2006-2014,Harvard Forest Information Manager,NA,https://doi.org/10.6073/pasta/25e5267d98517976c3177babef7f115f,NA
Ground vegetation data ICP Forests Level II plot Brasschaat,Arne Verstraten,Wouter Van Landuyt,https://deims.org/dataset/d2880df0-d272-433b-8fce-ead75e15bd29,Groenbos database INBO
Ground vegetation data ICP Forests Level II plot Gontrode,Arne Verstraten,Wouter Van Landuyt,NA,'Groenbos' database INBO
Ground vegetation data ICP Forests Level II plot Sonian forest,Arne Verstraten,Wouter Van Landuyt,NA,'Groenbos' database INBO
ILTER Ebro Delta Bird Census,Daniel Oro,NA,https://digital.csic.es/handle/10261/211284,NA
"Longâ€term observation of fish community in streams inside and outside road construction of Teshio River system, northern Hokkaido, Japan",Masahiro Nakamura,Yoshiyuki Umatani,doi.org/10.1111/1440-1703.12133,http://db.cger.nies.go.jp/JaLTER/metacat/metacat/ERDP-2020-09.1/jalter-en
"Long-term (2005â€“2017) macromoth community monitoring at Mt. Jirisan National Park, South Korea",Sei-Woong Choi,NA,http://db.cger.nies.go.jp/JaLTER/metacat/metacat?action=read&qformat=jalter-en&sessionid=0&docid=ERDP-2019-02.1.1,NA
"Diversity decrease of ant (Formicidae, Hymenoptera) after a forest disturbance: different responses among functional guilds",Cheol Min Lee,Tae-Sung Kwon,http://doi.org/10.1186/s40555-014-0037-z,NA
LTER National Park Hoge Kempen Arachnids,Natalie Beenaerts,Luc Creveceour,doi.org/10.23728/b2share.562cd87f87ec4ea381ef8b01a9d6ac8a,NA
LTER National Park Hoge Kempen Beetles,Natalie Beenaerts,Luc Creveceour,doi.org/10.23728/b2share.562cd87f87ec4ea381ef8b01a9d6ac8a,NA
"LTER Hunsruck-Hochwald Benthic Aquatic Invertebrates, Borfink station",Stefan Stoll,Fulgor Westermann,doi.org/10.23728/b2share.c50776a0a8bc491c905d5928a1a80c3d,NA
"LTER Hunsruck-Hochwald Benthic Aquatic Invertebrates, Mundung station",Stefan Stoll,Fulgor Westermann,doi.org/10.23728/b2share.c50776a0a8bc491c905d5928a1a80c3d,NA
"LTER Hunsruck-Hochwald Benthic Aquatic Invertebrates, Oberlauf station",Stefan Stoll,Fulgor Westermann,doi.org/10.23728/b2share.c50776a0a8bc491c905d5928a1a80c3d,NA
LTER ICP Lange Bramke Ground Vegetation,Henning Meesenburg,NA,http://doi.org/10.23728/b2share.6446610229654073854b39a756b2f8c6,Via Pilotto Haase (2020) paper and LTER network
LTER ICP Solling Germany Beech Forest Ground Vegetation,Henning Meesenburg,NA,http://doi.org/10.23728/b2share.14bc94b345064b8ba071cb52c9be3d4f,http://doi.org/10.23728/b2share.14bc94b345064b8ba071cb52c9be3d4f
LTER ICP Solling Germany Spruce Forest Vegetation,Henning Meesenburg,NA,http://doi.org/10.23728/b2share.14bc94b345064b8ba071cb52c9be3d4f,NA
LTER INBO Lower Seascheldt Invertebrates 1999-2005,Gunther Van Ryckegem,NA,http://doi.org/10.23728/b2share.e55993a622a74d06a0f4e44617a46056,NA
LTER INBO Lower Seascheldt Invertebrates 2008-2015,Gunther Van Ryckegem,NA,http://doi.org/10.23728/b2share.e55993a622a74d06a0f4e44617a46056,NA
LTER INBO Lower Seascheldt Waterbirds 1991-2017,Gunther Van Ryckegem,NA,http://doi.org/10.23728/b2share.8d47a255ba5749e3ac169527e22f0068,NA
LTER Lake Muggelsee Germany Phytoplankton,Rita Adrian,NA,https://fred.igb-berlin.de/data/package/536,NA
LTER Lake Muggelsee Germany Zooplankton,Rita Adrian,0,https://fred.igb-berlin.de/data/package/536,NA
"LTER Norholm Hede, Denmark Plants",Inger Kappel Schmidt,NA,http://doi.org/10.23728/b2share.d4037ff5a1fe4a20b28ead7010cf74ba,NA
LTER Rhine-Main Observatory Aquatic Invertebrates,Peter Haase,NA,http://doi.org/10.23728/b2share.d5b7bbbc5743466d885fb9d6fee9500a,NA
LWF Swiss Long-term Forest Ecosystem Research vegetation monitoring (large circular plots),Anne Thimonier,NA,NA,direct from contributor found through Peter Haase
LWF Swiss Long-term Forest Ecosystem Research vegetation monitoring (quadrats),Anne Thimonier,NA,NA,Direct from contributor found through Peter Haase
"NIES Fish monitoring data in Lake Kasumigaura, 2005-2021",Shin-ichiro S. Matsuzaki,Kumiko Totsu,https://db.cger.nies.go.jp/gem/moni-e/inter/GEMS/database/kasumi/contents/datalist.html,NA
"Point-count bird censusing: long-term monitoring of bird abundance and diversity along the Salt River in the greater Phoenix metropolitan area, ongoing since 2013",Heather Bateman,Paige Warren,https://doi.org/10.6073/pasta/d8a9ca70709469c914f3916a22969058,NA
"SeagrassNet monitoring, southern Andaman coast of Thailand 2006-2009",Ekkalak Rattanachot,NA,https://doi.org/10.1111/1440-1703.12123,http://db.cger.nies.go.jp/JaLTER/metacat/metacat/ERDP-2020-10.1/jalter-en
"Swedish Bird Survey (Fixed Routes), Birds 1996-2019",Ake Lindstrom,"Martin Green, Mathieu Blanchet",https://doi.org/10.15468/hd6w0r,NA
"Swedish Bird Survey (Fixed Routes), Mammals 2011-2019",Ake Lindstrom,"Martin Green, Mathieu Blanchet",https://doi.org/10.15468/hd6w0r,NA
"North Temperate Lakes LTER Core Data Phytoplankton, Paul Lake, 1984-1995",Stephen Carpenter,Mike Pace,https://doi.org/10.6073/pasta/05074f1e58c54e2f71b0b3774e9a90bc,NA
"North Temperate Lakes LTER Core Data Phytoplankton, Paul Lake, 2013-2015",Stephen Carpenter,Mike Pace,https://doi.org/10.6073/pasta/05074f1e58c54e2f71b0b3774e9a90bc,NA
Cascade Project at North Temperate Lakes LTER Core Data Zooplankton 1984 - 2016,Stephen Carpenter,Mike Pace,https://doi.org/10.6073/pasta/6fc6015c620056034512fde089d50c27,NA
"Operation Wallacea marine site in Hoga, Indonesia - Wakatobi National Park",Dan Exton,NA,NA,Direct contact with Operation Wallacea Head of Research Dan Exton
"Operation Wallacea reef fish surveys at Utila, Honduras",Dan Exton,NA,NA,Direct contact with Operation Wallacea Head of Research Dan Exton
Regional Watershed Monitoring Program Fish Community Data (2018-2021),Jan Moryk,NA,https://data.trca.ca/dataset/rwmp-fish-community-data,NA
"Regional Watershed Monitoring Program Benthic Macroinvertebrate Data, 2013-2021",Jessica Fang,Ryan Scott,https://data.trca.ca/dataset/benthic-macroinvertebrate-data-from-trca-s-regional-watershed-monitoring-program-2013-2020,NA
Back into the past: Resurveying random plots to track community changes in Italian coastal dunes.,Marta Sperandii,NA,https://doi.org/10.5061/dryad.np5hqbzr8,NA
TRCA Waterfront Fish Data 2000 - 2018,general,Angela Wallace,https://data.trca.ca/dataset/trca-waterfront-fish-data,NA
"Bonanza Creek LTER: Tree Inventory Data from 1989 to present at Core research sites in Interior Alaska, Bonanza Creek LTER",Data Manager (not named),Keith Van Cleve,http://www.lter.uaf.edu/data/data-detail/id/320,NA
Cross-Scale Interactions and the Distribution-Abundance Relationship,Earl Werner,NA,https://doi.org/10.5061/dryad.js47k,NA
Heatwave restructures marine intertidal communities across a stress gradient,Matthew Whalen,NA,https://doi.org/10.5281/zenodo.7671696,NA
"Bee species abundance and composition in three ecosystem types at the Sevilleta National Wildlife Refuge, New Mexico, USA",Karen Wright,Melanie Kazenel,https://doi.org/10.6073/pasta/cdc8381b8b2be97188daeffcd6310e9b,NA
Bees and their floral visits in Sapporo in 1979 and 1989,Takeshi Matsumura,Hisatomo Taki,https://doi.org/10.1111/1440-1703.12091,NA
"More coral, more fish? Contrasting snapshots from a remote Pacific atoll",Ricardo Beldade,NA,http://doi.org/10.7717/peerj.745,NA
"Density data for Lake Ontario benthic invertebrate assemblages, 1990-1995",Lyubov E. Burlakova,NA,https://esajournals.onlinelibrary.wiley.com/doi/full/10.1002/ecy.3528,NA
"Density data for Lake Ontario benthic invertebrate assemblages, 1997-1999",Lyubov E. Burlakova,NA,https://esajournals.onlinelibrary.wiley.com/doi/full/10.1002/ecy.3528,NA
"Density data for Lake Ontario benthic invertebrate assemblages, 2008-2013",Lyubov E. Burlakova,NA,https://esajournals.onlinelibrary.wiley.com/doi/full/10.1002/ecy.3528,NA
"Quadrat-based monitoring of desert grassland vegetation at the Jornada Experimental Range, New Mexico, 1915â€“2016",Erica Christensen,Jornada Data Manager,https://doi.org/10.1002/ecy.3530,NA
Long-term zooplankton community records Lake Suwa (1996-2017),Masaki Sakamoto,Yuichi Miyabara,https://db.cger.nies.go.jp/JaLTER/ER_DataPapers/archives/2017/ERDP-2017-06/metadata,NA
"Flora at LTSER Zone Atelier Armorique - France, 1994-2017",Audrey Alignier,Yuichi Miyabara,https://b2share.eudat.eu/records/f87c5e9c27e940ee9b98900e302f0bb8,NA
"Herpethofauna from Aguas Santa Barbara, 2016-2020",Marcio Martins,"Filipe C. Serrano, Bruno F. Fiorillo",http://,NA
Ainsdale Dune Slacks LTE,Jonathan Millett,"Ciara Dwyer, Sally Edmonson",http://,NA
Alcatrazes_monitoring_program,Juan Pablo Quimbayo,NA,NA,contributed by data collector
"Fishes inhabiting tidepools in the Tablado Beach, Amazonian Coastal Zone, during the Wet Season",Bruno Eleres Soares,Luciano Fogaca de Assis Montag,http://,NA
Angiosperms at Serra do Tombador,Cassy Anne Rodrigues,Alessandra Fidelis,NA,contributed by data cllectors
Dynamic and diverse amphibian assemblages: Can we differentiate natural processes from human induced changes?,Nathalia G. S. Lima,Paula C. Eterovick,http://herpetology.com.br/?lang=pt-br,Provided by authors
Coastal batoid surveys in the Levant,Shahar Chaikin,NA,NA,NA
Birds from Carlos Botelho Park,Alexsander Zamorano Antunes,NA,NA,dados disponibilizados diretamente pelo autor
Dung beetles from Santa Catarina Island,Malva Isabel Medina Hernandez,NA,http://,data collector contributed data
Fish assemblage distribution along free-flowing rivers entering a reservoir cascade,Paulo S.Pompeu,NA,NA,Project under coordenation of the contactName1
Insectivorous bats responses to land-use change and wildfires in Madeira island.,Diogo F. Ferreira,Rym Nouioua,http://,NA
Phytoplankton Lake Bidighinzu,Bachisio Mario Padedda,Antonella Luglie,http://,Data collectors
Climate change transforms the functional identity of Mediterranean coralligenous assemblages,Daniel Gomez-Gras,NA,https://onlinelibrary.wiley.com/doi/10.1111/ele.13718,NA
Long-term species loss and homogenization of moth communities in Central Europe,Anu Valtonen,NA,https://datadryad.org/stash/dataset/doi:10.5061/dryad.9m6vp,https://besjournals.onlinelibrary.wiley.com/doi/epdf/10.1111/1365-2656.12687
Operation Wallacea: Dominica birds,Andrew Fairbairn,Thomas E. Martin,http://,NA
Operation Wallacea: Ecuador Amphibians,Oliver Thomas,Thomas E. Martin,http://,NA
Operation Wallacea: Ecuador Reptiles,Oliver Thomas,Thomas E. Martin,http://,NA
Operation Wallacea: Honduras Bats,Pamela Medina-van Berkum,Merlijn Jocque,http://,NA
Operation Wallacea: Honduras Birds,Samuel E.I. Jones,Thomas Edward Martin,http://,NA
Operation Wallacea: Madagascan Amphibians,Peter R. Long,Thomas E. Martin,http://,NA
Operation Wallacea: Madagascan Reptiles,Peter R. Long,Joseph P. Wayman,http://,NA
Operation Wallacea: Mexico Amphibians,Kathy Slater,Jose Antonio L. Barao-Nobrega,http://,NA
Operation Wallacea: Mexico Butterflies,Kathy Slater,Jose Antonio L. Barao-Nobrega,http://,NA
Operation Wallacea: Mexico Large Mammal Transects,Kathy Slater,Jose Antonio L. Barao-Nobrega,http://,NA
Operation Wallacea: Romania Birds Point Count,Joseph J. Bailey,Thomas E. Martin,http://,NA
Operation Wallacea: Romanian Butterflies,Joseph J. Bailey,Thomas E. Martin,http://,NA
Ornamental aquaculture in streams,Andre L. B. Magalhaes,"Jean Ricardo Simoes Vitule, Vanessa Daga",https://doi.org/10.1007/s10750-020-04307-w,Publication
Plant succession in reclaimed areas,Petr Pysek,NA,https://www.sciencedirect.com/science/article/abs/pii/037811279290003RÂ ,data collector contributed data
Reef fish in the Israeli Gulf of Aqaba,Tal Gavriel,"Assaf Zvuloni, Jonathan Belmaker",http://,Data collector submitted data
"Fishes inhabiting tidepools in the Tablado Beach, Amazonian Coastal Zone, during the Wet Season",Bruno Eleres Soares,Erica Caramaschi,http://,NA
Long term damselfly monitoring in North East Scotland,Lesley Lancaster,Rob Fitt,http://,data collectors
"SEMICE, Common small mammals monitoring in Spain",Ignasi Torre,NA,http://www.sciencedirect.com/science/article/abs/pii/S1616504717300897,NA
Seychelles algae benthic cover,Nick Graham,Shaun Wilson,http://,NA
Seychelles hard coral benthic cover,Nick Graham,Shaun Wilson,http://,NA
Seychelles reef fish,Nick Graham,Shaun Wilson,http://,contributors
North American Amphibian Monitoring Program (NAAMP) anuran detection data from the eastern and central United States (1994-2015),Evan H. Campbell Grant,NA,https://doi.org/10.5066/F7G44NG0,Online
"SBC LTER: Beach: Time series of abundance of birds on selected beaches, ongoing since 2008",Jenifer E Dugan,NA,https://portal.edirepository.org/nis/mapbrowse?packageid=knb-lter-sbc.51.10,NA
"Changes in the reef-coral community of Carysfort reef, Key Largo, Florida: 1974 to 1982",Phillip Dustan,NA,https://doi.org/10.1007/BF00301378,NA
Long-term environmental monitoring for assessment of change: measurement inconsistencies over time and potential solutions,Kari E. Ellingsen,NA,https://datadryad.org/stash/dataset/doi:10.5061/dryad.2v7m4,NA
Disentangling the latitudinal and altitudinal shifts in in community composition induced by climate change: The case of riparian birds,Elie Gaget,NA,https://datadryad.org/stash/dataset/doi:10.5061/dryad.1rn8pk0rx,NA
"Signals of resilience and change in tidepool fish communities on the Pacific coast of Vancouver Island, Canada",Amanda E. Bates,John M. Green,https://onlinelibrary.wiley.com/doi/full/10.1111/ddi.13387,NA
"Macrophyte abundance data for ten lakes in Vilas County, WI, USA, 1987-2020",Daniel K. Szydlowski,NA,https://portal.edirepository.org/nis/mapbrowse?scope=knb-lter-ntl&identifier=417&revision=3,NA
"Aquatic snail abundance data for ten lakes in Vilas County, WI, USA, 1987-2020",Daniel K. Szydlowski,NA,https://portal.edirepository.org/nis/mapbrowse?scope=knb-lter-ntl&identifier=417&revision=3,NA
"Point-count bird censusing: long-term monitoring of bird abundance and diversity in central Arizona-Phoenix, ongoing since 2000",Paige S. Warren,NA,https://portal.edirepository.org/nis/mapbrowse?packageid=knb-lter-cap.46.22,NA
"GOB Winter count of waterfowl, waders and seagulls in the Balearic Islands, 1998-2021",Patrick Moussa,GOB-Mallorca,https://www.gobmallorca.com/ornit/anuari/,"Moussa, P., MÃ©ndez, X., SuÃ¡rez, M., Cardona, E. (2021). Recompte hivernal d'aus aquÃ tiques, limÃ­coles i gavines a les Balears, gener 2021. Anuari OrnitolÃ²gic de les Balears, 2020: 37-50"
"Changes in breeding bird populations of an oak-wood on Bookham Common, Surrey, over twenty-seven years",Geoffrey Beven,NA,https://www.biodiversitylibrary.org/bibliography/159762,"Beven, G. (1976). Changes in breeding bird populations of an oak-wood on Bookham Common, Surrey, over twenty-seven years. London Naturalist, 55, 23-42."
Estudio de seguimiento de las reservas marinas de Cabo de Palos - Islas Hormigas y Cabo Tiñoso,J.A. Garcia Charton,NA,https://digitum.um.es/digitum/bitstream/10201/89950/1/Informe%20UMU%20C%20Palos%202018.pdf,"GarcÃ­a Charton, J.A. (coord.), Barcala Bellod, E., Cuadros Casado, A., Orenes Salazar, V., PereÃ±Ã­guez LÃ³pez, J.M., Rojo Moreno, I., Sandoval CÃ¡novas, V., Trujillo AlarcÃ³n, M. (2018). Estudios de seguimiento de las reservas marinas de Cabo de Pa"
Long-term dynamics of Mediterranean frugivorous birds and fleshy fruits: a 12-year study,Carlos M. Herrera,NA,https://doi.org/10.1890/0012-9615(1998)068[0511:LTDOMF]2.0.CO;2,"Herrera, C.M. (1998). Long-term dynamics of Mediterranean frugivorous birds and 
eshy fruits: a 12-year study. Ecological Monographs, 68(4), pp. 511-538."
Population trends of Laridae and Sternidae breeding in the Comacchio Laggon (NE Italy) between 1977 and 2001,Pierandrea Brichetti,NA,https://www.avocetta.org/cnt/uploads/2018/09/Brichetti-Foschi_2006_5.pdf,"Brichetti, P., Foschi, U.F. (2006). Population trends of Laridae and Sternidae breeding in the Comacchio Lagoon (NE Italy) between 1977 ad 2001. Avocetta, 30: 41-50."
Terrestrial reptile counts in Doñana 2005-2021,Ana C. Andreu,Rosa Arribas,https://doi.org/10.15470/ki0cn7,"Andreu, A.C., Arribas, R., RomÃ¡n, I. (2022). Terrestrial Reptile Counts in DoÃ±ana 2005-2021. v1.1 EstaciÃ³n BiolÃ³gica de DoÃ±ana. Dataset/Samplingevent."
Aerial censuses of waterbirds at Guadalquivir Marshes (Censos Áreos - ICTS-RBD),Javier Bustamante,NA,https://censos-aereos.icts.ebd.csic.es/,"Censos AÃ©reos ICTS-RBD. Infraestructura CientÃ­fica y TÃ©cnica Singular - Reserve BiolÃ³gica de DoÃ±ana. Supported by PENELOPE project. Ministerio de Ciencia e InnovaciÃ³n, Gobierno de EspaÃ±a. Fondos del Plan de RecuperaciÃ³n, TransformaciÃ³n y Res"
Cens Internacional d’ocells aquàtics i marins hivernants a Catalunya de gener de 2021,Ricard Gutierrez,NA,https://mediambient.gencat.cat/ca/05_ambits_dactuacio/patrimoni_natural/sistemes_dinformacio/cens_hivernal_ocells_aquatics_marins/,"GutiÃ©rrez, R. (ed) (2021). Cens Internacional d'ocells aquÃ tics i marins hivernants a Cataluunya de gener de 2021. Departament de Territori i Sostenibilitat. Generalitat de Catalunya."
"The composition and dynamics of the passerine bird community in a subalpine birch forest, Swedish Lapland. A 20-year study",NA,NA,https://www.annzool.net/PDF/anzf21/anzf21-321-338.pdf,"Enemar, A., Nilsson, L., SjÃ¶strand, B. (1984). The composition and dynamics of the passerine bird community in a subalpine birch forest, Swedish Lapland. A 20-year study. Annales Zoologici Fennici, 21(3), 321-338"
Long-term decline of a winter-resident bird community in Puerto Rico,Jon Faaborg,NA,https://doi.org/10.1007/s10531-012-0399-7,"Faaborg, J., Arendt, W.J., Toms, J.D., Dugger, K.M., Cox, W.A., Canals Mora, M. (2013). Long-term decline of a winter-resident bird community in Puerto Rico. Biodiversity and Conservation, 22: 63-75."
Temporal dynamics of marginal steppic vegetation over a 26-year period of substantial environmental change,Silvia Matesanz,NA,https://onlinelibrary.wiley.com/action/downloadSupplement?doi=10.1111%2Fj.1654-1103.2009.05489.x&file=JVS_5489_sm_AppendixS1.doc,https://doi.org/10.1111/j.1654-1103.2009.05489.x
Long-term dynamics of small-mammal populations in Ontario,John M. Fryxell,NA,https://doi.org/10.1890/0012-9658(1998)079[0213:LTDOSM]2.0.CO;2,"Fryxell, J.M., Falls, J.B., Falls, E.A., Brooks, R.J. (1998). Long-term dynamics of small-mammal populations in Ontario. Ecology, 79(1), 213-225."
"Interspecific interactions, population variation, and environmental forcing in the context of the community",Elizabeth L. Porzig,NA,https://doi.org/10.1002/ecs2.1349,"Porzig, E.L., Seavy, N.E., Eadie, J.M., Humple, D.L., Geupel,
G.R., Gardali, T. (2016). Interspeci_x000c_c interactions, population variation,
and environmental forcing in the context of the community. Ecosphere, 7(6)."
"Waterfowl counts in Pasvik nature reserve, 1996-2020",Morten Gunther,Tor-Arne Bjorn,https://hdl.handle.net/11250/2977076,"GÃ¼nther, M., BjÃ¸rn, T., Frantzen, B., Aspholm, P.E., Hagen, S. (2022). Vannfugltellinger i Pasvik naturreservat. NIBIO Rapport. Vol. 8, NR. 5."
Long-term woodpecker winter population dynamics in the Tatarstan Republic,Arthur Askeyev,Oleg Askeyev,https://www.researchgate.net/profile/Oleg-Askeyev/publication/315047843_Long-term_woodpecker_winter_population_dynamics_in_the_Tatarstan_Republic/links/58c90de1aca2723ab1805b2e/Long-term-woodpecker-wi,"Askeyev, A., Askeyev, O., Askeyev, I. (2017). Long-term woodpecker winter population dynamics in the Tatarstan Republic. Vogelwelt 2017: 130-133."
"Nest population size and potential production of geese and spectacled eiders on the Yukon-Kuskokwim Delta, Alaska, 1985-2013",Julian B. Fischer,NA,https://www.researchgate.net/profile/Julian-Fischer-3/publication/268803421_Nest_population_size_and_potential_production_of_geese_and_spectacled_eiders_on_the_Yukon-Kuskokwim_Delta_Alaska_1985-2013/l,"Fischer, J.B., Stehn, R.A. (2014). Nest population size and potential production of geese and spectacled eiders on the Yukon-Kuskokwim Delta, Alaska, 2013. US Fish and Wildlife Service, Anchorage, AK."
BioBasis Zackenberg - Breeding birds abundance,Niels Martin Schmidt,Jannik Hansen,https://doi.org/10.17897/1Z6Z-FQ32,"Greenland Ecosystem Monitoring Programme. Department of Bioscience, Aarhus Unviersity, Denmark, in collaboration with Greenland Institute of Natural Resources, Nuuk, Greendland, and Deparment of Biology, University of Copenhagen, Denmark."
CERN Long-term Monitoring Dataset of Plant Communities in Dongting Lake Beach (2011-2015),Xie Yonghong,NA,https://doi.org/10.57760/sciencedb.06115,NA
"CERN Gansu Linze desert plant communities, 2005-2008 - soil macrofauna",NA,NA,http://www.nesdc.org.cn/sdo/detail?id=5fa8ea76042ebb7a33fab0b2,NA
"CERN Gansu Linze desert plant communities, 2005-2008 - station monitoring",NA,NA,http://www.nesdc.org.cn/sdo/detail?id=5fa8ea76042ebb7a33fab0b2,NA
CERN Gansu Linze desert plant communities 2005-2008 - auxiliary monitoring,NA,NA,http://www.nesdc.org.cn/sdo/detail?id=5fa8ea76042ebb7a33fab0b2,NA
CERN A dynamic dataset of plant community composition in HulunBuir Stipa Baicalensis meadow steppe (2009-2015),XIN Xiaoping,NA,https://doi.org/10.11922/sciencedb.j00001.00243,NA
CERN Biomass data of Huitong Chinese fir forest Station from 1973 to 2007,NA,NA,http://www.nesdc.org.cn/sdo/detail?id=60309f65042ebb719ff1872d,NA
"CERN A plant community dataset of marsh ecosystem for Sanjiang Plain, China 2013 - 2015",TAN Wenwen,ZHAO Zhichun,https://www.scidb.cn/en/detail?dataSetId=633694461376856064,Science Data Bank
"CERN A plant community dataset of marsh ecosystem for Sanjiang Plain, China 2000 - 2012",TAN Wenwen,ZHAO Zhichun,https://www.scidb.cn/en/detail?dataSetId=633694461376856064,NA
"CERN Observational data of plant community species composition of QinLing Station in Shanxi province, 2007-2008",NA,NA,http://www.nesdc.org.cn/sdo/detail?id=603345ba042ebb719ff1877b,NA
"CERN Zhejiang Tiantong soil macrofauna community, 2007-2009",Fangfang Yao,Xihua Wang,http://www.nesdc.org.cn/sdo/detail?id=60309f26042ebb719ff18725,NESDC
UK Environmental Change Network (ECN) bat data: 1993-2015,"Rennie, S.",NA,https://doi.org/10.5285/2588ee91-6cbd-4888-86fc-81858d1bf085,NA
ECN Vegetation Woodland VW 2017,"Monteith, D.",NA,https://doi.org/10.5285/94aef007-634e-42db-bc52-9aae86adbd33,NA
"Three Parks Savanna Fire-effects Plot Network: Plot-based Vegetation Sampling Data, Northern Territory, Australia, 1994-2016 Shrubs",Jeremy Russell-Smith,Peter Jacklyn,https://datacommons.anu.edu.au,NA
"Three Parks Savanna Fire-effects Plot Network: Plot-based Vegetation Sampling Data, Northern Territory, Australia, 1994-2016 Trees",Jeremy Russell-Smith,Peter Jacklyn,https://datacommons.anu.edu.au,NA
"CERN Guangdong Dinghu Mountain soil macrofauna community, 2004 to 2005",Qianmei Zhang,NA,https://doi.org/10.12199/nesdc.ecodb.mon.2020.dp2011.dhf.008,NA
CERN Guangdong Dinghu Mountain plant community composition from 2003 to 2008 - herbs,Qianmei Zhang,NA,https://doi.org/10.12199/nesdc.ecodb.mon.2020.dp2011.dhf.006,NA
CERN Guangdong Dinghu Mountain plant community composition from 2003 to 2008 - shrub,Qianmei Zhang,NA,https://doi.org/10.12199/nesdc.ecodb.mon.2020.dp2011.dhf.006,NA
"CERN Guangdong Heshan soil macrofauna community, 1994-2005",Raoxing Quan,NA,http://www.nesdc.org.cn/sdo/detail?id=5fa50e46042ebb701527244b,NA
"CERN Inner Mongolia Xilingol plant assemblage monitoring, 2005-2008","Xingguo Han, Yongfei Bai, Qingmin Pan, Nianpeng He",NA,http://www.nesdc.org.cn/sdo/detail?id=5fa8ee6b042ebb7a33fab0bc,NA
"CERN Ningxia Shapotou desert fauna community, 2003-2008","Xinrong Li, Haiyan Zhou, Xinping Wang",NA,http://www.nesdc.org.cn/sdo/detail?id=5fa8f121042ebb7a33fab0d4,NA
"CERN Jiangsu Taihu Lake phytoplankton community composition, 1991-2008",Guangwei Zhu,NA,https://doi.org/10.12199/nesdc.ecodb.mon.2020.dp2011.thl.003,NA
A dataset of species composition and biomass in successional stages of Tiantong typical evergreen broad-leaved forest (2008-2017),Haibo Yang,NA,https://cstr.cn/31253.11.sciencedb.j00001.00695,NA
"Assemblages of herbs in Heshan station in Guangdong Province China, 2005-2007",Xing-Quang Rao (???),NA,https://doi.org/10.12199/nesdc.ecodb.mon.2020.dp2011.hsf.006,NA
"Assemblages of shrubs in Heshan station in Guangdong Province China, 2005-2007",Xing-Quang Rao,NA,https://doi.org/10.12199/nesdc.ecodb.mon.2020.dp2011.hsf.006,China NESDC
"Observational data of  bird community species composition of Sanjiang station in Heilongjiang Province China, 2001-2005",Sanjiang station in Heilongjiang Province China,NA,https://doi.org/10.12199/nesdc.ecodb.mon.2020.dp2011.sjm.003,Chinese National Ecosystem Science Data Center
"Observational data of  plant community species composition of Sanjiang station in Heilongjiang Province China, 2000-2006",Sanjiang station in Heilongjiang Province China,NA,https://doi.org/10.12199/nesdc.ecodb.mon.2020.dp2011.sjm.003,Chinese National Ecosystem Science Data Center
"Plant community monitoring data in the Inner Mongolia Hulun Buir research station, 2006-2008",Ruirui Yan (???),NA,https://doi.org/10.12199/nesdc.ecodb.mon.2020.dp2011.hlg.004,NA
TaiHu lake's zooplankton community composition data of 8 plots from the year 1997 to 2002,Shen Min,NA,https://doi.org/10.12199/nesdc.ecodb.mon.2020.dp2011.thl.002,NA
Observational data on shrub composition at Gongga Mountain in Sichuan Province of China in the year 1999 and 2005,Yang Yang (??),NA,https://doi.org/10.12199/nesdc.ecodb.mon.2020.dp2011.ggf.006,NA
Observational data on tree composition at Gongga Mountain in Sichuan Province of China in the year 1999 and 2005,Yang Yang (??),NA,https://doi.org/10.12199/nesdc.ecodb.mon.2020.dp2011.ggf.006,NA
"Plant compositions in the herbaceous layer of forest communities in Xishuangbanna, Sichuan Province of China from 1999 to 2006",Yan Luo (??),NA,https://doi.org/10.12199/nesdc.ecodb.mon.2020.dp2011.bnf.006,NA
"Plant compositions in the shrub layer of forest communities in Xishuangbanna, Sichuan Province of China from 2001 to 2006",Yan Luo (??),NA,https://doi.org/10.12199/nesdc.ecodb.mon.2020.dp2011.bnf.006,NA
"Plant compositions in the tree layer of forest communities in Xishuangbanna, Sichuan Province of China from 1998 to 2006",Yan Luo (??),NA,https://doi.org/10.12199/nesdc.ecodb.mon.2020.dp2011.bnf.006,NA
Cottonwood Lake Study Area - Invertebrate Counts (ver. 2.0),U.S. Geological Survey - ScienceBase,Northern Prairie Wildlife Research Center,http://www.sciencebase.gov/catalog/item/624c779ad34e21f82764df2e,NA
Cottonwood Lake Study Area - Amphibians (ver. 2.0),David M Mushet,"Matthew J Solensky, npwrc_datamanager",https://doi.org/10.5066/P9G8TM2S,NA
Data from: Using beta diversity to inform agricultural policies and conservation actions on Mediterranean farmland,Joana Santana,NA,http://datadryad.org/stash/dataset/doi:10.5061/dryad.kp3fv,NA
"Amphibians and reptiles of Três Lagoas, Mato Grosso do Sul, Brazil",Luis Felipe Toledo,NA,http://,Supplied by authors
Anurans Pitfall Traps Southern Brazil,Tiago Gomes dos Santos,Sonia Zanini Cechin,http://,Supplied by authors
Slug Numbers - Beckingham 1999 - 2002 (series 1999-2001),Chris du Feu,NA,http://,Supplied by authors
Slug Numbers - Beckingham 1999 - 2002 (series 2001-2002),Chris du Feu,NA,http://,Supplied by authors
"Abundances of stream benthic macroinvertebrates during a 6-year monitoring period of a glacier-fed stream in South Tyrol, Italy",Alberto Scotti,Roberta Bottarin,https://doi.org/10.1594/PANGAEA.897915,PANGAEA
"Abundances of stream benthic macroinvertebrates and related environmental variables of a glacier-fed stream in South Tyrol, Italy (2016-2022)",Alberto Scotti,Roberta Bottarin,https://doi.org/10.1594/PANGAEA.953137,PANGAEA
Data from: Maintained functional diversity in benthic communities in spite of diverging functional identities,Benjamin Weigel,Erik Bonsdorff,https://doi.org/10.5061/dryad.6hc8q,Dryad
Farmland bird monitoring data in North-east Germany 1999-2002 and 2013-2015,Michael Glemnitz,NA,https://open-research-data.zalf.de/default.aspx,Leibniz Centre for Agricultural Landscape Research (ZALF)
Bahía Blanca Estuary Puerto Cuatreros - Ciliates (1986-2006),Valeria Ana Guinder,M. Celeste Lopez-Abbate,http://,Supplied by authors
"Protistan plankton. El Rincón inner-shelf area, North Patagonian Continental Shelf, Argentina",Valeria A. Guinder,Carola Ferronato,http://,Supplied by authors
"Protistan plankton. Mid-shelf and shelf-break area, North Patagonian Continental Shelf, Argentina",Valeria A. Guinder,Carola Ferronato,http://,Supplied by authors
"Anurans of a seasonally dry tropical forest: Morro do Diabo State Park, SÃ£o Paulo state, Brazil (Adults)",Tiago Gomes dos Santos,Tiago da Silveira Vasconcelos,http://,Supplied by authors
"Anurans of a seasonally dry tropical forest: Morro do Diabo State Park, SÃ£o Paulo state, Brazil (Tadpoles)",Tiago Gomes dos Santos,Tiago da Silveira Vasconcelos,http://,Supplied by authors
Trinidad's Northern Range Freshwater Diatom Survey (2011-2015),Amy E. Deacon,Anne E. Magurran,https://doi.org/10.17630/ede726cd-3ab0-41a7-a6ef-5063732af297,NA
Jari Dung Beetles,Wallace Beiroz,Julio Louzada,http://,Supplied by authors
"Spatial and temporal changes in the dung beetle diversity of a protected, but fragmented, landscape of the northernmost Neotropical rainforest",Mario E. Favila,Renato Portela Salomao,http://,Provided by authors
Data from: Spatial and temporal variations of aridity shape dung beetle assemblages towards the Sahara desert,Indradatta deCastro-Arrazola,Joaquin Hortal,http://,Supplied by authors
Trinidad's Northern Range Freshwater Fish Survey (2011-2015),Amy E. Deacon,Anne E. Magurran,NA,NA
Fish Communities - Forillon,Daniel Sigouin,NA,https://open.canada.ca/data/en/dataset/fe2441a6-8ae4-4884-b181-cd7ec53bd842,Parks Canada
Fish population from wetlands in Northern Region of Ghana,Dr Collins Ayine Nsor,Prof Edward Adzesiwor Obodai,http://,Supplied by authors
Structure of small tropical islands freshwater fish and crustacean communities: a niche- or dispersal-based process?,Raphael Lagarde,NA,https://doi.org/10.5061/dryad.ksn02v72f,Dryad
Italian freshwater fish database,Marco Milardi,NA,http://,RivFishTIME
Long-term fish monitoring of the Tordera stream,Emili Garcia-Berthou,NA,http://,RivFishTIME
Finnish electrofishing register Hertta (2019),Teppo Vehanen,Tapio Sutela,https://wwwp2.ymparisto.fi/koekalastus_sahko/yhteinen/Login.aspx?ReturnUrl=%2fkoekalastus_sahko,NA
"Stream fish monitoring data in protected watersheds in Hokkaido, Japan",Akira Terui,Hirokazu Urabe,https://github.com/aterui/public-proj_fishery-stability,Dataset sent by data owner
"Netherlands ground beetles, Insect Change study 1102",Roel van Klink,NA,http://,RvL sent data
Ground beetles and spiders in the Netherlands after embankment,Roel van Klink,NA,https://secties.nev.nl/pages/publicaties/eb/supplement.php,Roel van Klink
Wildlife of a garden: hoverflies,Francis Gilbert,NA,NA,InsectChange
Ants assemblages in the Portal LTER,Roeal van Klink,Morgan Ernest,https://github.com/weecology/PortalData/blob/main/SiteandMethods/Methods.md,Roel van Klink
Ground beetles in the Dolomites,Roberto Pizzolotto,NA,https://www2.unical.it/portale/strutture/dipartimenti_240/dibest/didattica/laureemagistrali/270/biodiversita/internazionalizzazio/delegato/,InsectChange
"Long-term (2005â€“2017) macromoth community monitoring at Mt. Jirisan National Park, South Korea",Sei-Woong Choi,NA,https://db.cger.nies.go.jp/JaLTER/ER_DataPapers/archives/2019/ERDP-2019-02,InsectChange
"Responses of boreal ground beetles (Coleoptera, Carabidae) to different logging regimes ten years post harvest",Sei-Woong Choi,NA,https://db.cger.nies.go.jp/JaLTER/ER_DataPapers/archives/2019/ERDP-2019-02,InsectChange
"Monthly drift samples of invertebrates from the River Pawnmpawm, Ghana",Rosina Kyerematen,NA,https://doi.org/10.1111/j.1365-2427.1975.tb00153.x,Sourced from publication
"Surber samples of invertebrates from the River Pawnmpawm, Ghana",Rosina Kyerematen,NA,https://doi.org/10.1111/j.1365-2427.1975.tb00122.x,Sourced from publication
Trinidad's Northern Range Freshwater Invertebrate Survey (2011-2015),Amy E. Deacon,Anne E. Magurran,https://doi.org/10.17630/ede726cd-3ab0-41a7-a6ef-5063732af297,NA
Landscape features lead to shifts in communities of medium- to large-bodied mammals in subtropical Atlantic Forest,Juliano Bogoni,NA,http://,Supplied by authors
"Good times, bad times: Resource pulses influence mammal diversity in meridional Brazilian highlands",Juliano Bogoni,NA,http://,Supplied by authors
Marine Fish Underwater Surveys in The Israeli Mediterranean,Jonathan Belmaker,Ruthy Yahel,http://,data collectors submitted data
Monthly data of mesozooplankton abundance and biomass for a shelf station off A Coruña (NW Spain): 1990-2018 (Series 1990-1996),Antonio Bode,NA,https://doi.org/10.1594/PANGAEA.919080,NA
Monthly data of mesozooplankton abundance and biomass for a shelf station off A Coruña (NW Spain): 1990-2018 (Series 1997-2018),Antonio Bode,NA,https://doi.org/10.1594/PANGAEA.919080,NA
BahÃ­a Blanca Estuary Puerto Cuatreros - Microzooplankton (2008-2010),Valeria Ana Guinder,M. Celeste Lopez-Abbate,http://,Supplied by authors
Latvia LTER Scots pine forest oribatid mite communities 1998-2006,Tancredi Caruso,NA,Â https://datadryad.org/stash/dataset/doi:10.5061/dryad.tmpg4f4vt,Dryad
Monthly series of phytoplankton abundance collected between 1989 and 2016 at A Coruña (NW Spain) (Series 1989-2008),Antonio Bode,NA,https://doi.org/10.1594/PANGAEA.908800,NA
Monthly series of phytoplankton abundance collected between 1989 and 2016 at A Coruña (NW Spain) (Series 2009-2016),Antonio Bode,NA,https://doi.org/10.1594/PANGAEA.908800,NA
Bahía Blanca Estuary Puerto Cuatreros - Phytoplankton (2008-2010),Valeria Ana Guinder,M. Celeste Lopez-Abbate,http://,Supplied by authors
"Bahía Blanca Estuary Puerto Cuatreros - Phytoplankton (2006-2008,2012)",Valeria Ana Guinder,M. Celeste Lopez-Abbate,http://,Supplied by authors
Reptiles Pitfall Traps Southern Brazil,Tiago Gomes dos Santos,Sonia Zanini Cechin,http://,Supplied by authors
Tel-Aviv University bottom trawl surveys,Shahar Chaikin,Jonathan Belmaker,http://,NA
Treswell Wood Standard Site Bird Capture Data 1978-2020,Chris du Feu,John Clark,https://www.treswellwoodipmg.org/,Supplied by authors
Four-year study of Trichoptera communities in nine close subtropical streams of Brazil,Victor Saito,Tadeu Siqueira,http://,Provided by authors
"Seasonal variation and effect of non-native invasive vegetation on two bird communities in northeast of Buenos Aires province, Argentina",Facundo X. Palacio,NA,http://,Supplied by authors
"Urbanization as a driver of taxonomic, functional, and phylogenetic diversity losses in bird communities",Facundo X. Palacio,NA,http://,Supplied by authors
Vegetation data of tree community from Tropical forests of Western Ghats,Dr. K.A Sreejith,NA,http://,Data sent by owner
Whitelands Wood Birds Survey,Fritha West,NA,http://,Supplied by authors
Macrofaunal abundance and biomass for replicate macrofaunal communities from the Western Barents Sea for summer 2017 and 2018,Martin Solan,NA,https://doi.org/10.5285/7fbca0a1-e2c1-4265-a7a5-713451cb52c0,British Antarctic Survey
BioNet Biological Assessment Database - Macroinvertebrate Survey (Artificial Substrate Samples),Jamie Mootz (database manager),NA,https://data.iowa.gov/Environmental-Monitoring/BioNet/e7yf-f5fs,BioNet Biological Assessment Database
BioNet Biological Assessment Database - Macroinvertebrate Survey (Floating Artificial Substrate Samples),Jamie Mootz (database manager),NA,https://data.iowa.gov/Environmental-Monitoring/BioNet/e7yf-f5fs,BioNet Biological Assessment Database
BioNet Biological Assessment Database - Macroinvertebrate Survey (Hess Samples),Jamie Mootz (database manager),NA,https://data.iowa.gov/Environmental-Monitoring/BioNet/e7yf-f5fs,BioNet Biological Assessment Database
BioNet Biological Assessment Database - Macroinvertebrate Survey (Low-Flow Artificial Substrate Samples),Jamie Mootz (database manager),NA,https://data.iowa.gov/Environmental-Monitoring/BioNet/e7yf-f5fs,BioNet Biological Assessment Database
BioNet Biological Assessment Database - Macroinvertebrate Survey (Surber Samples),Jamie Mootz (database manager),NA,https://data.iowa.gov/Environmental-Monitoring/BioNet/e7yf-f5fs,BioNet Biological Assessment Database
BioNet Biological Assessment Database - Fish Survey,Jamie Mootz (database manager),NA,https://data.iowa.gov/Environmental-Monitoring/BioNet/e7yf-f5fs,BioNet Biological Assessment Database
Latvia LTER Forest soil Collembola,Tara Dirilgen,Tancredi Caruso,http://,Supplied by authors
A long-term monitoring database on fish and crayfish species in French rivers (Banks continuous sampling-Mixed),ASPE Database,Pascal Irz,https://zenodo.org/record/8099409,ASPE Database
A long-term monitoring database on fish and crayfish species in French rivers (Banks continuous sampling-On boat),ASPE Database,Pascal Irz,https://zenodo.org/record/8099409,ASPE Database
A long-term monitoring database on fish and crayfish species in French rivers (Banks continuous sampling-On foot),ASPE Database,Pascal Irz,https://zenodo.org/record/8099409,ASPE Database
A long-term monitoring database on fish and crayfish species in French rivers (Banks sampling stratified by habitat-Mixed),ASPE Database,Pascal Irz,https://zenodo.org/record/8099409,ASPE Database
A long-term monitoring database on fish and crayfish species in French rivers (Banks sampling stratified by habitat-On boat),ASPE Database,Pascal Irz,https://zenodo.org/record/8099409,ASPE Database
A long-term monitoring database on fish and crayfish species in French rivers (Banks sampling stratified by habitat-On foot),ASPE Database,Pascal Irz,https://zenodo.org/record/8099409,ASPE Database
A long-term monitoring database on fish and crayfish species in French rivers (Complete sampling single or multi pass-Mixed),ASPE Database,Pascal Irz,https://zenodo.org/record/8099409,ASPE Database
A long-term monitoring database on fish and crayfish species in French rivers (Complete sampling single or multi pass-On boat),ASPE Database,Pascal Irz,https://zenodo.org/record/8099409,ASPE Database
A long-term monitoring database on fish and crayfish species in French rivers (Complete sampling single or multi pass-On foot),ASPE Database,Pascal Irz,https://zenodo.org/record/8099409,ASPE Database
A long-term monitoring database on fish and crayfish species in French rivers (Systematic point sampling-Mixed),ASPE Database,Pascal Irz,https://zenodo.org/record/8099409,ASPE Database
A long-term monitoring database on fish and crayfish species in French rivers (Systematic point sampling-On boat),ASPE Database,Pascal Irz,https://zenodo.org/record/8099409,ASPE Database
Operation Wallacea: Mexico Reptiles,Kathy Slater,Jose Antonio L. Barao-Nobrega,http://,NA
"Herpetofauna of Kings Park, Perth, Western Australia 2015-2021",Dr Rob A. Davis,Dr Tim S. Doherty,http://,Provided by collector
Light and Shadow,Simon Thorn,Peter Kriegel,https://besjournals.onlinelibrary.wiley.com/doi/epdf/10.1111/1365-2664.13648,NA
"Lizard pitfall trap data from 11 NPP study locations at the Jornada Basin LTER site, 1989-2006",David C Lightfoot,NA,https://doi.org/10.6073/pasta/51814fa39f87aea44629a5be8602ec49,NA
Freshwater fish surveys (NFPD) (Electrofishing Catch Depletion),Data Services Platform Defra,NA,https://environment.data.gov.uk/ecology/explorer/downloads/,Environment Agency Ecology & Fish Data Explorer
Freshwater fish surveys (NFPD) (Electrofishing Catch Depletion - Part Width),Data Services Platform Defra,NA,https://environment.data.gov.uk/ecology/explorer/downloads/,Environment Agency Ecology & Fish Data Explorer
Freshwater fish surveys (NFPD) (Electrofishing Single Catch),Data Services Platform Defra,NA,https://environment.data.gov.uk/ecology/explorer/downloads/,Environment Agency Ecology & Fish Data Explorer
Freshwater fish surveys (NFPD) (Electrofishing Single Catch - Part Width),Data Services Platform Defra,NA,https://environment.data.gov.uk/ecology/explorer/downloads/,Environment Agency Ecology & Fish Data Explorer
Freshwater fish surveys (NFPD) (Electrofishing Single Catch - Timed Quadrat),Data Services Platform Defra,NA,https://environment.data.gov.uk/ecology/explorer/downloads/,Environment Agency Ecology & Fish Data Explorer
Freshwater fish surveys (NFPD) (Fixed Trap Single Catch),Data Services Platform Defra,NA,https://environment.data.gov.uk/ecology/explorer/downloads/,Environment Agency Ecology & Fish Data Explorer
Freshwater fish surveys (NFPD) (Fyke Netting Catch Depletion),Data Services Platform Defra,NA,https://environment.data.gov.uk/ecology/explorer/downloads/,Environment Agency Ecology & Fish Data Explorer
Freshwater fish surveys (NFPD) (Fyke Netting Single Catch),Data Services Platform Defra,NA,https://environment.data.gov.uk/ecology/explorer/downloads/,Environment Agency Ecology & Fish Data Explorer
Freshwater fish surveys (NFPD) (Gill Netting Single Catch),Data Services Platform Defra,NA,https://environment.data.gov.uk/ecology/explorer/downloads/,Environment Agency Ecology & Fish Data Explorer
Freshwater fish surveys (NFPD) (Hook &amp; Line Angling Catch),Data Services Platform Defra,NA,https://environment.data.gov.uk/ecology/explorer/downloads/,Environment Agency Ecology & Fish Data Explorer
Freshwater fish surveys (NFPD) (Kick Netting Single Catch),Data Services Platform Defra,NA,https://environment.data.gov.uk/ecology/explorer/downloads/,Environment Agency Ecology & Fish Data Explorer
Freshwater fish surveys (NFPD) (Netting Catch Depletion),Data Services Platform Defra,NA,https://environment.data.gov.uk/ecology/explorer/downloads/,Environment Agency Ecology & Fish Data Explorer
Freshwater fish surveys (NFPD) (Rod &amp; Line Angling Catch),Data Services Platform Defra,NA,https://environment.data.gov.uk/ecology/explorer/downloads/,Environment Agency Ecology & Fish Data Explorer
Freshwater fish surveys (NFPD) (Seine Netting Catch Depletion),Data Services Platform Defra,NA,https://environment.data.gov.uk/ecology/explorer/downloads/,Environment Agency Ecology & Fish Data Explorer
Freshwater fish surveys (NFPD) (Seine Netting Single Catch),Data Services Platform Defra,NA,https://environment.data.gov.uk/ecology/explorer/downloads/,Environment Agency Ecology & Fish Data Explorer
Freshwater fish surveys (NFPD) (Single Catch - Part Width),Data Services Platform Defra,NA,https://environment.data.gov.uk/ecology/explorer/downloads/,Environment Agency Ecology & Fish Data Explorer
Freshwater fish surveys (NFPD) (Trapping Single Catch),Data Services Platform Defra,NA,https://environment.data.gov.uk/ecology/explorer/downloads/,Environment Agency Ecology & Fish Data Explorer
Freshwater fish surveys (NFPD) (Trawl Netting Single Catch),Data Services Platform Defra,NA,https://environment.data.gov.uk/ecology/explorer/downloads/,Environment Agency Ecology & Fish Data Explorer
Freshwater fish surveys (NFPD) (Wrap Around Seine Netting Catch Depletion),Data Services Platform Defra,NA,https://environment.data.gov.uk/ecology/explorer/downloads/,Environment Agency Ecology & Fish Data Explorer
Freshwater fish surveys (NFPD) (Wrap Around Seine Netting Single Catch),Data Services Platform Defra,NA,https://environment.data.gov.uk/ecology/explorer/downloads/,Environment Agency Ecology & Fish Data Explorer
Freshwater fish surveys (NFPD) (Wrap Around Seine Netting Single Catch - Part Width),Data Services Platform Defra,NA,https://environment.data.gov.uk/ecology/explorer/downloads/,Environment Agency Ecology & Fish Data Explorer
"Forest Inventory of a Northern Hardwood Forest: Watershed 6, Hubbard Brook Experimental Forest (Trees >=2cm to <=10cm dbh, 1982-1987)","Information Manager, Hubbard Brook LTER",NA,https://hubbardbrook.org/data-catalog/,Hubbard Brook Ecosystem Study & EDI Data Portal
"Forest Inventory of a Northern Hardwood Forest: Watershed 6, Hubbard Brook Experimental Forest (Trees >=2cm to <=10cm dbh, 1992-2017)","Information Manager, Hubbard Brook LTER",NA,https://hubbardbrook.org/data-catalog/,Hubbard Brook Ecosystem Study & EDI Data Portal
North Temperate Lakes LTER Fish Abundance - Electrofishing,Emily Stanley,Corinna Gries,https://ntl.limnology.wisc.edu/dataset/north-temperate-lakes-lter-fish-abundance-1981-current,NA
North Temperate Lakes LTER Fish Abundance - Fyke nets,Emily Stanley,Corinna Gries,https://ntl.limnology.wisc.edu/dataset/north-temperate-lakes-lter-fish-abundance-1981-current,NA
North Temperate Lakes LTER Fish Abundance - Gill nets,Emily Stanley,Corinna Gries,https://ntl.limnology.wisc.edu/dataset/north-temperate-lakes-lter-fish-abundance-1981-current,NA
North Temperate Lakes LTER Fish Abundance - Minnow traps,Emily Stanley,Corinna Gries,https://ntl.limnology.wisc.edu/dataset/north-temperate-lakes-lter-fish-abundance-1981-current,NA
North Temperate Lakes LTER Fish Abundance - Night seining,Emily Stanley,Corinna Gries,https://ntl.limnology.wisc.edu/dataset/north-temperate-lakes-lter-fish-abundance-1981-current,NA
North Temperate Lakes LTER Fish Abundance - trammel nets,Emily Stanley,Corinna Gries,https://ntl.limnology.wisc.edu/dataset/north-temperate-lakes-lter-fish-abundance-1981-current,NA
The Australian Phytoplankton Database (1844 - ongoing): Project 1051 Huon River sampling,Claire Davies,Lesley Clementson,https://doi.org/10.1038/sdata.2016.43,NA
The Australian Phytoplankton Database (1844 - ongoing): Project 1053 Southern Surveyor SS voyages 2010-2013,Claire Davies,Anya Waite,https://doi.org/10.1038/sdata.2016.43,NA
The Australian Phytoplankton Database (1844 - ongoing): Project 1054 Phytoplankton dynamics Ballina NSW,Claire Davies,David Rissik,https://doi.org/10.1038/sdata.2016.43,NA
The Australian Phytoplankton Database (1844 - ongoing): Project 1056 SAIMOS moorings 2010-2013,Claire Davies,Sophie C. Leterme,https://doi.org/10.1038/sdata.2016.43,NA
The Australian Phytoplankton Database (1844 - ongoing): Project 1057 Phytoplankton from coastal lagoons in Sydney,Claire Davies,Shauna Murray,https://doi.org/10.1038/sdata.2016.43,NA
The Australian Phytoplankton Database (1844 - ongoing): Project 1058 Storm Bay phytoplankton,Claire Davies,Kerrie Swadling,https://doi.org/10.1038/sdata.2016.43,NA
The Australian Phytoplankton Database (1844 - ongoing): Project 1059 Continental Shelf,Claire Davies,Sophie Leterme,https://doi.org/10.1038/sdata.2016.43,NA
The Australian Phytoplankton Database (1844 - ongoing): Project 1064 Hornsby Shire Council monitoring,Claire Davies,Peter Coad,https://doi.org/10.1038/sdata.2016.43,NA
The Australian Phytoplankton Database (1844 - ongoing): Project 1065 EPA Victoria long term monitoring,Claire Davies,Renee Patten (EPA Victoria),https://doi.org/10.1038/sdata.2016.43,NA
The Australian Phytoplankton Database (1844 - ongoing): IMOS National Reference Stations,Claire Davies,Anthony Richardson,https://doi.org/10.1038/sdata.2016.43,NA
"The Australian Phytoplankton Database (1844 - ongoing): project 609, Phytoplankton dynamics",Claire Davies,Sophie Leterme,https://doi.org/10.1038/sdata.2016.43,NA
"The Australian Phytoplankton Database (1844 - ongoing): Project 782, Phytoplankton Port Hacking 100m station",Claire Davies,Penelope Ajani,https://doi.org/10.1038/sdata.2016.43,NA
The Australian Phytoplankton Database (1844 - ongoing): Perth Long Term Ocean Outlet,Claire Davies,Peter Thompson CSIRO,https://doi.org/10.1038/sdata.2016.43,NA
The Australian Phytoplankton Database (1844 - ongoing): Project 796 Phytoplankton zooplankton NSW,Claire Davies,Linda Armbrecht,https://doi.org/10.1038/sdata.2016.43,NA
The Australian Phytoplankton Database (1844 - ongoing): Project 806 Seagrass nutrient uptake studies,Claire Davies,Sasi Nayar,https://doi.org/10.1038/sdata.2016.43,NA
The Australian Phytoplankton Database (1844 - ongoing): IMOS Southern Ocean Time Series,Claire Davies,Ruth Eriksen,https://doi.org/10.1038/sdata.2016.43,NA
The Australian Phytoplankton Database (1844 - ongoing): Project 806 Phytoplankton Great Barrier Reef,Claire Davies,Miles Furnas,https://doi.org/10.1038/sdata.2016.43,NA
The Australian Zooplankton Database (Project ID 10): Zooplankton sampling in Albatross Bay,Claire Davies,Peter Rothlisberg,http://esapubs.org/archive/ecol/E095/278/,ESA - Ecological Publications (Ecology)
The Australian Zooplankton Database (Project ID 15): Zooplankton dynamics in coastal waters of the GBR.,Claire Davies,Anthony Richardson,http://esapubs.org/archive/ecol/E095/278/,ESA - Ecological Publications (Ecology)
"The Australian Zooplankton Database (Project ID 17): A multi-disciplinary study of larval fish distributions and biological oceanographic processes near North West Cape, Western Australia.",Claire Davies,Anthony Richardson,http://esapubs.org/archive/ecol/E095/278/,ESA - Ecological Publications (Ecology)
"The Australian Zooplankton Database (Project ID 19): Chaetognath, siphonophore and jelly data from Hillarys transect in WA, SFRME",Claire Davies,Daniel Gaughan,http://esapubs.org/archive/ecol/E095/278/,ESA - Ecological Publications (Ecology)
The Australian Zooplankton Database (Project ID 20): Effects of the Leeuwin Current on carnivorous macrozooplankton in Southern Western Australia,Claire Davies,Anthony Richardson,http://esapubs.org/archive/ecol/E095/278/,ESA - Ecological Publications (Ecology)
The Australian Zooplankton Database (Project ID 21): Zooplankton sampling along shelf and off shelf waters off east coast of Tasmania,Claire Davies,Daniel Gaughan,http://esapubs.org/archive/ecol/E095/278/,ESA - Ecological Publications (Ecology)
The Australian Zooplankton Database (Project ID 22): Zooplankton sampling from Maria Island,Claire Davies,Kerrie Swadling,http://esapubs.org/archive/ecol/E095/278/,ESA - Ecological Publications (Ecology)
The Australian Zooplankton Database (Project ID 23): Zooplankton sampling from the mid-slope off the south coast of Tasmania,Claire Davies,Kerrie Swadling,http://esapubs.org/archive/ecol/E095/278/,ESA - Ecological Publications (Ecology)
The Australian Zooplankton Database (Project ID 4): Zooplankton sampling in Darwin Harbour  (Dec 2002 - Oct 2004),Claire Davies,Kerrie Swadling,http://esapubs.org/archive/ecol/E095/278/,ESA - Ecological Publications (Ecology)
"The Australian Zooplankton Database (Project ID 591): PhD; Zooplankton community dynamics: Biomass, abundance, and feeding in subtropical Moreton Bay (including 2011 flood sampling)",Claire Davies,Anthony Richardson,http://esapubs.org/archive/ecol/E095/278/,ESA - Ecological Publications (Ecology)
The Australian Zooplankton Database (Project ID 595): Prawn larvae from Gulf of Carpentaria,Claire Davies,Sarah Pausina,http://esapubs.org/archive/ecol/E095/278/,ESA - Ecological Publications (Ecology)
The Australian Zooplankton Database (Project ID 597): The IMOS Australian Continuous Plankton Recorder Survey,Claire Davies,Peter Rothlisberg,http://esapubs.org/archive/ecol/E095/278/,ESA - Ecological Publications (Ecology)
"The Australian Zooplankton Database (Project ID 599): The IMOS National Reference Stations, part of the Australian National Mooring Network",Claire Davies,Anthony Richardson,http://esapubs.org/archive/ecol/E095/278/,ESA - Ecological Publications (Ecology)
The Australian Zooplankton Database (Project ID 611): 1742 planktonic samples obtained from research vessel Warreen along the continental shelf and slope of southeast Australia from 1938-42,Claire Davies,Anthony Richardson,http://esapubs.org/archive/ecol/E095/278/,ESA - Ecological Publications (Ecology)
"The Australian Zooplankton Database (Project ID 618): Onshore planktological investigations in Eastern Australia, 1945-1954",Claire Davies,Mark Baird,http://esapubs.org/archive/ecol/E095/278/,ESA - Ecological Publications (Ecology)
"The Australian Zooplankton Database (Project ID 7): Understanding water column and pelagic ecosystem processes affecting South Scott lagoon, Western Australia - 100 micron",Claire Davies,Anthony Richardson,http://esapubs.org/archive/ecol/E095/278/,ESA - Ecological Publications (Ecology)
The Australian Zooplankton Database (Project ID 9): Planning tools for environmentally sustainable tropical finfish cage culture in Indonesia and northern Australia,Claire Davies,Anthony Richardson,http://esapubs.org/archive/ecol/E095/278/,ESA - Ecological Publications (Ecology)
Monitoring butterfly numbers,GPDD,NA,http://www3.imperial.ac.uk/cpb/databases/gpdd,The Global Population Dynamics Database; v2 updates from InsectChange
Monitoring butterfly numbersThe development of dragonfly communities and the consequences of territorial behaviour A 27-year study on small ponds at Woodwalton Fen. Cambridgeshire. United Kingdom,Great Fen,Global Population Dynamics Database,http://www3.imperial.ac.uk/cpb/databases/gpdd,The Global Population Dynamics Database; v2 updates from InsectChange
Konza Prarie grasshoppers -  CGR022,Ellen Welti,Anthony Joern,http://lter.konza.ksu.edu/content/cgr022,NA
"Forest Inventory of a Northern Hardwood Forest: Watershed 6, Hubbard Brook Experimental Forest (Trees &gt;=10cm dbh, 1977-2017)","Information Manager, Hubbard Brook LTER",NA,https://hubbardbrook.org/data-catalog/,Hubbard Brook Ecosystem Study & EDI Data Portal
North Temperate Lakes LTER Fish Abundance - Crayfish traps,Emily Stanley,Corinna Gries,https://ntl.limnology.wisc.edu/dataset/north-temperate-lakes-lter-fish-abundance-1981-current,NA
"Consumer Stocks: Fish, Vegetation, and other Non-physical Data from Everglades National Park (FCE LTER), South Florida, USA from February 2000 to April 2005",Joel Trexler,Florida Coastal Everglades LTER Program,http://fcelter.fiu.edu/data/core/metadata/?datasetid=LT_CD_Trexler_001,Florida Coastal Everglades LTER Program
Pelagic Fish Observations 1968-1999,Dick Williams,NA,http://gcmd.nasa.gov/KeywordSearch/Metadata.do?Portal=GCMD&MetadataView=Full&EntryId=AADC-00038,Australian Antarctic Data Centre
Zooplankton survey of Oneida Lake New York 1964 to present,Lars Rudstam,Kristen Holeck,https://knb.ecoinformatics.org/view/kgordon.17.99,NA
Resource specialists lead local insect community turnover associated with temperature - analysis of an 18-year full-seasonal record of moths and beetles,Peter Jorgensen,Philip Thomsen,https://datadryad.org/stash/dataset/doi:10.5061/dryad.s4945,Roel van Klink
North Temperate Lakes LTER Zooplankton - Trout Lake Area 1982 - current,NTL LTER Information Manager,NTL LTER Lead PI,https://lter.limnology.wisc.edu/dataset/north-temperate-lakes-lter-zooplankton-trout-lake-area-1982-current,North Temperate Lakes Long Term Ecological Research
North Temperate Lakes LTER: Phytoplankton - Madison Lakes Area 1995 - current,John J. Magnuson,NTL LTER,https://doi.org/10.6073/pasta/bd03330e83fc52a5442bb39e131c95e9,NA
MCR LTERCoral Reef Long-term Population and Community Dynamics Other Benthic Invertebrates. ongoing since 2005,Information Manager,Robert Carpenter (owner),http://mcr.lternet.edu/cgi-bin/showDataset.cgi?docid=knb-lter-mcr.7,Moorea Coral Reef LTER
"Above ground plant biomass in a mesic acidic tussock tundra experimental site from 1982 to 2015 Arctic LTER, Toolik Lake, Alaska",Gaius Shaver,Arctic LTER Data Manager,http://doi.org/10.6073/pasta/c3ef07e6ed81c1fc33e9bc20aff07093,NA
"Small Mammal Exclosure Study (SMES) Vegetation Data from the Chihuahuan Desert Grassland and Shrubland at the Sevilleta National Wildlife Refuge, New Mexico (1995-2009)",David Lightfoot,NA,http://sev.lternet.edu/content/small-mammal-exclosure-study-smes-0,Sevilleta LTER
The Australian Phytoplankton Database (1844 - ongoing): IMOS Australian Continuous Plankton Recorder Survey,Claire Davies,Anthony Richardson,https://catalogue-imos.aodn.org.au/geonetwork/srv/eng/catalog.search#/metadata/75f4f1fc-bee3-4498-ab71-aa1ab29ab2c0,NA
Scleractinian corals from Orpheus and Magnetic Islands 2013 to 2020,Chao-Yang Kuo,Andrew Baird,http://,sent by authors
"ITEX Qikiqtaruk–Herschel Island, Herschel and Komakuk vegetation plotsk",Isla Myers-Smith,NA,https://doi.org/10.5281/zenodo.2397996,NA
Drivers of Bird Species Richness within Moist High-Altitude Grasslands in Eastern South Africa,David Maphisa,NA,https://datadryad.org/resource/doi:10.5061/dryad.m9p07,Dryad data repository
"Spatial and temporal ichthyofauna community of a tropical mangrove Bay (Gazi Bay, Kenya) sampled between 1994 and 1996",Data Vliz,NA,https://doi.org/10.14284/152,Flanders Marine Institute
"Seasonal variation of the zooplankton community at Gazi, Lamu and Malindi (Kenya) sampled between 1990 and 1992",Data Vliz,NA,https://doi.org/10.14284/153,Flanders Marine Institute
Fluctuations in abundance of large herbivore populations: insights into the influence of dry season rainfall and elephant numbers from long-term data,Pam Birch,NA,https://zslpublications.onlinelibrary.wiley.com/doi/10.1111/j.1469-1795.2008.00194.x,NA
CWS-EC Eastern Canada Seabirds at Sea (ECSAS),Carina Gjerdrum,David Fifield,https://obis.org/dataset/51391fb1-ae4d-44d8-9178-a06f95545604,OBIS
"CSIRO, fish surveys by the Courageous, 1978-1979",Dave Watts,NA,https://www.marine.csiro.au/ipt/resource?r=csiro_fish_survey_1978_1979,NA
"CSIRO, Catch records from eddy studies off the New South Wales coast, Australia 1979-1989",Dave Watts,NA,https://www.marine.csiro.au/ipt/resource?r=csiro_eac_eddy_1978_1984&v=1.8,NA
"CSIRO, fish surveys by the Soela, 1980s",Dave Watts,NA,https://www.marine.csiro.au/ipt/resource?r=csiro_fish_survey_1980,NA
Long Term Mammal Data from Powdermill Biological Station 1979-1999,Joseph F Merritt,NA,https://doi.org/10.6073/pasta/086fda03bd91ce9c2331e3a6fdd9bcd1,EDI Data Portal
"Zooplankton collected with a 2-m, 700-um net towed from surface to 120 m, aboard Palmer Station Antarctica LTER annual cruises off the western Antarctic peninsula, 2009 - 2020",Palmer Station Antarctica LTER,Debbie Steinberg,https://portal.edirepository.org/nis/mapbrowse?scope=knb-lter-pal&amp;identifier=199&amp;revision=9,Environmental Data Initiative Data Portal
Beetles from the Bavarian Forest,Simon Thorn,Jorg Muller,None,Data contributed by authors
Birds from the Bavarian Forest,Simon Thorn,Jorg Muller,None,Data contributed by authors
Fungi from the Bavarian Forest unlogged,Simon Thorn,Jorg Muller,None,Data contributed by authors
Lichens (obj) from the Bavarian Forest unlogged,Simon Thorn,Jorg Muller,None,Data contributed by authors
Lichens (soil) from the Bavarian Forest unlogged,Simon Thorn,Jorg Muller,None,Data contributed by authors
Mosses (obj) from the Bavarian Forest,Simon Thorn,Jorg Muller,None,Data contributed by authors
Mosses (soil) from the Bavarian Forest,Simon Thorn,Jorg Muller,None,Data contributed by authors
Plants from the Bavarian Forest,Simon Thorn,Jorg Muller,None,Data contributed by authors
"Demersal fish hauls from Guanabara Bay Brazil 2005-2015, second period",Gabriel Barros GonÃ§alves de Souza,Marcelo Vianna,None,Contributed directly by authors
NEFSC Benthic Database (OBIS-USA) - Otter Trawl,Steven Fromm,NA,https://obis.org/dataset/e7c86904-aac7-4a17-a895-99a54c430d80,OBIS
NEFSC Benthic Database (OBIS-USA) - Smith McIntyre grabs,Steven Fromm,NA,https://obis.org/dataset/e7c86904-aac7-4a17-a895-99a54c430d80,OBIS
NEFSC Benthic Database (OBIS-USA) - Scallop Dredge,Steven Fromm,NA,https://obis.org/dataset/e7c86904-aac7-4a17-a895-99a54c430d80,OBIS
NEFSC Benthic Database (OBIS-USA) - 1meter nat. dredge,Steven Fromm,NA,https://obis.org/dataset/e7c86904-aac7-4a17-a895-99a54c430d80,OBIS
NEFSC Benthic Database (OBIS-USA) - 1meter sled net,Steven Fromm,NA,https://obis.org/dataset/e7c86904-aac7-4a17-a895-99a54c430d80,OBIS
NEFSC Benthic Database (OBIS-USA) - Digby Drag,Steven Fromm,NA,https://obis.org/dataset/e7c86904-aac7-4a17-a895-99a54c430d80,OBIS
NEFSC Benthic Database (OBIS-USA) - Dip net,Steven Fromm,NA,https://obis.org/dataset/e7c86904-aac7-4a17-a895-99a54c430d80,OBIS
NEFSC Benthic Database (OBIS-USA) - Quadhog Dredge,Steven Fromm,NA,https://obis.org/dataset/e7c86904-aac7-4a17-a895-99a54c430d80,OBIS
Epibenthos and demersal fish monitoring at long-term monitoring stations in the Belgian part of the North Sea (Trawl Distance 1500m),Gert Van Hoey,NA,none,author contributed directly
Monitoring site 1000 Coastal zone research - Tidal flat survey (Infaunal animals),Nature Conservation Bureau Ministry of the Environment Centre for Biodiversity,NPO Japan Wetlands International,http://www.biodic.go.jp/moni1000/findings/data/index.html,Ministry of the Environment Biodiversity Center
A long-term monitoring database on fish and crayfish species in French rivers (Systematic point sampling-On foot),ASPE Database,Pascal Irz,https://zenodo.org/record/8099409,ASPE Database
Assemblage-level responses of phyllostomid bats to tropical forest fragmentation,Christoph Meyer,NA,None,Contributed directly by author
