ID,Year,Date,Season,River,Creek,Bout,Distance,DOMGL,Salinity,TempC,Catch,CPUE,test.total
10EARLYDRYRB101,10,2014-02-23,EARLYDRY,RB,10,1,97,4.48,0.3,24.2,39,40,35
10EARLYDRYRB102,10,2014-02-23,EARLYDRY,RB,10,2,95,5.44,0.3,25.5,33,35,22
10EARLYDRYRB103,10,2014-02-23,EARLYDRY,RB,10,3,76,5.83,0.3,25.9,28,37,22
10EARLYDRYRB111,10,2014-03-03,EARLYDRY,RB,11,1,87,4.02,0.3,28.3,59,68,58
10EARLYDRYRB112,10,2014-03-03,EARLYDRY,RB,11,2,90,4.11,0.3,21,59,66,54
10EARLYDRYRB113,10,2014-03-03,EARLYDRY,RB,11,3,71,5.1,0.3,22.2,67,94,61
10EARLYDRYRB122,10,2014-02-22,EARLYDRY,RB,12,2,110,3.38,0.4,23.2,12,11,5
10EARLYDRYRB123,10,2014-02-22,EARLYDRY,RB,12,3,108,3.32,0.4,23.2,42,39,38
10EARLYDRYRB131,10,2014-03-03,EARLYDRY,RB,13,1,85,4.86,0.3,22.9,25,29,22
10EARLYDRYRB132,10,2014-03-03,EARLYDRY,RB,13,2,110,4.67,0.3,22.7,31,28,29
10EARLYDRYRB133,10,2014-03-03,EARLYDRY,RB,13,3,105,4.5,0.3,23.1,14,13,13
10EARLYDRYRB143,10,2014-03-03,EARLYDRY,RB,14,3,125,4.2,0.4,23.1,27,22,24
10EARLYDRYRB152,10,2014-03-04,EARLYDRY,RB,15,2,87,2.13,0.7,23.5,7,8,4
10EARLYDRYRB153,10,2014-03-04,EARLYDRY,RB,15,3,97,2.65,0.6,23.5,24,25,1
10EARLYDRYRB163,10,2014-02-22,EARLYDRY,RB,16,3,99,4.51,0.6,24.1,4,4,3
10EARLYDRYRB181,10,2014-03-04,EARLYDRY,RB,18,1,95,4.22,0.4,22.2,42,44,39
10EARLYDRYRB182,10,2014-03-04,EARLYDRY,RB,18,2,100,4.2,0.3,22.5,53,53,52
10EARLYDRYRB193,10,2014-02-22,EARLYDRY,RB,19,3,105,4.22,0.4,25,12,11,4
10EARLYDRYRB71,10,2014-03-04,EARLYDRY,RB,7,1,95,3.25,0.5,21.8,20,21,15
10EARLYDRYRB73,10,2014-03-04,EARLYDRY,RB,7,3,85,3.41,0.4,22.4,5,6,4
10EARLYDRYRB81,10,2014-02-23,EARLYDRY,RB,8,1,77,3.68,0.3,22.7,24,31,23
10EARLYDRYRB82,10,2014-02-23,EARLYDRY,RB,8,2,78,3.68,0.3,22.9,37,47,36
10EARLYDRYRB83,10,2014-02-23,EARLYDRY,RB,8,3,81,3.54,0.3,23.1,33,41,31
10EARLYDRYRB91,10,2014-02-23,EARLYDRY,RB,9,1,78,3.39,0.3,22.9,28,36,26
10EARLYDRYRB92,10,2014-02-23,EARLYDRY,RB,9,2,70,3.2,0.3,23.3,33,47,26
10EARLYDRYRB93,10,2014-02-23,EARLYDRY,RB,9,3,90,3.53,0.3,23.8,46,51,39
10EARLYDRYTB11,10,2014-02-24,EARLYDRY,TB,1,1,79,3.3,1.5,26.6,16,20,8
10EARLYDRYTB12,10,2014-02-24,EARLYDRY,TB,1,2,100,5.3,1.8,28.1,9,9,5
10EARLYDRYTB13,10,2014-02-24,EARLYDRY,TB,1,3,85,5.32,1.8,28.3,8,9,7
10EARLYDRYTB21,10,2014-02-24,EARLYDRY,TB,2,1,95,4.4,1.4,26.8,13,14,10
10EARLYDRYTB22,10,2014-02-24,EARLYDRY,TB,2,2,85,5.7,1.6,27.1,10,12,7
10EARLYDRYTB23,10,2014-02-24,EARLYDRY,TB,2,3,71,5.33,1.4,27.8,19,27,14
10EARLYDRYTB31,10,2014-02-24,EARLYDRY,TB,3,1,95,3.7,0.9,25.1,31,33,27
10EARLYDRYTB32,10,2014-02-24,EARLYDRY,TB,3,2,100,3.89,1,25.4,9,9,7
10EARLYDRYTB33,10,2014-02-24,EARLYDRY,TB,3,3,79,3.39,0.9,25.4,6,8,5
10EARLYDRYTB41,10,2014-02-24,EARLYDRY,TB,4,1,100,2.78,0.9,25,11,11,3
10LATEDRYRB101,10,2014-05-05,LATEDRY,RB,10,1,68,3.04,1.5,24.6,57,84,51
10LATEDRYRB102,10,2014-05-05,LATEDRY,RB,10,2,68,4.06,1.2,25.4,43,63,36
10LATEDRYRB103,10,2014-05-05,LATEDRY,RB,10,3,59,3.89,1.1,25.6,61,103,50
10LATEDRYRB111,10,2014-04-28,LATEDRY,RB,11,1,60,4.32,0.7,27,57,95,51
10LATEDRYRB112,10,2014-04-28,LATEDRY,RB,11,2,60,4.44,0.6,27.3,63,105,50
10LATEDRYRB113,10,2014-04-28,LATEDRY,RB,11,3,70,5.33,0.6,27.7,43,61,35
10LATEDRYRB121,10,2014-04-27,LATEDRY,RB,12,1,85,2.52,3,24.7,21,25,5
10LATEDRYRB122,10,2014-04-27,LATEDRY,RB,12,2,92,2.37,2.9,24.8,17,18,15
10LATEDRYRB123,10,2014-04-27,LATEDRY,RB,12,3,85,2.55,2.8,25.2,27,32,22
10LATEDRYRB132,10,2014-04-28,LATEDRY,RB,13,2,70,4.61,1.2,27.6,22,31,15
10LATEDRYRB133,10,2014-04-28,LATEDRY,RB,13,3,77,5.12,1.5,27.9,32,41,30
10LATEDRYRB141,10,2014-04-27,LATEDRY,RB,14,1,92,1.9,4.9,28.2,2,2,1
10LATEDRYRB142,10,2014-04-27,LATEDRY,RB,14,2,100,2.03,4.5,28.1,2,2,0
10LATEDRYRB143,10,2014-04-27,LATEDRY,RB,14,3,82,1.74,5.1,26.3,12,15,10
10LATEDRYRB181,10,2014-04-27,LATEDRY,RB,18,1,NA,5.36,2.2,29.8,11,NA,8
10LATEDRYRB183,10,2014-04-27,LATEDRY,RB,18,3,82,5.01,2.1,29.3,10,12,9
10LATEDRYRB71,10,2014-04-28,LATEDRY,RB,7,1,126,1.8,1.9,27.8,33,26,23
10LATEDRYRB72,10,2014-04-28,LATEDRY,RB,7,2,86,2.04,1.8,27.8,17,20,10
10LATEDRYRB73,10,2014-04-28,LATEDRY,RB,7,3,76,1.77,1.7,27.8,30,39,14
10LATEDRYRB81,10,2014-05-04,LATEDRY,RB,8,1,70,4.28,5.8,28.9,9,13,8
10LATEDRYRB82,10,2014-05-04,LATEDRY,RB,8,2,73,4.03,5,28.7,19,26,13
10LATEDRYRB83,10,2014-05-04,LATEDRY,RB,8,3,68,4.43,4.7,28.9,20,29,4
10LATEDRYRB91,10,2014-05-05,LATEDRY,RB,9,1,70,2.58,1.1,23.3,49,70,30
10LATEDRYRB92,10,2014-05-05,LATEDRY,RB,9,2,62,2.57,1,23.4,52,84,40
10LATEDRYRB93,10,2014-05-05,LATEDRY,RB,9,3,60,2.67,1,23.7,35,58,19
10TRANSRB101,10,2013-11-17,TRANS,RB,10,1,132,3.93,0.2,24.8,114,86,46
10TRANSRB101,10,2014-01-21,TRANS,RB,10,1,121,6.45,0.3,17,114,94,42
10TRANSRB101,10,2014-03-23,TRANS,RB,10,1,87,3.75,0.4,24.7,114,131,95
10TRANSRB101,10,2014-05-31,TRANS,RB,10,1,80,3.5,3.1,26,114,143,91
10TRANSRB101,10,2014-07-09,TRANS,RB,10,1,83,2.79,0.2,29,114,137,71
10TRANSRB102,10,2013-11-17,TRANS,RB,10,2,101,4.17,0.2,25,96,95,32
10TRANSRB102,10,2014-01-21,TRANS,RB,10,2,99,6.71,0.3,17.2,96,97,46
10TRANSRB102,10,2014-03-23,TRANS,RB,10,2,85,3.46,0.4,25.6,96,113,65
10TRANSRB102,10,2014-05-31,TRANS,RB,10,2,92,3.9,3.1,26.2,96,104,54
10TRANSRB102,10,2014-07-09,TRANS,RB,10,2,89,3.24,0.2,29.3,96,108,19
10TRANSRB103,10,2013-11-17,TRANS,RB,10,3,108,4.55,0.2,25.2,74,69,37
10TRANSRB103,10,2014-01-21,TRANS,RB,10,3,121,6.43,0.3,17.3,74,61,33
10TRANSRB103,10,2014-03-23,TRANS,RB,10,3,87,3.49,0.4,26.4,74,85,51
10TRANSRB103,10,2014-05-31,TRANS,RB,10,3,74,4.02,3,26.5,74,100,34
10TRANSRB103,10,2014-07-09,TRANS,RB,10,3,89,3.68,0.2,29.5,74,83,26
10TRANSRB111,10,2013-11-18,TRANS,RB,11,1,98,2.96,0.2,24,78,80,38
10TRANSRB111,10,2014-01-23,TRANS,RB,11,1,104,6.83,0.3,14.2,78,75,33
10TRANSRB111,10,2014-03-31,TRANS,RB,11,1,103,NA,0.3,21.1,78,76,63
10TRANSRB111,10,2014-06-02,TRANS,RB,11,1,82,5.57,1.3,24.7,78,95,40
10TRANSRB112,10,2013-11-18,TRANS,RB,11,2,93,3.13,0.2,24,124,133,76
10TRANSRB112,10,2014-01-23,TRANS,RB,11,2,100,7.58,0.3,13.1,124,124,18
10TRANSRB112,10,2014-03-31,TRANS,RB,11,2,60,NA,0.3,20.3,124,207,96
10TRANSRB112,10,2014-06-02,TRANS,RB,11,2,71,5.68,1.1,24.5,124,175,42
10TRANSRB113,10,2013-11-18,TRANS,RB,11,3,95,3.15,0.2,23.9,94,99,68
10TRANSRB113,10,2014-01-23,TRANS,RB,11,3,106,7.53,0.3,13.5,94,89,69
10TRANSRB113,10,2014-03-31,TRANS,RB,11,3,70,NA,0.3,20.5,94,134,84
10TRANSRB131,10,2013-11-17,TRANS,RB,13,1,95,4.26,0.3,25.1,102,108,58
10TRANSRB131,10,2014-01-23,TRANS,RB,13,1,73,6.29,0.3,14.7,102,140,35
10TRANSRB131,10,2014-03-31,TRANS,RB,13,1,64,NA,0.5,23.1,102,159,59
10TRANSRB131,10,2014-05-31,TRANS,RB,13,1,87,4.35,7,27.7,102,117,25
10TRANSRB131,10,2014-07-09,TRANS,RB,13,1,65,3.12,0.2,29.8,102,156,40
10TRANSRB132,10,2013-11-17,TRANS,RB,13,2,79,4.18,0.3,25,70,88,38
10TRANSRB132,10,2014-01-23,TRANS,RB,13,2,93,6.65,0.3,14.1,70,75,48
10TRANSRB132,10,2014-03-23,TRANS,RB,13,2,80,4.78,0.4,25.4,70,88,40
10TRANSRB132,10,2014-05-31,TRANS,RB,13,2,71,4,7,27.6,70,99,1
10TRANSRB132,10,2014-07-09,TRANS,RB,13,2,102,2.75,0.2,29.1,70,69,26
10TRANSRB133,10,2013-11-18,TRANS,RB,13,3,80,3.57,0.2,25,48,60,29
10TRANSRB133,10,2014-01-23,TRANS,RB,13,3,89,6.56,0.3,14.7,48,54,23
10TRANSRB133,10,2014-03-23,TRANS,RB,13,3,72,4.66,0.4,25.3,48,67,25
10TRANSRB133,10,2014-05-31,TRANS,RB,13,3,78,4.7,6.6,28.4,48,62,10
10TRANSRB133,10,2014-07-09,TRANS,RB,13,3,87,2.88,0.2,29,48,55,3
10TRANSRB141,10,2013-11-18,TRANS,RB,14,1,96,3.73,0.3,28.1,33,34,20
10TRANSRB141,10,2014-01-23,TRANS,RB,14,1,100,5.51,0.4,16.8,33,33,15
10TRANSRB141,10,2014-03-31,TRANS,RB,14,1,80,NA,0.9,24.1,33,41,17
10TRANSRB142,10,2013-11-18,TRANS,RB,14,2,70,3.68,0.3,25.3,58,83,33
10TRANSRB142,10,2014-01-23,TRANS,RB,14,2,100,5.44,0.4,16.8,58,58,40
10TRANSRB142,10,2014-03-31,TRANS,RB,14,2,85,NA,0.9,23.9,58,68,28
10TRANSRB143,10,2013-11-18,TRANS,RB,14,3,87,3.79,0.3,25.3,75,86,31
10TRANSRB143,10,2014-01-22,TRANS,RB,14,3,101,5.78,0.4,17.7,75,74,44
10TRANSRB143,10,2014-03-22,TRANS,RB,14,3,70,3.55,0.6,25.9,75,107,44
10TRANSRB161,10,2013-12-02,TRANS,RB,16,1,97,4.6,0.6,21,12,12,2
10TRANSRB161,10,2014-03-24,TRANS,RB,16,1,110,3.22,1.8,24.1,12,11,8
10TRANSRB162,10,2013-12-02,TRANS,RB,16,2,110,4.82,0.5,21.2,3,3,0
10TRANSRB162,10,2014-03-24,TRANS,RB,16,2,121,3.64,1.8,24.2,3,2,1
10TRANSRB163,10,2013-12-02,TRANS,RB,16,3,100,5.15,0.5,21.1,9,9,5
10TRANSRB163,10,2014-03-24,TRANS,RB,16,3,88,3.29,1.5,24.1,9,10,3
10TRANSRB181,10,2013-11-18,TRANS,RB,18,1,89,4.14,0.3,25.6,63,70,31
10TRANSRB181,10,2014-01-23,TRANS,RB,18,1,100,6.52,0.3,16.4,63,63,51
10TRANSRB181,10,2014-03-22,TRANS,RB,18,1,101,4.79,0.5,26.2,63,62,51
10TRANSRB182,10,2013-11-18,TRANS,RB,18,2,82,3.55,0.3,25.5,80,98,27
10TRANSRB182,10,2014-01-23,TRANS,RB,18,2,80,6.98,0.3,15.9,80,100,57
10TRANSRB182,10,2014-03-22,TRANS,RB,18,2,92,4.76,0.5,25.8,80,87,62
10TRANSRB183,10,2013-11-18,TRANS,RB,18,3,90,3.79,0.3,25.5,53,59,43
10TRANSRB183,10,2014-01-23,TRANS,RB,18,3,109,6.89,0.3,15.5,53,49,41
10TRANSRB183,10,2014-03-22,TRANS,RB,18,3,84,3.84,0.5,25.5,53,63,39
10TRANSRB191,10,2013-11-18,TRANS,RB,19,1,96,4.08,0.3,24.8,23,24,7
10TRANSRB191,10,2014-01-22,TRANS,RB,19,1,104,6.13,0.4,17.2,23,22,7
10TRANSRB191,10,2014-03-31,TRANS,RB,19,1,77,NA,1.5,23.2,23,30,9
10TRANSRB192,10,2013-11-18,TRANS,RB,19,2,101,3.82,0.3,24.8,37,37,15
10TRANSRB192,10,2014-01-22,TRANS,RB,19,2,105,6.09,0.4,17.3,37,35,8
10TRANSRB192,10,2014-03-31,TRANS,RB,19,2,109,NA,1.2,22.7,37,34,11
10TRANSRB193,10,2013-11-18,TRANS,RB,19,3,97,2.79,0.3,24.7,21,22,6
10TRANSRB193,10,2014-01-22,TRANS,RB,19,3,113,5.88,0.4,17.3,21,19,11
10TRANSRB193,10,2014-03-31,TRANS,RB,19,3,98,NA,1.1,22.7,21,21,16
10TRANSRB81,10,2013-11-18,TRANS,RB,8,1,80,3.34,0.2,24.2,61,76,19
10TRANSRB81,10,2014-01-21,TRANS,RB,8,1,114,6.33,0.3,17.1,61,54,24
10TRANSRB81,10,2014-01-21,TRANS,RB,8,1,118,6.33,0.3,17.1,61,52,11
10TRANSRB81,10,2014-03-22,TRANS,RB,8,1,100,3.02,0.4,22.9,61,61,33
10TRANSRB81,10,2014-05-31,TRANS,RB,8,1,81,4.39,4.9,27.4,61,75,4
10TRANSRB81,10,2014-07-09,TRANS,RB,8,1,92,2.95,0.2,28.6,61,66,3
10TRANSRB82,10,2013-11-18,TRANS,RB,8,2,70,3.58,0.2,24.3,74,106,44
10TRANSRB82,10,2014-01-23,TRANS,RB,8,2,104,7.26,0.3,14.1,74,71,49
10TRANSRB82,10,2014-03-22,TRANS,RB,8,2,98,3.7,0.4,23.3,74,76,58
10TRANSRB82,10,2014-05-31,TRANS,RB,8,2,78,4.16,4.4,27,74,95,4
10TRANSRB82,10,2014-07-09,TRANS,RB,8,2,93,3.06,0.2,28.5,74,80,4
10TRANSRB83,10,2013-11-18,TRANS,RB,8,3,78,3.13,0.2,24.2,49,63,27
10TRANSRB83,10,2014-03-22,TRANS,RB,8,3,100,4.23,0.4,23.4,49,49,44
10TRANSRB83,10,2014-05-31,TRANS,RB,8,3,81,3.72,4.1,26.8,49,61,4
10TRANSRB83,10,2014-07-09,TRANS,RB,8,3,96,2.93,0.2,28.6,49,51,14
10TRANSRB91,10,2013-11-17,TRANS,RB,9,1,106,2.84,0.3,23.9,116,109,84
10TRANSRB91,10,2014-01-21,TRANS,RB,9,1,104,5.37,0.3,16.5,116,112,88
10TRANSRB91,10,2014-03-23,TRANS,RB,9,1,86,2.49,0.4,23.4,116,135,143
10TRANSRB91,10,2014-05-31,TRANS,RB,9,1,65,4.31,3.5,26.9,116,180,82
10TRANSRB91,10,2014-07-09,TRANS,RB,9,1,80,1.98,0.2,28.5,116,145,69
10TRANSRB92,10,2013-11-17,TRANS,RB,9,2,90,3.06,0.3,24.1,176,196,68
10TRANSRB92,10,2014-01-21,TRANS,RB,9,2,85,5.73,0.3,16.7,176,207,86
10TRANSRB92,10,2014-03-23,TRANS,RB,9,2,67,2.56,0.4,23.5,176,262,189
10TRANSRB92,10,2014-06-02,TRANS,RB,9,2,53,2.15,2.5,25.9,176,332,55
10TRANSRB92,10,2014-07-09,TRANS,RB,9,2,93,1.98,0.2,28.8,176,189,23
10TRANSRB93,10,2013-11-17,TRANS,RB,9,3,103,2.94,0.3,24.3,127,123,79
10TRANSRB93,10,2014-01-21,TRANS,RB,9,3,91,6.03,0.3,16.8,127,140,43
10TRANSRB93,10,2014-03-23,TRANS,RB,9,3,68,2.92,0.4,23.6,127,187,92
10TRANSRB93,10,2014-06-02,TRANS,RB,9,3,80,2.15,1.1,24.5,127,159,57
10TRANSRB93,10,2014-07-09,TRANS,RB,9,3,82,2.05,0.2,28.9,127,155,16
10TRANSTB11,10,2014-01-22,TRANS,TB,1,1,100,5.28,1.1,17.2,33,33,20
10TRANSTB11,10,2014-03-24,TRANS,TB,1,1,89,4.64,5.2,27.5,33,37,15
10TRANSTB12,10,2014-01-22,TRANS,TB,1,2,61,5.71,1.2,17.8,22,36,11
10TRANSTB12,10,2014-03-24,TRANS,TB,1,2,100,3.55,5.6,27.2,22,22,3
10TRANSTB13,10,2014-01-22,TRANS,TB,1,3,81,5.61,1.3,17.9,36,44,13
10TRANSTB13,10,2014-03-24,TRANS,TB,1,3,75,3.62,5.3,27.2,36,48,14
10TRANSTB21,10,2013-12-02,TRANS,TB,2,1,90,4.5,0.9,22.8,54,60,32
10TRANSTB21,10,2014-01-22,TRANS,TB,2,1,88,5.85,1.2,18.2,54,61,32
10TRANSTB21,10,2014-03-24,TRANS,TB,2,1,98,4.58,5.8,27,54,55,1
10TRANSTB22,10,2013-12-02,TRANS,TB,2,2,80,5.58,0.9,23,73,91,46
10TRANSTB22,10,2014-01-22,TRANS,TB,2,2,46,5.7,1.1,18,73,160,43
10TRANSTB22,10,2014-03-24,TRANS,TB,2,2,93,4.38,5.8,27.1,73,78,5
10TRANSTB23,10,2013-12-02,TRANS,TB,2,3,73,5.95,0.9,23.3,79,108,66
10TRANSTB23,10,2014-01-22,TRANS,TB,2,3,92,5.86,1.3,18.8,79,86,34
10TRANSTB23,10,2014-03-24,TRANS,TB,2,3,95,5.05,5.9,26.5,79,83,0
10TRANSTB31,10,2013-12-02,TRANS,TB,3,1,83,5.23,0.9,21.6,33,40,23
10TRANSTB31,10,2014-01-22,TRANS,TB,3,1,92,5.96,1.2,18,33,36,12
10TRANSTB31,10,2014-03-24,TRANS,TB,3,1,86,5.56,4.5,27.9,33,38,20
10TRANSTB32,10,2013-12-02,TRANS,TB,3,2,65,4.83,0.6,21.8,35,54,25
10TRANSTB32,10,2014-01-22,TRANS,TB,3,2,88,5.69,0.8,17.9,35,40,24
10TRANSTB32,10,2014-03-24,TRANS,TB,3,2,70,5.64,4.1,27,35,50,10
10TRANSTB33,10,2013-12-02,TRANS,TB,3,3,97,4.28,0.5,21.8,25,26,8
10TRANSTB33,10,2014-01-22,TRANS,TB,3,3,NA,5.4,0.8,18.7,25,NA,2
10TRANSTB33,10,2014-03-24,TRANS,TB,3,3,92,5.8,3.6,27.6,25,27,9
10TRANSTB41,10,2013-12-02,TRANS,TB,4,1,102,4.66,0.5,22.6,10,10,1
10TRANSTB41,10,2014-01-22,TRANS,TB,4,1,98,4.96,0.9,18,10,10,0
10TRANSTB41,10,2014-03-24,TRANS,TB,4,1,78,4.79,3,27.2,10,13,6
10TRANSTB42,10,2013-12-02,TRANS,TB,4,2,100,4.25,0.5,22.2,22,22,11
10TRANSTB42,10,2014-01-22,TRANS,TB,4,2,102,5.35,0.8,17.8,22,22,9
10TRANSTB42,10,2014-03-24,TRANS,TB,4,2,80,4.51,3.6,26.8,22,28,3
10TRANSTB43,10,2013-12-02,TRANS,TB,4,3,105,4.42,0.4,22.2,33,31,25
10TRANSTB43,10,2014-01-22,TRANS,TB,4,3,111,5.12,0.9,18.4,33,30,27
10TRANSTB43,10,2014-03-24,TRANS,TB,4,3,92,4.68,3.3,26.6,33,36,4
10WETRB101,10,2013-12-20,WET,RB,10,1,111,4.87,0.2,20.7,7,6,5
10WETRB113,10,2013-12-16,WET,RB,11,3,93,3.74,0.2,22.5,9,10,8
10WETRB132,10,2013-12-20,WET,RB,13,2,121,5.93,0.3,21.2,30,25,29
10WETRB133,10,2013-12-20,WET,RB,13,3,111,6.08,0.3,21.8,22,20,20
10WETRB151,10,2013-12-16,WET,RB,15,1,101,3.59,0.3,23.7,5,5,3
10WETRB152,10,2013-12-16,WET,RB,15,2,95,3.48,0.3,23.7,7,7,6
10WETRB153,10,2013-12-16,WET,RB,15,3,101,3.48,0.3,23.8,3,3,1
10WETRB161,10,2013-12-18,WET,RB,16,1,97,4.44,0.7,20.8,7,7,5
10WETRB163,10,2013-12-18,WET,RB,16,3,100,4.16,0.7,20.5,9,9,5
10WETRB182,10,2013-12-15,WET,RB,18,2,91,4.71,0.3,24.6,9,10,8
10WETRB191,10,2013-12-20,WET,RB,19,1,69,5.34,0.4,21.5,40,58,39
10WETRB192,10,2013-12-20,WET,RB,19,2,110,5.32,0.4,21.6,28,25,27
10WETRB81,10,2013-12-16,WET,RB,8,1,89,3.37,0.2,23.1,7,8,6
10WETRB92,10,2013-12-16,WET,RB,9,2,83,3.42,0.3,22.9,11,13,9
10WETTB11,10,2013-12-19,WET,TB,1,1,103,3.33,1.9,22.5,15,15,12
10WETTB12,10,2013-12-19,WET,TB,1,2,70,3.98,1.9,22.7,10,14,6
10WETTB13,10,2013-12-19,WET,TB,1,3,96,5.03,1.3,22.5,23,24,16
10WETTB21,10,2013-12-19,WET,TB,2,1,110,6.75,0.9,22.3,53,48,45
10WETTB22,10,2013-12-19,WET,TB,2,2,90,6.47,0.9,22.3,49,55,44
10WETTB23,10,2013-12-19,WET,TB,2,3,103,6.81,0.9,23.4,37,36,15
10WETTB31,10,2013-12-19,WET,TB,3,1,93,4.66,1,20.5,23,25,14
10WETTB32,10,2013-12-19,WET,TB,3,2,68,4.2,0.7,20.6,19,28,16
10WETTB33,10,2013-12-19,WET,TB,3,3,75,3.97,0.7,21.1,8,11,6
10WETTB41,10,2013-12-19,WET,TB,4,1,99,3.11,0.8,20.2,11,11,7
10WETTB42,10,2013-12-19,WET,TB,4,2,100,3.7,0.7,21.1,13,13,12
11EARLYDRYRB101,11,2015-03-03,EARLYDRY,RB,10,1,80,2.55,0.5,22.8,59,74,98
11EARLYDRYRB102,11,2015-03-03,EARLYDRY,RB,10,2,55,2.7,0.5,23.4,191,347,188
11EARLYDRYRB103,11,2015-03-03,EARLYDRY,RB,10,3,64,3.18,0.5,23.7,144,225,135
11EARLYDRYRB111,11,2015-03-08,EARLYDRY,RB,11,1,45,2.67,0.4,23.5,64,142,105
11EARLYDRYRB112,11,2015-03-08,EARLYDRY,RB,11,2,60,3.5,0.4,23.6,86,143,82
11EARLYDRYRB113,11,2015-03-08,EARLYDRY,RB,11,3,50,3.06,0.4,23,129,258,157
11EARLYDRYRB122,11,2015-03-02,EARLYDRY,RB,12,2,68,0.85,0.9,23.6,18,26,16
11EARLYDRYRB123,11,2015-03-02,EARLYDRY,RB,12,3,86,0.43,0.8,23.4,20,23,32
11EARLYDRYRB131,11,2015-03-05,EARLYDRY,RB,13,1,69,4.1,0.6,25.1,55,80,52
11EARLYDRYRB132,11,2015-03-05,EARLYDRY,RB,13,2,117,5.38,0.6,25.1,65,56,82
11EARLYDRYRB133,11,2015-03-05,EARLYDRY,RB,13,3,93,5.2,0.6,25.1,22,24,17
11EARLYDRYRB133,11,2015-03-05,EARLYDRY,RB,13,3,NA,5.2,0.6,25.1,22,NA,3
11EARLYDRYRB141,11,2015-03-08,EARLYDRY,RB,14,1,90,0.35,1.4,24.2,11,12,18
11EARLYDRYRB142,11,2015-03-08,EARLYDRY,RB,14,2,90,0.28,1.4,24.3,3,3,0
11EARLYDRYRB163,11,2015-03-02,EARLYDRY,RB,16,3,109,0.24,2.7,23.1,19,17,37
11EARLYDRYRB181,11,2015-03-08,EARLYDRY,RB,18,1,95,5.71,0.9,25.3,55,58,64
11EARLYDRYRB182,11,2015-03-08,EARLYDRY,RB,18,2,90,5.86,0.8,25.3,40,44,35
11EARLYDRYRB183,11,2015-03-08,EARLYDRY,RB,18,3,60,5.69,0.7,24.8,32,53,52
11EARLYDRYRB71,11,2015-03-02,EARLYDRY,RB,7,1,117,2.1,1.5,23.4,15,13,25
11EARLYDRYRB72,11,2015-03-02,EARLYDRY,RB,7,2,101,0.28,1.2,23.1,14,14,25
11EARLYDRYRB73,11,2015-03-02,EARLYDRY,RB,7,3,86,0.26,1,22.8,22,26,27
11EARLYDRYRB81,11,2015-03-03,EARLYDRY,RB,8,1,83,4.46,0.5,24.5,52,63,72
11EARLYDRYRB82,11,2015-03-03,EARLYDRY,RB,8,2,71,4.9,0.5,24.6,31,44,41
11EARLYDRYRB83,11,2015-03-03,EARLYDRY,RB,8,3,54,4.15,0.5,24.3,131,243,168
11EARLYDRYRB91,11,2015-03-04,EARLYDRY,RB,9,1,65,2.1,0.5,22.1,56,86,55
11EARLYDRYRB92,11,2015-03-04,EARLYDRY,RB,9,2,70,2.32,0.4,22.4,202,289,221
11EARLYDRYRB93,11,2015-03-04,EARLYDRY,RB,9,3,60,2.8,0.4,22.6,125,208,124
11EARLYDRYTB11,11,2015-03-07,EARLYDRY,TB,1,1,80,6.7,6.8,27.1,12,15,9
11EARLYDRYTB12,11,2015-03-07,EARLYDRY,TB,1,2,75,7,7,27.9,17,23,5
11EARLYDRYTB13,11,2015-03-07,EARLYDRY,TB,1,3,104,6.5,7,28,14,13,16
11EARLYDRYTB21,11,2015-03-07,EARLYDRY,TB,2,1,106,6.3,6.3,27.9,16,15,2
11EARLYDRYTB22,11,2015-03-07,EARLYDRY,TB,2,2,107,5.48,7,26.5,17,16,6
11EARLYDRYTB23,11,2015-03-07,EARLYDRY,TB,2,3,89,7.55,7.1,27,32,36,6
11EARLYDRYTB31,11,2015-03-07,EARLYDRY,TB,3,1,110,7.56,5.7,27.1,16,15,11
11EARLYDRYTB32,11,2015-03-07,EARLYDRY,TB,3,2,100,5.67,5.7,26.8,12,12,8
11EARLYDRYTB33,11,2015-03-07,EARLYDRY,TB,3,3,135,4.83,5.6,26.8,6,4,3
11EARLYDRYTB42,11,2015-03-07,EARLYDRY,TB,4,2,136,5.12,4.9,27,8,6,6
11EARLYDRYTB43,11,2015-03-07,EARLYDRY,TB,4,3,124,4.85,4.5,26.8,8,6,11
11LATEDRYRB101,11,2015-04-12,LATEDRY,RB,10,1,77,2.7,1,25.2,41,53,48
11LATEDRYRB102,11,2015-04-12,LATEDRY,RB,10,2,88,2.93,1,25.4,45,51,36
11LATEDRYRB103,11,2015-04-12,LATEDRY,RB,10,3,81,3.52,1,26,39,48,33
11LATEDRYRB111,11,2015-04-12,LATEDRY,RB,11,1,64,5.26,1.1,27.5,66,103,122
11LATEDRYRB112,11,2015-04-12,LATEDRY,RB,11,2,60,5.92,1,27.7,30,50,32
11LATEDRYRB113,11,2015-04-12,LATEDRY,RB,11,3,50,3.32,0.8,26.3,89,178,139
11LATEDRYRB121,11,2015-04-11,LATEDRY,RB,12,1,80,0.35,4.7,25.3,13,16,7
11LATEDRYRB122,11,2015-04-11,LATEDRY,RB,12,2,80,1.18,3.8,26.3,17,21,18
11LATEDRYRB123,11,2015-04-11,LATEDRY,RB,12,3,63,1.09,3.4,26.3,22,35,21
11LATEDRYRB131,11,2015-04-13,LATEDRY,RB,13,1,101,5.35,2.7,29.2,12,12,8
11LATEDRYRB132,11,2015-04-13,LATEDRY,RB,13,2,75,5.12,2.9,29.9,3,4,1
11LATEDRYRB133,11,2015-04-13,LATEDRY,RB,13,3,109,5.61,2.5,29.2,18,17,21
11LATEDRYRB141,11,2015-04-14,LATEDRY,RB,14,1,131,2.13,3.5,27.2,8,6,12
11LATEDRYRB142,11,2015-04-14,LATEDRY,RB,14,2,136,2.02,3.5,27.1,6,4,5
11LATEDRYRB143,11,2015-04-14,LATEDRY,RB,14,3,97,1.74,3.5,27.2,10,10,5
11LATEDRYRB152,11,2015-04-14,LATEDRY,RB,15,2,101,1.18,7.7,27.1,2,2,0
11LATEDRYRB161,11,2015-04-11,LATEDRY,RB,16,1,96,2.32,7.2,27.9,29,30,6
11LATEDRYRB162,11,2015-04-11,LATEDRY,RB,16,2,120,1.18,6.7,27.7,5,4,1
11LATEDRYRB181,11,2015-04-14,LATEDRY,RB,18,1,90,4.01,3.5,28.7,7,8,6
11LATEDRYRB182,11,2015-04-14,LATEDRY,RB,18,2,77,4.84,3.5,29.3,9,12,7
11LATEDRYRB71,11,2015-04-14,LATEDRY,RB,7,1,103,0.2,2.2,25.2,16,16,15
11LATEDRYRB72,11,2015-04-14,LATEDRY,RB,7,2,118,0.87,2.2,25.2,5,4,4
11LATEDRYRB73,11,2015-04-14,LATEDRY,RB,7,3,170,0.36,2.2,25.5,10,6,16
11LATEDRYRB81,11,2015-04-13,LATEDRY,RB,8,1,81,4.13,1.2,26.7,32,40,21
11LATEDRYRB82,11,2015-04-13,LATEDRY,RB,8,2,101,4.41,1.1,27,37,37,41
11LATEDRYRB83,11,2015-04-13,LATEDRY,RB,8,3,92,4.13,1.2,26.7,21,23,18
11LATEDRYRB91,11,2015-04-13,LATEDRY,RB,9,1,107,2.22,1.1,26.5,44,41,47
11LATEDRYRB92,11,2015-04-13,LATEDRY,RB,9,2,99,4.58,1.1,27.6,32,32,20
11LATEDRYRB93,11,2015-04-13,LATEDRY,RB,9,3,87,1.53,1.1,26.7,60,69,80
11WETRB101,11,2014-12-13,WET,RB,10,1,113,NA,0.3,15.9,7,6,12
11WETRB102,11,2014-12-13,WET,RB,10,2,102,NA,0.3,16.1,11,11,10
11WETRB103,11,2014-12-13,WET,RB,10,3,94,NA,0.3,16.4,3,3,2
11WETRB111,11,2014-12-13,WET,RB,11,1,82,NA,0.3,15.4,13,16,25
11WETRB112,11,2014-12-13,WET,RB,11,2,96,NA,0.3,15.1,27,28,48
11WETRB121,11,2014-12-11,WET,RB,12,1,99,NA,0.3,14.5,50,51,22
11WETRB123,11,2014-12-11,WET,RB,12,3,77,NA,0.3,14.5,27,35,22
11WETRB131,11,2014-12-15,WET,RB,13,1,81,NA,0.3,16.1,8,10,12
11WETRB132,11,2014-12-15,WET,RB,13,2,90,NA,0.3,16.3,21,23,17
11WETRB133,11,2014-12-15,WET,RB,13,3,90,NA,0.3,16.1,14,16,7
11WETRB143,11,2014-12-13,WET,RB,14,3,100,NA,0.3,16.1,15,15,13
11WETRB151,11,2014-12-14,WET,RB,15,1,98,NA,0.3,16.9,4,4,3
11WETRB153,11,2014-12-14,WET,RB,15,3,109,NA,0.3,17,3,3,2
11WETRB163,11,2014-12-12,WET,RB,16,3,NA,NA,0.6,15.4,4,NA,3
11WETRB181,11,2014-12-14,WET,RB,18,1,103,NA,0.3,16.9,13,13,15
11WETRB182,11,2014-12-14,WET,RB,18,2,79,NA,0.3,17,39,49,47
11WETRB183,11,2014-12-14,WET,RB,18,3,102,NA,0.3,17.1,17,17,25
11WETRB81,11,2014-12-14,WET,RB,8,1,101,NA,0.3,15.9,12,12,11
11WETRB92,11,2014-12-13,WET,RB,9,2,90,NA,0.3,16.2,25,28,8
11WETTB11,11,2014-12-12,WET,TB,1,1,76,NA,4.1,19.3,5,7,3
11WETTB12,11,2014-12-12,WET,TB,1,2,81,NA,3.9,18.4,18,22,15
11WETTB13,11,2014-12-12,WET,TB,1,3,106,NA,3.8,18.2,13,12,7
11WETTB21,11,2014-12-12,WET,TB,2,1,80,NA,4,21,20,25,27
11WETTB22,11,2014-12-12,WET,TB,2,2,98,NA,4.6,20.4,2,2,1
11WETTB23,11,2014-12-12,WET,TB,2,3,104,NA,4.3,20.1,15,14,11
11WETTB31,11,2014-12-12,WET,TB,3,1,81,NA,3.9,18.9,3,4,2
11WETTB32,11,2014-12-12,WET,TB,3,2,99,NA,3.1,19.3,13,13,6
11WETTB33,11,2014-12-12,WET,TB,3,3,90,NA,1.7,18.7,16,18,3
11WETTB41,11,2014-12-12,WET,TB,4,1,63,NA,2.1,18,6,10,5
11WETTB42,11,2014-12-12,WET,TB,4,2,60,NA,2.4,18.5,1,2,0
12EARLYDRYRB102,12,2016-02-22,EARLYDRY,RB,10,2,101,5.05,0.2,22.4,7,7,6
12EARLYDRYRB112,12,2016-02-22,EARLYDRY,RB,11,2,90,4.53,0.2,23.2,20,22,23
12EARLYDRYRB113,12,2016-02-22,EARLYDRY,RB,11,3,95,5.68,0.2,23.6,3,3,2
12EARLYDRYRB121,12,2016-02-21,EARLYDRY,RB,12,1,78,4.87,0.3,19.2,23,29,20
12EARLYDRYRB122,12,2016-02-21,EARLYDRY,RB,12,2,83,4.99,0.3,19.6,12,14,14
12EARLYDRYRB123,12,2016-02-21,EARLYDRY,RB,12,3,115,5.22,0.2,19.8,14,12,11
12EARLYDRYRB131,12,2016-02-22,EARLYDRY,RB,13,1,85,5.64,0.2,22.4,13,15,12
12EARLYDRYRB132,12,2016-02-22,EARLYDRY,RB,13,2,75,5.47,0.2,22.5,6,8,3
12EARLYDRYRB133,12,2016-02-23,EARLYDRY,RB,13,3,82,4.4,0.2,22.5,13,16,9
12EARLYDRYRB141,12,2016-02-23,EARLYDRY,RB,14,1,80,4.35,0.2,22.7,15,19,12
12EARLYDRYRB142,12,2016-02-23,EARLYDRY,RB,14,2,85,5.17,0.2,23.1,13,15,11
12EARLYDRYRB151,12,2016-02-23,EARLYDRY,RB,15,1,100,4.5,0.3,23.1,29,29,7
12EARLYDRYRB152,12,2016-02-23,EARLYDRY,RB,15,2,129,4.89,0.3,23,8,6,1
12EARLYDRYRB153,12,2016-02-23,EARLYDRY,RB,15,3,121,4.51,0.3,23.1,9,7,3
12EARLYDRYRB161,12,2016-02-21,EARLYDRY,RB,16,1,106,4.5,0.6,20.1,10,9,9
12EARLYDRYRB163,12,2016-02-21,EARLYDRY,RB,16,3,110,4.47,0.7,20.5,6,5,5
12EARLYDRYRB182,12,2016-02-23,EARLYDRY,RB,18,2,115,4.22,0.2,22.9,22,19,5
12EARLYDRYRB183,12,2016-02-23,EARLYDRY,RB,18,3,121,4.76,0.2,22.8,12,10,8
12EARLYDRYRB72,12,2016-02-23,EARLYDRY,RB,7,2,128,3.92,0.3,23,4,3,3
12EARLYDRYRB81,12,2016-02-22,EARLYDRY,RB,8,1,94,4.59,0.2,20.8,12,13,2
12EARLYDRYRB82,12,2016-02-22,EARLYDRY,RB,8,2,84,4.48,0.2,20.9,2,2,1
12EARLYDRYRB83,12,2016-02-22,EARLYDRY,RB,8,3,103,4.48,0.2,20.9,7,7,2
12EARLYDRYRB93,12,2016-02-22,EARLYDRY,RB,9,3,120,3.98,0.2,21.5,8,7,4
12EARLYDRYTB11,12,2016-02-23,EARLYDRY,TB,1,1,70,7.01,0.9,23.8,8,11,7
12EARLYDRYTB12,12,2016-02-23,EARLYDRY,TB,1,2,80,6.8,0.9,24,26,32,18
12EARLYDRYTB13,12,2016-02-24,EARLYDRY,TB,1,3,104,7.08,0.8,25.5,18,17,13
12EARLYDRYTB21,12,2016-02-24,EARLYDRY,TB,2,1,125,7.07,0.6,25.5,17,14,3
12EARLYDRYTB22,12,2016-02-24,EARLYDRY,TB,2,2,121,7.62,0.6,25.2,23,19,27
12EARLYDRYTB23,12,2016-02-24,EARLYDRY,TB,2,3,132,7.3,0.7,25.3,25,19,20
12EARLYDRYTB31,12,2016-02-24,EARLYDRY,TB,3,1,108,6.22,0.9,23,19,18,30
12EARLYDRYTB32,12,2016-02-24,EARLYDRY,TB,3,2,86,6.64,0.6,23.3,15,17,7
12EARLYDRYTB33,12,2016-02-24,EARLYDRY,TB,3,3,120,6.32,0.5,23.4,27,22,42
12EARLYDRYTB41,12,2016-02-24,EARLYDRY,TB,4,1,100,5.75,0.5,23.4,29,29,45
12EARLYDRYTB42,12,2016-02-24,EARLYDRY,TB,4,2,119,5.5,0.5,23.7,11,9,6
12EARLYDRYTB43,12,2016-02-24,EARLYDRY,TB,4,3,139,5.71,0.5,23.8,16,12,22
12LATEDRYRB103,12,2016-05-13,LATEDRY,RB,10,3,105,3.22,0.3,27.7,6,6,5
12LATEDRYRB111,12,2016-05-13,LATEDRY,RB,11,1,89,2.69,0.3,26.6,4,4,7
12LATEDRYRB112,12,2016-05-13,LATEDRY,RB,11,2,103,2.75,0.3,26.9,4,4,3
12LATEDRYRB123,12,2016-05-25,LATEDRY,RB,12,3,152,2.52,0.3,27,12,8,19
12LATEDRYRB131,12,2016-05-12,LATEDRY,RB,13,1,70,2.7,0.3,26.7,12,17,11
12LATEDRYRB141,12,2016-05-26,LATEDRY,RB,14,1,88,1.95,0.5,27.4,17,19,12
12LATEDRYRB142,12,2016-05-26,LATEDRY,RB,14,2,78,2.93,0.4,27.8,11,14,8
12LATEDRYRB143,12,2016-05-26,LATEDRY,RB,14,3,170,2.95,0.4,28.1,11,6,5
12LATEDRYRB151,12,2016-05-27,LATEDRY,RB,15,1,140,0.52,0.7,27.8,8,6,14
12LATEDRYRB152,12,2016-05-27,LATEDRY,RB,15,2,136,0.5,0.7,27.8,3,2,1
12LATEDRYRB161,12,2016-05-25,LATEDRY,RB,16,1,132,2.76,0.8,26.8,13,10,11
12LATEDRYRB162,12,2016-05-25,LATEDRY,RB,16,2,127,3.03,0.7,27.2,8,6,5
12LATEDRYRB163,12,2016-05-25,LATEDRY,RB,16,3,111,3.03,0.6,27.1,10,9,4
12LATEDRYRB71,12,2016-05-26,LATEDRY,RB,7,1,118,1.06,0.5,25.4,7,6,6
12LATEDRYRB82,12,2016-05-12,LATEDRY,RB,8,2,120,3.23,0.3,26.7,19,16,12
12LATEDRYRB91,12,2016-05-13,LATEDRY,RB,9,1,110,2.5,0.3,25.2,7,6,6
12LATEDRYRB92,12,2016-05-13,LATEDRY,RB,9,2,98,2.33,0.3,25.6,6,6,4
12LATEDRYTB11,12,2016-05-27,LATEDRY,TB,1,1,82,3.77,2.3,27.3,14,17,11
12LATEDRYTB12,12,2016-05-27,LATEDRY,TB,1,2,80,4.1,2.7,27.7,21,26,12
12LATEDRYTB13,12,2016-05-27,LATEDRY,TB,1,3,110,3.33,2.7,27.2,32,29,25
12LATEDRYTB21,12,2016-05-27,LATEDRY,TB,2,1,87,4.2,2.2,27.6,9,10,4
12LATEDRYTB22,12,2016-05-27,LATEDRY,TB,2,2,97,4.21,2.1,27.6,12,12,5
12LATEDRYTB23,12,2016-05-27,LATEDRY,TB,2,3,94,4.6,2.1,27.6,23,25,12
12LATEDRYTB31,12,2016-05-27,LATEDRY,TB,3,1,100,4.35,1.7,28.2,30,30,7
12LATEDRYTB32,12,2016-05-27,LATEDRY,TB,3,2,124,3.74,1.2,28.9,22,18,17
12LATEDRYTB33,12,2016-05-27,LATEDRY,TB,3,3,117,3.5,1,28.5,22,19,12
12LATEDRYTB41,12,2016-05-26,LATEDRY,TB,4,1,112,3.63,0.8,28.6,25,22,16
12LATEDRYTB42,12,2016-05-26,LATEDRY,TB,4,2,115,3.52,0.8,28.6,6,5,8
12LATEDRYTB43,12,2016-05-26,LATEDRY,TB,4,3,120,3.03,0.8,28.4,20,17,36
12TRANSRB101,12,2016-04-18,TRANS,RB,10,1,126,4.34,0.3,23.4,31,25,60
12TRANSRB102,12,2016-04-18,TRANS,RB,10,2,137,4.83,0.3,24.3,9,7,14
12TRANSRB103,12,2016-04-18,TRANS,RB,10,3,104,6.18,0.3,24.9,5,5,2
12TRANSRB111,12,2016-04-18,TRANS,RB,11,1,131,4.75,0.3,23.9,8,6,5
12TRANSRB113,12,2016-04-18,TRANS,RB,11,3,96,5.34,0.2,25.5,9,9,8
12TRANSRB131,12,2016-04-17,TRANS,RB,13,1,89,4.36,0.3,25.7,12,13,11
12TRANSRB133,12,2016-04-17,TRANS,RB,13,3,81,4.18,0.3,25.5,5,6,3
12TRANSRB81,12,2016-04-17,TRANS,RB,8,1,117,4.11,0.3,25.7,11,9,8
12TRANSRB82,12,2016-04-17,TRANS,RB,8,2,79,3.93,0.3,25.4,10,13,5
12TRANSRB83,12,2016-04-17,TRANS,RB,8,3,79,4.02,0.3,25.4,19,24,23
12TRANSRB91,12,2016-04-18,TRANS,RB,9,1,85,3.82,0.3,22.8,5,6,3
12TRANSRB92,12,2016-04-18,TRANS,RB,9,2,110,3.89,0.3,22.7,10,9,8
12TRANSRB93,12,2016-04-18,TRANS,RB,9,3,100,3.85,0.3,22.8,22,22,14
12WETRB101,12,2015-12-15,WET,RB,10,1,119,3.34,0.2,24.7,10,8,9
12WETRB111,12,2015-12-15,WET,RB,11,1,89,3.4,2,25,12,13,10
12WETRB112,12,2015-12-15,WET,RB,11,2,80,3.5,0.2,25.3,6,8,9
12WETRB121,12,2015-12-14,WET,RB,12,1,78,2.82,0.2,23.1,10,13,9
12WETRB122,12,2015-12-14,WET,RB,12,2,123,3.31,0.2,23.4,9,7,14
12WETRB131,12,2015-12-17,WET,RB,13,1,67,3.11,0.2,25.5,15,22,11
12WETRB132,12,2015-12-17,WET,RB,13,2,66,3.33,0.2,25.5,10,15,6
12WETRB133,12,2015-12-17,WET,RB,13,3,75,3.13,0.2,25.6,12,16,19
12WETRB141,12,2015-12-17,WET,RB,14,1,99,2.93,0.2,24.7,5,5,4
12WETRB142,12,2015-12-17,WET,RB,14,2,88,3.11,0.2,24.8,10,11,15
12WETRB153,12,2015-12-17,WET,RB,15,3,94,3.11,0.2,25.6,1,1,0
12WETRB161,12,2015-12-14,WET,RB,16,1,117,4.35,0.5,23.9,7,6,6
12WETRB162,12,2015-12-14,WET,RB,16,2,120,4.6,0.4,23.7,7,6,6
12WETRB163,12,2015-12-14,WET,RB,16,3,97,4.16,0.4,23.7,4,4,1
12WETRB181,12,2015-12-17,WET,RB,18,1,132,3.16,0.2,25.5,14,11,24
12WETRB182,12,2015-12-17,WET,RB,18,2,133,3.6,0.2,26.2,20,15,23
12WETRB82,12,2015-12-15,WET,RB,8,2,64,3.2,0.2,24.3,15,23,8
12WETRB91,12,2015-12-15,WET,RB,9,1,111,3.96,0.2,24.5,5,5,4
12WETRB92,12,2015-12-15,WET,RB,9,2,89,2.8,0.2,25.3,6,7,5
12WETRB93,12,2015-12-15,WET,RB,9,3,99,2.81,0.2,25.5,8,8,10
12WETTB11,12,2015-12-16,WET,TB,1,1,58,3.98,1.7,25.7,14,24,9
12WETTB12,12,2015-12-16,WET,TB,1,2,64,4,1.4,25.7,13,20,7
12WETTB13,12,2015-12-16,WET,TB,1,3,87,4.54,1.7,25.5,15,17,11
12WETTB21,12,2015-12-16,WET,TB,2,1,110,4.5,1.2,26.3,25,23,16
12WETTB22,12,2015-12-16,WET,TB,2,2,84,4.37,1.2,26.1,61,73,17
12WETTB23,12,2015-12-16,WET,TB,2,3,113,5.35,1.4,26.5,12,11,8
12WETTB31,12,2015-12-16,WET,TB,3,1,86,4.52,1.1,25,5,6,3
12WETTB32,12,2015-12-16,WET,TB,3,2,71,4.68,0.8,25.5,18,25,11
12WETTB33,12,2015-12-16,WET,TB,3,3,84,3.88,0.3,25.1,15,18,8
12WETTB41,12,2015-12-16,WET,TB,4,1,91,7,0.3,25.2,19,21,12
12WETTB42,12,2015-12-16,WET,TB,4,2,96,3.5,0.3,25.1,8,8,5
12WETTB43,12,2015-12-16,WET,TB,4,3,118,3.58,0.3,25.1,16,14,14
13EARLYDRYRB101,13,2017-02-26,EARLYDRY,RB,10,1,48,3.63,0.3,21.6,41,85,36
13EARLYDRYRB102,13,2017-02-26,EARLYDRY,RB,10,2,65,4.04,0.3,22.2,37,57,38
13EARLYDRYRB103,13,2017-02-26,EARLYDRY,RB,10,3,72,4.2,0.3,22.6,28,39,42
13EARLYDRYRB111,13,2017-02-26,EARLYDRY,RB,11,1,71,3.52,0.3,21.3,13,18,18
13EARLYDRYRB112,13,2017-02-26,EARLYDRY,RB,11,2,113,3.63,0.3,21.6,34,30,19
13EARLYDRYRB113,13,2017-02-26,EARLYDRY,RB,11,3,70,3.48,0.3,21.1,36,51,29
13EARLYDRYRB121,13,2017-03-04,EARLYDRY,RB,12,1,121,1.66,1.1,21.9,57,47,68
13EARLYDRYRB122,13,2017-03-04,EARLYDRY,RB,12,2,109,1.9,1.1,22,58,53,94
13EARLYDRYRB123,13,2017-03-04,EARLYDRY,RB,12,3,115,1.84,1,22,125,109,246
13EARLYDRYRB131,13,2017-02-27,EARLYDRY,RB,13,1,95,3.92,0.4,23.4,48,51,44
13EARLYDRYRB132,13,2017-02-27,EARLYDRY,RB,13,2,118,4.27,0.4,23.7,33,28,40
13EARLYDRYRB133,13,2017-02-27,EARLYDRY,RB,13,3,90,4.34,0.4,23.9,36,40,46
13EARLYDRYRB141,13,2017-02-27,EARLYDRY,RB,14,1,109,4.81,0.7,23.6,22,20,20
13EARLYDRYRB142,13,2017-02-27,EARLYDRY,RB,14,2,83,5.07,0.6,23.8,41,49,63
13EARLYDRYRB143,13,2017-02-27,EARLYDRY,RB,14,3,100,5.02,0.6,24.2,21,21,17
13EARLYDRYRB153,13,2017-03-04,EARLYDRY,RB,15,3,118,0.5,1.3,23.5,14,12,26
13EARLYDRYRB161,13,2017-03-03,EARLYDRY,RB,16,1,159,3.5,2.2,23.7,10,6,8
13EARLYDRYRB162,13,2017-03-03,EARLYDRY,RB,16,2,142,3.24,1.7,23.5,6,4,3
13EARLYDRYRB163,13,2017-03-03,EARLYDRY,RB,16,3,125,2.7,1.3,23.6,12,10,19
13EARLYDRYRB181,13,2017-03-05,EARLYDRY,RB,18,1,111,5.76,0.8,22,100,90,147
13EARLYDRYRB182,13,2017-03-05,EARLYDRY,RB,18,2,109,5.12,0.7,21.8,117,107,180
13EARLYDRYRB183,13,2017-03-05,EARLYDRY,RB,18,3,154,5.28,0.8,22,128,83,219
13EARLYDRYRB71,13,2017-03-05,EARLYDRY,RB,7,1,154,0.55,1.6,21.7,11,7,4
13EARLYDRYRB72,13,2017-03-05,EARLYDRY,RB,7,2,128,0.56,1.5,21.7,25,20,4
13EARLYDRYRB73,13,2017-03-05,EARLYDRY,RB,7,3,126,0.99,1.4,21.6,41,33,45
13EARLYDRYRB81,13,2017-02-26,EARLYDRY,RB,8,1,90,4.94,0.3,23,24,27,19
13EARLYDRYRB82,13,2017-02-27,EARLYDRY,RB,8,2,92,3.47,0.3,22.1,29,32,26
13EARLYDRYRB83,13,2017-02-27,EARLYDRY,RB,8,3,70,3.26,0.3,20.4,46,65,33
13EARLYDRYRB91,13,2017-02-26,EARLYDRY,RB,9,1,73,3.72,0.3,22,29,40,33
13EARLYDRYRB92,13,2017-02-26,EARLYDRY,RB,9,2,54,3.53,0.3,22.2,24,45,42
13EARLYDRYRB93,13,2017-02-26,EARLYDRY,RB,9,3,64,3.9,0.3,22.4,39,61,42
13EARLYDRYTB11,13,2017-03-04,EARLYDRY,TB,1,1,67,4.47,8.5,22.8,13,19,15
13EARLYDRYTB12,13,2017-03-04,EARLYDRY,TB,1,2,78,3.41,8.7,23.2,21,27,18
13EARLYDRYTB13,13,2017-03-04,EARLYDRY,TB,1,3,100,2.37,8.1,22.3,16,16,28
13EARLYDRYTB21,13,2017-03-04,EARLYDRY,TB,2,1,164,5.55,8.6,23.9,22,13,27
13EARLYDRYTB22,13,2017-03-04,EARLYDRY,TB,2,2,111,5.85,8.5,23.6,10,9,7
13EARLYDRYTB23,13,2017-03-04,EARLYDRY,TB,2,3,102,6.22,6.7,23.6,19,19,26
13EARLYDRYTB31,13,2017-03-03,EARLYDRY,TB,3,1,113,4.8,7.6,25.7,4,4,2
13EARLYDRYTB32,13,2017-03-03,EARLYDRY,TB,3,2,142,4.8,7.2,26.2,13,9,10
13EARLYDRYTB33,13,2017-03-03,EARLYDRY,TB,3,3,178,4.85,6.8,26,10,6,3
13EARLYDRYTB41,13,2017-03-03,EARLYDRY,TB,4,1,189,3.75,4.5,25.8,9,5,8
13EARLYDRYTB43,13,2017-03-03,EARLYDRY,TB,4,3,114,3.2,4,25.7,20,18,14
13LATEDRYRB101,13,2017-04-25,LATEDRY,RB,10,1,88,3.97,4.1,24.8,28,32,39
13LATEDRYRB102,13,2017-04-25,LATEDRY,RB,10,2,78,4.15,3.6,25.6,34,44,50
13LATEDRYRB103,13,2017-04-25,LATEDRY,RB,10,3,100,4.4,3.5,25.8,35,35,48
13LATEDRYRB111,13,2017-04-24,LATEDRY,RB,11,1,95,5.44,2.8,26.5,31,33,41
13LATEDRYRB112,13,2017-04-24,LATEDRY,RB,11,2,52,5.22,2.6,26.5,23,44,39
13LATEDRYRB113,13,2017-04-24,LATEDRY,RB,11,3,67,5.06,2.4,26.3,46,68,69
13LATEDRYRB121,13,2017-04-24,LATEDRY,RB,12,1,149,2.2,6.9,24,8,5,5
13LATEDRYRB122,13,2017-04-24,LATEDRY,RB,12,2,99,2.32,6.8,24.6,13,13,17
13LATEDRYRB123,13,2017-04-24,LATEDRY,RB,12,3,83,2.3,6.8,25,18,22,23
13LATEDRYRB131,13,2017-04-25,LATEDRY,RB,13,1,104,3.1,8.6,25.2,24,23,39
13LATEDRYRB132,13,2017-04-25,LATEDRY,RB,13,2,109,3.8,8.3,25.1,17,16,27
13LATEDRYRB133,13,2017-04-25,LATEDRY,RB,13,3,84,3.9,8.5,25.3,10,12,12
13LATEDRYRB81,13,2017-04-26,LATEDRY,RB,8,1,87,4.15,8.4,25.1,6,7,4
13LATEDRYRB82,13,2017-04-25,LATEDRY,RB,8,2,72,4.96,7.7,26.5,8,11,6
13LATEDRYRB83,13,2017-04-25,LATEDRY,RB,8,3,60,5.22,7,26.7,10,17,8
13LATEDRYRB91,13,2017-04-25,LATEDRY,RB,9,1,97,5.1,4.4,26.3,33,34,48
13LATEDRYRB92,13,2017-04-25,LATEDRY,RB,9,2,93,4.97,4.3,26.4,28,30,43
13LATEDRYRB93,13,2017-04-25,LATEDRY,RB,9,3,136,4.69,4.2,26.3,51,38,89
13TRANSRB101,13,2017-01-27,TRANS,RB,10,1,76,4.23,0.3,20.4,166,217,56
13TRANSRB101,13,2017-03-27,TRANS,RB,10,1,96,4.1,0.6,22.1,166,173,92
13TRANSRB101,13,2017-05-31,TRANS,RB,10,1,87,2.29,2.8,28.5,166,191,57
13TRANSRB102,13,2017-01-27,TRANS,RB,10,2,96,5.02,0.3,20.8,65,68,43
13TRANSRB102,13,2017-03-27,TRANS,RB,10,2,135,4.27,0.6,23.5,65,48,48
13TRANSRB102,13,2017-05-31,TRANS,RB,10,2,90,2.17,2.6,28.6,65,72,89
13TRANSRB103,13,2017-01-27,TRANS,RB,10,3,98,5.01,0.3,21.2,81,83,56
13TRANSRB103,13,2017-03-27,TRANS,RB,10,3,154,4.65,0.6,23.7,81,53,91
13TRANSRB103,13,2017-05-31,TRANS,RB,10,3,56,2.42,2.3,28.7,81,144,82
13TRANSRB111,13,2017-01-28,TRANS,RB,11,1,126,4.24,0.3,18.7,86,68,83
13TRANSRB111,13,2017-03-29,TRANS,RB,11,1,131,5.05,0.8,23.7,86,66,129
13TRANSRB111,13,2017-06-01,TRANS,RB,11,1,109,2.17,2.6,27.9,86,79,114
13TRANSRB112,13,2017-01-28,TRANS,RB,11,2,111,4.57,0.3,17.8,89,80,66
13TRANSRB112,13,2017-03-29,TRANS,RB,11,2,74,4.33,0.7,23.4,89,120,91
13TRANSRB112,13,2017-06-01,TRANS,RB,11,2,77,2.25,2.4,27.8,89,115,90
13TRANSRB113,13,2017-03-29,TRANS,RB,11,3,38,4.21,0.6,23,115,304,158
13TRANSRB113,13,2017-06-01,TRANS,RB,11,3,67,3.35,2.3,27.9,115,171,103
13TRANSRB131,13,2017-01-28,TRANS,RB,13,1,99,4.66,0.3,20.7,54,55,40
13TRANSRB131,13,2017-03-29,TRANS,RB,13,1,129,5.33,1.8,25.6,54,42,70
13TRANSRB131,13,2017-06-01,TRANS,RB,13,1,94,3.4,6.7,30.5,54,57,24
13TRANSRB132,13,2017-01-28,TRANS,RB,13,2,85,5.11,0.3,20.2,85,100,77
13TRANSRB132,13,2017-03-29,TRANS,RB,13,2,130,5.29,1.8,25.5,85,65,68
13TRANSRB132,13,2017-06-01,TRANS,RB,13,2,74,3.27,6.7,30.1,85,114,60
13TRANSRB133,13,2017-01-28,TRANS,RB,13,3,127,4.98,0.3,20.2,62,49,51
13TRANSRB133,13,2017-03-29,TRANS,RB,13,3,59,5.22,1.3,25.2,62,105,22
13TRANSRB133,13,2017-06-01,TRANS,RB,13,3,76,3.98,6.1,30.5,62,81,31
13TRANSRB81,13,2017-01-28,TRANS,RB,8,1,121,4.41,0.3,20.2,67,55,29
13TRANSRB81,13,2017-03-29,TRANS,RB,8,1,111,5.48,0.9,25.1,67,60,68
13TRANSRB81,13,2017-06-01,TRANS,RB,8,1,97,2.24,3.2,28.3,67,69,39
13TRANSRB82,13,2017-01-28,TRANS,RB,8,2,61,4.24,0.3,20.5,70,114,31
13TRANSRB82,13,2017-03-29,TRANS,RB,8,2,110,5.65,0.8,25.3,70,64,54
13TRANSRB82,13,2017-06-01,TRANS,RB,8,2,104,2.34,3,28.4,70,67,32
13TRANSRB83,13,2017-01-27,TRANS,RB,8,3,96,4.94,0.3,21.7,120,125,55
13TRANSRB83,13,2017-03-29,TRANS,RB,8,3,38,5.42,0.8,25.3,120,317,162
13TRANSRB83,13,2017-05-31,TRANS,RB,8,3,73,3.02,3.3,30,120,165,56
13TRANSRB91,13,2017-01-27,TRANS,RB,9,1,127,4.82,0.3,20.9,120,94,171
13TRANSRB91,13,2017-03-27,TRANS,RB,9,1,121,3.68,0.6,22.4,120,99,174
13TRANSRB91,13,2017-05-31,TRANS,RB,9,1,78,2.25,2.2,28.7,120,155,158
13TRANSRB92,13,2017-01-27,TRANS,RB,9,2,73,4.63,0.3,21.2,116,159,165
13TRANSRB92,13,2017-03-27,TRANS,RB,9,2,72,3.3,0.5,22,116,160,120
13TRANSRB92,13,2017-05-31,TRANS,RB,9,2,55,2,1.9,28.3,116,212,169
13TRANSRB93,13,2017-01-27,TRANS,RB,9,3,84,4.71,0.3,21.3,126,150,97
13TRANSRB93,13,2017-03-27,TRANS,RB,9,3,92,2.92,0.4,22.1,126,138,271
13TRANSRB93,13,2017-05-31,TRANS,RB,9,3,72,1.91,1.7,28,126,174,182
13WETRB101,13,2016-12-13,WET,RB,10,1,94,4.3,0.2,23.7,128,136,27
13WETRB102,13,2016-12-13,WET,RB,10,2,107,4.61,0.2,24,89,83,5
13WETRB103,13,2016-12-13,WET,RB,10,3,124,5.16,0.2,24.3,204,165,10
13WETRB111,13,2016-12-13,WET,RB,11,1,164,4.37,0.2,22.7,9,5,4
13WETRB112,13,2016-12-13,WET,RB,11,2,130,4.44,0.2,22.7,7,5,6
13WETRB113,13,2016-12-13,WET,RB,11,3,69,4.8,0.2,22.9,11,16,9
13WETRB121,13,2016-12-12,WET,RB,12,1,144,3.46,0.4,22.9,15,10,24
13WETRB122,13,2016-12-12,WET,RB,12,2,135,3.69,0.3,22.8,16,12,12
13WETRB123,13,2016-12-12,WET,RB,12,3,127,3.7,0.3,22.5,19,15,18
13WETRB131,13,2016-12-13,WET,RB,13,1,71,4.54,0.2,23.4,32,45,24
13WETRB132,13,2016-12-13,WET,RB,13,2,73,5.14,0.2,23.5,12,16,9
13WETRB133,13,2016-12-13,WET,RB,13,3,105,4.79,0.2,23.6,21,20,14
13WETRB141,13,2016-12-14,WET,RB,14,1,159,4.19,0.3,24,11,7,10
13WETRB143,13,2016-12-14,WET,RB,14,3,120,4.55,0.2,24.3,35,29,19
13WETRB151,13,2016-12-15,WET,RB,15,1,182,3.47,0.3,24,9,5,16
13WETRB153,13,2016-12-15,WET,RB,15,3,199,3.77,0.3,24.1,7,4,4
13WETRB161,13,2016-12-12,WET,RB,16,1,147,2.67,1,23.5,13,9,11
13WETRB162,13,2016-12-12,WET,RB,16,2,159,2.54,1,23.6,5,3,4
13WETRB163,13,2016-12-12,WET,RB,16,3,128,2.63,1,23.3,9,7,5
13WETRB181,13,2016-12-14,WET,RB,18,1,147,4.68,0.2,24.7,26,18,22
13WETRB182,13,2016-12-14,WET,RB,18,2,121,4.33,0.2,24.9,41,34,15
13WETRB183,13,2016-12-14,WET,RB,18,3,126,4.8,0.2,24.5,35,28,34
13WETRB71,13,2016-12-14,WET,RB,7,1,152,2.81,0.3,23.1,10,7,15
13WETRB72,13,2016-12-14,WET,RB,7,2,134,3.22,0.3,23.1,4,3,3
13WETRB73,13,2016-12-14,WET,RB,7,3,82,3.45,0.3,23.1,16,20,22
13WETRB81,13,2016-12-14,WET,RB,8,1,59,3.67,0.2,23.4,33,56,30
13WETRB82,13,2016-12-14,WET,RB,8,2,95,4.54,0.2,23.3,25,26,45
13WETRB83,13,2016-12-14,WET,RB,8,3,70,4.27,0.2,23.2,22,31,36
13WETRB91,13,2016-12-13,WET,RB,9,1,127,4.47,0.2,23.7,16,13,13
13WETRB92,13,2016-12-13,WET,RB,9,2,106,4.65,0.2,23.9,22,21,29
13WETRB93,13,2016-12-13,WET,RB,9,3,136,4.75,0.2,24.1,41,30,18
13WETTB11,13,2016-12-15,WET,TB,1,1,106,4.55,1.6,24,23,22,16
13WETTB12,13,2016-12-15,WET,TB,1,2,118,4.5,1.7,25,21,18,6
13WETTB13,13,2016-12-15,WET,TB,1,3,113,5.82,2,25,21,19,18
13WETTB21,13,2016-12-15,WET,TB,2,1,132,4.11,2.4,25.5,27,20,9
13WETTB22,13,2016-12-15,WET,TB,2,2,98,5.5,2.5,25.6,18,18,9
13WETTB23,13,2016-12-15,WET,TB,2,3,99,5.01,2.9,24.9,29,29,44
13WETTB31,13,2016-12-15,WET,TB,3,1,120,4.37,2.9,24.1,29,24,47
13WETTB32,13,2016-12-15,WET,TB,3,2,147,4.43,2,24.2,35,24,6
13WETTB33,13,2016-12-15,WET,TB,3,3,142,4.78,2.4,24.3,6,4,2
13WETTB41,13,2016-12-15,WET,TB,4,1,120,4.28,0.9,24.1,18,15,16
13WETTB42,13,2016-12-15,WET,TB,4,2,138,4.07,0.7,24,22,16,20
13WETTB43,13,2016-12-15,WET,TB,4,3,NA,3.97,0.8,24.1,5,NA,4
14EARLYDRYRB101,14,2018-02-17,EARLYDRY,RB,10,1,102,2.96,0.3,22.4,18,18,26
14EARLYDRYRB102,14,2018-02-17,EARLYDRY,RB,10,2,97,2.98,0.3,22.6,19,20,21
14EARLYDRYRB103,14,2018-02-17,EARLYDRY,RB,10,3,104,3.38,0.3,22.9,30,29,26
14EARLYDRYRB111,14,2018-02-17,EARLYDRY,RB,11,1,97,4.1,0.2,24.6,44,45,42
14EARLYDRYRB112,14,2018-02-17,EARLYDRY,RB,11,2,93,4.77,0.2,25.2,18,19,15
14EARLYDRYRB113,14,2018-02-17,EARLYDRY,RB,11,3,70,4.9,0.2,25.7,35,50,50
14EARLYDRYRB121,14,2018-02-21,EARLYDRY,RB,12,1,79,2.74,0.3,24.2,13,16,11
14EARLYDRYRB122,14,2018-02-21,EARLYDRY,RB,12,2,104,2.93,0.3,24.5,31,30,25
14EARLYDRYRB123,14,2018-02-21,EARLYDRY,RB,12,3,119,2.79,0.4,24.8,21,18,33
14EARLYDRYRB131,14,2018-02-21,EARLYDRY,RB,13,1,87,3.31,0.3,24.1,25,29,30
14EARLYDRYRB132,14,2018-02-21,EARLYDRY,RB,13,2,73,3.4,0.3,24.1,11,15,10
14EARLYDRYRB133,14,2018-02-21,EARLYDRY,RB,13,3,93,3.25,0.3,24.1,13,14,10
14EARLYDRYRB141,14,2018-02-18,EARLYDRY,RB,14,1,84,3.2,0.3,23.2,14,17,12
14EARLYDRYRB142,14,2018-02-18,EARLYDRY,RB,14,2,80,3.58,0.3,23.3,24,30,22
14EARLYDRYRB143,14,2018-02-18,EARLYDRY,RB,14,3,73,3.84,0.3,23.8,16,22,15
14EARLYDRYRB151,14,2018-02-18,EARLYDRY,RB,15,1,97,2.36,0.4,23.5,12,12,9
14EARLYDRYRB152,14,2018-02-18,EARLYDRY,RB,15,2,85,2.61,0.4,23.5,14,17,16
14EARLYDRYRB153,14,2018-02-18,EARLYDRY,RB,15,3,115,2.54,0.4,23.6,8,7,11
14EARLYDRYRB161,14,2018-02-21,EARLYDRY,RB,16,1,142,2.3,0.9,24.9,2,1,1
14EARLYDRYRB163,14,2018-02-21,EARLYDRY,RB,16,3,112,2.19,0.7,25,13,12,2
14EARLYDRYRB181,14,2018-02-18,EARLYDRY,RB,18,1,70,3.78,0.3,25.2,12,17,11
14EARLYDRYRB182,14,2018-02-18,EARLYDRY,RB,18,2,0,3.44,0.3,24.7,29,Inf,2
14EARLYDRYRB182,14,2018-02-21,EARLYDRY,RB,18,2,77,3.9,0.3,25.1,29,38,33
14EARLYDRYRB183,14,2018-02-21,EARLYDRY,RB,18,3,92,3.92,0.3,24.9,12,13,11
14EARLYDRYRB71,14,2018-02-18,EARLYDRY,RB,7,1,85,2.52,0.4,22.8,3,4,2
14EARLYDRYRB72,14,2018-02-18,EARLYDRY,RB,7,2,107,2.7,0.4,23,3,3,1
14EARLYDRYRB73,14,2018-02-18,EARLYDRY,RB,7,3,85,2.65,0.4,23.2,30,35,15
14EARLYDRYRB81,14,2018-02-21,EARLYDRY,RB,8,1,87,3.12,0.2,24,22,25,21
14EARLYDRYRB82,14,2018-02-21,EARLYDRY,RB,8,2,71,3.08,0.3,24,8,11,6
14EARLYDRYRB91,14,2018-02-17,EARLYDRY,RB,9,1,91,3.09,0.3,22.8,19,21,13
14EARLYDRYRB92,14,2018-02-17,EARLYDRY,RB,9,2,72,3.07,0.3,23.1,38,52,50
14EARLYDRYRB93,14,2018-02-17,EARLYDRY,RB,9,3,90,3.44,0.3,23.7,21,23,29
14EARLYDRYTB11,14,2018-02-16,EARLYDRY,TB,1,1,100,4.92,1.3,27.4,14,14,13
14EARLYDRYTB12,14,2018-02-16,EARLYDRY,TB,1,2,84,4.95,1.4,26.8,9,11,6
14EARLYDRYTB13,14,2018-02-16,EARLYDRY,TB,1,3,57,4.87,1.3,26.6,10,18,14
14EARLYDRYTB21,14,2018-02-18,EARLYDRY,TB,2,1,76,4.94,1.2,24.9,11,14,9
14EARLYDRYTB22,14,2018-02-18,EARLYDRY,TB,2,2,77,4.91,1.2,24.9,11,14,5
14EARLYDRYTB31,14,2018-02-16,EARLYDRY,TB,3,1,128,3.7,1.1,25.3,23,18,14
14EARLYDRYTB32,14,2018-02-16,EARLYDRY,TB,3,2,111,3.14,0.6,25.6,37,33,28
14EARLYDRYTB33,14,2018-02-16,EARLYDRY,TB,3,3,80,3.26,0.6,26,24,30,16
14EARLYDRYTB42,14,2018-02-16,EARLYDRY,TB,4,2,110,3.39,0.7,26.3,16,15,21
14EARLYDRYTB43,14,2018-02-16,EARLYDRY,TB,4,3,112,3.02,0.6,26,23,21,17
14LATEDRYRB101,14,2018-05-16,LATEDRY,RB,10,1,74,4.09,0.8,25.8,57,77,99
14LATEDRYRB102,14,2018-05-16,LATEDRY,RB,10,2,81,3.86,0.7,26.2,49,60,74
14LATEDRYRB103,14,2018-05-16,LATEDRY,RB,10,3,109,3.81,0.7,27,27,25,38
14LATEDRYRB111,14,2018-05-16,LATEDRY,RB,11,1,63,4.28,1,25.8,28,44,21
14LATEDRYRB112,14,2018-05-16,LATEDRY,RB,11,2,67,4.49,0.9,25.7,46,69,72
14LATEDRYRB113,14,2018-05-16,LATEDRY,RB,11,3,50,4.08,0.8,25.4,50,100,64
14LATEDRYRB121,14,2018-05-17,LATEDRY,RB,12,1,128,2.71,5.1,25.8,14,11,12
14LATEDRYRB122,14,2018-05-17,LATEDRY,RB,12,2,109,2.32,4.9,25.9,10,9,8
14LATEDRYRB123,14,2018-05-17,LATEDRY,RB,12,3,90,2.21,4.8,26.1,23,26,38
14LATEDRYRB131,14,2018-05-15,LATEDRY,RB,13,1,133,4.38,1.8,26.5,33,25,29
14LATEDRYRB133,14,2018-05-15,LATEDRY,RB,13,3,78,4.24,1.5,27,26,34,22
14LATEDRYRB141,14,2018-05-15,LATEDRY,RB,14,1,106,2.63,6.6,27.6,10,9,19
14LATEDRYRB143,14,2018-05-15,LATEDRY,RB,14,3,74,2.74,6.1,27.1,16,22,25
14LATEDRYRB163,14,2018-05-17,LATEDRY,RB,16,3,87,2.81,6.9,25.6,11,13,13
14LATEDRYRB181,14,2018-05-16,LATEDRY,RB,18,1,126,4.82,3.5,28.8,21,17,29
14LATEDRYRB182,14,2018-05-16,LATEDRY,RB,18,2,97,4.85,3.5,29,24,25,28
14LATEDRYRB71,14,2018-05-17,LATEDRY,RB,7,1,80,2.32,3.7,26.7,16,20,32
14LATEDRYRB72,14,2018-05-17,LATEDRY,RB,7,2,100,1.49,3.4,26.6,21,21,35
14LATEDRYRB73,14,2018-05-17,LATEDRY,RB,7,3,108,1.92,3.1,26.5,25,23,39
14LATEDRYRB81,14,2018-05-15,LATEDRY,RB,8,1,130,4.21,1.2,27.5,38,29,26
14LATEDRYRB82,14,2018-05-15,LATEDRY,RB,8,2,133,4.38,1.2,27.6,21,16,18
14LATEDRYRB83,14,2018-05-15,LATEDRY,RB,8,3,80,4.33,1.2,27.6,26,33,40
14LATEDRYRB91,14,2018-05-16,LATEDRY,RB,9,1,87,3.38,0.6,26.5,53,61,86
14LATEDRYRB92,14,2018-05-16,LATEDRY,RB,9,2,77,3.15,0.6,26.5,42,55,71
14LATEDRYRB93,14,2018-05-16,LATEDRY,RB,9,3,92,3.35,0.6,26.9,39,42,48
14TRANSRB101,14,2018-01-26,TRANS,RB,10,1,88,5.41,0.2,20,81,92,41
14TRANSRB101,14,2018-03-13,TRANS,RB,10,1,110,4.01,0.2,18.1,81,74,57
14TRANSRB101,14,2018-04-28,TRANS,RB,10,1,56,2.44,0.4,24.4,81,143,92
14TRANSRB102,14,2018-01-26,TRANS,RB,10,2,67,5.71,0.2,20.3,102,151,156
14TRANSRB102,14,2018-03-13,TRANS,RB,10,2,93,4.55,0.2,18.3,102,109,87
14TRANSRB102,14,2018-04-28,TRANS,RB,10,2,76,2.81,0.4,24.5,102,134,134
14TRANSRB103,14,2018-01-26,TRANS,RB,10,3,85,6.04,0.2,20.6,92,109,63
14TRANSRB103,14,2018-03-13,TRANS,RB,10,3,119,4.66,0.3,18.8,92,77,108
14TRANSRB103,14,2018-04-28,TRANS,RB,10,3,98,2.7,0.4,25.1,92,94,77
14TRANSRB111,14,2018-01-26,TRANS,RB,11,1,91,6.28,0.2,21,44,48,40
14TRANSRB111,14,2018-03-13,TRANS,RB,11,1,120,5.18,0.2,20.4,44,37,13
14TRANSRB111,14,2018-04-28,TRANS,RB,11,1,155,4.3,0.4,26.9,44,28,50
14TRANSRB112,14,2018-03-13,TRANS,RB,11,2,126,5.21,0.2,21.1,98,78,76
14TRANSRB112,14,2018-04-28,TRANS,RB,11,2,136,4.03,0.4,26.9,98,72,61
14TRANSRB113,14,2018-01-26,TRANS,RB,11,3,60,7.62,0.2,21.3,101,168,146
14TRANSRB113,14,2018-03-13,TRANS,RB,11,3,75,5.72,0.2,21.5,101,135,60
14TRANSRB113,14,2018-04-28,TRANS,RB,11,3,87,3.87,0.4,26.9,101,116,124
14TRANSRB131,14,2018-01-27,TRANS,RB,13,1,72,5.52,0.2,19.6,111,154,134
14TRANSRB131,14,2018-03-14,TRANS,RB,13,1,82,4.69,0.2,19.2,111,136,68
14TRANSRB131,14,2018-04-27,TRANS,RB,13,1,106,4.45,0.5,27.7,111,105,28
14TRANSRB132,14,2018-01-27,TRANS,RB,13,2,70,5.41,0.3,19.6,93,132,99
14TRANSRB132,14,2018-03-14,TRANS,RB,13,2,75,4.97,0.2,19,93,125,52
14TRANSRB132,14,2018-04-27,TRANS,RB,13,2,88,5.57,0.5,27.7,93,106,16
14TRANSRB133,14,2018-01-27,TRANS,RB,13,3,77,5.5,0.3,19.7,93,121,87
14TRANSRB133,14,2018-03-14,TRANS,RB,13,3,83,4.97,0.3,18.8,93,113,60
14TRANSRB133,14,2018-04-27,TRANS,RB,13,3,102,4.8,0.5,27.7,93,91,28
14TRANSRB133,14,2018-04-28,TRANS,RB,13,3,102,4.18,0.5,26.4,93,91,33
14TRANSRB81,14,2018-01-27,TRANS,RB,8,1,74,5.23,0.2,19.8,90,121,100
14TRANSRB81,14,2018-03-14,TRANS,RB,8,1,102,4.43,0.2,17.9,90,88,54
14TRANSRB81,14,2018-04-29,TRANS,RB,8,1,80,3.52,0.4,25.2,90,112,65
14TRANSRB82,14,2018-01-27,TRANS,RB,8,2,82,4.88,0.3,20,61,74,59
14TRANSRB82,14,2018-03-14,TRANS,RB,8,2,90,4.62,0.3,17.7,61,67,37
14TRANSRB82,14,2018-04-29,TRANS,RB,8,2,70,3.42,0.4,24.9,61,87,40
14TRANSRB83,14,2018-01-27,TRANS,RB,8,3,62,5.07,0.3,20.3,83,133,63
14TRANSRB83,14,2018-03-14,TRANS,RB,8,3,99,4.49,0.2,18,83,84,68
14TRANSRB83,14,2018-04-29,TRANS,RB,8,3,59,3.13,0.4,25,83,142,48
14TRANSRB91,14,2018-01-27,TRANS,RB,9,1,98,5.16,0.3,20.6,80,81,63
14TRANSRB91,14,2018-03-13,TRANS,RB,9,1,94,4.2,0.3,18.9,80,85,60
14TRANSRB91,14,2018-04-28,TRANS,RB,9,1,107,2.42,0.3,25.2,80,75,71
14TRANSRB92,14,2018-01-27,TRANS,RB,9,2,68,5.54,0.3,20.8,91,133,63
14TRANSRB92,14,2018-03-13,TRANS,RB,9,2,87,4.54,0.3,19.4,91,105,57
14TRANSRB92,14,2018-04-28,TRANS,RB,9,2,74,2.73,0.3,25.5,91,123,101
14TRANSRB93,14,2018-01-27,TRANS,RB,9,3,94,5.25,0.2,21.1,68,72,34
14TRANSRB93,14,2018-03-13,TRANS,RB,9,3,108,4.67,0.3,19.9,68,63,44
14TRANSRB93,14,2018-04-28,TRANS,RB,9,3,113,3.08,0.3,25.9,68,60,56
14WETRB101,14,2017-12-02,WET,RB,10,1,122,3.04,0.2,24,3,2,2
14WETRB102,14,2017-12-02,WET,RB,10,2,96,3.21,0.2,24.1,4,4,3
14WETRB103,14,2017-12-02,WET,RB,10,3,108,3.52,0.2,24.2,6,6,4
14WETRB112,14,2017-12-02,WET,RB,11,2,81,2.63,0.1,23.9,7,9,6
14WETRB131,14,2017-12-01,WET,RB,13,1,50,2.93,0.2,24.3,18,36,26
14WETRB132,14,2017-12-01,WET,RB,13,2,80,3.72,0.2,24.5,8,10,7
14WETRB133,14,2017-12-01,WET,RB,13,3,96,3.2,0.2,24.7,9,9,8
14WETRB141,14,2017-12-02,WET,RB,14,1,94,3.51,0.2,24.6,20,21,19
14WETRB142,14,2017-12-02,WET,RB,14,2,77,3.68,0.2,24.6,6,8,12
14WETRB161,14,2017-12-11,WET,RB,16,1,101,7.18,0.2,15.5,2,2,0
14WETRB162,14,2017-12-11,WET,RB,16,2,94,7.2,0.3,15.7,5,5,0
14WETRB163,14,2017-12-11,WET,RB,16,3,82,8.12,0.3,15.9,5,6,4
14WETRB181,14,2017-12-03,WET,RB,18,1,86,3.16,0.2,23.9,3,3,2
14WETRB182,14,2017-12-03,WET,RB,18,2,89,3.22,0.2,24.1,6,7,5
14WETRB83,14,2017-12-01,WET,RB,8,3,97,3.59,0.2,25,14,14,27
14WETTB11,14,2017-12-11,WET,TB,1,1,71,5.62,0.5,14.8,30,42,34
14WETTB12,14,2017-12-11,WET,TB,1,2,78,6.29,0.5,15.2,15,19,12
14WETTB13,14,2017-12-11,WET,TB,1,3,75,5.66,0.5,15.4,25,33,20
14WETTB21,14,2017-12-10,WET,TB,2,1,57,4.05,0.3,21.5,38,66,22
14WETTB22,14,2017-12-10,WET,TB,2,2,58,5.16,0.3,21.7,108,188,85
14WETTB23,14,2017-12-10,WET,TB,2,3,62,8.24,0.3,20.6,84,136,111
14WETTB31,14,2017-12-11,WET,TB,3,1,82,5.55,0.4,17.4,166,203,46
14WETTB32,14,2017-12-11,WET,TB,3,2,86,5.56,0.3,17.8,80,93,67
14WETTB33,14,2017-12-11,WET,TB,3,3,81,5.4,0.3,18,40,49,35
14WETTB41,14,2017-12-11,WET,TB,4,1,92,6.23,0.3,17.9,23,25,21
14WETTB42,14,2017-12-11,WET,TB,4,2,68,5.04,0.3,18.1,65,96,83
14WETTB43,14,2017-12-11,WET,TB,4,3,84,4.39,0.4,17.8,169,200,138
15EARLYDRYRB101,15,2019-02-24,EARLYDRY,RB,10,1,98,3.43,0.3,25.8,24,25,35
15EARLYDRYRB102,15,2019-02-24,EARLYDRY,RB,10,2,102,3.69,0.3,26,14,14,12
15EARLYDRYRB103,15,2019-02-24,EARLYDRY,RB,10,3,122,3.6,0.3,26.1,17,14,15
15EARLYDRYRB111,15,2019-02-26,EARLYDRY,RB,11,1,87,2.95,0.3,22.6,9,10,8
15EARLYDRYRB112,15,2019-02-26,EARLYDRY,RB,11,2,142,3.09,0.3,22.5,41,29,53
15EARLYDRYRB113,15,2019-02-26,EARLYDRY,RB,11,3,67,3.46,0.3,22.5,31,46,44
15EARLYDRYRB121,15,2019-02-27,EARLYDRY,RB,12,1,124,1.27,0.6,22.8,19,15,18
15EARLYDRYRB122,15,2019-02-27,EARLYDRY,RB,12,2,102,1.61,0.6,22.9,28,27,27
15EARLYDRYRB123,15,2019-02-27,EARLYDRY,RB,12,3,115,1.82,0.6,23,13,11,16
15EARLYDRYRB132,15,2019-02-24,EARLYDRY,RB,13,2,120,3.96,0.3,25.8,12,10,15
15EARLYDRYRB133,15,2019-02-24,EARLYDRY,RB,13,3,98,4.1,0.3,26,19,19,18
15EARLYDRYRB143,15,2019-02-26,EARLYDRY,RB,14,3,77,2.69,0.5,24.7,38,49,37
15EARLYDRYRB151,15,2019-02-26,EARLYDRY,RB,15,1,125,0.35,0.8,25.5,7,6,14
15EARLYDRYRB152,15,2019-02-26,EARLYDRY,RB,15,2,170,0.37,0.8,25.5,3,2,6
15EARLYDRYRB153,15,2019-02-26,EARLYDRY,RB,15,3,124,0.35,0.8,25.5,3,2,2
15EARLYDRYRB161,15,2019-02-27,EARLYDRY,RB,16,1,94,1.47,1.3,23.7,12,13,7
15EARLYDRYRB163,15,2019-02-27,EARLYDRY,RB,16,3,101,0.95,1.3,23.7,19,19,34
15EARLYDRYRB182,15,2019-02-26,EARLYDRY,RB,18,2,113,3.56,0.4,25.5,26,23,44
15EARLYDRYRB183,15,2019-02-26,EARLYDRY,RB,18,3,115,3.49,0.4,25.5,28,24,23
15EARLYDRYRB71,15,2019-02-26,EARLYDRY,RB,7,1,106,1.8,0.6,23.3,2,2,1
15EARLYDRYRB72,15,2019-02-26,EARLYDRY,RB,7,2,127,1.97,0.6,23.3,7,6,6
15EARLYDRYRB73,15,2019-02-26,EARLYDRY,RB,7,3,66,1.94,0.5,23.3,13,20,18
15EARLYDRYRB81,15,2019-02-24,EARLYDRY,RB,8,1,103,4.08,0.3,25.8,22,21,18
15EARLYDRYRB82,15,2019-02-24,EARLYDRY,RB,8,2,120,3.58,0.3,25.7,23,19,19
15EARLYDRYRB83,15,2019-02-24,EARLYDRY,RB,8,3,160,3.82,0.3,25.9,16,10,15
15EARLYDRYRB91,15,2019-02-26,EARLYDRY,RB,9,1,90,2.66,0.3,23,20,22,34
15EARLYDRYRB92,15,2019-02-26,EARLYDRY,RB,9,2,77,2.39,0.3,23,17,22,23
15EARLYDRYRB93,15,2019-02-26,EARLYDRY,RB,9,3,106,2.83,0.3,23.1,35,33,59
15EARLYDRYTB11,15,2019-02-25,EARLYDRY,TB,1,1,77,3.78,5.1,26.5,6,8,4
15EARLYDRYTB12,15,2019-02-25,EARLYDRY,TB,1,2,47,3.61,5.2,26.5,31,66,46
15EARLYDRYTB13,15,2019-02-25,EARLYDRY,TB,1,3,89,4.22,5.2,26.6,33,37,6
15EARLYDRYTB21,15,2019-02-25,EARLYDRY,TB,2,1,118,4.65,5.2,27.2,13,11,14
15EARLYDRYTB22,15,2019-02-25,EARLYDRY,TB,2,2,86,4.87,5,27.6,1,1,0
15EARLYDRYTB23,15,2019-02-25,EARLYDRY,TB,2,3,130,5.46,5.1,27,8,6,7
15EARLYDRYTB31,15,2019-02-25,EARLYDRY,TB,3,1,91,5.08,4.2,26.8,8,9,1
15EARLYDRYTB32,15,2019-02-25,EARLYDRY,TB,3,2,106,5.04,3.4,27,13,12,4
15EARLYDRYTB33,15,2019-02-25,EARLYDRY,TB,3,3,130,4.32,3,27.3,26,20,7
15EARLYDRYTB41,15,2019-02-25,EARLYDRY,TB,4,1,86,3.84,1.8,27,20,23,4
15EARLYDRYTB42,15,2019-02-25,EARLYDRY,TB,4,2,116,3.7,2,27.3,6,5,2
15EARLYDRYTB43,15,2019-02-25,EARLYDRY,TB,4,3,120,4.27,2.2,27.6,9,8,1
15LATEDRYRB101,15,2019-04-28,LATEDRY,RB,10,1,93,4.15,0.7,26,29,31,35
15LATEDRYRB102,15,2019-04-28,LATEDRY,RB,10,2,90,4.21,0.7,26.4,29,32,26
15LATEDRYRB103,15,2019-04-28,LATEDRY,RB,10,3,82,3.61,0.7,26.3,28,34,23
15LATEDRYRB111,15,2019-04-28,LATEDRY,RB,11,1,96,3.08,0.6,24.6,22,23,31
15LATEDRYRB112,15,2019-04-28,LATEDRY,RB,11,2,96,3.57,0.6,24.7,38,39,42
15LATEDRYRB113,15,2019-04-28,LATEDRY,RB,11,3,96,3.96,0.6,25.3,54,56,78
15LATEDRYRB121,15,2019-04-30,LATEDRY,RB,12,1,110,0.48,2.9,24.9,16,15,22
15LATEDRYRB122,15,2019-04-30,LATEDRY,RB,12,2,80,0.78,2.5,25.1,39,49,49
15LATEDRYRB123,15,2019-04-30,LATEDRY,RB,12,3,65,0.84,2.1,25.3,24,37,29
15LATEDRYRB132,15,2019-04-29,LATEDRY,RB,13,2,72,5.6,0.7,26.1,28,39,26
15LATEDRYRB133,15,2019-04-29,LATEDRY,RB,13,3,59,5.34,0.6,26.2,16,27,13
15LATEDRYRB141,15,2019-04-28,LATEDRY,RB,14,1,84,0.51,3.2,27.6,10,12,15
15LATEDRYRB142,15,2019-04-28,LATEDRY,RB,14,2,92,0.86,3.6,27.7,7,8,10
15LATEDRYRB143,15,2019-04-28,LATEDRY,RB,14,3,79,2.71,3.3,29.3,15,19,29
15LATEDRYRB161,15,2019-04-30,LATEDRY,RB,16,1,103,1.95,6.5,26.9,4,4,2
15LATEDRYRB163,15,2019-04-30,LATEDRY,RB,16,3,119,1.87,7.7,27.2,6,5,5
15LATEDRYRB181,15,2019-04-29,LATEDRY,RB,18,1,107,6.05,1.6,28,19,18,18
15LATEDRYRB182,15,2019-04-30,LATEDRY,RB,18,2,46,3.9,1.4,26.5,23,50,21
15LATEDRYRB183,15,2019-04-30,LATEDRY,RB,18,3,47,4.79,1.2,26.5,40,85,58
15LATEDRYRB71,15,2019-04-29,LATEDRY,RB,7,1,85,0.5,1.1,25.4,31,36,58
15LATEDRYRB72,15,2019-04-29,LATEDRY,RB,7,2,85,0.41,0.9,26,4,5,1
15LATEDRYRB73,15,2019-04-29,LATEDRY,RB,7,3,114,0.4,0.8,25.7,8,7,3
15LATEDRYRB81,15,2019-04-29,LATEDRY,RB,8,1,80,5.43,0.5,25.9,24,30,20
15LATEDRYRB82,15,2019-04-29,LATEDRY,RB,8,2,75,5.62,0.5,25.8,25,33,18
15LATEDRYRB83,15,2019-04-29,LATEDRY,RB,8,3,75,5.73,0.5,26.8,20,27,15
15LATEDRYRB91,15,2019-04-29,LATEDRY,RB,9,1,92,2.49,0.4,23.8,33,36,51
15LATEDRYRB92,15,2019-04-29,LATEDRY,RB,9,2,50,2.65,0.4,23.8,32,65,31
15LATEDRYRB93,15,2019-04-29,LATEDRY,RB,9,3,72,2.76,0.4,24.4,33,46,47
15TRANSRB101,15,2019-01-22,TRANS,RB,10,1,91,5.39,0.3,15.6,78,85,46
15TRANSRB101,15,2019-03-25,TRANS,RB,10,1,82,3.69,0.3,20.8,78,96,52
15TRANSRB101,15,2019-05-28,TRANS,RB,10,1,76,3.5,0.6,26.6,78,102,67
15TRANSRB102,15,2019-01-22,TRANS,RB,10,2,107,5.98,0.3,15.7,84,79,47
15TRANSRB102,15,2019-03-25,TRANS,RB,10,2,102,3.64,0.3,20.9,84,82,60
15TRANSRB102,15,2019-05-28,TRANS,RB,10,2,99,3.59,0.6,26.9,84,85,90
15TRANSRB103,15,2019-01-22,TRANS,RB,10,3,66,6.2,0.3,16.2,73,111,71
15TRANSRB103,15,2019-03-25,TRANS,RB,10,3,102,3.91,0.3,21.4,73,72,45
15TRANSRB103,15,2019-05-28,TRANS,RB,10,3,86,4.26,0.6,27.5,73,85,62
15TRANSRB111,15,2019-01-21,TRANS,RB,11,1,100,5.99,0.3,16,64,64,16
15TRANSRB111,15,2019-03-24,TRANS,RB,11,1,105,4.07,0.3,20.8,64,61,35
15TRANSRB111,15,2019-05-28,TRANS,RB,11,1,69,4.67,0.6,27,64,93,67
15TRANSRB112,15,2019-01-21,TRANS,RB,11,2,130,5.97,0.3,16.1,93,72,82
15TRANSRB112,15,2019-03-24,TRANS,RB,11,2,88,4.32,0.3,20.4,93,106,83
15TRANSRB112,15,2019-05-28,TRANS,RB,11,2,58,4.51,0.6,26.8,93,161,51
15TRANSRB113,15,2019-01-21,TRANS,RB,11,3,78,6.58,0.3,16.7,70,90,24
15TRANSRB113,15,2019-03-24,TRANS,RB,11,3,67,4.54,0.3,20.4,70,105,75
15TRANSRB113,15,2019-05-29,TRANS,RB,11,3,58,4.58,0.6,26.8,70,122,102
15TRANSRB131,15,2019-01-21,TRANS,RB,13,1,120,6.4,0.3,17.8,32,27,19
15TRANSRB131,15,2019-03-25,TRANS,RB,13,1,100,5.14,0.5,23.5,32,32,21
15TRANSRB131,15,2019-05-28,TRANS,RB,13,1,85,5.59,1.4,29.2,32,38,29
15TRANSRB132,15,2019-01-21,TRANS,RB,13,2,71,6.71,0.3,18.2,137,192,26
15TRANSRB132,15,2019-03-25,TRANS,RB,13,2,68,5.28,0.5,24,137,202,32
15TRANSRB132,15,2019-05-28,TRANS,RB,13,2,91,5.74,1.5,29.2,137,150,36
15TRANSRB133,15,2019-01-21,TRANS,RB,13,3,92,6.47,0.3,17.8,147,160,47
15TRANSRB133,15,2019-03-25,TRANS,RB,13,3,76,5.16,0.5,23.1,147,193,32
15TRANSRB133,15,2019-05-29,TRANS,RB,13,3,75,5.92,1.7,29.8,147,197,44
15TRANSRB81,15,2019-01-21,TRANS,RB,8,1,68,5.46,0.3,16.6,50,73,37
15TRANSRB81,15,2019-03-25,TRANS,RB,8,1,67,4.44,0.4,22.4,50,75,29
15TRANSRB81,15,2019-05-28,TRANS,RB,8,1,83,7.82,0.8,30.2,50,61,35
15TRANSRB82,15,2019-01-21,TRANS,RB,8,2,98,5.32,0.3,16.4,51,52,31
15TRANSRB82,15,2019-03-25,TRANS,RB,8,2,103,4.52,0.3,22.5,51,50,35
15TRANSRB82,15,2019-05-28,TRANS,RB,8,2,68,8.04,0.7,29.7,51,75,43
15TRANSRB83,15,2019-01-21,TRANS,RB,8,3,121,5.8,0.3,16.2,39,32,35
15TRANSRB83,15,2019-03-25,TRANS,RB,8,3,112,4.33,0.3,22.6,39,35,25
15TRANSRB83,15,2019-05-29,TRANS,RB,8,3,85,5.41,0.9,28.1,39,46,20
15TRANSRB91,15,2019-01-22,TRANS,RB,9,1,91,5.39,0.3,15.2,119,131,76
15TRANSRB91,15,2019-03-24,TRANS,RB,9,1,67,4.04,0.3,20.5,119,178,141
15TRANSRB91,15,2019-05-28,TRANS,RB,9,1,68,6,0.6,28.7,119,174,103
15TRANSRB92,15,2019-01-22,TRANS,RB,9,2,91,5.76,0.3,15.3,74,81,32
15TRANSRB92,15,2019-03-24,TRANS,RB,9,2,70,3.86,0.3,21.3,74,106,48
15TRANSRB92,15,2019-05-28,TRANS,RB,9,2,94,5.6,0.6,28.7,74,79,46
15TRANSRB93,15,2019-01-22,TRANS,RB,9,3,71,5.5,0.3,15.3,79,111,48
15TRANSRB93,15,2019-03-24,TRANS,RB,9,3,86,4.23,0.3,21.7,79,92,66
15TRANSRB93,15,2019-05-28,TRANS,RB,9,3,86,5.55,0.6,28.8,79,92,52
15WETRB102,15,2018-12-10,WET,RB,10,2,97,NA,0.3,22.2,12,12,14
15WETRB103,15,2018-12-10,WET,RB,10,3,100,NA,0.3,22,26,26,41
15WETRB111,15,2018-12-10,WET,RB,11,1,97,NA,0.2,21.9,6,6,5
15WETRB112,15,2018-12-10,WET,RB,11,2,89,NA,0.2,21.8,12,13,10
15WETRB113,15,2018-12-10,WET,RB,11,3,67,NA,0.2,21.7,31,46,33
15WETRB122,15,2018-12-13,WET,RB,12,2,65,NA,0.4,17.3,36,55,34
15WETRB123,15,2018-12-13,WET,RB,12,3,101,NA,0.3,17.2,7,7,6
15WETRB131,15,2018-12-12,WET,RB,13,1,101,NA,0.3,16.8,54,53,63
15WETRB132,15,2018-12-12,WET,RB,13,2,116,NA,0.3,17.2,39,34,41
15WETRB141,15,2018-12-12,WET,RB,14,1,89,NA,0.3,18.6,17,19,26
15WETRB143,15,2018-12-12,WET,RB,14,3,73,NA,0.3,18,13,18,4
15WETRB151,15,2018-12-13,WET,RB,15,1,99,NA,0.5,19.2,6,6,11
15WETRB152,15,2018-12-13,WET,RB,15,2,111,NA,0.5,19.3,6,5,5
15WETRB161,15,2018-12-13,WET,RB,16,1,105,NA,0.9,17.6,9,9,8
15WETRB162,15,2018-12-13,WET,RB,16,2,107,NA,0.9,17.5,1,1,0
15WETRB163,15,2018-12-13,WET,RB,16,3,101,NA,0.7,17.1,5,5,2
15WETRB181,15,2018-12-12,WET,RB,18,1,85,NA,0.3,17.2,20,23,35
15WETRB182,15,2018-12-12,WET,RB,18,2,77,NA,0.3,17.2,62,81,8
15WETRB183,15,2018-12-12,WET,RB,18,3,86,NA,0.3,17.3,27,31,48
15WETRB71,15,2018-12-12,WET,RB,7,1,116,NA,0.6,17.1,6,5,9
15WETRB72,15,2018-12-12,WET,RB,7,2,113,NA,0.5,17,7,6,3
15WETRB73,15,2018-12-12,WET,RB,7,3,106,NA,0.4,17.1,18,17,21
15WETRB81,15,2018-12-10,WET,RB,8,1,119,NA,0.3,22.1,10,8,14
15WETRB83,15,2018-12-10,WET,RB,8,3,73,NA,0.3,22.1,6,8,10
15WETRB91,15,2018-12-10,WET,RB,9,1,109,NA,0.3,21.8,10,9,7
15WETRB92,15,2018-12-10,WET,RB,9,2,107,NA,0.3,21.9,6,6,5
15WETRB93,15,2018-12-10,WET,RB,9,3,107,NA,0.3,21.9,22,21,33
15WETTB11,15,2018-12-11,WET,TB,1,1,70,NA,2.3,21.5,18,26,10
15WETTB12,15,2018-12-11,WET,TB,1,2,111,NA,2.4,20.4,21,19,8
15WETTB13,15,2018-12-11,WET,TB,1,3,80,NA,2.4,20.1,16,20,6
15WETTB21,15,2018-12-11,WET,TB,2,1,150,NA,1.1,21.8,46,31,14
15WETTB22,15,2018-12-11,WET,TB,2,2,130,NA,2.6,22.2,25,19,8
15WETTB23,15,2018-12-11,WET,TB,2,3,42,NA,2.6,22.1,63,149,110
15WETTB31,15,2018-12-11,WET,TB,3,1,68,NA,2.4,20.8,27,40,15
15WETTB32,15,2018-12-11,WET,TB,3,2,119,NA,1.8,21,35,29,21
15WETTB33,15,2018-12-11,WET,TB,3,3,84,NA,0.9,21.6,3,4,1
15WETTB41,15,2018-12-11,WET,TB,4,1,85,NA,0.7,21.1,7,8,4
15WETTB42,15,2018-12-11,WET,TB,4,2,99,NA,0.7,21.8,14,14,10
15WETTB43,15,2018-12-11,WET,TB,4,3,120,NA,0.8,21.4,13,11,10
16EARLYDRYRB101,16,2020-02-22,EARLYDRY,RB,10,1,52,6.05,0.4,18.2,28,54,30
16EARLYDRYRB102,16,2020-02-22,EARLYDRY,RB,10,2,73,5.42,0.4,19,37,51,56
16EARLYDRYRB103,16,2020-02-22,EARLYDRY,RB,10,3,77,6.04,0.4,19.7,28,36,29
16EARLYDRYRB111,16,2020-02-23,EARLYDRY,RB,11,1,76,4.4,0.3,18.9,54,71,41
16EARLYDRYRB112,16,2020-02-23,EARLYDRY,RB,11,2,68,4.55,0.4,19.2,58,85,91
16EARLYDRYRB113,16,2020-02-23,EARLYDRY,RB,11,3,30,5.51,0.3,18.8,58,191,93
16EARLYDRYRB121,16,2020-02-24,EARLYDRY,RB,12,1,137,2.25,NA,20.8,7,5,4
16EARLYDRYRB122,16,2020-02-24,EARLYDRY,RB,12,2,136,3.12,0.7,20.8,12,9,9
16EARLYDRYRB123,16,2020-02-24,EARLYDRY,RB,12,3,138,3.45,0.6,20.8,21,15,30
16EARLYDRYRB132,16,2020-02-23,EARLYDRY,RB,13,2,74,5.04,0.5,21.7,32,43,30
16EARLYDRYRB133,16,2020-02-23,EARLYDRY,RB,13,3,70,5.15,0.5,21.5,35,50,31
16EARLYDRYRB141,16,2020-02-23,EARLYDRY,RB,14,1,96,1.8,0.9,22.4,2,2,1
16EARLYDRYRB142,16,2020-02-23,EARLYDRY,RB,14,2,99,2.08,0.9,22.3,16,16,13
16EARLYDRYRB143,16,2020-02-24,EARLYDRY,RB,14,3,42,1.76,0.9,21.1,47,112,92
16EARLYDRYRB161,16,2020-02-24,EARLYDRY,RB,16,1,126,3.52,2.2,23.2,15,12,18
16EARLYDRYRB162,16,2020-02-24,EARLYDRY,RB,16,2,148,2.83,1.9,22.2,10,7,16
16EARLYDRYRB163,16,2020-02-24,EARLYDRY,RB,16,3,164,3.09,2.1,22.9,2,1,1
16EARLYDRYRB181,16,2020-02-23,EARLYDRY,RB,18,1,86,6.01,0.6,21.7,21,24,32
16EARLYDRYRB182,16,2020-02-23,EARLYDRY,RB,18,2,94,6.06,0.5,21.6,23,25,36
16EARLYDRYRB183,16,2020-02-23,EARLYDRY,RB,18,3,80,6.03,0.6,21.7,36,45,26
16EARLYDRYRB71,16,2020-02-24,EARLYDRY,RB,7,1,113,0.71,NA,20.3,5,4,1
16EARLYDRYRB72,16,2020-02-24,EARLYDRY,RB,7,2,106,1.11,NA,20.2,5,5,4
16EARLYDRYRB81,16,2020-02-23,EARLYDRY,RB,8,1,41,4.86,0.4,19.7,41,100,36
16EARLYDRYRB82,16,2020-02-23,EARLYDRY,RB,8,2,73,4.85,0.4,19.7,31,43,29
16EARLYDRYRB91,16,2020-02-22,EARLYDRY,RB,9,1,69,4.8,0.4,19.9,39,56,30
16EARLYDRYRB92,16,2020-02-22,EARLYDRY,RB,9,2,79,4.82,0.4,20.3,29,37,39
16EARLYDRYRB93,16,2020-02-22,EARLYDRY,RB,9,3,78,6.62,0.3,20.5,27,35,36
16EARLYDRYTB11,16,2020-02-25,EARLYDRY,TB,1,1,86,5.61,4.4,23.7,2,2,1
16EARLYDRYTB12,16,2020-02-25,EARLYDRY,TB,1,2,70,6.02,4.4,24.7,7,10,10
16EARLYDRYTB13,16,2020-02-25,EARLYDRY,TB,1,3,55,6.41,4.4,24.7,13,24,21
16EARLYDRYTB21,16,2020-02-25,EARLYDRY,TB,2,1,78,6.2,4.1,22.6,30,39,32
16EARLYDRYTB22,16,2020-02-25,EARLYDRY,TB,2,2,84,6.9,4.3,22.8,6,7,10
16EARLYDRYTB23,16,2020-02-25,EARLYDRY,TB,2,3,114,6.87,4.4,22.9,4,4,2
16EARLYDRYTB31,16,2020-02-25,EARLYDRY,TB,3,1,65,5.95,5.3,22.2,2,3,0
16EARLYDRYTB32,16,2020-02-25,EARLYDRY,TB,3,2,58,6.15,4.8,22.6,4,7,0
16EARLYDRYTB33,16,2020-02-25,EARLYDRY,TB,3,3,131,6.58,4.1,23.2,9,7,4
16EARLYDRYTB41,16,2020-02-24,EARLYDRY,TB,4,1,94,6.6,2.6,23.2,22,23,19
16EARLYDRYTB42,16,2020-02-24,EARLYDRY,TB,4,2,76,6.87,2.6,23.3,15,20,11
16EARLYDRYTB43,16,2020-02-24,EARLYDRY,TB,4,3,100,6.53,2.3,23.3,7,7,2
16LATEDRYRB101,16,2020-05-16,LATEDRY,RB,10,1,37,4.1,2.5,24.4,52,141,77
16LATEDRYRB102,16,2020-05-16,LATEDRY,RB,10,2,135,4.54,2.6,24.9,42,31,45
16LATEDRYRB103,16,2020-05-16,LATEDRY,RB,10,3,129,4.71,2.7,25.4,58,45,83
16LATEDRYRB111,16,2020-05-13,LATEDRY,RB,11,1,356,2.47,4.3,23.7,25,7,31
16LATEDRYRB112,16,2020-05-13,LATEDRY,RB,11,2,274,2.83,3.9,24.8,23,8,45
16LATEDRYRB113,16,2020-05-13,LATEDRY,RB,11,3,212,3.06,4.3,24.6,45,21,78
16LATEDRYRB131,16,2020-05-16,LATEDRY,RB,13,1,198,5.53,6.4,26.3,24,12,43
16LATEDRYRB132,16,2020-05-16,LATEDRY,RB,13,2,168,5.87,6.3,26.6,6,4,4
16LATEDRYRB133,16,2020-05-16,LATEDRY,RB,13,3,161,6.3,6.3,26.8,5,3,2
16LATEDRYRB81,16,2020-05-13,LATEDRY,RB,8,1,92,5.01,5,25.8,29,32,36
16LATEDRYRB82,16,2020-05-13,LATEDRY,RB,8,2,97,5.23,4.6,25.9,31,32,53
16LATEDRYRB83,16,2020-05-13,LATEDRY,RB,8,3,120,4.32,4.4,25.7,44,37,68
16LATEDRYRB91,16,2020-05-13,LATEDRY,RB,9,1,225,3.4,4.1,24.9,57,25,113
16LATEDRYRB92,16,2020-05-13,LATEDRY,RB,9,2,317,4.4,4,24.5,50,16,88
16LATEDRYRB93,16,2020-05-13,LATEDRY,RB,9,3,254,4.8,3.6,24.6,71,28,129
16TRANSRB101,16,2020-01-19,TRANS,RB,10,1,80,7.4,0.3,20,39,49,28
16TRANSRB101,16,2020-06-26,TRANS,RB,10,1,94,NA,0.3,30.5,39,41,30
16TRANSRB102,16,2020-01-19,TRANS,RB,10,2,76,5.67,0.3,20,30,40,28
16TRANSRB102,16,2020-06-26,TRANS,RB,10,2,144,2.59,0.3,30.9,30,21,0
16TRANSRB103,16,2020-01-19,TRANS,RB,10,3,84,5.56,0.3,20.4,14,17,11
16TRANSRB103,16,2020-06-26,TRANS,RB,10,3,151,3.23,0.3,31.3,14,9,2
16TRANSRB111,16,2020-01-19,TRANS,RB,11,1,76,5.19,0.3,21.2,23,30,19
16TRANSRB111,16,2020-06-26,TRANS,RB,11,1,106,1.89,0.4,30.8,23,22,2
16TRANSRB112,16,2020-01-19,TRANS,RB,11,2,66,5.57,0.3,21.3,39,59,62
16TRANSRB112,16,2020-06-26,TRANS,RB,11,2,99,2.01,0.4,31.3,39,40,4
16TRANSRB113,16,2020-01-19,TRANS,RB,11,3,21,6,0.3,22.4,56,265,39
16TRANSRB113,16,2020-06-26,TRANS,RB,11,3,79,3.48,0.4,32.7,56,71,34
16TRANSRB131,16,2020-01-20,TRANS,RB,13,1,21,6.13,0.3,21.1,32,152,28
16TRANSRB131,16,2020-06-26,TRANS,RB,13,1,128,2.88,0.4,31.5,32,25,6
16TRANSRB132,16,2020-01-20,TRANS,RB,13,2,60,4.88,0.4,21.3,17,28,13
16TRANSRB132,16,2020-06-26,TRANS,RB,13,2,111,2.87,0.4,31.6,17,15,10
16TRANSRB133,16,2020-01-20,TRANS,RB,13,3,26,4.7,0.3,21.4,16,60,13
16TRANSRB133,16,2020-06-26,TRANS,RB,13,3,111,2.85,0.4,31.6,16,14,5
16TRANSRB81,16,2020-01-20,TRANS,RB,8,1,52,4.2,0.3,21.4,26,50,23
16TRANSRB81,16,2020-06-26,TRANS,RB,8,1,105,2.3,0.3,30.1,26,25,1
16TRANSRB82,16,2020-01-20,TRANS,RB,8,2,52,4.6,0.3,21.6,38,73,59
16TRANSRB82,16,2020-06-26,TRANS,RB,8,2,90,2.35,0.3,30,38,42,3
16TRANSRB83,16,2020-01-20,TRANS,RB,8,3,82,4.49,0.3,21.8,42,51,46
16TRANSRB83,16,2020-06-26,TRANS,RB,8,3,63,2.71,0.3,30.2,42,67,4
16TRANSRB91,16,2020-01-19,TRANS,RB,9,1,44,5.23,0.3,20.5,28,64,35
16TRANSRB91,16,2020-06-26,TRANS,RB,9,1,120,1.82,0.3,29.8,28,23,14
16TRANSRB92,16,2020-01-19,TRANS,RB,9,2,60,5.59,0.3,20.7,21,35,37
16TRANSRB92,16,2020-06-26,TRANS,RB,9,2,98,2.1,0.3,29.8,21,21,4
16TRANSRB93,16,2020-01-19,TRANS,RB,9,3,42,5.63,0.3,21.1,42,100,72
16TRANSRB93,16,2020-06-26,TRANS,RB,9,3,139,2.03,0.3,29.8,42,30,3
16WETRB101,16,2019-12-10,WET,RB,10,1,133,6.06,0.3,20.7,9,7,8
16WETRB103,16,2019-12-10,WET,RB,10,3,77,5.15,0.3,21.4,8,10,7
16WETRB112,16,2019-12-11,WET,RB,11,2,79,4.56,0.3,22.5,11,14,9
16WETRB113,16,2019-12-11,WET,RB,11,3,46,6.4,0.2,23,35,76,64
16WETRB122,16,2019-12-12,WET,RB,12,2,97,3.8,0.3,22.3,6,6,5
16WETRB131,16,2019-12-10,WET,RB,13,1,70,5.79,0.3,23.3,20,28,14
16WETRB133,16,2019-12-11,WET,RB,13,3,53,5.03,0.3,22.1,17,32,22
16WETRB141,16,2019-12-11,WET,RB,14,1,78,4.99,0.4,22.5,6,8,5
16WETRB143,16,2019-12-11,WET,RB,14,3,75,7.19,0.3,22.9,20,27,24
16WETRB151,16,2019-12-12,WET,RB,15,1,100,2.97,0.6,22.9,5,5,3
16WETRB152,16,2019-12-12,WET,RB,15,2,130,2.76,0.5,22.9,12,9,7
16WETRB153,16,2019-12-12,WET,RB,15,3,86,3.06,0.5,22.9,7,8,10
16WETRB161,16,2019-12-12,WET,RB,16,1,120,3.79,0.8,22.3,2,2,1
16WETRB162,16,2019-12-12,WET,RB,16,2,142,3.79,0.7,22.4,3,2,2
16WETRB163,16,2019-12-12,WET,RB,16,3,138,3.75,0.8,22.3,10,7,8
16WETRB182,16,2019-12-12,WET,RB,18,2,56,5.4,0.2,22.8,13,23,10
16WETRB183,16,2019-12-12,WET,RB,18,3,70,5.37,0.2,22.6,18,26,17
16WETRB71,16,2019-12-11,WET,RB,7,1,96,3.04,0.8,22.6,5,5,8
16WETRB91,16,2019-12-10,WET,RB,9,1,77,5.14,0.3,22,18,23,21
16WETRB92,16,2019-12-10,WET,RB,9,2,55,5.25,0.3,22.2,17,31,16
16WETTB11,16,2019-12-13,WET,TB,1,1,88,3.55,2.4,23.8,16,18,11
16WETTB13,16,2019-12-13,WET,TB,1,3,60,3.96,3.1,23.5,3,5,2
16WETTB21,16,2019-12-13,WET,TB,2,1,40,4.03,1.4,24.1,57,141,52
16WETTB22,16,2019-12-13,WET,TB,2,2,81,4.9,1.8,24.2,24,30,17
16WETTB23,16,2019-12-13,WET,TB,2,3,103,4.86,1.7,24.4,30,29,13
16WETTB32,16,2019-12-13,WET,TB,3,2,83,3.87,0.8,22.9,20,24,3
16WETTB33,16,2019-12-13,WET,TB,3,3,150,3.58,0.8,23,14,9,10
16WETTB41,16,2019-12-13,WET,TB,4,1,54,3.92,0.9,22.4,16,30,10
16WETTB42,16,2019-12-13,WET,TB,4,2,61,3.95,0.8,22.6,21,34,20
16WETTB43,16,2019-12-13,WET,TB,4,3,55,3.9,0.8,22.6,27,49,51
17EARLYDRYRB101,17,2021-02-19,EARLYDRY,RB,10,1,67,2.85,0.3,25.7,20,30,27
17EARLYDRYRB102,17,2021-02-19,EARLYDRY,RB,10,2,98,3.02,0.3,25.8,19,19,33
17EARLYDRYRB103,17,2021-02-19,EARLYDRY,RB,10,3,104,3.21,0.3,25.9,7,7,5
17EARLYDRYRB111,17,2021-02-19,EARLYDRY,RB,11,1,88,3.12,0.3,26.6,40,46,74
17EARLYDRYRB112,17,2021-02-19,EARLYDRY,RB,11,2,74,3.98,0.3,26.8,9,12,12
17EARLYDRYRB113,17,2021-02-19,EARLYDRY,RB,11,3,79,4.58,0.3,27.2,15,19,13
17EARLYDRYRB121,17,2021-02-21,EARLYDRY,RB,12,1,80,3.81,0.6,20.1,46,57,75
17EARLYDRYRB122,17,2021-02-21,EARLYDRY,RB,12,2,94,4.24,0.5,20.4,49,52,67
17EARLYDRYRB123,17,2021-02-21,EARLYDRY,RB,12,3,85,4.67,0.4,20.6,19,22,26
17EARLYDRYRB131,17,2021-02-19,EARLYDRY,RB,13,1,80,3.6,0.3,26.4,9,11,8
17EARLYDRYRB132,17,2021-02-20,EARLYDRY,RB,13,2,76,3.16,0.3,23.3,7,9,5
17EARLYDRYRB133,17,2021-02-20,EARLYDRY,RB,13,3,76,3.44,0.3,23.2,16,21,20
17EARLYDRYRB141,17,2021-02-20,EARLYDRY,RB,14,1,71,3.56,0.4,24.3,25,35,22
17EARLYDRYRB142,17,2021-02-21,EARLYDRY,RB,14,2,76,4.11,0.4,21.9,27,35,39
17EARLYDRYRB143,17,2021-02-21,EARLYDRY,RB,14,3,92,4.59,0.4,22.1,18,20,14
17EARLYDRYRB151,17,2021-02-21,EARLYDRY,RB,15,1,86,2.37,0.8,22.8,15,18,28
17EARLYDRYRB152,17,2021-02-21,EARLYDRY,RB,15,2,100,2.65,0.8,22.8,14,14,9
17EARLYDRYRB153,17,2021-02-22,EARLYDRY,RB,15,3,140,1.08,0.8,23.3,8,6,16
17EARLYDRYRB163,17,2021-02-21,EARLYDRY,RB,16,3,100,3.13,1,21.3,50,50,83
17EARLYDRYRB181,17,2021-02-20,EARLYDRY,RB,18,1,82,3.57,0.3,23.9,9,11,14
17EARLYDRYRB182,17,2021-02-20,EARLYDRY,RB,18,2,67,3.98,0.3,23.6,26,39,29
17EARLYDRYRB183,17,2021-02-20,EARLYDRY,RB,18,3,55,3.94,0.3,23.6,16,29,15
17EARLYDRYRB81,17,2021-02-20,EARLYDRY,RB,8,1,75,3.38,0.3,23,19,25,30
17EARLYDRYRB82,17,2021-02-20,EARLYDRY,RB,8,2,74,3.26,0.3,22.5,17,23,22
17EARLYDRYRB83,17,2021-02-20,EARLYDRY,RB,8,3,76,3.66,0.3,22.6,20,26,18
17EARLYDRYRB92,17,2021-02-19,EARLYDRY,RB,9,2,102,2.71,0.3,26.2,4,4,2
17EARLYDRYRB93,17,2021-02-19,EARLYDRY,RB,9,3,100,2.8,0.3,26.3,8,8,6
17EARLYDRYTB11,17,2021-02-22,EARLYDRY,TB,1,1,80,4.15,1.8,23.3,5,6,8
17EARLYDRYTB12,17,2021-02-22,EARLYDRY,TB,1,2,63,4.73,1.7,23.7,38,61,68
17EARLYDRYTB13,17,2021-02-22,EARLYDRY,TB,1,3,75,4.41,1.8,23.7,17,23,5
17EARLYDRYTB21,17,2021-02-22,EARLYDRY,TB,2,1,75,4.48,1.3,24.1,43,57,49
17EARLYDRYTB22,17,2021-02-22,EARLYDRY,TB,2,2,77,6.62,1.4,24.5,55,72,86
17EARLYDRYTB23,17,2021-02-22,EARLYDRY,TB,2,3,116,6.49,1.4,24.3,23,20,15
17EARLYDRYTB31,17,2021-02-22,EARLYDRY,TB,3,1,87,2.72,1.2,22.1,21,24,24
17EARLYDRYTB32,17,2021-02-22,EARLYDRY,TB,3,2,82,2.57,1.1,22.2,62,75,122
17EARLYDRYTB33,17,2021-02-22,EARLYDRY,TB,3,3,109,2.78,1,22.4,17,16,24
17EARLYDRYTB41,17,2021-02-22,EARLYDRY,TB,4,1,83,2.52,0.9,22.4,43,52,84
17EARLYDRYTB42,17,2021-02-22,EARLYDRY,TB,4,2,62,2.71,0.9,22.5,28,45,50
17EARLYDRYTB43,17,2021-02-22,EARLYDRY,TB,4,3,118,2.98,0.9,22.5,23,19,36
17TRANSRB101,17,2021-01-23,TRANS,RB,10,1,88,4.86,0.2,20.4,186,212,142
17TRANSRB101,17,2021-03-19,TRANS,RB,10,1,84,3.02,0.3,24.7,186,221,283
17TRANSRB101,17,2021-04-16,TRANS,RB,10,1,113,2.87,0.4,24.5,186,165,303
17TRANSRB101,17,2021-05-22,TRANS,RB,10,1,85,2.59,0.5,24,186,218,255
17TRANSRB101,17,2021-06-22,TRANS,RB,10,1,74,2.45,0.4,29.9,186,250,296
17TRANSRB102,17,2021-01-23,TRANS,RB,10,2,86,4.95,0.2,20.7,141,165,173
17TRANSRB102,17,2021-03-19,TRANS,RB,10,2,91,3.29,0.3,25.1,141,155,164
17TRANSRB102,17,2021-04-16,TRANS,RB,10,2,86,3.11,0.4,24.4,141,164,155
17TRANSRB102,17,2021-05-22,TRANS,RB,10,2,75,2.92,0.5,24.3,141,189,216
17TRANSRB102,17,2021-06-22,TRANS,RB,10,2,82,2.42,0.4,29.8,141,171,140
17TRANSRB103,17,2021-01-23,TRANS,RB,10,3,120,5.4,0.2,21,109,91,108
17TRANSRB103,17,2021-03-19,TRANS,RB,10,3,94,3.78,0.3,25.5,109,116,119
17TRANSRB103,17,2021-04-16,TRANS,RB,10,3,65,2.96,0.4,24.5,109,168,112
17TRANSRB103,17,2021-05-22,TRANS,RB,10,3,77,2.87,0.5,24.8,109,141,136
17TRANSRB103,17,2021-06-22,TRANS,RB,10,3,118,2.55,0.4,30.1,109,92,31
17TRANSRB111,17,2021-01-24,TRANS,RB,11,1,93,4.51,0.2,21,114,123,60
17TRANSRB111,17,2021-03-20,TRANS,RB,11,1,81,3.4,0.3,20.9,114,140,50
17TRANSRB111,17,2021-04-16,TRANS,RB,11,1,91,3.03,0.4,26.2,114,125,149
17TRANSRB111,17,2021-05-22,TRANS,RB,11,1,92,4.21,0.5,26.5,114,125,169
17TRANSRB111,17,2021-06-22,TRANS,RB,11,1,104,3.2,0.5,30.4,114,110,113
17TRANSRB112,17,2021-01-24,TRANS,RB,11,2,91,4.72,0.2,20.8,89,98,107
17TRANSRB112,17,2021-03-20,TRANS,RB,11,2,86,3.56,0.3,20.3,89,103,95
17TRANSRB112,17,2021-04-16,TRANS,RB,11,2,94,3.8,0.4,27.7,89,95,77
17TRANSRB112,17,2021-05-22,TRANS,RB,11,2,103,3.37,0.5,26.3,89,86,100
17TRANSRB112,17,2021-06-22,TRANS,RB,11,2,100,2.99,0.4,30.3,89,89,57
17TRANSRB113,17,2021-01-24,TRANS,RB,11,3,81,5.04,0.2,21.3,263,324,351
17TRANSRB113,17,2021-03-20,TRANS,RB,11,3,81,3.66,0.3,20,263,326,243
17TRANSRB113,17,2021-04-16,TRANS,RB,11,3,73,3.98,0.4,28,263,362,438
17TRANSRB113,17,2021-05-22,TRANS,RB,11,3,49,3.2,0.4,26.1,263,533,446
17TRANSRB113,17,2021-06-22,TRANS,RB,11,3,83,3.47,0.4,30.5,263,318,247
17TRANSRB121,17,2021-05-24,TRANS,RB,12,1,135,1.32,2,25.9,3,2,2
17TRANSRB122,17,2021-05-24,TRANS,RB,12,2,100,1.28,1.9,25.1,11,11,9
17TRANSRB123,17,2021-05-24,TRANS,RB,12,3,94,1.44,1.7,25.5,10,11,19
17TRANSRB131,17,2021-01-23,TRANS,RB,13,1,66,4.89,0.3,20.7,95,144,17
17TRANSRB131,17,2021-03-20,TRANS,RB,13,1,69,4.09,0.3,22.9,95,138,43
17TRANSRB131,17,2021-04-17,TRANS,RB,13,1,103,3.61,0.4,26.2,95,92,69
17TRANSRB131,17,2021-05-23,TRANS,RB,13,1,65,4.62,0.7,25.7,95,147,61
17TRANSRB131,17,2021-06-22,TRANS,RB,13,1,59,2.08,0.5,29.5,95,161,75
17TRANSRB132,17,2021-01-23,TRANS,RB,13,2,42,5.12,0.3,20.9,115,272,45
17TRANSRB132,17,2021-03-20,TRANS,RB,13,2,107,4.22,0.3,23,115,107,87
17TRANSRB132,17,2021-04-17,TRANS,RB,13,2,95,3.42,0.4,26.3,115,121,98
17TRANSRB132,17,2021-05-23,TRANS,RB,13,2,87,5.02,0.7,26.4,115,133,61
17TRANSRB132,17,2021-06-22,TRANS,RB,13,2,74,2.18,0.5,29.4,115,154,68
17TRANSRB133,17,2021-01-23,TRANS,RB,13,3,87,5.3,0.3,21.1,133,152,126
17TRANSRB133,17,2021-03-20,TRANS,RB,13,3,87,4.45,0.4,23,133,153,106
17TRANSRB133,17,2021-04-17,TRANS,RB,13,3,95,3.21,0.4,26.4,133,140,135
17TRANSRB133,17,2021-05-23,TRANS,RB,13,3,74,5.29,0.7,26.6,133,179,88
17TRANSRB133,17,2021-06-22,TRANS,RB,13,3,70,2.19,0.5,29.4,133,189,47
17TRANSRB142,17,2021-05-23,TRANS,RB,14,2,134,1.3,1.5,26.4,13,10,15
17TRANSRB143,17,2021-05-23,TRANS,RB,14,3,80,1.9,1.5,26.3,23,29,31
17TRANSRB151,17,2021-05-24,TRANS,RB,15,1,114,5.48,5.7,27.4,10,9,1
17TRANSRB153,17,2021-05-24,TRANS,RB,15,3,105,4.48,4.8,27,4,4,1
17TRANSRB162,17,2021-05-24,TRANS,RB,16,2,140,4.45,4,27.2,11,8,20
17TRANSRB163,17,2021-05-24,TRANS,RB,16,3,144,5.6,4,27.3,16,11,24
17TRANSRB181,17,2021-05-23,TRANS,RB,18,1,77,4.92,0.8,26.1,24,31,23
17TRANSRB182,17,2021-05-23,TRANS,RB,18,2,61,5.24,0.8,26.2,28,46,26
17TRANSRB183,17,2021-05-23,TRANS,RB,18,3,82,5.35,0.8,26.5,18,22,14
17TRANSRB71,17,2021-05-23,TRANS,RB,7,1,149,0.3,1.8,25.1,6,4,10
17TRANSRB73,17,2021-05-23,TRANS,RB,7,3,90,0.36,1.7,25.1,45,50,90
17TRANSRB81,17,2021-01-24,TRANS,RB,8,1,72,4.05,0.3,19.8,241,333,365
17TRANSRB81,17,2021-03-20,TRANS,RB,8,1,78,3.58,0.3,22.1,241,311,379
17TRANSRB81,17,2021-04-16,TRANS,RB,8,1,69,3.77,0.4,26.9,241,349,386
17TRANSRB81,17,2021-05-23,TRANS,RB,8,1,47,3.25,0.5,24.7,241,512,403
17TRANSRB81,17,2021-06-22,TRANS,RB,8,1,135,2.15,0.5,29,241,179,392
17TRANSRB82,17,2021-01-24,TRANS,RB,8,2,63,4.41,0.2,20.2,147,232,127
17TRANSRB82,17,2021-03-20,TRANS,RB,8,2,84,4,0.3,22.2,147,174,110
17TRANSRB82,17,2021-04-17,TRANS,RB,8,2,101,3.15,0.4,25.6,147,146,96
17TRANSRB82,17,2021-05-23,TRANS,RB,8,2,61,3.03,0.5,25,147,242,220
17TRANSRB82,17,2021-06-22,TRANS,RB,8,2,87,2.61,0.4,29.4,147,169,145
17TRANSRB83,17,2021-01-24,TRANS,RB,8,3,93,4.32,0.3,20.5,178,192,234
17TRANSRB83,17,2021-03-20,TRANS,RB,8,3,53,4.41,0.3,22.6,178,337,228
17TRANSRB83,17,2021-04-17,TRANS,RB,8,3,128,3.03,0.4,25.8,178,139,227
17TRANSRB83,17,2021-05-23,TRANS,RB,8,3,125,2.76,0.5,25.1,178,142,254
17TRANSRB83,17,2021-06-22,TRANS,RB,8,3,124,2.51,0.4,29.7,178,144,227
17TRANSRB91,17,2021-01-23,TRANS,RB,9,1,112,4.71,0.2,21,113,101,121
17TRANSRB91,17,2021-03-19,TRANS,RB,9,1,105,3.7,0.3,25.7,113,108,131
17TRANSRB91,17,2021-04-16,TRANS,RB,9,1,80,2.87,0.4,25,113,142,142
17TRANSRB91,17,2021-05-22,TRANS,RB,9,1,86,4.31,0.5,25.6,113,131,138
17TRANSRB91,17,2021-06-22,TRANS,RB,9,1,92,2.28,0.4,29.4,113,123,60
17TRANSRB92,17,2021-01-23,TRANS,RB,9,2,77,4.56,0.2,21.2,112,145,131
17TRANSRB92,17,2021-03-19,TRANS,RB,9,2,90,3.53,0.3,25.9,112,124,131
17TRANSRB92,17,2021-04-16,TRANS,RB,9,2,57,2.74,0.4,25.2,112,196,136
17TRANSRB92,17,2021-05-22,TRANS,RB,9,2,82,2.87,0.5,25.4,112,136,161
17TRANSRB92,17,2021-06-22,TRANS,RB,9,2,83,2.15,0.4,29.2,112,135,154
17TRANSRB93,17,2021-01-23,TRANS,RB,9,3,78,4.85,0.2,21.4,127,162,147
17TRANSRB93,17,2021-03-19,TRANS,RB,9,3,100,3.9,0.3,26.1,127,127,113
17TRANSRB93,17,2021-04-16,TRANS,RB,9,3,77,3.16,0.4,25.8,127,164,168
17TRANSRB93,17,2021-05-22,TRANS,RB,9,3,82,2.75,0.5,25.3,127,156,182
17TRANSRB93,17,2021-06-22,TRANS,RB,9,3,85,2.05,0.4,29.5,127,149,187
17TRANSTB11,17,2021-05-24,TRANS,TB,1,1,68,5.91,6.2,27.8,5,7,0
17TRANSTB13,17,2021-05-24,TRANS,TB,1,3,62,6.14,6.4,27.2,9,15,0
17TRANSTB21,17,2021-05-25,TRANS,TB,2,1,97,5.72,7.2,25.4,20,21,8
17TRANSTB22,17,2021-05-25,TRANS,TB,2,2,93,5.75,7.6,26,2,2,0
17TRANSTB23,17,2021-05-25,TRANS,TB,2,3,158,5.74,7.8,26.3,4,3,3
17TRANSTB31,17,2021-05-24,TRANS,TB,3,1,84,6.07,5,25.3,7,8,6
17TRANSTB32,17,2021-05-24,TRANS,TB,3,2,91,6.3,5,25.3,20,22,39
17TRANSTB33,17,2021-05-24,TRANS,TB,3,3,100,6.14,4.4,25.7,44,44,7
17TRANSTB41,17,2021-05-24,TRANS,TB,4,1,70,5.7,3.8,26,27,39,32
17TRANSTB42,17,2021-05-24,TRANS,TB,4,2,64,5.64,4.1,25.8,10,16,5
17TRANSTB43,17,2021-05-24,TRANS,TB,4,3,94,5.75,3.6,26.3,11,12,8
17WETRB101,17,NA,WET,RB,10,1,77,3.68,0.2,22.7,12,16,23
17WETRB102,17,NA,WET,RB,10,2,98,4.16,0.2,22.8,18,18,36
17WETRB111,17,NA,WET,RB,11,1,78,4.11,0.2,23.6,27,35,53
17WETRB112,17,NA,WET,RB,11,2,98,3.89,0.2,23.9,10,10,14
17WETRB131,17,2020-12-16,WET,RB,13,1,78,3.58,0.2,23.2,6,8,3
17WETRB132,17,2020-12-16,WET,RB,13,2,78,3.61,0.2,23.2,19,24,26
17WETRB151,17,2020-12-18,WET,RB,15,1,98,3.83,0.2,22.4,2,2,0
17WETRB163,17,2020-12-17,WET,RB,16,3,100,3.7,0.2,22.2,4,4,7
17WETRB183,17,2020-12-16,WET,RB,18,3,113,3.84,0.2,23.9,6,5,5
17WETRB73,17,2020-12-16,WET,RB,7,3,89,3.29,0.2,23.5,10,11,9
17WETRB81,17,NA,WET,RB,8,1,91,3.88,0.2,23.5,19,21,36
17WETRB83,17,2020-12-16,WET,RB,8,3,78,3.23,0.2,23.3,16,21,24
17WETTB11,17,2020-12-18,WET,TB,1,1,87,4.4,0.3,21.7,19,22,33
17WETTB13,17,2020-12-18,WET,TB,1,3,59,4.56,0.4,20.7,17,29,6
17WETTB21,17,2020-12-17,WET,TB,2,1,98,4.32,0.3,25.1,16,16,18
17WETTB22,17,2020-12-17,WET,TB,2,2,81,5.4,0.4,24.7,46,57,15
17WETTB23,17,2020-12-17,WET,TB,2,3,94,5.59,0.4,24.8,8,8,4
17WETTB31,17,2020-12-18,WET,TB,3,1,74,5.14,0.3,21.3,5,7,0
17WETTB33,17,2020-12-18,WET,TB,3,3,95,4.41,0.2,21.9,10,11,9
17WETTB41,17,2020-12-17,WET,TB,4,1,97,3.97,0.3,23.7,9,9,8
17WETTB43,17,2020-12-17,WET,TB,4,3,112,3.89,0.3,23.7,11,10,19
18EARLYDRYRB101,18,2022-02-13,EARLYDRY,RB,10,1,72,6,0.3,20.8,95,132,27
18EARLYDRYRB102,18,2022-02-13,EARLYDRY,RB,10,2,96,6.17,0.3,21.2,5,5,8
18EARLYDRYRB122,18,2022-02-12,EARLYDRY,RB,12,2,119,3.78,0.5,19.9,9,8,14
18EARLYDRYRB123,18,2022-02-12,EARLYDRY,RB,12,3,109,3.54,0.5,19.9,13,12,20
18EARLYDRYRB132,18,2022-02-12,EARLYDRY,RB,13,2,94,4.9,0.4,21.5,7,7,6
18EARLYDRYRB141,18,2022-02-12,EARLYDRY,RB,14,1,73,3.68,0.5,21.6,9,12,8
18EARLYDRYRB142,18,2022-02-13,EARLYDRY,RB,14,2,77,4.49,0.4,20.9,8,10,15
18EARLYDRYRB153,18,2022-02-14,EARLYDRY,RB,15,3,70,4.8,0.4,20,1,1,0
18EARLYDRYRB162,18,2022-02-12,EARLYDRY,RB,16,2,131,3.62,1.1,19.4,1,1,0
18EARLYDRYRB163,18,2022-02-12,EARLYDRY,RB,16,3,117,3.54,0.8,19.5,4,3,1
18EARLYDRYRB182,18,2022-02-12,EARLYDRY,RB,18,2,78,5.27,0.4,22.5,13,17,9
18EARLYDRYRB72,18,2022-02-14,EARLYDRY,RB,7,2,97,4.87,0.3,17.4,1,1,0
18EARLYDRYRB93,18,2022-02-13,EARLYDRY,RB,9,3,97,5.34,0.3,21.4,12,12,15
18EARLYDRYTB11,18,2022-02-11,EARLYDRY,TB,1,1,79,4.75,1.9,22.4,25,32,20
18EARLYDRYTB12,18,2022-02-11,EARLYDRY,TB,1,2,61,4.95,2,22.1,14,23,19
18EARLYDRYTB13,18,2022-02-11,EARLYDRY,TB,1,3,66,3.61,2.2,22.1,20,30,18
18EARLYDRYTB21,18,2022-02-11,EARLYDRY,TB,2,1,105,4.58,1.5,23.3,24,23,10
18EARLYDRYTB22,18,2022-02-11,EARLYDRY,TB,2,2,74,4.96,1.6,22.1,9,12,6
18EARLYDRYTB23,18,2022-02-11,EARLYDRY,TB,2,3,72,4.56,1.7,22.1,18,25,13
18EARLYDRYTB31,18,2022-02-11,EARLYDRY,TB,3,1,92,3.39,1.1,20.7,23,25,19
18EARLYDRYTB32,18,2022-02-11,EARLYDRY,TB,3,2,84,3.54,1,20.9,13,15,9
18EARLYDRYTB33,18,2022-02-11,EARLYDRY,TB,3,3,60,3.05,0.9,21.1,28,46,21
18EARLYDRYTB41,18,2022-02-11,EARLYDRY,TB,4,1,82,2.94,0.8,21.5,10,12,7
18EARLYDRYTB42,18,2022-02-11,EARLYDRY,TB,4,2,78,3.12,0.8,21.9,23,29,27
18EARLYDRYTB43,18,2022-02-11,EARLYDRY,TB,4,3,58,3.11,0.8,22,72,125,80
18LATEDRYRB101,18,2022-05-04,LATEDRY,RB,10,1,90,3.5,0.3,26.6,19,21,16
18LATEDRYRB111,18,2022-05-04,LATEDRY,RB,11,1,112,3.56,0.3,27.5,56,50,5
18LATEDRYRB112,18,2022-05-04,LATEDRY,RB,11,2,120,3.62,0.3,28.1,11,9,9
18LATEDRYRB113,18,2022-05-04,LATEDRY,RB,11,3,107,4.25,0.3,29.5,16,15,17
18LATEDRYRB122,18,2022-05-06,LATEDRY,RB,12,2,120,1.35,0.6,26.4,6,5,5
18LATEDRYRB131,18,2022-05-05,LATEDRY,RB,13,1,85,3.2,0.3,27.8,9,11,7
18LATEDRYRB132,18,2022-05-05,LATEDRY,RB,13,2,95,3.59,0.3,27.8,13,14,18
18LATEDRYRB133,18,2022-05-05,LATEDRY,RB,13,3,89,3.78,0.3,28.2,16,18,17
18LATEDRYRB141,18,2022-05-05,LATEDRY,RB,14,1,90,2.2,0.5,26.3,8,9,5
18LATEDRYRB142,18,2022-05-05,LATEDRY,RB,14,2,65,2.01,0.5,26.2,16,25,18
18LATEDRYRB143,18,2022-05-05,LATEDRY,RB,14,3,66,2.45,0.5,26.3,16,24,6
18LATEDRYRB152,18,2022-05-05,LATEDRY,RB,15,2,126,1.58,2.3,28.9,1,1,0
18LATEDRYRB161,18,2022-05-06,LATEDRY,RB,16,1,88,1.68,1.9,26.9,29,33,15
18LATEDRYRB181,18,2022-05-05,LATEDRY,RB,18,1,115,3.35,0.4,26.6,16,14,3
18LATEDRYRB182,18,2022-05-05,LATEDRY,RB,18,2,86,3.55,0.4,26.8,62,73,2
18LATEDRYRB183,18,2022-05-05,LATEDRY,RB,18,3,108,3.6,0.4,27.4,14,13,13
18LATEDRYRB71,18,2022-05-05,LATEDRY,RB,7,1,140,2.04,0.5,26.6,16,11,22
18LATEDRYRB81,18,2022-05-04,LATEDRY,RB,8,1,70,3.35,0.3,26.4,6,9,5
18LATEDRYRB82,18,2022-05-04,LATEDRY,RB,8,2,70,3.57,0.3,26.7,10,14,7
18LATEDRYRB83,18,2022-05-04,LATEDRY,RB,8,3,100,3.7,0.3,26.5,7,7,4
18LATEDRYRB92,18,2022-05-04,LATEDRY,RB,9,2,103,3.45,0.3,26.9,11,11,10
18LATEDRYRB93,18,2022-05-04,LATEDRY,RB,9,3,109,3.64,0.3,27.3,4,4,2
18LATEDRYTB11,18,2022-05-07,LATEDRY,TB,1,1,80,3.76,5.4,29.8,11,14,9
18LATEDRYTB12,18,2022-05-07,LATEDRY,TB,1,2,74,3.58,5.4,29.6,11,15,6
18LATEDRYTB13,18,2022-05-07,LATEDRY,TB,1,3,85,3.45,5.4,29.8,9,11,11
18LATEDRYTB21,18,2022-05-06,LATEDRY,TB,2,1,72,5.03,5.3,31.6,1,1,0
18LATEDRYTB22,18,2022-05-06,LATEDRY,TB,2,2,85,4.87,5.6,31.2,2,2,1
18LATEDRYTB23,18,2022-05-07,LATEDRY,TB,2,3,96,4.44,5.3,29.5,14,15,4
18LATEDRYTB31,18,2022-05-06,LATEDRY,TB,3,1,99,5.54,4.7,30.8,2,2,1
18LATEDRYTB32,18,2022-05-06,LATEDRY,TB,3,2,111,5.25,3.7,30.5,3,3,1
18LATEDRYTB33,18,2022-05-06,LATEDRY,TB,3,3,94,5.01,3.8,30.6,1,1,0
18LATEDRYTB41,18,2022-05-06,LATEDRY,TB,4,1,115,3.92,1.9,29.8,11,10,7
18LATEDRYTB42,18,2022-05-06,LATEDRY,TB,4,2,130,4.05,1.8,30,22,17,9
18LATEDRYTB43,18,2022-05-06,LATEDRY,TB,4,3,80,4.1,1.8,30,9,11,4
18TRANSRB101,18,2022-01-16,TRANS,RB,10,1,60,5.42,0.3,18.9,84,140,55
18TRANSRB101,18,2022-03-12,TRANS,RB,10,1,97,3.62,0.3,26.6,84,86,30
18TRANSRB101,18,2022-04-09,TRANS,RB,10,1,50,3.77,0.3,22.5,84,169,59
18TRANSRB101,18,2022-06-10,TRANS,RB,10,1,131,NA,0.2,28.8,84,64,11
18TRANSRB102,18,2022-01-16,TRANS,RB,10,2,107,5.69,0.3,19.1,36,34,40
18TRANSRB102,18,2022-03-12,TRANS,RB,10,2,99,4.16,0.3,26.9,36,37,23
18TRANSRB102,18,2022-04-09,TRANS,RB,10,2,NA,NA,NA,NA,36,NA,4
18TRANSRB102,18,2022-04-10,TRANS,RB,10,2,69,NA,0.3,21.3,36,52,50
18TRANSRB102,18,2022-06-10,TRANS,RB,10,2,123,NA,0.2,29,36,29,6
18TRANSRB103,18,2022-01-16,TRANS,RB,10,3,91,5.5,0.3,19.1,33,36,11
18TRANSRB103,18,2022-03-12,TRANS,RB,10,3,118,4.44,0.3,27.2,33,28,9
18TRANSRB103,18,2022-04-10,TRANS,RB,10,3,109,NA,0.3,21.8,33,30,17
18TRANSRB103,18,2022-06-10,TRANS,RB,10,3,107,NA,0.2,29.3,33,31,2
18TRANSRB111,18,2022-01-15,TRANS,RB,11,1,104,6.09,0.3,18.8,17,16,1
18TRANSRB111,18,2022-03-12,TRANS,RB,11,1,110,2.96,0.3,25.9,17,15,5
18TRANSRB111,18,2022-04-09,TRANS,RB,11,1,76,NA,0.3,23.7,17,22,3
18TRANSRB111,18,2022-06-10,TRANS,RB,11,1,127,NA,0.2,29,17,13,2
18TRANSRB112,18,2022-01-15,TRANS,RB,11,2,97,6.85,0.3,19.1,19,20,8
18TRANSRB112,18,2022-03-12,TRANS,RB,11,2,90,3.5,0.3,26.2,19,21,10
18TRANSRB112,18,2022-04-09,TRANS,RB,11,2,97,5.5,0.3,24.6,19,20,7
18TRANSRB112,18,2022-06-10,TRANS,RB,11,2,96,NA,0.2,29.4,19,20,5
18TRANSRB113,18,2022-01-15,TRANS,RB,11,3,86,6.41,0.3,19.5,48,56,12
18TRANSRB113,18,2022-03-12,TRANS,RB,11,3,97,3.5,0.3,26,48,50,30
18TRANSRB113,18,2022-04-09,TRANS,RB,11,3,71,NA,0.3,25,48,68,26
18TRANSRB113,18,2022-06-10,TRANS,RB,11,3,109,NA,0.2,29.8,48,44,39
18TRANSRB131,18,2022-01-15,TRANS,RB,13,1,77,5.21,0.3,18.4,55,71,4
18TRANSRB131,18,2022-03-13,TRANS,RB,13,1,47,3.55,0.4,20.5,55,118,68
18TRANSRB131,18,2022-04-10,TRANS,RB,13,1,72,NA,0.3,20.8,55,76,65
18TRANSRB131,18,2022-06-10,TRANS,RB,13,1,44,2.32,0.2,27.7,55,126,4
18TRANSRB132,18,2022-01-15,TRANS,RB,13,2,79,5.29,0.3,18.4,72,91,60
18TRANSRB132,18,2022-03-13,TRANS,RB,13,2,100,4.11,0.4,19.8,72,72,36
18TRANSRB132,18,2022-04-10,TRANS,RB,13,2,43,NA,0.3,20.5,72,167,48
18TRANSRB132,18,2022-06-10,TRANS,RB,13,2,74,2.39,0.2,27.7,72,97,10
18TRANSRB133,18,2022-01-15,TRANS,RB,13,3,86,5.42,0.3,18.5,62,72,46
18TRANSRB133,18,2022-03-13,TRANS,RB,13,3,56,4.23,0.4,19.9,62,111,48
18TRANSRB133,18,2022-04-10,TRANS,RB,13,3,97,NA,0.3,20.2,62,64,33
18TRANSRB133,18,2022-06-10,TRANS,RB,13,3,56,2.95,0.2,27.8,62,110,14
18TRANSRB81,18,2022-01-15,TRANS,RB,8,1,60,5.6,0.3,17.8,48,80,20
18TRANSRB81,18,2022-03-12,TRANS,RB,8,1,97,5.15,0.3,26.9,48,49,25
18TRANSRB81,18,2022-04-10,TRANS,RB,8,1,44,NA,0.3,20.2,48,109,19
18TRANSRB81,18,2022-06-11,TRANS,RB,8,1,83,NA,0.2,27.6,48,58,25
18TRANSRB82,18,2022-01-12,TRANS,RB,8,2,92,5.41,0.3,18,66,72,1
18TRANSRB82,18,2022-01-13,TRANS,RB,8,2,92,5.41,0.3,18,66,72,2
18TRANSRB82,18,2022-01-14,TRANS,RB,8,2,92,5.41,0.3,18,66,72,2
18TRANSRB82,18,2022-01-15,TRANS,RB,8,2,92,5.41,0.3,18,66,72,6
18TRANSRB82,18,2022-03-12,TRANS,RB,8,2,93,4.78,0.3,26.9,66,71,24
18TRANSRB82,18,2022-04-10,TRANS,RB,8,2,89,NA,0.3,20.2,66,74,27
18TRANSRB82,18,2022-06-11,TRANS,RB,8,2,103,NA,0.2,27.3,66,64,22
18TRANSRB83,18,2022-01-15,TRANS,RB,8,3,82,5.72,0.3,18.3,32,39,18
18TRANSRB83,18,2022-03-12,TRANS,RB,8,3,96,5.07,0.3,26.5,32,33,24
18TRANSRB83,18,2022-04-10,TRANS,RB,8,3,60,NA,0.3,20.2,32,53,10
18TRANSRB83,18,2022-06-11,TRANS,RB,8,3,111,NA,0.2,27.6,32,29,2
18TRANSRB91,18,2022-01-16,TRANS,RB,9,1,99,5.3,0.3,19.9,49,49,19
18TRANSRB91,18,2022-03-12,TRANS,RB,9,1,100,3.4,0.3,26.6,49,49,31
18TRANSRB91,18,2022-04-09,TRANS,RB,9,1,83,3.98,0.3,23.1,49,59,14
18TRANSRB91,18,2022-06-10,TRANS,RB,9,1,122,3.07,0.2,28.6,49,40,10
18TRANSRB92,18,2022-01-16,TRANS,RB,9,2,93,5.17,0.3,19.3,12,13,6
18TRANSRB92,18,2022-03-12,TRANS,RB,9,2,102,3.5,0.3,26.7,12,12,8
18TRANSRB92,18,2022-04-09,TRANS,RB,9,2,67,NA,0.3,23.4,12,18,8
18TRANSRB92,18,2022-06-10,TRANS,RB,9,2,98,2.83,0.2,28.8,12,12,3
18TRANSRB93,18,2022-01-16,TRANS,RB,9,3,86,5.07,0.3,19.5,26,30,21
18TRANSRB93,18,2022-01-16,TRANS,RB,9,3,93,5.07,0.3,19.5,26,28,0
18TRANSRB93,18,2022-03-12,TRANS,RB,9,3,106,3.74,0.3,26.9,26,25,20
18TRANSRB93,18,2022-04-09,TRANS,RB,9,3,70,NA,0.3,23.7,26,37,15
18TRANSRB93,18,2022-06-10,TRANS,RB,9,3,73,NA,0.2,29,26,36,12
18WETRB101,18,2021-12-10,WET,RB,10,1,96,3.48,0.3,23.5,9,9,8
18WETRB112,18,2021-12-09,WET,RB,11,2,98,3.65,0.3,23.9,10,10,14
18WETRB121,18,2021-12-11,WET,RB,12,1,135,3.28,0.3,22.1,10,7,9
18WETRB122,18,2021-12-11,WET,RB,12,2,155,3.31,0.3,22.2,9,6,13
18WETRB123,18,2021-12-11,WET,RB,12,3,163,3.22,0.3,22.3,9,6,7
18WETRB132,18,2021-12-09,WET,RB,13,2,90,3.79,0.3,24.3,5,6,3
18WETRB133,18,2021-12-09,WET,RB,13,3,75,3.75,0.3,24.4,12,16,9
18WETRB142,18,2021-12-10,WET,RB,14,2,79,3.46,0.3,23.6,5,6,4
18WETRB153,18,2021-12-11,WET,RB,15,3,119,3.25,0.3,24.4,6,5,5
18WETRB161,18,2021-12-11,WET,RB,16,1,127,3.24,0.4,23.4,40,31,15
18WETRB181,18,2021-12-10,WET,RB,18,1,119,3.88,0.3,24.9,4,3,3
18WETRB82,18,2021-12-09,WET,RB,8,2,81,3.29,0.3,23.9,5,6,4
18WETRB83,18,2021-12-09,WET,RB,8,3,64,3.52,0.3,24,5,8,8
18WETRB93,18,2021-12-10,WET,RB,9,3,300,3.2,0.3,34.3,5,2,9
18WETTB11,18,2021-12-11,WET,TB,1,1,56,4.25,0.5,25,14,25,20
18WETTB12,18,2021-12-11,WET,TB,1,2,48,4.74,0.8,25,12,25,8
18WETTB13,18,2021-12-11,WET,TB,1,3,60,4.3,0.8,24.1,15,25,7
18WETTB21,18,2021-12-11,WET,TB,2,1,112,4.93,0.6,25.3,24,21,20
18WETTB22,18,2021-12-11,WET,TB,2,2,82,5.4,0.7,25.6,23,28,12
18WETTB23,18,2021-12-11,WET,TB,2,3,105,5.15,0.7,25.6,34,32,41
18WETTB31,18,2021-12-12,WET,TB,3,1,86,3.84,0.5,23.9,21,24,16
18WETTB32,18,2021-12-12,WET,TB,3,2,90,3.46,0.4,23.8,17,19,14
18WETTB33,18,2021-12-12,WET,TB,3,3,95,3.85,0.4,24.2,23,24,17
18WETTB41,18,2021-12-12,WET,TB,4,1,68,3.75,0.4,24.3,15,22,23
18WETTB42,18,2021-12-12,WET,TB,4,2,78,3.5,0.4,24.3,6,8,5
18WETTB43,18,2021-12-12,WET,TB,4,3,83,3.73,0.4,24.8,10,12,8
19EARLYDRYRB101,19,2023-02-10,EARLYDRY,RB,10,1,124,3.42,0.3,23.8,9,7,7
19EARLYDRYRB102,19,2023-02-10,EARLYDRY,RB,10,2,103,4.31,0.3,24.1,4,4,3
19EARLYDRYRB103,19,2023-02-10,EARLYDRY,RB,10,3,112,4.75,0.3,24.4,18,16,17
19EARLYDRYRB111,19,2023-02-10,EARLYDRY,RB,11,1,120,5.19,0.3,25.1,8,7,5
19EARLYDRYRB113,19,2023-02-10,EARLYDRY,RB,11,3,103,5.98,0.3,26.1,15,15,26
19EARLYDRYRB121,19,2023-02-11,EARLYDRY,RB,12,1,102,3.2,0.3,23.1,11,11,10
19EARLYDRYRB122,19,2023-02-11,EARLYDRY,RB,12,2,92,3.44,0.3,23,19,21,18
19EARLYDRYRB123,19,2023-02-11,EARLYDRY,RB,12,3,105,3.77,0.3,23.2,12,11,17
19EARLYDRYRB142,19,2023-02-13,EARLYDRY,RB,14,2,69,4.52,0.3,22.6,41,59,6
19EARLYDRYRB151,19,2023-02-11,EARLYDRY,RB,15,1,125,2.92,0.4,25,8,6,13
19EARLYDRYRB152,19,2023-02-11,EARLYDRY,RB,15,2,106,3.16,0.4,25,13,12,6
19EARLYDRYRB161,19,2023-02-11,EARLYDRY,RB,16,1,120,2.98,1,24.3,4,3,8
19EARLYDRYRB162,19,2023-02-11,EARLYDRY,RB,16,2,114,3.45,0.9,24.2,7,6,12
19EARLYDRYRB182,19,2023-02-12,EARLYDRY,RB,18,2,101,5,0.3,24.4,9,9,8
19EARLYDRYRB71,19,2023-02-12,EARLYDRY,RB,7,1,99,2.75,0.4,23.3,12,12,11
19EARLYDRYRB72,19,2023-02-12,EARLYDRY,RB,7,2,93,2.78,0.3,23,4,4,2
19EARLYDRYRB73,19,2023-02-12,EARLYDRY,RB,7,3,71,3.05,0.3,22.9,17,24,32
19EARLYDRYRB82,19,2023-02-10,EARLYDRY,RB,8,2,85,4.86,0.3,25,8,9,7
19EARLYDRYRB91,19,2023-02-10,EARLYDRY,RB,9,1,120,3.66,0.3,22.9,7,6,0
19EARLYDRYRB92,19,2023-02-10,EARLYDRY,RB,9,2,78,3.93,0.3,23,9,12,8
19EARLYDRYRB93,19,2023-02-10,EARLYDRY,RB,9,3,119,3.94,0.3,23.2,8,7,4
19EARLYDRYTB11,19,2023-02-13,EARLYDRY,TB,1,1,58,5.23,1.1,23.3,11,19,7
19EARLYDRYTB12,19,2023-02-13,EARLYDRY,TB,1,2,99,6,1.9,22.8,18,18,23
19EARLYDRYTB13,19,2023-02-13,EARLYDRY,TB,1,3,65,5.4,1.9,21.7,19,29,23
19EARLYDRYTB21,19,2023-02-13,EARLYDRY,TB,2,1,108,5.86,2.1,23.3,27,25,8
19EARLYDRYTB22,19,2023-02-13,EARLYDRY,TB,2,2,89,5.99,2.2,23.3,2,2,0
19EARLYDRYTB23,19,2023-02-13,EARLYDRY,TB,2,3,74,6.57,2.1,23.1,15,20,14
19EARLYDRYTB31,19,2023-02-12,EARLYDRY,TB,3,1,72,5,1.9,25,10,14,2
19EARLYDRYTB33,19,2023-02-12,EARLYDRY,TB,3,3,94,5.19,1.3,24.9,29,31,4
19EARLYDRYTB41,19,2023-02-12,EARLYDRY,TB,4,1,84,4.64,1,24.8,12,14,2
19EARLYDRYTB42,19,2023-02-12,EARLYDRY,TB,4,2,96,4.21,0.8,24.7,34,35,4
19EARLYDRYTB43,19,2023-02-12,EARLYDRY,TB,4,3,98,3.92,0.7,24.6,9,9,5
19LATEDRYRB101,19,2023-05-06,LATEDRY,RB,10,1,88,3.1,0.3,26.9,35,40,26
19LATEDRYRB102,19,2023-05-06,LATEDRY,RB,10,2,90,4.1,0.3,27.6,12,13,11
19LATEDRYRB111,19,2023-05-06,LATEDRY,RB,11,1,100,3.3,0.3,27.2,14,14,20
19LATEDRYRB112,19,2023-05-06,LATEDRY,RB,11,2,103,3.5,0.3,27.6,10,10,8
19LATEDRYRB113,19,2023-05-06,LATEDRY,RB,11,3,96,3.5,0.3,27.2,24,25,25
19LATEDRYRB121,19,2023-05-24,LATEDRY,RB,12,1,133,2.24,0.4,25.5,12,9,17
19LATEDRYRB122,19,2023-05-24,LATEDRY,RB,12,2,101,2.5,0.4,25.5,11,11,6
19LATEDRYRB123,19,2023-05-24,LATEDRY,RB,12,3,103,2.42,0.3,25.3,10,10,9
19LATEDRYRB131,19,2023-05-06,LATEDRY,RB,13,1,88,4.8,0.3,26.1,21,24,16
19LATEDRYRB131,19,2023-05-23,LATEDRY,RB,13,1,103,3.17,0.3,27.7,21,20,24
19LATEDRYRB132,19,2023-05-06,LATEDRY,RB,13,2,110,3.2,0.3,26,32,29,11
19LATEDRYRB132,19,2023-05-23,LATEDRY,RB,13,2,90,3.53,0.3,28.1,32,36,20
19LATEDRYRB133,19,2023-05-06,LATEDRY,RB,13,3,85,3.5,0.3,26.2,34,40,14
19LATEDRYRB133,19,2023-05-23,LATEDRY,RB,13,3,90,3.1,0.3,28.3,34,38,23
19LATEDRYRB142,19,2023-05-23,LATEDRY,RB,14,2,91,4.17,0.3,29.1,13,14,17
19LATEDRYRB143,19,2023-05-23,LATEDRY,RB,14,3,94,4.25,0.3,28.7,11,12,7
19LATEDRYRB151,19,2023-05-24,LATEDRY,RB,15,1,104,1.96,0.8,28,2,2,1
19LATEDRYRB152,19,2023-05-24,LATEDRY,RB,15,2,122,2.13,0.5,28.2,6,5,5
19LATEDRYRB153,19,2023-05-24,LATEDRY,RB,15,3,102,2.28,0.4,28.3,8,8,6
19LATEDRYRB161,19,2023-05-24,LATEDRY,RB,16,1,104,1.84,2.1,26.6,4,4,1
19LATEDRYRB163,19,2023-05-24,LATEDRY,RB,16,3,108,2.38,1,27,6,6,4
19LATEDRYRB181,19,2023-05-23,LATEDRY,RB,18,1,105,4.03,0.3,28.2,10,10,4
19LATEDRYRB182,19,2023-05-23,LATEDRY,RB,18,2,109,4.19,0.3,29,8,7,11
19LATEDRYRB183,19,2023-05-23,LATEDRY,RB,18,3,96,3.69,0.3,28.8,19,20,16
19LATEDRYRB71,19,2023-05-23,LATEDRY,RB,7,1,96,3.53,0.3,26.8,10,10,8
19LATEDRYRB73,19,2023-05-23,LATEDRY,RB,7,3,98,3.49,0.3,26.6,15,15,18
19LATEDRYRB91,19,2023-05-06,LATEDRY,RB,9,1,82,3.3,0.3,25.9,10,12,13
19LATEDRYRB92,19,2023-05-06,LATEDRY,RB,9,2,100,3.4,0.3,25.1,8,8,7
19LATEDRYRB93,19,2023-05-06,LATEDRY,RB,9,3,99,3.4,0.3,26.5,11,11,9
19TRANSRB101,19,2023-01-17,TRANS,RB,10,1,78,6.4,0.3,15.8,60,77,33
19TRANSRB101,19,2023-03-11,TRANS,RB,10,1,92,3.33,0.3,23.2,60,66,32
19TRANSRB101,19,2023-04-14,TRANS,RB,10,1,100,3.3,0.3,26.5,60,60,68
19TRANSRB101,19,2023-06-05,TRANS,RB,10,1,95,2.49,0.2,27.4,60,63,20
19TRANSRB102,19,2023-01-17,TRANS,RB,10,2,97,6.74,0.3,16.5,31,32,14
19TRANSRB102,19,2023-03-11,TRANS,RB,10,2,93,3.38,0.3,23.4,31,33,18
19TRANSRB102,19,2023-04-14,TRANS,RB,10,2,99,3.76,0.3,26.9,31,31,25
19TRANSRB102,19,2023-06-05,TRANS,RB,10,2,99,2.5,0.2,27.4,31,31,19
19TRANSRB103,19,2023-01-17,TRANS,RB,10,3,116,6.86,0.3,16.9,25,22,14
19TRANSRB103,19,2023-03-11,TRANS,RB,10,3,107,3.89,0.3,23.5,25,23,18
19TRANSRB103,19,2023-04-14,TRANS,RB,10,3,100,4.45,0.3,27.7,25,25,21
19TRANSRB103,19,2023-06-05,TRANS,RB,10,3,101,2.45,0.2,27.3,25,25,12
19TRANSRB111,19,2023-01-16,TRANS,RB,11,1,81,7.98,0.2,14.6,37,46,14
19TRANSRB111,19,2023-03-12,TRANS,RB,11,1,99,3.27,0.3,23.5,37,37,36
19TRANSRB111,19,2023-04-14,TRANS,RB,11,1,101,3.15,0.3,25.7,37,37,23
19TRANSRB111,19,2023-04-14,TRANS,RB,11,1,111,3.02,0.3,24.8,37,33,24
19TRANSRB111,19,2023-06-05,TRANS,RB,11,1,109,2.11,0.2,27.7,37,34,13
19TRANSRB112,19,2023-01-16,TRANS,RB,11,2,94,8.21,0.2,15.3,57,60,25
19TRANSRB112,19,2023-03-12,TRANS,RB,11,2,103,3.17,0.3,23.3,57,55,58
19TRANSRB112,19,2023-04-14,TRANS,RB,11,2,82,3.4,0.3,25,57,69,70
19TRANSRB112,19,2023-04-14,TRANS,RB,11,2,102,3.32,0.3,25.9,57,56,21
19TRANSRB112,19,2023-06-05,TRANS,RB,11,2,100,2.2,0.2,27.4,57,57,24
19TRANSRB113,19,2023-01-16,TRANS,RB,11,3,94,8.72,0.2,16.1,55,58,25
19TRANSRB113,19,2023-03-12,TRANS,RB,11,3,93,3.26,0.3,23.1,55,59,54
19TRANSRB113,19,2023-04-14,TRANS,RB,11,3,101,3.58,0.3,26.4,55,54,41
19TRANSRB113,19,2023-04-14,TRANS,RB,11,3,105,3.36,0.3,25.2,55,52,35
19TRANSRB113,19,2023-06-05,TRANS,RB,11,3,94,2.63,0.2,27.8,55,58,8
19TRANSRB131,19,2023-01-16,TRANS,RB,13,1,55,7.38,0.3,14.7,37,67,50
19TRANSRB131,19,2023-03-12,TRANS,RB,13,1,78,3.93,0.3,24,37,48,59
19TRANSRB131,19,2023-04-14,TRANS,RB,13,1,77,4.29,0.4,27.1,37,48,31
19TRANSRB131,19,2023-06-05,TRANS,RB,13,1,96,2.76,0.2,28.9,37,39,2
19TRANSRB132,19,2023-01-16,TRANS,RB,13,2,90,7.7,0.3,14.7,46,51,16
19TRANSRB132,19,2023-03-12,TRANS,RB,13,2,94,3.94,0.3,24.1,46,49,20
19TRANSRB132,19,2023-04-14,TRANS,RB,13,2,105,4.44,0.4,26.3,46,44,37
19TRANSRB132,19,2023-06-05,TRANS,RB,13,2,90,3,0.2,29.2,46,51,4
19TRANSRB133,19,2023-01-16,TRANS,RB,13,3,106,7.36,0.3,14.6,41,39,18
19TRANSRB133,19,2023-03-12,TRANS,RB,13,3,93,3.98,0.3,23.9,41,44,28
19TRANSRB133,19,2023-04-14,TRANS,RB,13,3,96,4.21,0.4,26.3,41,43,26
19TRANSRB133,19,2023-06-05,TRANS,RB,13,3,NA,2.98,0.2,29,41,NA,18
19TRANSRB81,19,2023-01-16,TRANS,RB,8,1,89,7.13,0.3,13.7,35,39,9
19TRANSRB81,19,2023-03-11,TRANS,RB,8,1,83,4.09,0.3,24.7,35,42,9
19TRANSRB81,19,2023-03-12,TRANS,RB,8,1,83,4.09,0.3,24.7,35,42,12
19TRANSRB81,19,2023-04-15,TRANS,RB,8,1,100,2.7,0.3,26.3,35,35,12
19TRANSRB81,19,2023-06-05,TRANS,RB,8,1,94,2.34,0.2,28.1,35,37,10
19TRANSRB82,19,2023-01-16,TRANS,RB,8,2,97,7.54,0.3,13.8,32,33,7
19TRANSRB82,19,2023-03-12,TRANS,RB,8,2,106,4.54,0.3,24.6,32,30,10
19TRANSRB82,19,2023-04-15,TRANS,RB,8,2,95,3.91,0.3,26.8,32,34,29
19TRANSRB82,19,2023-06-05,TRANS,RB,8,2,100,2.54,0.2,28.2,32,32,7
19TRANSRB83,19,2023-01-16,TRANS,RB,8,3,100,7.36,0.2,13.9,41,41,28
19TRANSRB83,19,2023-03-12,TRANS,RB,8,3,123,4.42,0.3,24.4,41,33,22
19TRANSRB83,19,2023-04-15,TRANS,RB,8,3,92,3.88,0.3,26.7,41,45,33
19TRANSRB83,19,2023-06-05,TRANS,RB,8,3,99,2.44,0.2,28.4,41,41,9
19TRANSRB91,19,2023-01-17,TRANS,RB,9,1,90,6.3,0.3,14.9,10,11,6
19TRANSRB91,19,2023-03-11,TRANS,RB,9,1,102,3.76,0.3,23.4,10,10,5
19TRANSRB91,19,2023-06-05,TRANS,RB,9,1,104,2.42,0.2,27,10,10,2
19TRANSRB92,19,2023-01-17,TRANS,RB,9,2,91,6.42,0.3,15.1,22,24,18
19TRANSRB92,19,2023-03-11,TRANS,RB,9,2,97,3.9,0.3,23.7,22,23,26
19TRANSRB92,19,2023-06-05,TRANS,RB,9,2,100,2.25,0.2,27,22,22,3
19TRANSRB93,19,2023-01-17,TRANS,RB,9,3,94,6.55,0.3,15.2,24,26,20
19TRANSRB93,19,2023-03-11,TRANS,RB,9,3,107,4.09,0.3,24.3,24,22,25
19TRANSRB93,19,2023-06-05,TRANS,RB,9,3,102,2.5,0.2,27.2,24,24,4
19WETRB102,19,2022-12-09,WET,RB,10,2,101,3.8,0.2,24.2,8,8,4
19WETRB111,19,2022-12-09,WET,RB,11,1,104,4,0.2,22.8,6,6,3
19WETRB113,19,2022-12-09,WET,RB,11,3,116,3.9,0.2,23.2,4,3,7
19WETRB121,19,2022-12-10,WET,RB,12,1,107,3.5,0.3,21.6,8,7,6
19WETRB132,19,2022-12-09,WET,RB,13,2,84,4.3,0.2,23.3,12,14,10
19WETRB133,19,2022-12-09,WET,RB,13,3,74,4.2,0.2,23.1,12,16,11
19WETRB143,19,2022-12-08,WET,RB,14,3,109,4.2,0.3,24.1,8,7,15
19WETRB171,19,2022-12-08,WET,RB,17,1,96,4.5,0.3,24.2,8,8,11
19WETRB173,19,2022-12-08,WET,RB,17,3,89,4.1,0.3,23.9,27,30,7
19WETRB72,19,2022-12-10,WET,RB,7,2,125,2.9,0.3,21.9,9,7,14
19WETRB81,19,2022-12-10,WET,RB,8,1,81,3.5,0.2,23.1,2,2,1
19WETRB82,19,2022-12-10,WET,RB,8,2,95,3.5,0.2,23,5,5,3
19WETRB92,19,2022-12-09,WET,RB,9,2,107,4.1,0.2,23,7,7,6
19WETTB11,19,2022-12-10,WET,TB,1,1,71,4.5,0.7,23.3,12,17,11
19WETTB12,19,2022-12-10,WET,TB,1,2,74,4.3,0.9,23.3,21,29,28
19WETTB13,19,2022-12-10,WET,TB,1,3,68,4.6,0.9,22.6,19,28,23
19WETTB21,19,2022-12-11,WET,TB,2,1,95,3.6,0.7,23.2,11,12,10
19WETTB22,19,2022-12-11,WET,TB,2,2,53,4.7,0.8,23.7,30,57,14
19WETTB23,19,2022-12-11,WET,TB,2,3,70,4.9,0.8,23.6,11,16,9
19WETTB31,19,2022-12-10,WET,TB,3,1,98,4.7,0.6,24.2,114,117,22
19WETTB32,19,2022-12-10,WET,TB,3,2,100,4,0.4,23.6,75,75,7
19WETTB33,19,2022-12-10,WET,TB,3,3,116,4,0.4,23.7,48,41,4
19WETTB41,19,2022-12-10,WET,TB,4,1,106,4,0.4,24.1,9,8,8
19WETTB42,19,2022-12-10,WET,TB,4,2,94,3.8,0.4,24.2,6,6,4
19WETTB43,19,2022-12-10,WET,TB,4,3,111,4.4,0.4,23,9,8,15
1EARLYDRYRB101,1,2005-02-23,EARLYDRY,RB,10,1,100,3.63,0.5,21.5,103,103,49
1EARLYDRYRB101,1,2005-03-08,EARLYDRY,RB,10,1,120,4.6,0.5,20.7,103,86,87
1EARLYDRYRB102,1,2005-02-23,EARLYDRY,RB,10,2,100,3.68,0.4,21.6,85,85,51
1EARLYDRYRB102,1,2005-03-08,EARLYDRY,RB,10,2,123,5.3,0.6,20.9,85,69,77
1EARLYDRYRB103,1,2005-02-23,EARLYDRY,RB,10,3,100,3.55,0.4,21.5,75,75,50
1EARLYDRYRB103,1,2005-03-08,EARLYDRY,RB,10,3,126,5.69,0.6,21.1,75,60,50
1EARLYDRYRB111,1,2005-02-22,EARLYDRY,RB,11,1,100,3.66,0.4,20.8,33,33,18
1EARLYDRYRB111,1,2005-03-08,EARLYDRY,RB,11,1,129,3.64,0.5,21,33,26,31
1EARLYDRYRB112,1,2005-02-22,EARLYDRY,RB,11,2,100,3.85,0.4,20.6,302,302,64
1EARLYDRYRB112,1,2005-03-07,EARLYDRY,RB,11,2,94,7.02,0.5,20.9,302,321,256
1EARLYDRYRB113,1,2005-02-22,EARLYDRY,RB,11,3,100,3.94,0.4,20.5,172,172,146
1EARLYDRYRB113,1,2005-03-07,EARLYDRY,RB,11,3,61,3.6,0.4,21.3,172,282,147
1EARLYDRYRB121,1,2005-02-23,EARLYDRY,RB,12,1,100,1.93,0.9,20.1,23,23,17
1EARLYDRYRB121,1,2005-03-08,EARLYDRY,RB,12,1,60,1.92,1.2,20,23,38,22
1EARLYDRYRB122,1,2005-02-23,EARLYDRY,RB,12,2,100,2.08,0.8,20.1,37,37,25
1EARLYDRYRB122,1,2005-03-08,EARLYDRY,RB,12,2,91,2.27,1.1,20,37,41,33
1EARLYDRYRB123,1,2005-02-23,EARLYDRY,RB,12,3,100,2.25,0.7,20,22,22,13
1EARLYDRYRB123,1,2005-03-08,EARLYDRY,RB,12,3,93,2.59,0.9,20,22,24,20
1EARLYDRYRB71,1,2005-02-22,EARLYDRY,RB,7,1,100,0.51,1.1,21.6,70,70,68
1EARLYDRYRB71,1,2005-03-07,EARLYDRY,RB,7,1,75,0.18,1.4,21.4,70,93,68
1EARLYDRYRB72,1,2005-02-22,EARLYDRY,RB,7,2,100,0.94,1.1,21.5,117,117,116
1EARLYDRYRB72,1,2005-03-07,EARLYDRY,RB,7,2,111,0.2,1.3,21.3,117,105,115
1EARLYDRYRB73,1,2005-02-22,EARLYDRY,RB,7,3,100,1.27,1,21.5,42,42,40
1EARLYDRYRB73,1,2005-03-07,EARLYDRY,RB,7,3,95,0.03,1.4,21,42,44,40
1EARLYDRYRB81,1,2005-02-22,EARLYDRY,RB,8,1,100,5.04,0.5,22.4,78,78,34
1EARLYDRYRB81,1,2005-03-08,EARLYDRY,RB,8,1,159,6.38,0.6,20.7,78,49,72
1EARLYDRYRB82,1,2005-02-22,EARLYDRY,RB,8,2,100,5.65,0.6,22.3,114,114,67
1EARLYDRYRB82,1,2005-03-08,EARLYDRY,RB,8,2,84,6.71,0.6,20.7,114,136,89
1EARLYDRYRB83,1,2005-02-22,EARLYDRY,RB,8,3,100,5.21,0.6,22.3,106,106,82
1EARLYDRYRB83,1,2005-03-08,EARLYDRY,RB,8,3,82,6.89,0.6,21,106,129,98
1EARLYDRYRB91,1,2005-02-23,EARLYDRY,RB,9,1,100,3.9,0.4,22.1,117,117,68
1EARLYDRYRB91,1,2005-03-08,EARLYDRY,RB,9,1,98,3.11,0.5,20.8,117,119,112
1EARLYDRYRB92,1,2005-02-23,EARLYDRY,RB,9,2,100,3.9,0.4,21.8,102,102,86
1EARLYDRYRB92,1,2005-03-08,EARLYDRY,RB,9,2,65,2.95,0.5,20.8,102,157,95
1EARLYDRYRB93,1,2005-02-23,EARLYDRY,RB,9,3,100,3.95,0.4,21.9,155,155,114
1EARLYDRYRB93,1,2005-03-08,EARLYDRY,RB,9,3,113,2.6,0.5,20.8,155,137,133
1LATEDRYRB101,1,2005-04-25,LATEDRY,RB,10,1,110,4.05,2.4,23.3,21,19,19
1LATEDRYRB102,1,2005-04-25,LATEDRY,RB,10,2,128,4.33,2.2,23.3,35,27,34
1LATEDRYRB112,1,2005-04-26,LATEDRY,RB,11,2,218,4.8,3,24.1,34,16,33
1LATEDRYRB81,1,2005-04-26,LATEDRY,RB,8,1,119,5.15,3.5,25.1,28,24,27
1LATEDRYRB83,1,2005-04-26,LATEDRY,RB,8,3,141,5.42,3.4,24.9,37,26,36
1LATEDRYRB92,1,2005-04-27,LATEDRY,RB,9,2,122,2.87,2.5,23.9,41,34,39
1WETRB101,1,2004-11-16,WET,RB,10,1,98,3.76,0.2,23,7,7,1
1WETRB102,1,2004-11-16,WET,RB,10,2,101,4.38,0.2,23.1,6,6,4
1WETRB103,1,2004-11-16,WET,RB,10,3,107,4.36,0.2,23.5,7,7,2
1WETRB111,1,2004-11-17,WET,RB,11,1,147,3.68,0.2,21.6,8,5,2
1WETRB112,1,2004-11-17,WET,RB,11,2,107,3.69,0.2,21.2,47,44,6
1WETRB113,1,2004-11-17,WET,RB,11,3,83,3.95,0.2,21.5,51,61,14
1WETRB121,1,2004-11-17,WET,RB,12,1,128,3.71,0.3,21.5,1,1,0
1WETRB122,1,2004-11-17,WET,RB,12,2,128,3.76,0.3,21.8,21,16,2
1WETRB123,1,2004-11-17,WET,RB,12,3,119,3.78,0.3,22,10,8,9
1WETRB71,1,2004-11-15,WET,RB,7,1,130,3.22,0.2,23.2,9,7,8
1WETRB72,1,2004-11-15,WET,RB,7,2,122,3.3,0.2,23.2,3,2,1
1WETRB73,1,2004-11-15,WET,RB,7,3,122,3.58,0.2,22.9,8,7,3
1WETRB81,1,2004-11-18,WET,RB,8,1,135,3.06,0.2,21.7,11,8,4
1WETRB82,1,2004-11-18,WET,RB,8,2,130,3.42,0.2,21.2,25,19,16
1WETRB83,1,2004-11-18,WET,RB,8,3,120,3.47,0.2,21.9,15,12,8
1WETRB91,1,2004-11-16,WET,RB,9,1,104,3.12,0.2,21.9,10,10,3
1WETRB92,1,2004-11-16,WET,RB,9,2,75,3.16,0.2,22,8,11,4
1WETRB93,1,2004-11-16,WET,RB,9,3,105,3.06,0.2,22.3,8,8,2
2EARLYDRYRB101,2,2006-02-01,EARLYDRY,RB,10,1,180,5.48,0.3,21.7,16,9,14
2EARLYDRYRB103,2,2006-02-01,EARLYDRY,RB,10,3,125,5.32,0.3,22.8,13,10,12
2EARLYDRYRB112,2,2006-01-31,EARLYDRY,RB,11,2,129,4.59,0.3,23.6,14,11,13
2EARLYDRYRB113,2,2006-01-31,EARLYDRY,RB,11,3,106,4.92,0.3,23.5,32,30,26
2EARLYDRYRB121,2,2006-01-31,EARLYDRY,RB,12,1,138,2.95,0.4,21.5,19,14,17
2EARLYDRYRB122,2,2006-01-31,EARLYDRY,RB,12,2,135,2.73,0.4,21.3,20,15,16
2EARLYDRYRB123,2,2006-01-31,EARLYDRY,RB,12,3,148,3.03,0.4,21.3,32,22,27
2EARLYDRYRB133,2,2006-02-01,EARLYDRY,RB,13,3,125,5.32,0.3,22.8,28,22,24
2EARLYDRYRB142,2,2006-01-30,EARLYDRY,RB,14,2,153,5.49,0.4,21.9,24,16,21
2EARLYDRYRB143,2,2006-01-30,EARLYDRY,RB,14,3,126,5.2,0.4,21.8,25,20,24
2EARLYDRYRB151,2,2006-01-30,EARLYDRY,RB,15,1,164,3.3,0.7,21.6,5,3,4
2EARLYDRYRB152,2,2006-01-30,EARLYDRY,RB,15,2,141,3.22,0.7,22.1,6,4,4
2EARLYDRYRB153,2,2006-01-30,EARLYDRY,RB,15,3,NA,3.58,0.7,22.1,21,NA,12
2EARLYDRYRB73,2,2006-01-30,EARLYDRY,RB,7,3,149,2.3,0.7,22.8,11,7,9
2EARLYDRYRB81,2,2006-01-31,EARLYDRY,RB,8,1,131,4.02,0.4,23.3,13,10,11
2EARLYDRYRB83,2,2006-01-31,EARLYDRY,RB,8,3,178,4.29,0.3,23.2,26,15,23
2EARLYDRYRB91,2,2006-02-01,EARLYDRY,RB,9,1,173,4.3,0.3,22,9,5,8
2EARLYDRYRB92,2,2006-02-01,EARLYDRY,RB,9,2,137,4.33,0.3,21.2,23,17,21
2LATEDRYRB101,2,2006-04-26,LATEDRY,RB,10,1,185,3.93,0.7,26.8,76,41,68
2LATEDRYRB102,2,2006-04-26,LATEDRY,RB,10,2,88,4.37,0.7,27.2,58,66,54
2LATEDRYRB103,2,2006-04-26,LATEDRY,RB,10,3,195,4.62,0.7,27.4,53,27,49
2LATEDRYRB111,2,2006-04-25,LATEDRY,RB,11,1,85,4.04,0.5,28,183,215,181
2LATEDRYRB112,2,2006-04-25,LATEDRY,RB,11,2,124,3.78,0.5,28.2,52,42,51
2LATEDRYRB113,2,2006-04-25,LATEDRY,RB,11,3,84,3.81,0.4,29.1,77,92,73
2LATEDRYRB121,2,2006-04-25,LATEDRY,RB,12,1,86,1.32,0.8,25.9,63,73,62
2LATEDRYRB122,2,2006-04-25,LATEDRY,RB,12,2,95,1.41,0.8,25.8,58,61,54
2LATEDRYRB131,2,2006-04-24,LATEDRY,RB,13,1,110,5.64,0.7,28.3,69,63,68
2LATEDRYRB132,2,2006-04-24,LATEDRY,RB,13,2,74,6.61,0.8,28.9,59,80,57
2LATEDRYRB142,2,2006-04-27,LATEDRY,RB,14,2,124,2.73,2.6,28.8,9,7,8
2LATEDRYRB161,2,2006-04-25,LATEDRY,RB,16,1,126,2.11,3.9,25.1,10,8,6
2LATEDRYRB162,2,2006-04-25,LATEDRY,RB,16,2,136,2.73,3.3,24.7,11,8,7
2LATEDRYRB163,2,2006-04-25,LATEDRY,RB,16,3,125,2.35,2.8,24.1,12,10,8
2LATEDRYRB72,2,2006-04-26,LATEDRY,RB,7,2,161,0.63,0.9,26.2,24,15,22
2LATEDRYRB73,2,2006-04-26,LATEDRY,RB,7,3,145,0.82,0.7,26.5,13,9,11
2LATEDRYRB81,2,2006-04-27,LATEDRY,RB,8,1,51,4.05,0.7,27.6,169,331,168
2LATEDRYRB82,2,2006-04-27,LATEDRY,RB,8,2,125,3.65,0.7,27.3,87,70,84
2LATEDRYRB91,2,2006-04-26,LATEDRY,RB,9,1,113,5.02,0.6,27.6,48,42,47
2LATEDRYRB92,2,2006-04-26,LATEDRY,RB,9,2,113,5.34,0.6,27.8,85,75,81
2LATEDRYRB93,2,2006-04-26,LATEDRY,RB,9,3,139,5.04,0.7,27.9,101,73,96
2WETRB101,2,2005-12-13,WET,RB,10,1,121,4.42,0.3,18.3,6,5,5
2WETRB112,2,2005-12-13,WET,RB,11,2,145,3.98,0.3,17.5,3,2,1
2WETRB113,2,2005-12-13,WET,RB,11,3,121,4.01,0.2,18,8,7,6
2WETRB121,2,2005-12-13,WET,RB,12,1,116,3.97,0.4,18.2,3,3,2
2WETRB122,2,2005-12-13,WET,RB,12,2,166,4.05,0.3,18.5,44,27,31
2WETRB123,2,2005-12-13,WET,RB,12,3,124,4.15,0.3,18.8,29,23,9
2WETRB82,2,2005-12-14,WET,RB,8,2,84,5.23,0.3,17.8,10,12,9
2WETRB83,2,2005-12-14,WET,RB,8,3,NA,5.15,0.3,18.1,14,NA,11
2WETRB92,2,2005-12-13,WET,RB,9,2,89,5.07,0.3,19.3,32,36,13
2WETRB93,2,2005-12-13,WET,RB,9,3,101,5.12,0.3,19,12,12,10
3EARLYDRYRB101,3,2007-03-07,EARLYDRY,RB,10,1,99,2.73,0.7,20.4,65,66,49
3EARLYDRYRB102,3,2007-03-07,EARLYDRY,RB,10,2,80,3,0.7,20.9,35,44,31
3EARLYDRYRB103,3,2007-03-07,EARLYDRY,RB,10,3,86,3,0.7,20.9,48,56,42
3EARLYDRYRB111,3,2007-03-07,EARLYDRY,RB,11,1,105,3,0.7,20,35,33,24
3EARLYDRYRB112,3,2007-03-07,EARLYDRY,RB,11,2,75,3.17,0.5,19.6,33,44,22
3EARLYDRYRB121,3,2007-03-05,EARLYDRY,RB,12,1,135,1.91,1,22.7,17,13,15
3EARLYDRYRB122,3,2007-03-05,EARLYDRY,RB,12,2,97,2.53,0.9,21.9,23,24,17
3EARLYDRYRB123,3,2007-03-05,EARLYDRY,RB,12,3,98,2.97,0.9,22.1,28,29,25
3EARLYDRYRB131,3,2007-03-07,EARLYDRY,RB,13,1,104,5.31,0.8,22.8,54,52,52
3EARLYDRYRB141,3,2007-03-06,EARLYDRY,RB,14,1,97,2.12,1.1,21.8,17,18,16
3EARLYDRYRB143,3,2007-03-06,EARLYDRY,RB,14,3,75,2.27,1,22.4,23,31,18
3EARLYDRYRB152,3,2007-03-06,EARLYDRY,RB,15,2,124,0.06,1.6,21.3,16,13,13
3EARLYDRYRB153,3,2007-03-06,EARLYDRY,RB,15,3,121,0.05,1.6,21.6,9,7,7
3EARLYDRYRB161,3,2007-03-05,EARLYDRY,RB,16,1,126,1.38,1.5,22.1,89,71,88
3EARLYDRYRB72,3,2007-03-06,EARLYDRY,RB,7,2,123,0.03,1.7,21.6,36,29,35
3EARLYDRYRB73,3,2007-03-06,EARLYDRY,RB,7,3,106,0.2,1.6,21.6,23,22,21
3EARLYDRYRB81,3,2007-03-07,EARLYDRY,RB,8,1,102,3.97,0.7,21.9,76,75,70
3EARLYDRYRB82,3,2007-03-07,EARLYDRY,RB,8,2,85,3.97,0.6,22.2,82,96,79
3EARLYDRYRB83,3,2007-03-07,EARLYDRY,RB,8,3,120,3.95,0.7,22.2,105,88,94
3EARLYDRYRB91,3,2007-03-07,EARLYDRY,RB,9,1,90,2.78,0.5,21.3,47,52,37
3EARLYDRYRB92,3,2007-03-07,EARLYDRY,RB,9,2,95,3.01,0.4,21.2,46,48,43
3EARLYDRYRB93,3,2007-03-07,EARLYDRY,RB,9,3,63,3.18,0.4,21.2,92,146,87
3LATEDRYRB101,3,2007-05-01,LATEDRY,RB,10,1,123,5.18,0.4,27.7,49,40,45
3LATEDRYRB102,3,2007-05-01,LATEDRY,RB,10,2,106,5.03,0.4,27.3,40,38,35
3LATEDRYRB103,3,2007-05-01,LATEDRY,RB,10,3,94,5.66,0.4,27.4,39,41,37
3LATEDRYRB111,3,2007-05-01,LATEDRY,RB,11,1,107,4.61,0.4,27.3,34,32,33
3LATEDRYRB112,3,2007-05-01,LATEDRY,RB,11,2,86,4.7,0.3,27.3,31,36,26
3LATEDRYRB113,3,2007-05-01,LATEDRY,RB,11,3,81,5.94,0.3,27,40,49,29
3LATEDRYRB121,3,2007-05-02,LATEDRY,RB,12,1,147,1.68,1.5,25.9,37,25,34
3LATEDRYRB122,3,2007-05-02,LATEDRY,RB,12,2,111,1.68,1.3,26.1,20,18,12
3LATEDRYRB123,3,2007-05-02,LATEDRY,RB,12,3,132,1.72,1.2,26.3,35,27,34
3LATEDRYRB133,3,2007-05-03,LATEDRY,RB,13,3,94,4.04,0.4,27.7,29,31,28
3LATEDRYRB162,3,2007-05-02,LATEDRY,RB,16,2,117,3.47,2.5,28.4,5,4,4
3LATEDRYRB71,3,2007-05-03,LATEDRY,RB,7,1,106,5.9,1,26,46,43,38
3LATEDRYRB72,3,2007-05-03,LATEDRY,RB,7,2,137,0.76,0.9,26,6,4,5
3LATEDRYRB73,3,2007-05-03,LATEDRY,RB,7,3,115,1.11,0.9,25.6,14,12,13
3LATEDRYRB81,3,2007-05-02,LATEDRY,RB,8,1,78,3.55,0.4,26.7,37,47,33
3LATEDRYRB82,3,2007-05-02,LATEDRY,RB,8,2,67,3.55,0.4,26.6,39,58,37
3LATEDRYRB91,3,2007-05-02,LATEDRY,RB,9,1,125,2.66,0.4,25,15,12,14
3LATEDRYRB92,3,2007-05-02,LATEDRY,RB,9,2,104,2.59,0.3,25.2,34,33,30
3LATEDRYRB93,3,2007-05-02,LATEDRY,RB,9,3,84,2.6,0.3,25.3,37,44,30
3WETRB111,3,2006-11-09,WET,RB,11,1,116,3.7,0.2,23.2,7,6,5
3WETRB123,3,2006-11-07,WET,RB,12,3,106,3.31,0.3,23.5,23,22,20
3WETRB131,3,2006-11-08,WET,RB,13,1,98,4.4,0.2,24.9,14,14,12
3WETRB133,3,2006-11-08,WET,RB,13,3,96,4.58,0.2,24.9,15,16,14
3WETRB142,3,2006-11-07,WET,RB,14,2,99,3.91,0.2,23.7,16,16,15
3WETRB143,3,2006-11-07,WET,RB,14,3,105,4.24,0.2,23.8,29,28,11
3WETRB151,3,2006-11-07,WET,RB,15,1,128,3.84,1.2,24.4,11,9,10
3WETRB153,3,2006-11-07,WET,RB,15,3,103,2.62,0.8,24.8,14,14,11
3WETRB73,3,2006-11-08,WET,RB,7,3,175,2.07,0.4,23.7,15,9,14
4EARLYDRYRB101,4,2008-03-19,EARLYDRY,RB,10,1,123,7.4,1.8,24.8,56,46,46
4EARLYDRYRB102,4,2008-03-19,EARLYDRY,RB,10,2,75,7.2,1.8,24.9,45,60,38
4EARLYDRYRB103,4,2008-03-19,EARLYDRY,RB,10,3,91,7.14,1.8,24.7,55,60,46
4EARLYDRYRB111,4,2008-03-11,EARLYDRY,RB,11,1,46,6.84,1.4,22.3,51,111,49
4EARLYDRYRB112,4,2008-03-11,EARLYDRY,RB,11,2,63,5.45,1.3,22,54,86,42
4EARLYDRYRB113,4,2008-03-11,EARLYDRY,RB,11,3,62,3.63,1.2,22,106,171,99
4EARLYDRYRB121,4,2008-03-10,EARLYDRY,RB,12,1,79,3.46,5.3,21.8,12,15,11
4EARLYDRYRB122,4,2008-03-10,EARLYDRY,RB,12,2,105,4.31,5.3,22.7,7,7,3
4EARLYDRYRB123,4,2008-03-10,EARLYDRY,RB,12,3,108,4.2,5.3,22.4,13,12,12
4EARLYDRYRB131,4,2008-03-10,EARLYDRY,RB,13,1,85,6.66,3.9,22.7,14,16,13
4EARLYDRYRB132,4,2008-03-10,EARLYDRY,RB,13,2,92,6.48,3.9,22.5,12,13,10
4EARLYDRYRB133,4,2008-03-10,EARLYDRY,RB,13,3,93,6.2,3.9,22.2,22,24,19
4EARLYDRYRB71,4,2008-03-19,EARLYDRY,RB,7,1,86,0.12,3.8,24.1,4,5,0
4EARLYDRYRB72,4,2008-03-19,EARLYDRY,RB,7,2,90,0.11,3.7,24.3,2,2,0
4EARLYDRYRB73,4,2008-03-19,EARLYDRY,RB,7,3,91,0.11,3.6,24.2,2,2,0
4EARLYDRYRB81,4,2008-03-19,EARLYDRY,RB,8,1,107,6.9,2.4,24.8,54,50,47
4EARLYDRYRB82,4,2008-03-19,EARLYDRY,RB,8,2,100,7,2.4,24.9,62,62,58
4EARLYDRYRB83,4,2008-03-19,EARLYDRY,RB,8,3,83,6.81,2.3,24.7,46,55,43
4EARLYDRYRB91,4,2008-03-11,EARLYDRY,RB,9,1,98,5.54,1.1,22.4,77,79,69
4EARLYDRYRB92,4,2008-03-11,EARLYDRY,RB,9,2,99,4.56,0.9,22.7,68,69,57
4EARLYDRYRB93,4,2008-03-11,EARLYDRY,RB,9,3,71,4.55,0.9,22.7,62,87,47
4LATEDRYRB101,4,2008-04-28,LATEDRY,RB,10,1,84,4.03,0.6,26.5,31,37,30
4LATEDRYRB102,4,2008-04-28,LATEDRY,RB,10,2,98,3.87,0.5,26.6,26,27,22
4LATEDRYRB103,4,2008-04-28,LATEDRY,RB,10,3,104,3.62,0.5,26.6,19,18,18
4LATEDRYRB111,4,2008-04-28,LATEDRY,RB,11,1,78,4.5,0.6,25.9,18,23,12
4LATEDRYRB112,4,2008-04-28,LATEDRY,RB,11,2,88,4.39,0.5,25.7,21,24,19
4LATEDRYRB113,4,2008-04-28,LATEDRY,RB,11,3,103,3.92,0.5,26,37,36,34
4LATEDRYRB121,4,2008-04-28,LATEDRY,RB,12,1,130,0.87,4.9,24.6,6,5,5
4LATEDRYRB122,4,2008-04-28,LATEDRY,RB,12,2,113,1,4,24.2,7,6,4
4LATEDRYRB123,4,2008-04-28,LATEDRY,RB,12,3,81,1.21,2.8,24.6,19,23,15
4LATEDRYRB131,4,2008-04-29,LATEDRY,RB,13,1,96,4.7,1.7,27.3,14,15,12
4LATEDRYRB133,4,2008-04-29,LATEDRY,RB,13,3,78,5.06,1.6,27.4,16,21,13
4LATEDRYRB141,4,2008-04-29,LATEDRY,RB,14,1,123,1.36,5.8,27.6,1,1,0
4LATEDRYRB142,4,2008-04-29,LATEDRY,RB,14,2,107,1.67,4.7,28.3,1,1,0
4LATEDRYRB152,4,2008-04-29,LATEDRY,RB,15,2,118,1.85,10.4,27.9,3,3,2
4LATEDRYRB71,4,2008-04-29,LATEDRY,RB,7,1,99,0.62,2.4,26.2,5,5,1
4LATEDRYRB73,4,2008-04-29,LATEDRY,RB,7,3,128,0.35,2.2,26.1,3,2,0
4LATEDRYRB81,4,2008-04-29,LATEDRY,RB,8,1,114,4.58,0.7,26.3,13,11,12
4LATEDRYRB83,4,2008-04-29,LATEDRY,RB,8,3,82,4.62,0.7,26.6,13,16,11
4LATEDRYRB91,4,2008-04-28,LATEDRY,RB,9,1,98,3.86,0.5,26.2,20,20,11
4LATEDRYRB92,4,2008-04-28,LATEDRY,RB,9,2,81,3.51,0.5,26.2,24,30,21
4LATEDRYRB93,4,2008-04-28,LATEDRY,RB,9,3,93,3.14,0.5,26.2,21,23,17
4WETRB101,4,2007-12-04,WET,RB,10,1,89,3.21,0.3,23,20,22,19
4WETRB102,4,2007-12-04,WET,RB,10,2,89,3.55,0.3,22.7,12,13,10
4WETRB103,4,2007-12-04,WET,RB,10,3,86,3.54,0.3,23.1,7,8,5
4WETRB111,4,2007-12-04,WET,RB,11,1,86,4.24,0.3,23.7,16,19,13
4WETRB113,4,2007-12-04,WET,RB,11,3,85,3.88,0.2,22.5,16,19,14
4WETRB122,4,2007-12-03,WET,RB,12,2,104,1.94,0.6,22.8,14,13,12
4WETRB123,4,2007-12-03,WET,RB,12,3,81,1.95,0.5,23,18,22,9
4WETRB132,4,2007-12-05,WET,RB,13,2,86,3.34,0.3,21.3,30,35,27
4WETRB133,4,2007-12-05,WET,RB,13,3,73,3.41,0.3,21.4,31,42,30
4WETRB141,4,2007-12-05,WET,RB,14,1,73,2.19,0.6,23.1,14,19,6
4WETRB143,4,2007-12-05,WET,RB,14,3,134,0.96,0.8,23,51,38,38
4WETRB151,4,2007-12-06,WET,RB,15,1,118,0.99,0.9,22.5,1,1,0
4WETRB161,4,2007-12-03,WET,RB,16,1,67,1.4,1.3,24.6,21,31,15
4WETRB162,4,2007-12-03,WET,RB,16,2,80,1.9,1.1,24.4,19,24,15
4WETRB71,4,2007-12-05,WET,RB,7,1,136,2.23,0.6,20.1,8,6,7
4WETRB73,4,2007-12-05,WET,RB,7,3,136,3.12,0.4,20.3,5,4,3
4WETRB81,4,2007-12-05,WET,RB,8,1,118,3.82,0.3,20.8,14,12,10
4WETRB82,4,2007-12-05,WET,RB,8,2,109,3.87,0.3,20.9,29,27,21
4WETRB83,4,2007-12-05,WET,RB,8,3,178,4.04,0.3,20.9,31,17,27
4WETRB91,4,2007-12-04,WET,RB,9,1,100,3.87,0.3,23.3,9,9,7
4WETRB92,4,2007-12-04,WET,RB,9,2,87,3.71,0.3,22.6,12,14,8
4WETRB93,4,2007-12-04,WET,RB,9,3,121,3.68,0.3,22.7,15,12,12
5EARLYDRYRB101,5,2009-02-25,EARLYDRY,RB,10,1,91,5.53,0.4,20.2,14,15,13
5EARLYDRYRB102,5,2009-02-25,EARLYDRY,RB,10,2,88,5.37,0.4,20.7,28,32,26
5EARLYDRYRB103,5,2009-02-25,EARLYDRY,RB,10,3,95,5.71,0.4,21.3,17,18,16
5EARLYDRYRB111,5,2009-02-24,EARLYDRY,RB,11,1,75,4.63,0.4,20.7,24,32,23
5EARLYDRYRB112,5,2009-02-24,EARLYDRY,RB,11,2,67,4.66,0.4,20.8,18,27,12
5EARLYDRYRB113,5,2009-02-24,EARLYDRY,RB,11,3,84,4.17,0.4,21.5,37,44,32
5EARLYDRYRB122,5,2009-02-18,EARLYDRY,RB,12,2,65,3.86,0.8,20.3,8,12,7
5EARLYDRYRB123,5,2009-02-18,EARLYDRY,RB,12,3,78,3.88,0.8,19.6,25,32,24
5EARLYDRYRB131,5,2009-02-19,EARLYDRY,RB,13,1,140,5.14,0.4,19.4,21,15,20
5EARLYDRYRB133,5,2009-02-19,EARLYDRY,RB,13,3,148,5.4,0.4,19.8,39,26,37
5EARLYDRYRB141,5,2009-02-19,EARLYDRY,RB,14,1,118,4.37,0.8,21.6,16,14,3
5EARLYDRYRB142,5,2009-02-19,EARLYDRY,RB,14,2,105,3.92,0.8,21.7,16,15,13
5EARLYDRYRB151,5,2009-02-19,EARLYDRY,RB,15,1,168,2.03,1.1,20.2,2,1,1
5EARLYDRYRB162,5,2009-02-18,EARLYDRY,RB,16,2,113,3.66,1.5,20.9,11,10,10
5EARLYDRYRB71,5,2009-02-24,EARLYDRY,RB,7,1,70,1.61,1.2,21.8,36,51,15
5EARLYDRYRB72,5,2009-02-24,EARLYDRY,RB,7,2,75,1.86,1.1,21.1,6,8,5
5EARLYDRYRB81,5,2009-02-24,EARLYDRY,RB,8,1,48,4.95,0.4,19.9,35,73,30
5EARLYDRYRB82,5,2009-02-24,EARLYDRY,RB,8,2,52,4.65,0.4,20.4,43,83,37
5EARLYDRYRB83,5,2009-02-24,EARLYDRY,RB,8,3,49,4.45,0.3,20.7,33,67,30
5EARLYDRYRB91,5,2009-02-19,EARLYDRY,RB,9,1,115,5.06,0.4,19.4,16,14,13
5EARLYDRYRB92,5,2009-02-19,EARLYDRY,RB,9,2,110,5.06,0.4,19.8,31,28,26
5EARLYDRYRB93,5,2009-02-19,EARLYDRY,RB,9,3,111,5.58,0.4,20,17,15,14
5EARLYDRYTB11,5,2009-02-25,EARLYDRY,TB,1,1,82,5.78,3.9,23.1,9,11,7
5LATEDRYRB101,5,2009-04-28,LATEDRY,RB,10,1,78,5.02,1.4,25.7,58,74,53
5LATEDRYRB102,5,2009-04-28,LATEDRY,RB,10,2,84,6.12,1.4,26.5,69,82,62
5LATEDRYRB103,5,2009-04-29,LATEDRY,RB,10,3,98,7.41,1.4,27.5,36,37,29
5LATEDRYRB111,5,2009-05-01,LATEDRY,RB,11,1,58,6.06,2.4,27.2,49,84,44
5LATEDRYRB112,5,2009-05-01,LATEDRY,RB,11,2,37,5.72,2.1,28,65,176,62
5LATEDRYRB113,5,2009-05-01,LATEDRY,RB,11,3,26,5.61,1.9,26.6,71,273,68
5LATEDRYRB121,5,2009-04-27,LATEDRY,RB,12,1,60,2.51,6.5,24.8,28,47,27
5LATEDRYRB122,5,2009-04-27,LATEDRY,RB,12,2,54,2.84,6.2,25.3,22,41,21
5LATEDRYRB131,5,2009-05-01,LATEDRY,RB,13,1,65,4.61,4.7,25.1,47,72,44
5LATEDRYRB133,5,2009-05-01,LATEDRY,RB,13,3,60,5.32,4.8,25.9,42,70,40
5LATEDRYRB143,5,2009-04-30,LATEDRY,RB,14,3,72,2.69,6.5,25.8,8,11,3
5LATEDRYRB151,5,2009-04-30,LATEDRY,RB,15,1,99,2.48,13.7,25,4,4,3
5LATEDRYRB153,5,2009-04-30,LATEDRY,RB,15,3,98,1.94,11.7,25,2,2,0
5LATEDRYRB161,5,2009-04-27,LATEDRY,RB,16,1,77,4.77,10.5,27,10,13,5
5LATEDRYRB162,5,2009-04-27,LATEDRY,RB,16,2,153,4.69,10.1,26.5,7,5,6
5LATEDRYRB163,5,2009-04-27,LATEDRY,RB,16,3,115,4.6,9.7,26.8,7,6,6
5LATEDRYRB71,5,2009-04-30,LATEDRY,RB,7,1,52,1.15,3.5,25.8,6,12,5
5LATEDRYRB72,5,2009-04-30,LATEDRY,RB,7,2,75,0.73,3.3,25.8,6,8,5
5LATEDRYRB73,5,2009-04-30,LATEDRY,RB,7,3,59,0.99,3.2,25.7,9,15,8
5LATEDRYRB81,5,2009-05-01,LATEDRY,RB,8,1,50,5.94,3.7,26.5,36,72,35
5LATEDRYRB82,5,2009-05-01,LATEDRY,RB,8,2,64,6.55,3.5,26.6,30,47,29
5LATEDRYRB83,5,2009-05-01,LATEDRY,RB,8,3,53,6.08,3.1,27,38,72,37
5LATEDRYRB91,5,2009-04-30,LATEDRY,RB,9,1,40,5.96,1.7,27,42,105,40
5LATEDRYRB92,5,2009-04-30,LATEDRY,RB,9,2,57,7.89,1.5,27.6,81,142,80
5LATEDRYRB93,5,2009-04-30,LATEDRY,RB,9,3,55,6.98,1.5,27.3,40,73,38
5TRANSTB11,5,2008-11-04,TRANS,TB,1,1,76,6.44,0.5,23.8,13,17,9
5TRANSTB21,5,2008-11-04,TRANS,TB,2,1,104,6.17,0.5,24.7,20,19,18
5TRANSTB31,5,2008-11-04,TRANS,TB,3,1,99,5.79,0.7,25.2,30,30,17
5TRANSTB41,5,2008-11-04,TRANS,TB,4,1,120,6.91,0.4,25.1,29,24,16
5TRANSTB51,5,2008-11-04,TRANS,TB,5,1,122,4.48,0.3,25.3,38,31,11
5WETRB112,5,2008-12-17,WET,RB,11,2,88,4.24,0.2,21.5,8,9,5
5WETRB113,5,2008-12-17,WET,RB,11,3,102,4.38,0.2,21.7,19,19,18
5WETRB121,5,2008-12-17,WET,RB,12,1,67,3.93,0.3,20.3,3,4,2
5WETRB122,5,2008-12-17,WET,RB,12,2,67,3.75,0.3,20.3,2,3,1
5WETRB123,5,2008-12-17,WET,RB,12,3,95,3.74,0.3,20.2,3,3,2
5WETRB141,5,2008-12-16,WET,RB,14,1,105,3.87,0.4,21.1,9,9,4
5WETRB143,5,2008-12-16,WET,RB,14,3,136,4.53,0.3,21.6,3,2,2
5WETRB153,5,2008-12-16,WET,RB,15,3,82,4.08,0.4,20.7,3,4,2
5WETRB73,5,2008-12-16,WET,RB,7,3,159,3.44,0.3,21.3,4,3,0
5WETRB91,5,2008-12-17,WET,RB,9,1,100,4.35,0.3,22.4,5,5,4
6EARLYDRYRB112,6,2010-02-16,EARLYDRY,RB,11,2,60,6.08,0.3,19.4,192,320,191
6EARLYDRYRB113,6,2010-02-16,EARLYDRY,RB,11,3,64,5.54,0.3,19,72,112,71
6EARLYDRYRB121,6,2010-02-17,EARLYDRY,RB,12,1,97,4.17,0.5,15.2,51,53,50
6EARLYDRYRB132,6,2010-02-16,EARLYDRY,RB,13,2,71,6.19,0.3,15.4,31,44,30
6EARLYDRYRB141,6,2010-02-18,EARLYDRY,RB,14,1,66,4.64,0.6,17.7,32,48,31
6EARLYDRYRB142,6,2010-02-18,EARLYDRY,RB,14,2,100,4.71,0.5,17.7,9,9,8
6EARLYDRYRB151,6,2010-02-17,EARLYDRY,RB,15,1,90,2.78,1,16.2,9,10,4
6EARLYDRYRB91,6,2010-02-15,EARLYDRY,RB,9,1,68,6.47,0.3,16.1,11,16,10
6EARLYDRYRB92,6,2010-02-15,EARLYDRY,RB,9,2,52,6.53,0.3,16.6,14,27,13
6EARLYDRYRB93,6,2010-02-15,EARLYDRY,RB,9,3,43,6.5,0.3,17.3,48,112,47
6EARLYDRYTB11,6,2010-02-18,EARLYDRY,TB,1,1,110,4.89,4,17.3,7,6,6
6EARLYDRYTB12,6,2010-02-18,EARLYDRY,TB,1,2,79,4.99,3.9,16.7,42,53,24
6LATEDRYRB101,6,2010-05-06,LATEDRY,RB,10,1,63,1.68,0.5,29.9,34,54,32
6LATEDRYRB102,6,2010-05-06,LATEDRY,RB,10,2,82,1.43,0.5,29.3,56,68,54
6LATEDRYRB103,6,2010-05-07,LATEDRY,RB,10,3,78,2.49,0.3,25,39,50,38
6LATEDRYRB111,6,2010-05-07,LATEDRY,RB,11,1,82,1.99,0.4,25.6,19,23,18
6LATEDRYRB112,6,2010-05-07,LATEDRY,RB,11,2,92,2.12,0.4,25.4,84,91,83
6LATEDRYRB113,6,2010-05-07,LATEDRY,RB,11,3,84,2.18,0.4,25.5,71,85,67
6LATEDRYRB121,6,2010-05-10,LATEDRY,RB,12,1,131,0.87,1,27.5,13,10,11
6LATEDRYRB122,6,2010-05-10,LATEDRY,RB,12,2,129,0.99,1,27.4,16,12,15
6LATEDRYRB123,6,2010-05-10,LATEDRY,RB,12,3,106,1.33,0.8,28.1,32,30,29
6LATEDRYRB133,6,2010-05-06,LATEDRY,RB,13,3,78,1.69,0.5,29.2,32,41,31
6LATEDRYRB142,6,2010-05-10,LATEDRY,RB,14,2,126,2.31,0.7,28.3,17,13,15
6LATEDRYRB143,6,2010-05-10,LATEDRY,RB,14,3,78,2.44,0.7,28.5,21,27,20
6LATEDRYRB161,6,2010-05-10,LATEDRY,RB,16,1,118,2.98,2.1,28.8,15,13,7
6LATEDRYRB162,6,2010-05-10,LATEDRY,RB,16,2,137,3,2,29,16,12,8
6LATEDRYRB163,6,2010-05-10,LATEDRY,RB,16,3,137,2,2.2,27.9,3,2,2
6LATEDRYRB72,6,2010-05-10,LATEDRY,RB,7,2,103,0.37,1,26.8,16,16,15
6LATEDRYRB73,6,2010-05-10,LATEDRY,RB,7,3,99,0.35,0.8,27,19,19,17
6LATEDRYRB82,6,2010-05-05,LATEDRY,RB,8,2,87,1.63,0.5,28.2,34,39,32
6LATEDRYRB92,6,2010-05-05,LATEDRY,RB,9,2,65,1.56,0.4,29,58,89,56
6LATEDRYRB93,6,2010-05-05,LATEDRY,RB,9,3,100,1.75,0.4,29.4,37,37,34
6LATEDRYTB11,6,2010-05-13,LATEDRY,TB,1,1,78,5.47,6.2,28.8,19,24,11
6LATEDRYTB12,6,2010-05-13,LATEDRY,TB,1,2,102,5.94,6.2,29,14,14,12
6LATEDRYTB13,6,2010-05-13,LATEDRY,TB,1,3,82,5.96,6.2,28.8,13,16,5
6LATEDRYTB21,6,2010-05-13,LATEDRY,TB,2,1,97,4.78,5.1,28.8,17,18,9
6LATEDRYTB22,6,2010-05-13,LATEDRY,TB,2,2,81,6,5.3,28.4,19,23,11
6LATEDRYTB23,6,2010-05-13,LATEDRY,TB,2,3,90,6.46,5.3,28.7,26,29,23
6LATEDRYTB31,6,2010-05-13,LATEDRY,TB,3,1,105,4.27,3.2,28.4,18,17,4
6LATEDRYTB32,6,2010-05-13,LATEDRY,TB,3,2,124,4.18,2.9,28.2,11,9,7
6LATEDRYTB41,6,2010-05-13,LATEDRY,TB,4,1,79,3.87,2.4,27.1,26,33,13
6LATEDRYTB42,6,2010-05-13,LATEDRY,TB,4,2,110,3.22,2.3,27,6,5,5
6LATEDRYTB43,6,2010-05-13,LATEDRY,TB,4,3,98,2.82,2,27.3,5,5,2
6TRANSRB101,6,2010-03-13,TRANS,RB,10,1,103,3.86,0.3,22.4,28,27,26
6TRANSRB102,6,2010-03-13,TRANS,RB,10,2,133,3.67,0.3,23,36,27,34
6TRANSRB111,6,2010-03-12,TRANS,RB,11,1,72,3.14,0.4,23.2,33,46,31
6TRANSRB112,6,2010-03-12,TRANS,RB,11,2,87,3.15,0.4,23.6,22,25,21
6TRANSRB113,6,2010-03-12,TRANS,RB,11,3,101,3.51,0.4,23.8,49,49,48
6TRANSRB122,6,2010-03-11,TRANS,RB,12,2,96,2.79,1,21,14,15,10
6TRANSRB123,6,2010-03-11,TRANS,RB,12,3,95,2.6,0.9,21.3,12,13,10
6TRANSRB131,6,2010-03-12,TRANS,RB,13,1,76,5.98,0.5,21.6,28,37,27
6TRANSRB132,6,2010-03-12,TRANS,RB,13,2,88,5.45,0.5,21.9,49,56,22
6TRANSRB133,6,2010-03-12,TRANS,RB,13,3,83,6.01,0.5,22.3,105,127,104
6TRANSRB141,6,2010-03-11,TRANS,RB,14,1,77,1.58,1.3,22.3,17,22,16
6TRANSRB142,6,2010-03-11,TRANS,RB,14,2,113,1.53,1.2,22.4,21,19,19
6TRANSRB143,6,2010-03-11,TRANS,RB,14,3,81,1.26,1.2,22,7,9,6
6TRANSRB161,6,2010-03-11,TRANS,RB,16,1,127,4.46,2,20.7,18,14,8
6TRANSRB162,6,2010-03-11,TRANS,RB,16,2,92,4.92,1.4,21.4,19,21,16
6TRANSRB163,6,2010-03-11,TRANS,RB,16,3,137,4.45,1.2,21.9,4,3,3
6TRANSRB71,6,2010-03-09,TRANS,RB,7,1,78,1.83,1.1,19.5,1,1,0
6TRANSRB73,6,2010-03-09,TRANS,RB,7,3,86,2.44,0.9,19,7,8,4
6TRANSRB83,6,2010-03-12,TRANS,RB,8,3,83,5.09,0.4,24,90,108,89
6TRANSRB91,6,2010-03-13,TRANS,RB,9,1,79,2.32,0.3,22.2,15,19,13
6TRANSRB92,6,2010-03-13,TRANS,RB,9,2,76,2.34,0.3,21.9,40,53,39
6TRANSRB93,6,2010-03-13,TRANS,RB,9,3,82,2.58,0.3,21.8,49,60,48
6TRANSTB11,6,2010-03-10,TRANS,TB,1,1,122,5.02,4.9,20.9,20,16,18
6TRANSTB12,6,2010-03-10,TRANS,TB,1,2,113,7.04,4.7,21.2,16,14,12
6TRANSTB13,6,2010-03-10,TRANS,TB,1,3,113,7.13,4.6,20.6,37,33,36
6TRANSTB21,6,2010-03-10,TRANS,TB,2,1,96,6.15,3.7,21.2,23,24,19
6TRANSTB22,6,2010-03-10,TRANS,TB,2,2,64,7.54,4.2,21.3,12,19,9
6TRANSTB23,6,2010-03-10,TRANS,TB,2,3,68,7.73,3.9,21.3,68,100,51
6TRANSTB31,6,2010-03-10,TRANS,TB,3,1,78,6.67,3.2,22.1,32,41,16
6TRANSTB32,6,2010-03-10,TRANS,TB,3,2,98,8.28,3.3,21.1,12,12,4
6TRANSTB33,6,2010-03-10,TRANS,TB,3,3,94,7.72,3.2,21,7,7,5
6TRANSTB41,6,2010-03-11,TRANS,TB,4,1,136,6.52,2.2,20.9,10,7,3
6TRANSTB42,6,2010-03-11,TRANS,TB,4,2,104,7.42,2.4,20.9,2,2,1
6WETRB103,6,2009-11-19,WET,RB,10,3,87,3.07,0.3,23.6,14,16,9
6WETRB111,6,2009-11-18,WET,RB,11,1,70,4.14,0.3,23.6,11,16,10
6WETRB112,6,2009-11-18,WET,RB,11,2,77,3.56,0.3,23.5,9,12,8
6WETRB113,6,2009-11-18,WET,RB,11,3,34,4.03,0.3,24,53,156,49
6WETRB121,6,2009-11-18,WET,RB,12,1,120,5.1,0.4,20.7,4,3,3
6WETRB122,6,2009-11-18,WET,RB,12,2,123,3.66,0.3,21.4,4,3,2
6WETRB131,6,2009-11-20,WET,RB,13,1,118,4.79,0.3,23.3,30,25,29
6WETRB132,6,2009-11-19,WET,RB,13,2,64,4.11,0.3,23.8,24,38,19
6WETRB161,6,2009-11-18,WET,RB,16,1,125,4.35,0.8,22.5,2,2,1
6WETRB163,6,2009-11-18,WET,RB,16,3,137,4.74,0.7,22.3,2,1,0
6WETRB72,6,2009-11-19,WET,RB,7,2,82,3.76,0.3,22.9,7,9,5
6WETRB73,6,2009-11-19,WET,RB,7,3,76,2.71,0.3,22.4,11,14,9
6WETRB81,6,2009-11-20,WET,RB,8,1,65,3.55,0.3,23.2,19,29,12
6WETRB83,6,2009-11-20,WET,RB,8,3,85,3.46,0.3,24.1,52,61,50
7EARLYDRYRB101,7,2011-03-05,EARLYDRY,RB,10,1,119,3.2,0.3,21.3,115,97,173
7EARLYDRYRB102,7,2011-03-05,EARLYDRY,RB,10,2,88,3.9,0.5,22.7,48,55,66
7EARLYDRYRB103,7,2011-03-05,EARLYDRY,RB,10,3,125,4,0.5,22.7,40,32,33
7EARLYDRYRB111,7,2011-03-06,EARLYDRY,RB,11,1,114,3.2,0.6,21.4,19,17,16
7EARLYDRYRB112,7,2011-03-06,EARLYDRY,RB,11,2,97,7.87,0.4,21.2,19,20,18
7EARLYDRYRB113,7,2011-03-06,EARLYDRY,RB,11,3,111,2.92,0.4,21,51,46,48
7EARLYDRYRB121,7,2011-02-26,EARLYDRY,RB,12,1,101,5.68,0.9,21.6,9,9,3
7EARLYDRYRB132,7,2011-03-06,EARLYDRY,RB,13,2,94,5.51,0.7,23.5,13,14,11
7EARLYDRYRB141,7,2011-02-13,EARLYDRY,RB,14,1,164,1.48,1.3,18.8,27,16,23
7EARLYDRYRB142,7,2011-02-13,EARLYDRY,RB,14,2,163,2.43,1.1,19,37,23,34
7EARLYDRYRB143,7,2011-02-13,EARLYDRY,RB,14,3,118,2.38,1,18.2,14,12,12
7EARLYDRYRB71,7,2011-02-25,EARLYDRY,RB,7,1,94,1.13,1.2,23.1,8,9,6
7EARLYDRYRB73,7,2011-02-25,EARLYDRY,RB,7,3,104,1.45,1,22.8,21,20,19
7EARLYDRYRB81,7,2011-03-05,EARLYDRY,RB,8,1,70,4.5,0.7,21.2,21,30,15
7EARLYDRYRB82,7,2011-03-05,EARLYDRY,RB,8,2,78,4.3,0.7,21.1,60,77,55
7EARLYDRYRB83,7,2011-03-05,EARLYDRY,RB,8,3,135,4.2,0.6,21.3,103,76,102
7EARLYDRYRB91,7,2011-03-04,EARLYDRY,RB,9,1,130,2.81,0.4,20.7,243,187,220
7EARLYDRYRB92,7,2011-03-04,EARLYDRY,RB,9,2,139,2.81,0.5,21.9,197,142,186
7EARLYDRYRB93,7,2011-03-04,EARLYDRY,RB,9,3,107,3.06,0.5,21.8,103,96,88
7EARLYDRYTB11,7,2011-02-25,EARLYDRY,TB,1,1,129,1.35,7.2,25.6,9,7,6
7EARLYDRYTB12,7,2011-02-25,EARLYDRY,TB,1,2,167,1.89,8,26,8,5,6
7EARLYDRYTB21,7,2011-02-14,EARLYDRY,TB,2,1,140,4.76,2.7,18.9,30,21,2
7EARLYDRYTB22,7,2011-02-14,EARLYDRY,TB,2,2,141,6.19,2.7,18.9,24,17,6
7EARLYDRYTB23,7,2011-02-14,EARLYDRY,TB,2,3,198,6.04,2.7,19.2,59,30,55
7EARLYDRYTB31,7,2011-02-27,EARLYDRY,TB,3,1,64,NA,5.4,23.7,8,12,6
7EARLYDRYTB32,7,2011-02-27,EARLYDRY,TB,3,2,106,NA,6.1,24,9,8,3
7EARLYDRYTB33,7,2011-02-27,EARLYDRY,TB,3,3,119,NA,6,24.4,12,10,6
7EARLYDRYTB42,7,2011-02-26,EARLYDRY,TB,4,2,103,NA,3.9,21.2,5,5,3
7EARLYDRYTB43,7,2011-02-26,EARLYDRY,TB,4,3,122,NA,3.4,25.3,14,11,10
7LATEDRYRB101,7,2011-05-10,LATEDRY,RB,10,1,127,3.7,9.1,28.5,35,28,64
7LATEDRYRB102,7,2011-05-10,LATEDRY,RB,10,2,132,3.2,8.5,28.2,33,25,58
7LATEDRYRB103,7,2011-05-10,LATEDRY,RB,10,3,102,4.3,7.9,28.4,48,47,79
7LATEDRYRB111,7,2011-05-10,LATEDRY,RB,11,1,95,3.6,10.7,28.4,15,16,27
7LATEDRYRB112,7,2011-05-10,LATEDRY,RB,11,2,98,4.2,10.1,28.7,19,19,35
7LATEDRYRB113,7,2011-05-10,LATEDRY,RB,11,3,101,3.3,9.5,28.1,62,61,112
7LATEDRYRB121,7,2011-05-04,LATEDRY,RB,12,1,139,0.56,10.7,27.3,17,12,12
7LATEDRYRB132,7,2011-05-12,LATEDRY,RB,13,2,100,4.7,13.5,28.6,2,2,1
7LATEDRYRB133,7,2011-05-12,LATEDRY,RB,13,3,68,4.4,13.4,28.7,5,7,8
7LATEDRYRB81,7,2011-05-11,LATEDRY,RB,8,1,92,2.8,10.6,26.9,16,17,21
7LATEDRYRB82,7,2011-05-11,LATEDRY,RB,8,2,112,2.8,10.3,26.9,10,9,14
7LATEDRYRB83,7,2011-05-11,LATEDRY,RB,8,3,117,3,10.3,26.9,9,8,13
7LATEDRYRB91,7,2011-05-11,LATEDRY,RB,9,1,108,1.1,8.7,26.7,10,9,14
7LATEDRYRB92,7,2011-05-11,LATEDRY,RB,9,2,99,3.2,8.6,26.8,31,31,26
7LATEDRYRB93,7,2011-05-11,LATEDRY,RB,9,3,146,3.4,8.8,27.3,30,21,46
7TRANSRB101,7,2011-01-22,TRANS,RB,10,1,106,4.56,0.3,21,161,152,73
7TRANSRB101,7,2011-02-10,TRANS,RB,10,1,174,3.9,0.4,28,161,93,173
7TRANSRB101,7,2011-03-28,TRANS,RB,10,1,96,3.1,1.2,24.2,161,168,196
7TRANSRB101,7,2011-04-22,TRANS,RB,10,1,165,2.4,4.8,24.3,161,98,185
7TRANSRB101,7,2011-06-05,TRANS,RB,10,1,112,4.7,5,28.2,161,144,164
7TRANSRB102,7,2011-01-22,TRANS,RB,10,2,175,4.67,0.3,21,161,92,114
7TRANSRB102,7,2011-02-10,TRANS,RB,10,2,115,3.6,0.4,23.3,161,140,146
7TRANSRB102,7,2011-03-28,TRANS,RB,10,2,93,3.7,1.1,24.8,161,173,195
7TRANSRB102,7,2011-04-22,TRANS,RB,10,2,115,2.6,4.9,24.6,161,140,208
7TRANSRB102,7,2011-06-05,TRANS,RB,10,2,115,5.4,5,29,161,140,208
7TRANSRB103,7,2011-01-22,TRANS,RB,10,3,131,4.65,0.3,21,199,152,36
7TRANSRB103,7,2011-02-10,TRANS,RB,10,3,162,6.33,0.4,19.5,199,123,217
7TRANSRB103,7,2011-03-28,TRANS,RB,10,3,93,4.4,1.2,25.2,199,214,182
7TRANSRB103,7,2011-04-22,TRANS,RB,10,3,109,2.8,4.3,24.8,199,183,236
7TRANSRB103,7,2011-06-05,TRANS,RB,10,3,148,6.3,5,28.9,199,134,124
7TRANSRB111,7,2011-01-22,TRANS,RB,11,1,115,3.4,0.2,21.1,200,174,28
7TRANSRB111,7,2011-02-12,TRANS,RB,11,1,101,5.65,0.4,17.4,200,198,87
7TRANSRB111,7,2011-03-24,TRANS,RB,11,1,88,7.2,0.9,25.2,200,227,256
7TRANSRB111,7,2011-04-15,TRANS,RB,11,1,126,5.6,7.5,27.6,200,159,152
7TRANSRB111,7,2011-06-05,TRANS,RB,11,1,97,6,5.6,28.8,200,206,133
7TRANSRB112,7,2011-01-22,TRANS,RB,11,2,100,3.2,0.3,20.8,332,332,225
7TRANSRB112,7,2011-02-12,TRANS,RB,11,2,79,5.65,0.4,17.7,332,420,357
7TRANSRB112,7,2011-03-27,TRANS,RB,11,2,108,4.9,1.3,24.6,332,307,501
7TRANSRB112,7,2011-04-21,TRANS,RB,11,2,106,4.5,6.1,26.5,332,313,312
7TRANSRB112,7,2011-06-05,TRANS,RB,11,2,139,5.1,5.6,28.3,332,239,289
7TRANSRB113,7,2011-01-22,TRANS,RB,11,3,NA,4.62,0.3,20.9,480,NA,691
7TRANSRB113,7,2011-02-13,TRANS,RB,11,3,116,6.24,0.4,16.3,480,414,715
7TRANSRB113,7,2011-03-27,TRANS,RB,11,3,102,5.9,1.4,25.9,480,471,786
7TRANSRB113,7,2011-04-21,TRANS,RB,11,3,111,4.8,5.2,27.1,480,432,703
7TRANSRB113,7,2011-06-05,TRANS,RB,11,3,96,5,5.5,28.5,480,500,463
7TRANSRB131,7,2011-01-23,TRANS,RB,13,1,56,4.52,0.3,17.8,74,132,40
7TRANSRB131,7,2011-02-11,TRANS,RB,13,1,115,3.62,0.4,22.2,74,64,40
7TRANSRB131,7,2011-03-25,TRANS,RB,13,1,98,5,4,24.1,74,76,61
7TRANSRB131,7,2011-06-06,TRANS,RB,13,1,104,3.81,7.9,28.7,74,71,16
7TRANSRB132,7,2011-01-23,TRANS,RB,13,2,61,4.62,0.3,17.8,115,189,68
7TRANSRB132,7,2011-02-11,TRANS,RB,13,2,130,4.16,0.4,22.2,115,88,50
7TRANSRB132,7,2011-03-25,TRANS,RB,13,2,130,4.6,4.6,24.6,115,88,128
7TRANSRB132,7,2011-04-16,TRANS,RB,13,2,150,4.9,10.2,27.6,115,77,88
7TRANSRB132,7,2011-06-06,TRANS,RB,13,2,69,4.4,7.8,28.7,115,167,18
7TRANSRB133,7,2011-01-23,TRANS,RB,13,3,85,5.37,0.3,16.9,99,116,86
7TRANSRB133,7,2011-02-11,TRANS,RB,13,3,115,3.35,0.4,22.3,99,86,55
7TRANSRB133,7,2011-03-25,TRANS,RB,13,3,101,4.8,4.6,24.8,99,98,133
7TRANSRB133,7,2011-04-16,TRANS,RB,13,3,150,5.2,10.3,28.1,99,66,101
7TRANSRB133,7,2011-06-06,TRANS,RB,13,3,81,4.9,7.5,28.9,99,122,24
7TRANSRB81,7,2011-01-22,TRANS,RB,8,1,96,3.69,0.3,21.9,89,93,62
7TRANSRB81,7,2011-02-10,TRANS,RB,8,1,115,4.01,0.4,21.6,89,77,29
7TRANSRB81,7,2011-03-25,TRANS,RB,8,1,96,4.9,2.4,24.6,89,93,80
7TRANSRB81,7,2011-04-21,TRANS,RB,8,1,95,4.6,7.4,26.7,89,94,71
7TRANSRB81,7,2011-06-06,TRANS,RB,8,1,85,4.5,6.4,28.2,89,105,105
7TRANSRB82,7,2011-01-22,TRANS,RB,8,2,126,4.27,0.3,21.9,137,109,14
7TRANSRB82,7,2011-02-10,TRANS,RB,8,2,129,4.6,0.4,21.8,137,106,97
7TRANSRB82,7,2011-03-25,TRANS,RB,8,2,100,5.2,1.9,25,137,137,158
7TRANSRB82,7,2011-04-21,TRANS,RB,8,2,134,2.9,6.7,26.7,137,102,171
7TRANSRB82,7,2011-06-06,TRANS,RB,8,2,100,5,6.1,28.5,137,137,130
7TRANSRB83,7,2011-01-22,TRANS,RB,8,3,108,3.83,0.3,21.8,139,129,36
7TRANSRB83,7,2011-02-10,TRANS,RB,8,3,122,4.15,0.4,22.3,139,114,122
7TRANSRB83,7,2011-03-25,TRANS,RB,8,3,98,6,1.4,25.4,139,142,179
7TRANSRB83,7,2011-04-21,TRANS,RB,8,3,166,4,6,27.2,139,84,173
7TRANSRB83,7,2011-06-06,TRANS,RB,8,3,108,4.8,5.9,29.1,139,129,117
7TRANSRB91,7,2011-01-23,TRANS,RB,9,1,180,5.63,0.3,14.8,167,93,87
7TRANSRB91,7,2011-02-11,TRANS,RB,9,1,123,2.96,0.4,22.1,167,136,122
7TRANSRB91,7,2011-03-24,TRANS,RB,9,1,94,5.7,0.9,23,167,178,202
7TRANSRB91,7,2011-04-15,TRANS,RB,9,1,112,2.8,4.7,24.1,167,149,174
7TRANSRB91,7,2011-06-05,TRANS,RB,9,1,107,3.5,5.1,26.5,167,156,194
7TRANSRB92,7,2011-01-23,TRANS,RB,9,2,145,5.96,0.3,14.9,143,99,98
7TRANSRB92,7,2011-02-11,TRANS,RB,9,2,102,2.89,0.3,21.9,143,140,77
7TRANSRB92,7,2011-03-24,TRANS,RB,9,2,106,5.8,0.8,23.1,143,135,145
7TRANSRB92,7,2011-04-15,TRANS,RB,9,2,117,3.6,4.6,25,143,122,173
7TRANSRB92,7,2011-06-05,TRANS,RB,9,2,104,3.4,5,26.8,143,138,78
7TRANSRB93,7,2011-01-23,TRANS,RB,9,3,92,6.64,0.3,15.5,236,257,186
7TRANSRB93,7,2011-02-11,TRANS,RB,9,3,97,2.97,0.3,22.1,236,243,175
7TRANSRB93,7,2011-03-24,TRANS,RB,9,3,112,4.9,0.7,23.5,236,211,300
7TRANSRB93,7,2011-04-15,TRANS,RB,9,3,148,4,4.8,25.3,236,159,279
7TRANSRB93,7,2011-06-05,TRANS,RB,9,3,85,4,5,27,236,278,186
7WETRB131,7,2010-12-18,WET,RB,13,1,82,7.23,0.3,15.6,21,26,20
7WETRB132,7,2010-12-18,WET,RB,13,2,88,7.32,0.3,15.8,20,23,19
7WETRB161,7,2010-12-16,WET,RB,16,1,77,4.62,1.2,12,15,19,13
7WETRB162,7,2010-12-16,WET,RB,16,2,135,5.3,0.9,11.4,7,5,4
7WETRB163,7,2010-12-16,WET,RB,16,3,130,6.43,0.8,11.7,2,2,1
7WETRB83,7,2010-12-17,WET,RB,8,3,52,7.9,0.3,12.7,11,21,9
7WETRB91,7,2010-12-17,WET,RB,9,1,181,6.83,0.3,14,5,3,4
7WETRB93,7,2010-12-17,WET,RB,9,3,114,7.43,0.3,14.7,14,12,12
7WETTB11,7,2010-12-18,WET,TB,1,1,89,4.8,2.9,18.2,39,44,18
7WETTB21,7,2010-12-15,WET,TB,2,1,91,6.24,2.2,13.7,24,26,18
7WETTB22,7,2010-12-15,WET,TB,2,2,62,6.68,2.5,15.5,59,95,28
7WETTB23,7,2010-12-15,WET,TB,2,3,28,6.52,2.5,15.6,61,218,47
8EARLYDRYRB102,8,2012-02-19,EARLYDRY,RB,10,2,106,5.5,0.3,23,16,15,12
8EARLYDRYRB111,8,2012-02-19,EARLYDRY,RB,11,1,81,4.2,0.3,21.9,14,17,10
8EARLYDRYRB112,8,2012-02-19,EARLYDRY,RB,11,2,97,4.3,0.3,22.2,16,16,12
8EARLYDRYRB121,8,2012-02-25,EARLYDRY,RB,12,1,131,3.2,0.7,22.9,17,13,11
8EARLYDRYRB122,8,2012-02-25,EARLYDRY,RB,12,2,102,3.3,0.6,23.2,15,15,12
8EARLYDRYRB123,8,2012-02-25,EARLYDRY,RB,12,3,93,3.5,0.6,23.7,24,26,19
8EARLYDRYRB131,8,2012-02-20,EARLYDRY,RB,13,1,83,5.2,0.4,22.9,17,20,15
8EARLYDRYRB132,8,2012-02-20,EARLYDRY,RB,13,2,108,5.1,0.4,22.9,27,25,24
8EARLYDRYRB142,8,2012-02-19,EARLYDRY,RB,14,2,77,4.3,0.6,22.4,12,16,11
8EARLYDRYRB142,8,2012-02-19,EARLYDRY,RB,14,2,77,4.6,0.5,22.5,12,16,1
8EARLYDRYRB143,8,2012-02-19,EARLYDRY,RB,14,3,90,4.4,0.5,22.6,14,16,12
8EARLYDRYRB151,8,2012-02-26,EARLYDRY,RB,15,1,134,2.3,1.4,24,20,15,19
8EARLYDRYRB162,8,2012-02-26,EARLYDRY,RB,16,2,127,2.8,1.3,22.7,10,8,6
8EARLYDRYRB163,8,2012-02-25,EARLYDRY,RB,16,3,150,4.2,2.3,23.9,10,7,8
8EARLYDRYRB73,8,2012-02-19,EARLYDRY,RB,7,3,153,2.2,1,23.1,7,5,6
8EARLYDRYRB81,8,2012-02-20,EARLYDRY,RB,8,1,56,4.2,0.3,23.1,35,62,34
8EARLYDRYRB82,8,2012-02-20,EARLYDRY,RB,8,2,86,4.2,0.3,22.9,14,16,13
8EARLYDRYRB83,8,2012-02-20,EARLYDRY,RB,8,3,133,4.5,0.3,22.6,22,17,20
8EARLYDRYRB92,8,2012-02-25,EARLYDRY,RB,9,2,91,3.9,0.4,23.6,19,21,17
8EARLYDRYRB93,8,2012-02-25,EARLYDRY,RB,9,3,118,4,0.4,23.8,25,21,21
8EARLYDRYTB11,8,2012-02-26,EARLYDRY,TB,1,1,120,3.4,6.2,25.4,20,17,18
8EARLYDRYTB12,8,2012-02-26,EARLYDRY,TB,1,2,140,3.5,6.8,26.2,5,4,2
8EARLYDRYTB13,8,2012-02-26,EARLYDRY,TB,1,3,150,3.2,6.6,25.8,14,9,13
8EARLYDRYTB21,8,2012-02-18,EARLYDRY,TB,2,1,97,4.3,2.9,25,11,11,6
8EARLYDRYTB22,8,2012-02-18,EARLYDRY,TB,2,2,74,5.1,3.7,25.2,7,9,6
8EARLYDRYTB23,8,2012-02-18,EARLYDRY,TB,2,3,97,5.6,4.4,24.6,23,24,21
8EARLYDRYTB31,8,2012-02-26,EARLYDRY,TB,3,1,93,4.1,4.1,24.9,17,18,11
8EARLYDRYTB32,8,2012-02-26,EARLYDRY,TB,3,2,156,4.1,2.3,24.7,16,10,6
8EARLYDRYTB33,8,2012-02-26,EARLYDRY,TB,3,3,112,3.7,1.8,24.9,17,15,11
8EARLYDRYTB41,8,2012-02-26,EARLYDRY,TB,4,1,128,2.9,2,24,10,8,8
8EARLYDRYTB42,8,2012-02-26,EARLYDRY,TB,4,2,126,3.2,2,24.1,12,10,2
8EARLYDRYTB43,8,2012-02-26,EARLYDRY,TB,4,3,116,3.1,2.2,24.4,23,20,16
8LATEDRYRB103,8,2012-04-13,LATEDRY,RB,10,3,88,3.3,4.1,25.2,17,19,13
8LATEDRYRB111,8,2012-04-13,LATEDRY,RB,11,1,87,5.1,5.1,26.1,17,20,16
8LATEDRYRB112,8,2012-04-13,LATEDRY,RB,11,2,71,4.4,4.5,26,17,24,16
8LATEDRYRB113,8,2012-04-13,LATEDRY,RB,11,3,71,3.7,3.9,25.2,26,37,25
8LATEDRYRB121,8,2012-05-05,LATEDRY,RB,12,1,93,2.6,0.7,24.9,8,9,5
8LATEDRYRB141,8,2012-04-15,LATEDRY,RB,14,1,66,3,9.8,23.8,10,15,4
8LATEDRYRB142,8,2012-04-15,LATEDRY,RB,14,2,98,2.7,9.7,23.8,10,10,7
8LATEDRYRB143,8,2012-04-15,LATEDRY,RB,14,3,98,2.6,9.6,24,7,7,2
8LATEDRYRB162,8,2012-04-27,LATEDRY,RB,16,2,94,2.1,7,22.4,6,6,0
8LATEDRYRB93,8,2012-04-14,LATEDRY,RB,9,3,88,3.4,2.5,23.1,42,48,40
8LATEDRYTB12,8,2012-04-27,LATEDRY,TB,1,2,92,4.4,16.9,25,8,9,6
8LATEDRYTB13,8,2012-04-27,LATEDRY,TB,1,3,100,4.2,17.6,25.1,8,8,7
8LATEDRYTB23,8,2012-04-27,LATEDRY,TB,2,3,111,5.6,14.9,25.8,15,14,12
8LATEDRYTB31,8,2012-04-26,LATEDRY,TB,3,1,91,5.2,11,24.8,9,10,5
8LATEDRYTB32,8,2012-04-26,LATEDRY,TB,3,2,89,5.5,11.2,25.6,11,12,6
8LATEDRYTB41,8,2012-04-26,LATEDRY,TB,4,1,63,5.1,11.9,25.5,1,2,0
8LATEDRYTB42,8,2012-04-26,LATEDRY,TB,4,2,114,4.8,7.6,25.4,10,9,1
8TRANSRB101,8,2012-03-18,TRANS,RB,10,1,115,5.3,0.6,24.5,55,48,51
8TRANSRB101,8,2012-06-26,TRANS,RB,10,1,97,3.1,0.2,28.1,55,57,37
8TRANSRB101,8,2012-07-26,TRANS,RB,10,1,111,2.4,0.2,31.4,55,50,29
8TRANSRB101,8,2012-08-23,TRANS,RB,10,1,110,2.92,0.4,30.2,55,50,18
8TRANSRB101,8,2012-09-29,TRANS,RB,10,1,121,2.3,0.2,28.8,55,45,24
8TRANSRB102,8,2012-03-18,TRANS,RB,10,2,101,4.7,0.6,24.4,50,50,42
8TRANSRB102,8,2012-06-26,TRANS,RB,10,2,120,3.1,0.2,28.2,50,42,17
8TRANSRB102,8,2012-07-26,TRANS,RB,10,2,99,3.2,0.2,32,50,51,22
8TRANSRB102,8,2012-08-23,TRANS,RB,10,2,87,2.97,0.2,30.6,50,57,31
8TRANSRB102,8,2012-09-29,TRANS,RB,10,2,89,2.5,0.2,29.9,50,56,38
8TRANSRB103,8,2012-03-18,TRANS,RB,10,3,127,4.7,0.6,24.6,42,33,29
8TRANSRB103,8,2012-06-26,TRANS,RB,10,3,126,3.5,0.2,28.5,42,33,0
8TRANSRB103,8,2012-07-26,TRANS,RB,10,3,120,2.8,0.2,32.3,42,35,1
8TRANSRB103,8,2012-08-23,TRANS,RB,10,3,101,3.65,0.2,31.2,42,42,21
8TRANSRB103,8,2012-09-29,TRANS,RB,10,3,106,2.5,0.2,29.2,42,40,20
8TRANSRB111,8,2012-03-18,TRANS,RB,11,1,100,4.2,0.5,23,55,55,29
8TRANSRB111,8,2012-06-26,TRANS,RB,11,1,136,2.5,0.2,27.5,55,40,28
8TRANSRB111,8,2012-07-26,TRANS,RB,11,1,110,2.5,0.2,31.6,55,50,7
8TRANSRB111,8,2012-08-23,TRANS,RB,11,1,111,1.84,0.2,29.3,55,50,30
8TRANSRB111,8,2012-09-29,TRANS,RB,11,1,100,2.2,0.2,29,55,55,8
8TRANSRB112,8,2012-03-18,TRANS,RB,11,2,70,3.6,0.5,23,89,127,78
8TRANSRB112,8,2012-06-26,TRANS,RB,11,2,97,3.3,0.2,27.9,89,92,31
8TRANSRB112,8,2012-07-26,TRANS,RB,11,2,123,3.4,0.2,31.5,89,72,17
8TRANSRB112,8,2012-08-23,TRANS,RB,11,2,97,1.99,0.2,29.5,89,92,51
8TRANSRB112,8,2012-09-29,TRANS,RB,11,2,105,2.5,0.2,29.2,89,85,71
8TRANSRB113,8,2012-03-18,TRANS,RB,11,3,114,4.2,0.5,24.1,31,27,15
8TRANSRB113,8,2012-06-26,TRANS,RB,11,3,100,3,0.2,27.9,31,31,0
8TRANSRB113,8,2012-07-26,TRANS,RB,11,3,95,4.9,0.2,31.8,31,33,9
8TRANSRB113,8,2012-08-23,TRANS,RB,11,3,114,2.57,0.2,29.6,31,27,24
8TRANSRB113,8,2012-09-29,TRANS,RB,11,3,110,3.4,0.2,29.6,31,28,9
8TRANSRB131,8,2012-03-19,TRANS,RB,13,1,96,4.7,0.7,23.4,67,70,48
8TRANSRB131,8,2012-06-26,TRANS,RB,13,1,92,4.4,0.2,28.6,67,73,39
8TRANSRB131,8,2012-07-27,TRANS,RB,13,1,103,3,0.2,31.3,67,65,33
8TRANSRB131,8,2012-08-23,TRANS,RB,13,1,93,2.71,0.2,36.7,67,72,19
8TRANSRB131,8,2012-09-26,TRANS,RB,13,1,132,3.2,0.2,29.7,67,51,24
8TRANSRB132,8,2012-03-19,TRANS,RB,13,2,129,4.7,0.7,23.6,90,70,73
8TRANSRB132,8,2012-06-26,TRANS,RB,13,2,132,4.1,0.2,28.5,90,68,48
8TRANSRB132,8,2012-07-27,TRANS,RB,13,2,130,3.5,0.2,31.3,90,69,24
8TRANSRB132,8,2012-08-23,TRANS,RB,13,2,83,2.81,0.2,30.4,90,108,54
8TRANSRB132,8,2012-09-26,TRANS,RB,13,2,94,3.6,0.2,29.7,90,95,42
8TRANSRB133,8,2012-03-19,TRANS,RB,13,3,76,4.4,0.7,24,71,93,39
8TRANSRB133,8,2012-06-26,TRANS,RB,13,3,130,3.3,0.2,28.4,71,55,34
8TRANSRB133,8,2012-07-27,TRANS,RB,13,3,140,3.1,0.2,31.2,71,51,29
8TRANSRB133,8,2012-08-23,TRANS,RB,13,3,101,2.73,0.2,30.8,71,70,15
8TRANSRB133,8,2012-09-26,TRANS,RB,13,3,100,2.4,0.2,29.7,71,71,16
8TRANSRB161,8,2012-03-24,TRANS,RB,16,1,116,3.4,5.4,25.8,42,36,5
8TRANSRB161,8,2012-05-31,TRANS,RB,16,1,118,4,1,29.6,42,36,19
8TRANSRB161,8,2012-06-28,TRANS,RB,16,1,107,1.2,3.3,28.4,42,39,1
8TRANSRB161,8,2012-07-31,TRANS,RB,16,1,105,2.5,0.4,27,42,40,18
8TRANSRB161,8,2012-08-22,TRANS,RB,16,1,109,2.4,0.4,29.2,42,39,0
8TRANSRB161,8,2012-09-25,TRANS,RB,16,1,108,3.4,0.4,26.5,42,39,21
8TRANSRB162,8,2012-03-24,TRANS,RB,16,2,96,3.3,4.8,24.9,28,29,11
8TRANSRB162,8,2012-05-31,TRANS,RB,16,2,129,2.8,1.4,29.2,28,22,0
8TRANSRB162,8,2012-06-28,TRANS,RB,16,2,100,1.1,3.3,28.3,28,28,8
8TRANSRB162,8,2012-07-31,TRANS,RB,16,2,96,2.8,0.4,27.1,28,29,6
8TRANSRB162,8,2012-08-22,TRANS,RB,16,2,102,2.3,0.4,28.9,28,27,8
8TRANSRB162,8,2012-09-25,TRANS,RB,16,2,100,3.2,0.4,26.6,28,28,8
8TRANSRB163,8,2012-03-24,TRANS,RB,16,3,95,3.5,4.3,24,15,16,2
8TRANSRB163,8,2012-05-31,TRANS,RB,16,3,102,3.6,1.3,29.4,15,15,5
8TRANSRB163,8,2012-06-28,TRANS,RB,16,3,98,1.7,3.6,28.6,15,15,0
8TRANSRB163,8,2012-07-31,TRANS,RB,16,3,121,2.7,0.4,27.2,15,12,4
8TRANSRB163,8,2012-08-22,TRANS,RB,16,3,98,2.1,0.4,29,15,15,1
8TRANSRB163,8,2012-09-25,TRANS,RB,16,3,NA,3.4,0.3,26.3,15,NA,3
8TRANSRB81,8,2012-03-18,TRANS,RB,8,1,103,4.1,0.6,23,44,43,20
8TRANSRB81,8,2012-06-26,TRANS,RB,8,1,99,3.4,0.2,28.5,44,44,13
8TRANSRB81,8,2012-07-27,TRANS,RB,8,1,100,3.8,0.2,31.6,44,44,27
8TRANSRB81,8,2012-08-23,TRANS,RB,8,1,84,2.87,0.2,30.8,44,52,31
8TRANSRB81,8,2012-09-29,TRANS,RB,8,1,138,2.3,0.2,29.3,44,32,17
8TRANSRB82,8,2012-03-19,TRANS,RB,8,2,122,3.6,0.6,23.5,50,41,29
8TRANSRB82,8,2012-06-26,TRANS,RB,8,2,114,3.2,0.2,28.7,50,44,10
8TRANSRB82,8,2012-07-27,TRANS,RB,8,2,134,2.3,0.2,31.3,50,37,9
8TRANSRB82,8,2012-08-23,TRANS,RB,8,2,90,2.66,0.2,30.7,50,55,21
8TRANSRB82,8,2012-09-29,TRANS,RB,8,2,125,2.6,0.2,29.5,50,40,27
8TRANSRB83,8,2012-03-19,TRANS,RB,8,3,112,3.6,0.7,24.5,63,56,47
8TRANSRB83,8,2012-06-26,TRANS,RB,8,3,97,3.2,0.2,28.6,63,65,31
8TRANSRB83,8,2012-07-27,TRANS,RB,8,3,126,3.7,0.2,30.9,63,50,22
8TRANSRB83,8,2012-08-23,TRANS,RB,8,3,121,2.86,0.2,31,63,52,38
8TRANSRB83,8,2012-09-29,TRANS,RB,8,3,131,2.5,0.2,29.6,63,48,30
8TRANSRB91,8,2012-03-19,TRANS,RB,9,1,112,3.7,0.6,24.1,38,34,21
8TRANSRB91,8,2012-06-26,TRANS,RB,9,1,127,2.1,0.2,28.1,38,30,8
8TRANSRB91,8,2012-07-26,TRANS,RB,9,1,100,1.5,0.2,31,38,38,11
8TRANSRB91,8,2012-08-23,TRANS,RB,9,1,107,2.52,0.2,30.5,38,36,17
8TRANSRB91,8,2012-09-29,TRANS,RB,9,1,118,1.7,0.2,28.9,38,32,11
8TRANSRB92,8,2012-03-19,TRANS,RB,9,2,116,3.7,0.6,23.9,57,49,41
8TRANSRB92,8,2012-06-26,TRANS,RB,9,2,110,2.2,0.2,28.2,57,52,20
8TRANSRB92,8,2012-07-26,TRANS,RB,9,2,85,1.6,0.2,31,57,67,9
8TRANSRB92,8,2012-08-23,TRANS,RB,9,2,105,2.65,0.2,30.9,57,54,19
8TRANSRB92,8,2012-09-29,TRANS,RB,9,2,85,1.9,0.2,28.9,57,67,9
8TRANSRB93,8,2012-03-19,TRANS,RB,9,3,129,4,0.6,24,29,22,21
8TRANSTB11,8,2012-03-25,TRANS,TB,1,1,107,3.4,11.8,25.6,61,57,47
8TRANSTB11,8,2012-05-31,TRANS,TB,1,1,137,3.7,1.2,29.3,61,45,28
8TRANSTB11,8,2012-06-28,TRANS,TB,1,1,83,2.4,8.9,31,61,73,0
8TRANSTB11,8,2012-08-22,TRANS,TB,1,1,100,2.8,0.3,31.5,61,61,39
8TRANSTB11,8,2012-09-25,TRANS,TB,1,1,82,2.5,0.4,26.7,61,74,40
8TRANSTB12,8,2012-03-25,TRANS,TB,1,2,109,4.8,11.5,25.5,71,65,25
8TRANSTB12,8,2012-05-31,TRANS,TB,1,2,125,5.2,2.8,31,71,57,20
8TRANSTB12,8,2012-06-28,TRANS,TB,1,2,98,2.9,9.3,32.2,71,72,39
8TRANSTB12,8,2012-07-31,TRANS,TB,1,2,88,3.2,0.5,32.4,71,81,31
8TRANSTB12,8,2012-08-22,TRANS,TB,1,2,114,3.4,0.8,31.4,71,62,29
8TRANSTB12,8,2012-09-25,TRANS,TB,1,2,108,2.4,0.5,26.7,71,66,47
8TRANSTB13,8,2012-03-25,TRANS,TB,1,3,92,4.7,11.4,25.8,31,34,7
8TRANSTB13,8,2012-05-31,TRANS,TB,1,3,85,4.9,2.8,30.6,31,36,11
8TRANSTB13,8,2012-06-28,TRANS,TB,1,3,78,2,7.3,30.7,31,40,0
8TRANSTB13,8,2012-08-22,TRANS,TB,1,3,104,3.2,0.7,29.9,31,30,7
8TRANSTB13,8,2012-09-25,TRANS,TB,1,3,94,2.8,0.5,26.7,31,33,5
8TRANSTB21,8,2012-03-24,TRANS,TB,2,1,101,4.7,11.3,25.3,32,32,10
8TRANSTB21,8,2012-05-31,TRANS,TB,2,1,130,5.1,1.7,30.7,32,25,0
8TRANSTB21,8,2012-06-28,TRANS,TB,2,1,87,3.9,10.6,30.9,32,37,0
8TRANSTB21,8,2012-07-31,TRANS,TB,2,1,79,1.5,0.5,33.7,32,41,8
8TRANSTB21,8,2012-08-22,TRANS,TB,2,1,100,3.9,0.6,31.9,32,32,7
8TRANSTB21,8,2012-09-25,TRANS,TB,2,1,83,4.6,0.4,27.6,32,39,2
8TRANSTB22,8,2012-03-24,TRANS,TB,2,2,118,6.1,11.2,25.2,45,38,15
8TRANSTB22,8,2012-05-31,TRANS,TB,2,2,139,5.3,2.2,30.3,45,32,7
8TRANSTB22,8,2012-06-28,TRANS,TB,2,2,92,3.6,10.1,31.4,45,49,0
8TRANSTB22,8,2012-07-31,TRANS,TB,2,2,79,1.5,0.6,32.8,45,57,10
8TRANSTB22,8,2012-08-22,TRANS,TB,2,2,106,4.5,0.8,32.5,45,42,15
8TRANSTB22,8,2012-09-25,TRANS,TB,2,2,74,4.9,0.4,27.8,45,61,12
8TRANSTB23,8,2012-03-24,TRANS,TB,2,3,76,5.5,11.5,25.3,62,82,33
8TRANSTB23,8,2012-05-31,TRANS,TB,2,3,127,5.4,2.3,30.3,62,49,19
8TRANSTB23,8,2012-06-28,TRANS,TB,2,3,89,3.3,8.6,31.5,62,70,19
8TRANSTB23,8,2012-07-31,TRANS,TB,2,3,85,1.4,0.6,33.1,62,73,37
8TRANSTB23,8,2012-08-22,TRANS,TB,2,3,115,4.8,1.1,32.9,62,54,26
8TRANSTB23,8,2012-09-25,TRANS,TB,2,3,92,4.9,0.4,28,62,67,33
8TRANSTB31,8,2012-03-24,TRANS,TB,3,1,115,5.3,9.4,26.2,64,56,29
8TRANSTB31,8,2012-05-31,TRANS,TB,3,1,98,5,1.9,29.5,64,65,22
8TRANSTB31,8,2012-06-28,TRANS,TB,3,1,72,3.8,8.6,28.8,64,89,41
8TRANSTB31,8,2012-07-31,TRANS,TB,3,1,70,2.3,0.5,30,64,91,46
8TRANSTB31,8,2012-08-22,TRANS,TB,3,1,78,4.1,0.5,30.9,64,82,41
8TRANSTB31,8,2012-09-25,TRANS,TB,3,1,97,4,0.4,27.5,64,66,36
8TRANSTB32,8,2012-03-24,TRANS,TB,3,2,112,5.4,8.8,26,48,43,30
8TRANSTB32,8,2012-05-31,TRANS,TB,3,2,100,5,1.8,29.6,48,48,4
8TRANSTB32,8,2012-06-28,TRANS,TB,3,2,107,3.7,11.3,29.3,48,45,11
8TRANSTB32,8,2012-07-31,TRANS,TB,3,2,60,2.1,0.4,31.3,48,80,20
8TRANSTB32,8,2012-08-22,TRANS,TB,3,2,122,3.9,0.4,31.1,48,39,10
8TRANSTB32,8,2012-09-25,TRANS,TB,3,2,100,3.8,0.4,27.6,48,48,22
8TRANSTB33,8,2012-03-24,TRANS,TB,3,3,121,6,8.1,27.1,55,45,19
8TRANSTB33,8,2012-05-31,TRANS,TB,3,3,102,4.2,1.2,29.4,55,54,13
8TRANSTB33,8,2012-06-28,TRANS,TB,3,3,100,3.7,8.5,28.7,55,55,11
8TRANSTB33,8,2012-07-31,TRANS,TB,3,3,70,1.7,0.4,30.1,55,79,18
8TRANSTB33,8,2012-08-22,TRANS,TB,3,3,78,3.6,0.3,31.1,55,71,13
8TRANSTB33,8,2012-09-25,TRANS,TB,3,3,83,4,0.4,27.9,55,66,7
8TRANSTB41,8,2012-03-24,TRANS,TB,4,1,115,5.6,9.6,26.5,46,40,13
8TRANSTB41,8,2012-05-31,TRANS,TB,4,1,110,2.1,1.3,29.1,46,42,2
8TRANSTB41,8,2012-06-28,TRANS,TB,4,1,98,3.3,7.2,28.7,46,47,13
8TRANSTB41,8,2012-07-31,TRANS,TB,4,1,87,2.4,0.3,29.6,46,53,22
8TRANSTB41,8,2012-08-22,TRANS,TB,4,1,104,3.2,0.3,36.6,46,44,10
8TRANSTB41,8,2012-09-25,TRANS,TB,4,1,110,3.4,0.3,27.7,46,42,17
8TRANSTB42,8,2012-03-24,TRANS,TB,4,2,120,5.5,8.3,26.7,66,55,7
8TRANSTB42,8,2012-05-31,TRANS,TB,4,2,117,3.3,1,29.2,66,56,4
8TRANSTB42,8,2012-06-28,TRANS,TB,4,2,92,3.1,5.6,29,66,71,6
8TRANSTB42,8,2012-07-31,TRANS,TB,4,2,101,2.3,0.3,24.4,66,65,29
8TRANSTB42,8,2012-08-22,TRANS,TB,4,2,89,3.5,0.3,36.4,66,74,20
8TRANSTB42,8,2012-09-25,TRANS,TB,4,2,87,3.6,0.3,27.6,66,76,27
8TRANSTB43,8,2012-03-24,TRANS,TB,4,3,119,5.5,7.7,26.9,42,35,20
8TRANSTB43,8,2012-05-31,TRANS,TB,4,3,91,3.6,0.9,29.2,42,46,0
8TRANSTB43,8,2012-06-28,TRANS,TB,4,3,110,3.2,5.8,29.2,42,38,20
8TRANSTB43,8,2012-07-31,TRANS,TB,4,3,78,2.4,0.3,29.7,42,54,25
8TRANSTB43,8,2012-08-22,TRANS,TB,4,3,104,3.5,0.3,NA,42,40,22
8TRANSTB43,8,2012-09-25,TRANS,TB,4,3,89,3.4,0.3,27.5,42,47,24
8WETRB102,8,2011-12-06,WET,RB,10,2,122,5.6,0.2,23,6,5,5
8WETRB103,8,2011-12-06,WET,RB,10,3,174,5.6,0.2,23.1,2,1,1
8WETRB112,8,2011-12-06,WET,RB,11,2,100,4.1,0.2,21.7,18,18,15
8WETRB122,8,2011-12-05,WET,RB,12,2,118,5,0.4,22,8,7,7
8WETRB131,8,2011-12-06,WET,RB,13,1,80,4.3,0.2,21.7,22,28,20
8WETRB143,8,2011-12-07,WET,RB,14,3,81,4.3,0.3,21.9,19,23,13
8WETRB161,8,2011-12-05,WET,RB,16,1,151,3.3,1.3,22.4,17,11,12
8WETRB162,8,2011-12-05,WET,RB,16,2,127,3.8,0.9,22,15,12,10
8WETRB81,8,2011-12-06,WET,RB,8,1,78,4.7,0.2,22.5,6,8,5
8WETRB83,8,2011-12-07,WET,RB,8,3,93,4.5,0.2,21.6,12,13,10
8WETRB91,8,2011-12-07,WET,RB,9,1,139,3.9,0.2,21.4,3,2,1
8WETRB93,8,2011-12-07,WET,RB,9,3,139,4.1,0.2,22.2,5,4,3
8WETTB11,8,2011-12-08,WET,TB,1,1,86,5,2.1,21.8,18,21,14
8WETTB12,8,2011-12-08,WET,TB,1,2,111,6.1,1.5,22,23,21,17
8WETTB13,8,2011-12-08,WET,TB,1,3,68,6,1.7,22.3,26,38,24
8WETTB21,8,2011-12-07,WET,TB,2,1,68,5.6,1.5,23,21,31,19
8WETTB22,8,2011-12-07,WET,TB,2,2,82,6.6,1.4,24.1,28,34,25
8WETTB23,8,2011-12-07,WET,TB,2,3,71,6.4,1.3,NA,26,37,21
8WETTB31,8,2011-12-08,WET,TB,3,1,111,4.7,0.9,21.2,14,13,12
8WETTB32,8,2011-12-08,WET,TB,3,2,113,4.8,0.7,21.4,9,8,7
8WETTB33,8,2011-12-08,WET,TB,3,3,111,4.5,0.7,21.5,16,14,5
8WETTB42,8,2011-12-08,WET,TB,4,2,109,4.2,0.7,21.7,26,24,24
8WETTB43,8,2011-12-08,WET,TB,4,3,110,4.2,0.7,21.6,14,13,8
9EARLYDRYRB101,9,2013-02-24,EARLYDRY,RB,10,1,82,3.4,0.3,22.7,27,33,24
9EARLYDRYRB102,9,2013-02-24,EARLYDRY,RB,10,2,77,4,0.3,23,20,26,15
9EARLYDRYRB103,9,2013-02-24,EARLYDRY,RB,10,3,71,3.8,0.3,23.2,25,35,17
9EARLYDRYRB111,9,2013-02-24,EARLYDRY,RB,11,1,93,3.7,0.3,24,56,60,53
9EARLYDRYRB112,9,2013-02-24,EARLYDRY,RB,11,2,90,3.7,0.3,24.4,38,42,33
9EARLYDRYRB113,9,2013-02-24,EARLYDRY,RB,11,3,89,4.6,0.3,25.2,39,44,35
9EARLYDRYRB121,9,2013-02-22,EARLYDRY,RB,12,1,108,2.9,0.6,21.5,10,9,8
9EARLYDRYRB122,9,2013-02-22,EARLYDRY,RB,12,2,104,3.3,0.6,22.4,17,16,12
9EARLYDRYRB123,9,2013-02-22,EARLYDRY,RB,12,3,104,2.6,0.7,21.4,17,16,12
9EARLYDRYRB131,9,2013-02-24,EARLYDRY,RB,13,1,68,4,0.4,23.5,41,60,36
9EARLYDRYRB132,9,2013-02-24,EARLYDRY,RB,13,2,88,4.2,0.4,23.6,33,38,32
9EARLYDRYRB133,9,2013-02-24,EARLYDRY,RB,13,3,78,7.8,0.4,24.1,25,32,18
9EARLYDRYRB133,9,2013-02-24,EARLYDRY,RB,13,3,NA,7.8,0.4,24.1,25,NA,4
9EARLYDRYRB141,9,2013-02-23,EARLYDRY,RB,14,1,96,3.4,0.7,24.2,24,25,19
9EARLYDRYRB142,9,2013-02-23,EARLYDRY,RB,14,2,79,2.5,0.8,24.5,25,31,18
9EARLYDRYRB152,9,2013-02-24,EARLYDRY,RB,15,2,98,1.8,1.2,26.5,8,8,7
9EARLYDRYRB153,9,2013-02-24,EARLYDRY,RB,15,3,94,1.6,1.1,25.4,6,6,4
9EARLYDRYRB161,9,2013-02-22,EARLYDRY,RB,16,1,120,1.6,1.9,22.7,6,5,5
9EARLYDRYRB171,9,2013-03-01,EARLYDRY,RB,17,1,65,3.93,0.3,20.7,26,40,22
9EARLYDRYRB172,9,2013-03-01,EARLYDRY,RB,17,2,81,4.4,0.3,20.5,29,36,41
9EARLYDRYRB173,9,2013-03-01,EARLYDRY,RB,17,3,87,4.68,0.3,20.3,25,29,18
9EARLYDRYRB181,9,2013-03-01,EARLYDRY,RB,18,1,89,4.47,0.4,21.7,27,30,23
9EARLYDRYRB182,9,2013-03-01,EARLYDRY,RB,18,2,99,4.1,0.4,21.7,22,22,20
9EARLYDRYRB191,9,2013-03-01,EARLYDRY,RB,19,1,109,3.85,0.5,21.6,20,18,17
9EARLYDRYRB71,9,2013-02-25,EARLYDRY,RB,7,1,103,1.4,0.9,25.2,7,7,6
9EARLYDRYRB72,9,2013-02-25,EARLYDRY,RB,7,2,98,1.2,0.6,25,4,4,1
9EARLYDRYRB73,9,2013-02-25,EARLYDRY,RB,7,3,75,1.6,0.8,25.1,4,5,1
9EARLYDRYRB81,9,2013-02-23,EARLYDRY,RB,8,1,63,3.6,0.3,23.2,35,56,32
9EARLYDRYRB82,9,2013-02-23,EARLYDRY,RB,8,2,112,3.9,0.3,23.4,35,31,30
9EARLYDRYRB83,9,2013-02-23,EARLYDRY,RB,8,3,75,4.1,0.3,23,39,52,37
9EARLYDRYRB91,9,2013-02-23,EARLYDRY,RB,9,1,88,3.8,0.4,22.8,43,49,34
9EARLYDRYRB92,9,2013-02-23,EARLYDRY,RB,9,2,69,4.1,0.4,23.4,37,54,33
9EARLYDRYRB93,9,2013-02-23,EARLYDRY,RB,9,3,84,4,0.4,23.8,34,40,31
9EARLYDRYTB11,9,2013-02-24,EARLYDRY,TB,1,1,88,5.1,3.1,26.9,22,25,15
9EARLYDRYTB22,9,2013-02-25,EARLYDRY,TB,2,2,85,5.3,2.9,27.2,11,13,7
9EARLYDRYTB31,9,2013-02-25,EARLYDRY,TB,3,1,77,5.2,2.6,25.1,13,17,11
9EARLYDRYTB32,9,2013-02-25,EARLYDRY,TB,3,2,76,5,1.9,25.1,40,52,38
9EARLYDRYTB33,9,2013-02-25,EARLYDRY,TB,3,3,111,3.6,1.5,25.3,32,29,31
9EARLYDRYTB41,9,2013-02-25,EARLYDRY,TB,4,1,98,4.6,1.6,24.8,15,15,14
9EARLYDRYTB42,9,2013-02-22,EARLYDRY,TB,4,2,102,4.3,1.3,22.5,15,15,14
9LATEDRYRB101,9,2013-04-21,LATEDRY,RB,10,1,63,2.11,0.5,26.3,85,135,79
9LATEDRYRB102,9,2013-04-21,LATEDRY,RB,10,2,78,2.4,0.6,26.8,77,99,60
9LATEDRYRB103,9,2013-04-21,LATEDRY,RB,10,3,100,2.54,0.5,27.4,59,59,39
9LATEDRYRB111,9,2013-04-19,LATEDRY,RB,11,1,89,3.36,0.6,27.1,40,45,36
9LATEDRYRB112,9,2013-04-19,LATEDRY,RB,11,2,81,3.38,0.6,27.3,59,73,50
9LATEDRYRB113,9,2013-04-19,LATEDRY,RB,11,3,20,2.61,0.4,27,89,445,70
9LATEDRYRB121,9,2013-04-20,LATEDRY,RB,12,1,75,0.17,0.9,26,22,29,9
9LATEDRYRB122,9,2013-04-20,LATEDRY,RB,12,2,85,0.32,0.8,26.7,20,24,4
9LATEDRYRB123,9,2013-04-20,LATEDRY,RB,12,3,95,0.23,0.7,27,22,23,16
9LATEDRYRB131,9,2013-04-16,LATEDRY,RB,13,1,70,2.94,0.5,27.2,45,64,42
9LATEDRYRB132,9,2013-04-16,LATEDRY,RB,13,2,74,3.65,0.7,27.7,36,49,32
9LATEDRYRB133,9,2013-04-16,LATEDRY,RB,13,3,58,3.74,0.7,27.8,43,74,41
9LATEDRYRB141,9,2013-04-17,LATEDRY,RB,14,1,95,0.85,1.4,27,13,14,5
9LATEDRYRB142,9,2013-04-17,LATEDRY,RB,14,2,87,0.8,1.4,27,8,9,7
9LATEDRYRB143,9,2013-04-17,LATEDRY,RB,14,3,92,1.16,1.3,26.9,18,20,15
9LATEDRYRB151,9,2013-04-16,LATEDRY,RB,15,1,108,1.87,3.8,29.1,6,6,4
9LATEDRYRB153,9,2013-04-16,LATEDRY,RB,15,3,70,0.14,2.3,28.1,5,7,3
9LATEDRYRB161,9,2013-04-15,LATEDRY,RB,16,1,111,0.48,2.9,27.7,6,5,5
9LATEDRYRB163,9,2013-04-15,LATEDRY,RB,16,3,106,2.53,2.4,27.4,4,4,3
9LATEDRYRB171,9,2013-04-21,LATEDRY,RB,17,1,55,2.04,0.6,26.2,104,189,101
9LATEDRYRB181,9,2013-04-20,LATEDRY,RB,18,1,64,6.62,1,29.7,22,35,20
9LATEDRYRB182,9,2013-04-20,LATEDRY,RB,18,2,71,5.83,1,29.4,24,34,19
9LATEDRYRB183,9,2013-04-20,LATEDRY,RB,18,3,75,5.81,0.7,29.6,53,71,38
9LATEDRYRB193,9,2013-04-20,LATEDRY,RB,19,3,75,2.62,1,27.3,5,7,4
9LATEDRYRB71,9,2013-04-17,LATEDRY,RB,7,1,97,0.25,1.3,25.5,9,9,7
9LATEDRYRB72,9,2013-04-17,LATEDRY,RB,7,2,92,0.24,1.3,25.5,8,9,4
9LATEDRYRB73,9,2013-04-17,LATEDRY,RB,7,3,90,0.2,1,25.4,11,12,3
9LATEDRYRB81,9,2013-04-17,LATEDRY,RB,8,1,70,2.81,0.7,26.5,89,127,84
9LATEDRYRB82,9,2013-04-19,LATEDRY,RB,8,2,72,3.83,0.5,28.1,28,39,20
9LATEDRYRB83,9,2013-04-19,LATEDRY,RB,8,3,66,4.04,0.6,27.9,22,33,16
9LATEDRYRB91,9,2013-04-17,LATEDRY,RB,9,1,67,1.51,0.7,26.3,67,100,50
9LATEDRYRB92,9,2013-04-17,LATEDRY,RB,9,2,64,1.95,0.6,21,75,117,80
9LATEDRYRB93,9,2013-04-17,LATEDRY,RB,9,3,68,2.21,0.5,25.8,62,91,39
9LATEDRYTB12,9,2013-04-15,LATEDRY,TB,1,2,112,3.3,7,29.2,14,12,11
9LATEDRYTB13,9,2013-04-15,LATEDRY,TB,1,3,100,2.76,5,29.2,12,12,9
9LATEDRYTB21,9,2013-04-15,LATEDRY,TB,2,1,97,4.07,7,29.2,5,5,3
9LATEDRYTB22,9,2013-04-15,LATEDRY,TB,2,2,106,4.14,8.9,29.7,5,5,3
9LATEDRYTB31,9,2013-04-16,LATEDRY,TB,3,1,91,5.26,6.1,29.1,11,12,9
9LATEDRYTB32,9,2013-04-16,LATEDRY,TB,3,2,125,5.03,4.1,29.4,4,3,3
9LATEDRYTB33,9,2013-04-16,LATEDRY,TB,3,3,79,4.4,4.3,29.6,6,8,5
9LATEDRYTB42,9,2013-04-16,LATEDRY,TB,4,2,133,3.74,3.1,29,2,2,1
9TRANSRB101,9,2012-11-11,TRANS,RB,10,1,102,3.9,0.2,21.3,77,75,46
9TRANSRB101,9,2013-01-21,TRANS,RB,10,1,116,7.3,0.3,22.2,77,66,23
9TRANSRB101,9,2013-03-17,TRANS,RB,10,1,70,3,0.3,19.5,77,110,56
9TRANSRB101,9,2013-05-28,TRANS,RB,10,1,100,3.06,0.1,26.5,77,77,11
9TRANSRB101,9,2013-07-01,TRANS,RB,10,1,109,2.47,0.1,28.6,77,71,36
9TRANSRB101,9,2013-07-29,TRANS,RB,10,1,124,2.18,0.1,29.7,77,62,10
9TRANSRB102,9,2012-11-11,TRANS,RB,10,2,93,4,0.2,21.7,59,63,34
9TRANSRB102,9,2013-01-21,TRANS,RB,10,2,114,4.4,0.3,22.5,59,52,17
9TRANSRB102,9,2013-03-17,TRANS,RB,10,2,93,3.9,0.4,19.6,59,63,41
9TRANSRB102,9,2013-05-28,TRANS,RB,10,2,114,3.8,0.2,26.9,59,52,36
9TRANSRB102,9,2013-07-01,TRANS,RB,10,2,96,2.64,0.1,28.7,59,61,22
9TRANSRB102,9,2013-07-29,TRANS,RB,10,2,96,2.43,0.1,29.8,59,61,22
9TRANSRB103,9,2012-11-11,TRANS,RB,10,3,90,4.7,0.2,21.8,64,71,33
9TRANSRB103,9,2013-01-21,TRANS,RB,10,3,112,4.6,0.3,22.6,64,57,10
9TRANSRB103,9,2013-03-17,TRANS,RB,10,3,88,3.9,0.4,19.5,64,73,30
9TRANSRB103,9,2013-05-28,TRANS,RB,10,3,113,4.65,0.1,27.3,64,57,44
9TRANSRB103,9,2013-07-01,TRANS,RB,10,3,98,2.49,0.1,28.9,64,65,24
9TRANSRB103,9,2013-07-29,TRANS,RB,10,3,76,2.35,0.1,29.9,64,84,20
9TRANSRB111,9,2012-11-11,TRANS,RB,11,1,97,5,0.2,22,101,104,70
9TRANSRB111,9,2013-01-21,TRANS,RB,11,1,100,5,0.3,22.9,101,101,14
9TRANSRB111,9,2013-03-17,TRANS,RB,11,1,70,4.7,0.4,20,101,144,85
9TRANSRB111,9,2013-05-28,TRANS,RB,11,1,70,4.08,0.1,26.9,101,143,61
9TRANSRB111,9,2013-07-01,TRANS,RB,11,1,107,2.83,0.1,28.8,101,94,1
9TRANSRB111,9,2013-07-29,TRANS,RB,11,1,97,2.05,0.2,29.4,101,104,44
9TRANSRB112,9,2012-11-11,TRANS,RB,11,2,112,5.5,0.2,22.1,121,108,84
9TRANSRB112,9,2013-01-21,TRANS,RB,11,2,97,4.7,0.3,22.7,121,125,81
9TRANSRB112,9,2013-03-17,TRANS,RB,11,2,87,4.9,0.3,20.3,121,139,94
9TRANSRB112,9,2013-05-28,TRANS,RB,11,2,65,5.21,0.1,27.8,121,187,86
9TRANSRB112,9,2013-07-01,TRANS,RB,11,2,118,3.21,0.1,29,121,103,59
9TRANSRB112,9,2013-07-29,TRANS,RB,11,2,98,2.03,0.1,29.6,121,123,54
9TRANSRB113,9,2013-01-21,TRANS,RB,11,3,87,5.2,0.3,23.1,89,102,39
9TRANSRB113,9,2013-03-17,TRANS,RB,11,3,89,5,0.4,20.9,89,100,63
9TRANSRB113,9,2013-05-28,TRANS,RB,11,3,88,5.59,0.1,27.8,89,101,27
9TRANSRB113,9,2013-07-01,TRANS,RB,11,3,112,3.93,0.1,29.5,89,79,18
9TRANSRB113,9,2013-07-29,TRANS,RB,11,3,100,2.83,0.1,29.9,89,89,5
9TRANSRB131,9,2012-11-12,TRANS,RB,13,1,101,4.5,0.2,21.2,88,87,65
9TRANSRB131,9,2013-01-21,TRANS,RB,13,1,115,4.4,0.3,21.9,88,77,73
9TRANSRB131,9,2013-03-15,TRANS,RB,13,1,72,5.3,0.4,17.8,88,122,63
9TRANSRB131,9,2013-05-29,TRANS,RB,13,1,94,4.58,0.1,25.5,88,94,27
9TRANSRB131,9,2013-06-26,TRANS,RB,13,1,115,2.86,0.1,28.6,88,77,45
9TRANSRB131,9,2013-07-29,TRANS,RB,13,1,88,2.58,0.1,30.2,88,101,18
9TRANSRB132,9,2012-11-12,TRANS,RB,13,2,76,4.8,0.2,21.2,122,161,90
9TRANSRB132,9,2013-01-21,TRANS,RB,13,2,113,4.3,0.3,21.8,122,108,100
9TRANSRB132,9,2013-03-15,TRANS,RB,13,2,80,5.8,0.3,17.8,122,152,85
9TRANSRB132,9,2013-05-29,TRANS,RB,13,2,80,4.89,0.1,25.5,122,152,16
9TRANSRB132,9,2013-06-26,TRANS,RB,13,2,103,3.2,0.1,28.8,122,118,78
9TRANSRB132,9,2013-07-29,TRANS,RB,13,2,108,2.55,0.2,30.2,122,113,56
9TRANSRB133,9,2012-11-12,TRANS,RB,13,3,100,4.4,0.2,21.2,108,108,74
9TRANSRB133,9,2013-01-21,TRANS,RB,13,3,107,4.5,0.2,21.8,108,101,79
9TRANSRB133,9,2013-03-15,TRANS,RB,13,3,60,5.8,0.4,18,108,180,63
9TRANSRB133,9,2013-05-29,TRANS,RB,13,3,88,5.1,0.2,25.5,108,123,50
9TRANSRB133,9,2013-06-26,TRANS,RB,13,3,98,3.05,0.1,28.5,108,110,31
9TRANSRB133,9,2013-07-29,TRANS,RB,13,3,108,2.71,0.2,30.3,108,100,37
9TRANSRB141,9,2013-03-17,TRANS,RB,14,1,88,2.2,0.7,19.8,31,35,5
9TRANSRB141,9,2013-05-29,TRANS,RB,14,1,114,4.14,0.2,25.8,31,27,8
9TRANSRB141,9,2013-06-26,TRANS,RB,14,1,79,2.17,0.2,28.1,31,39,0
9TRANSRB141,9,2013-07-23,TRANS,RB,14,1,101,2.62,0.1,30.8,31,31,3
9TRANSRB142,9,2013-03-15,TRANS,RB,14,2,75,3.2,0.6,20.6,49,65,29
9TRANSRB142,9,2013-05-29,TRANS,RB,14,2,135,4.71,0.2,25.9,49,36,14
9TRANSRB142,9,2013-06-26,TRANS,RB,14,2,86,3.39,0.2,28.4,49,57,17
9TRANSRB142,9,2013-07-23,TRANS,RB,14,2,100,3.08,0.2,31.4,49,49,15
9TRANSRB143,9,2013-03-15,TRANS,RB,14,3,92,4.2,0.6,20.7,45,49,33
9TRANSRB143,9,2013-06-07,TRANS,RB,14,3,81,3.71,0.1,27.6,45,56,6
9TRANSRB143,9,2013-06-26,TRANS,RB,14,3,83,3.24,0.1,28.7,45,54,15
9TRANSRB143,9,2013-07-23,TRANS,RB,14,3,87,2.99,0.2,31.4,45,52,4
9TRANSRB161,9,2012-11-12,TRANS,RB,16,1,107,5.4,0.4,19.8,40,37,3
9TRANSRB161,9,2013-01-20,TRANS,RB,16,1,116,3.4,1.1,20.6,40,34,20
9TRANSRB161,9,2013-03-14,TRANS,RB,16,1,107,5.8,1.8,19.1,40,37,23
9TRANSRB161,9,2013-05-31,TRANS,RB,16,1,80,3.18,0.4,26.1,40,50,22
9TRANSRB161,9,2013-06-27,TRANS,RB,16,1,103,3.48,0.2,27.2,40,39,3
9TRANSRB161,9,2013-07-30,TRANS,RB,16,1,115,2.42,0.2,28.4,40,35,3
9TRANSRB162,9,2012-11-12,TRANS,RB,16,2,106,5.9,0.4,20,34,32,9
9TRANSRB162,9,2013-01-20,TRANS,RB,16,2,115,3.9,0.8,21,34,30,10
9TRANSRB162,9,2013-03-14,TRANS,RB,16,2,136,5.8,1.8,19,34,25,21
9TRANSRB162,9,2013-05-31,TRANS,RB,16,2,113,3.54,0.3,26.1,34,30,15
9TRANSRB162,9,2013-06-27,TRANS,RB,16,2,107,3.73,0.2,26.9,34,32,2
9TRANSRB162,9,2013-07-30,TRANS,RB,16,2,102,2.69,0.2,28.2,34,33,3
9TRANSRB163,9,2012-11-12,TRANS,RB,16,3,110,5.6,0.3,19.9,52,47,31
9TRANSRB163,9,2013-01-20,TRANS,RB,16,3,101,4.4,0.7,21,52,51,24
9TRANSRB163,9,2013-03-14,TRANS,RB,16,3,129,6.1,1.5,18.6,52,40,22
9TRANSRB163,9,2013-05-31,TRANS,RB,16,3,109,4.05,0.4,26.4,52,48,3
9TRANSRB163,9,2013-06-27,TRANS,RB,16,3,71,3.89,0.2,26.8,52,73,20
9TRANSRB163,9,2013-07-30,TRANS,RB,16,3,80,2.72,0.2,28.4,52,65,8
9TRANSRB171,9,2013-03-16,TRANS,RB,17,1,95,4.9,0.3,20.5,64,67,53
9TRANSRB171,9,2013-05-29,TRANS,RB,17,1,81,5.48,0.1,24.9,64,79,45
9TRANSRB171,9,2013-07-01,TRANS,RB,17,1,75,2.3,0.1,28.2,64,85,35
9TRANSRB171,9,2013-07-23,TRANS,RB,17,1,105,2.29,0.1,31.3,64,61,2
9TRANSRB172,9,2013-03-16,TRANS,RB,17,2,98,4.9,0.4,20,64,65,52
9TRANSRB172,9,2013-05-29,TRANS,RB,17,2,102,5.09,0.1,24.9,64,63,10
9TRANSRB172,9,2013-07-01,TRANS,RB,17,2,104,2.26,0.2,28.2,64,62,9
9TRANSRB172,9,2013-07-23,TRANS,RB,17,2,120,2.56,0.1,31.3,64,53,21
9TRANSRB173,9,2013-03-16,TRANS,RB,17,3,102,4.6,0.4,20,55,54,39
9TRANSRB173,9,2013-05-29,TRANS,RB,17,3,118,6.1,0.1,24.5,55,47,29
9TRANSRB173,9,2013-07-01,TRANS,RB,17,3,99,2.39,0.1,28.3,55,56,25
9TRANSRB173,9,2013-07-23,TRANS,RB,17,3,114,2.79,0.1,31.5,55,48,1
9TRANSRB181,9,2013-03-15,TRANS,RB,18,1,77,6,0.5,18.6,57,74,49
9TRANSRB181,9,2013-06-07,TRANS,RB,18,1,140,3.83,0.1,27.8,57,41,15
9TRANSRB181,9,2013-06-26,TRANS,RB,18,1,89,3.47,0.1,28.9,57,64,8
9TRANSRB181,9,2013-07-23,TRANS,RB,18,1,117,2.5,0.1,31.4,57,49,22
9TRANSRB182,9,2013-03-17,TRANS,RB,18,2,87,5.2,0.5,19.5,67,77,52
9TRANSRB182,9,2013-06-07,TRANS,RB,18,2,134,3.79,0.1,27.6,67,50,20
9TRANSRB182,9,2013-06-26,TRANS,RB,18,2,87,3.14,0.1,29.1,67,77,31
9TRANSRB182,9,2013-07-23,TRANS,RB,18,2,102,2.31,0.1,31.3,67,66,26
9TRANSRB183,9,2013-03-17,TRANS,RB,18,3,68,5.2,0.4,19.3,41,60,29
9TRANSRB183,9,2013-06-07,TRANS,RB,18,3,135,3.66,0.1,27.5,41,30,0
9TRANSRB183,9,2013-06-26,TRANS,RB,18,3,98,2.92,0.1,28.6,41,42,8
9TRANSRB183,9,2013-07-23,TRANS,RB,18,3,104,2.28,0.1,31.2,41,39,4
9TRANSRB191,9,2013-03-17,TRANS,RB,19,1,104,3.6,0.7,20.9,38,37,28
9TRANSRB191,9,2013-06-07,TRANS,RB,19,1,110,3.85,0.1,27.7,38,35,9
9TRANSRB191,9,2013-06-26,TRANS,RB,19,1,87,3.19,0.2,27.8,38,44,14
9TRANSRB191,9,2013-07-23,TRANS,RB,19,1,99,2.97,0.1,30.3,38,38,12
9TRANSRB192,9,2013-03-17,TRANS,RB,19,2,93,3.9,0.9,21,18,19,8
9TRANSRB192,9,2013-06-07,TRANS,RB,19,2,103,4.11,0.1,27.7,18,17,4
9TRANSRB192,9,2013-06-26,TRANS,RB,19,2,99,3.35,0.1,27.9,18,18,7
9TRANSRB192,9,2013-07-23,TRANS,RB,19,2,105,2.96,0.2,30.4,18,17,4
9TRANSRB193,9,2013-03-17,TRANS,RB,19,3,92,4.2,0.8,21.3,23,25,10
9TRANSRB193,9,2013-06-07,TRANS,RB,19,3,160,4.21,0.1,27.6,23,14,3
9TRANSRB193,9,2013-06-26,TRANS,RB,19,3,105,3.7,0.1,28.1,23,22,7
9TRANSRB193,9,2013-07-23,TRANS,RB,19,3,102,2.91,0.1,30.2,23,23,3
9TRANSRB81,9,2012-11-11,TRANS,RB,8,1,151,5.3,0.2,21.7,101,67,29
9TRANSRB81,9,2013-01-21,TRANS,RB,8,1,121,4.8,0.3,22.8,101,83,60
9TRANSRB81,9,2013-03-16,TRANS,RB,8,1,71,4.5,0.4,18,101,142,63
9TRANSRB81,9,2013-05-28,TRANS,RB,8,1,82,3.85,0.1,27,101,122,68
9TRANSRB81,9,2013-07-01,TRANS,RB,8,1,100,2.86,0.1,28.8,101,101,4
9TRANSRB81,9,2013-07-29,TRANS,RB,8,1,114,2.42,0.1,30.1,101,89,9
9TRANSRB82,9,2012-11-11,TRANS,RB,8,2,103,4.8,0.2,21.8,101,98,38
9TRANSRB82,9,2013-01-26,TRANS,RB,8,2,44,4.2,0.4,19.3,101,230,65
9TRANSRB82,9,2013-03-16,TRANS,RB,8,2,63,5.1,0.4,18.1,101,160,61
9TRANSRB82,9,2013-05-28,TRANS,RB,8,2,90,4.1,0.1,27.1,101,112,60
9TRANSRB82,9,2013-07-01,TRANS,RB,8,2,92,2.7,0.1,28.9,101,110,31
9TRANSRB82,9,2013-07-29,TRANS,RB,8,2,125,2.61,0.2,30.5,101,81,0
9TRANSRB83,9,2012-11-11,TRANS,RB,8,3,97,5.7,0.2,22,105,108,78
9TRANSRB83,9,2013-01-26,TRANS,RB,8,3,80,5.7,0.3,19.2,105,131,72
9TRANSRB83,9,2013-03-16,TRANS,RB,8,3,73,5.1,0.5,18.6,105,144,69
9TRANSRB83,9,2013-05-29,TRANS,RB,8,3,127,5.41,0.1,24.8,105,83,17
9TRANSRB83,9,2013-07-01,TRANS,RB,8,3,89,2.85,0.1,29,105,118,54
9TRANSRB83,9,2013-07-29,TRANS,RB,8,3,103,2.25,0.1,30.1,105,102,13
9TRANSRB91,9,2012-11-11,TRANS,RB,9,1,114,4.3,0.2,21.7,73,64,9
9TRANSRB91,9,2013-01-21,TRANS,RB,9,1,117,3,0.3,21.8,73,62,26
9TRANSRB91,9,2013-03-16,TRANS,RB,9,1,116,4.3,0.4,18.1,73,63,31
9TRANSRB91,9,2013-05-28,TRANS,RB,9,1,109,2.55,0.1,26,73,67,17
9TRANSRB91,9,2013-07-01,TRANS,RB,9,1,99,2.08,0.1,28.5,73,74,27
9TRANSRB91,9,2013-07-29,TRANS,RB,9,1,70,1.5,0.1,29.5,73,104,15
9TRANSRB92,9,2012-11-11,TRANS,RB,9,2,101,4.2,0.2,21.8,79,78,36
9TRANSRB92,9,2013-01-21,TRANS,RB,9,2,80,3.4,0.3,21.8,79,99,40
9TRANSRB92,9,2013-03-16,TRANS,RB,9,2,62,4.8,0.3,18.3,79,127,96
9TRANSRB92,9,2013-05-28,TRANS,RB,9,2,97,2.79,0.2,26.4,79,82,48
9TRANSRB92,9,2013-07-01,TRANS,RB,9,2,98,2.33,0.1,28.7,79,81,0
9TRANSRB92,9,2013-07-29,TRANS,RB,9,2,93,1.54,0.1,29.6,79,85,38
9TRANSRB93,9,2013-01-21,TRANS,RB,9,3,100,3.9,0.3,21.9,82,82,38
9TRANSRB93,9,2013-03-16,TRANS,RB,9,3,75,4.6,0.3,18.5,82,109,52
9TRANSRB93,9,2013-05-28,TRANS,RB,9,3,113,2.91,0.2,26.2,82,73,16
9TRANSRB93,9,2013-07-01,TRANS,RB,9,3,90,2.34,0.1,28.8,82,91,7
9TRANSRB93,9,2013-07-29,TRANS,RB,9,3,100,1.63,0.1,29.9,82,82,1
9TRANSTB11,9,2012-11-12,TRANS,TB,1,1,100,5.5,0.8,22.1,79,79,54
9TRANSTB11,9,2013-01-26,TRANS,TB,1,1,77,2,2.7,20.6,79,103,28
9TRANSTB11,9,2013-03-15,TRANS,TB,1,1,80,5.9,5.1,20.7,79,99,53
9TRANSTB11,9,2013-05-31,TRANS,TB,1,1,75,4.73,0.6,26.9,79,105,30
9TRANSTB11,9,2013-06-27,TRANS,TB,1,1,91,4.63,0.6,28.9,79,87,19
9TRANSTB11,9,2013-07-30,TRANS,TB,1,1,NA,2.17,0.2,30.2,79,NA,23
9TRANSTB12,9,2012-11-12,TRANS,TB,1,2,105,6.7,0.7,22.3,65,62,34
9TRANSTB12,9,2013-01-26,TRANS,TB,1,2,76,1.5,2.8,21.4,65,86,8
9TRANSTB12,9,2013-03-15,TRANS,TB,1,2,86,4.3,5.8,22.1,65,76,38
9TRANSTB12,9,2013-05-31,TRANS,TB,1,2,72,5.12,1.4,26.8,65,90,35
9TRANSTB12,9,2013-06-27,TRANS,TB,1,2,92,5.63,0.5,29.2,65,71,13
9TRANSTB13,9,2012-11-12,TRANS,TB,1,3,97,5.6,0.7,21.9,56,58,14
9TRANSTB13,9,2013-01-26,TRANS,TB,1,3,85,3.3,2.2,20.7,56,66,6
9TRANSTB13,9,2013-03-15,TRANS,TB,1,3,100,4.7,5.9,21.7,56,56,20
9TRANSTB13,9,2013-05-31,TRANS,TB,1,3,85,4.93,1.4,26.7,56,66,18
9TRANSTB13,9,2013-06-27,TRANS,TB,1,3,113,4.64,0.6,28.7,56,50,11
9TRANSTB21,9,2012-11-12,TRANS,TB,2,1,92,6.9,0.6,NA,80,87,32
9TRANSTB21,9,2013-01-21,TRANS,TB,2,1,100,4.8,1.3,23.4,80,80,42
9TRANSTB21,9,2013-03-15,TRANS,TB,2,1,95,5.4,8,22.4,80,84,10
9TRANSTB21,9,2013-05-31,TRANS,TB,2,1,100,4.93,0.6,27.2,80,80,38
9TRANSTB21,9,2013-06-27,TRANS,TB,2,1,117,4.84,0.4,29.8,80,68,40
9TRANSTB21,9,2013-07-30,TRANS,TB,2,1,88,3.51,0.3,30.4,80,91,42
9TRANSTB22,9,2012-11-12,TRANS,TB,2,2,86,7.5,0.6,22,85,99,51
9TRANSTB22,9,2013-01-21,TRANS,TB,2,2,112,5.9,1.4,23.9,85,76,76
9TRANSTB22,9,2013-03-15,TRANS,TB,2,2,79,6.3,8.7,21.9,85,108,74
9TRANSTB22,9,2013-05-31,TRANS,TB,2,2,92,5.3,0.8,27.4,85,93,73
9TRANSTB22,9,2013-06-27,TRANS,TB,2,2,95,5.42,0.6,29.9,85,89,24
9TRANSTB22,9,2013-07-30,TRANS,TB,2,2,92,2.95,0.2,30.3,85,92,59
9TRANSTB23,9,2012-11-12,TRANS,TB,2,3,96,7.1,0.6,22,127,132,79
9TRANSTB23,9,2013-01-21,TRANS,TB,2,3,80,6,1.5,23.9,127,159,84
9TRANSTB23,9,2013-03-15,TRANS,TB,2,3,107,7.6,5.5,21.7,127,119,82
9TRANSTB23,9,2013-05-31,TRANS,TB,2,3,94,5.35,1.1,27.6,127,134,83
9TRANSTB23,9,2013-06-27,TRANS,TB,2,3,96,5.09,0.8,29.6,127,132,37
9TRANSTB23,9,2013-07-30,TRANS,TB,2,3,82,4,0.3,30.3,127,155,82
9TRANSTB31,9,2012-11-12,TRANS,TB,3,1,100,6.5,0.5,21,76,76,29
9TRANSTB31,9,2013-01-20,TRANS,TB,3,1,97,3.9,1.1,21.4,76,78,63
9TRANSTB31,9,2013-03-14,TRANS,TB,3,1,101,6.7,5.5,21.2,76,75,57
9TRANSTB31,9,2013-05-31,TRANS,TB,3,1,69,4.64,0.7,26.9,76,110,63
9TRANSTB31,9,2013-06-27,TRANS,TB,3,1,90,4.6,0.5,29,76,84,7
9TRANSTB31,9,2013-07-30,TRANS,TB,3,1,78,3.18,0.1,29.6,76,97,6
9TRANSTB31,9,2013-07-30,TRANS,TB,3,1,78,3.18,0.2,29.6,76,97,57
9TRANSTB32,9,2012-11-12,TRANS,TB,3,2,89,6,0.4,21.3,74,84,40
9TRANSTB32,9,2013-01-20,TRANS,TB,3,2,118,4.1,1.1,22,74,63,19
9TRANSTB32,9,2013-03-14,TRANS,TB,3,2,103,6.3,5.4,21.1,74,72,45
9TRANSTB32,9,2013-05-31,TRANS,TB,3,2,79,4.72,0.5,26.6,74,94,42
9TRANSTB32,9,2013-06-27,TRANS,TB,3,2,82,3.92,0.4,28.7,74,91,7
9TRANSTB32,9,2013-07-30,TRANS,TB,3,2,118,3.28,0.1,29.5,74,63,15
9TRANSTB33,9,2012-11-12,TRANS,TB,3,3,86,6.3,0.4,21.8,73,85,47
9TRANSTB33,9,2013-01-20,TRANS,TB,3,3,78,3.9,1,21.9,73,94,37
9TRANSTB33,9,2013-03-14,TRANS,TB,3,3,107,5.9,4.2,22,73,68,47
9TRANSTB33,9,2013-05-31,TRANS,TB,3,3,92,4.21,0.5,26.8,73,79,29
9TRANSTB33,9,2013-06-27,TRANS,TB,3,3,96,3.53,0.3,28.6,73,76,2
9TRANSTB33,9,2013-07-30,TRANS,TB,3,3,112,3.5,0.1,24.5,73,65,1
9TRANSTB41,9,2012-11-12,TRANS,TB,4,1,118,5.3,0.4,21.8,56,47,42
9TRANSTB41,9,2013-01-20,TRANS,TB,4,1,96,3,0.9,21.7,56,58,48
9TRANSTB41,9,2013-03-14,TRANS,TB,4,1,106,5.3,3.9,20.7,56,53,39
9TRANSTB41,9,2013-05-31,TRANS,TB,4,1,100,3.99,0.5,26.7,56,56,39
9TRANSTB41,9,2013-06-27,TRANS,TB,4,1,95,3.24,0.3,28.5,56,59,2
9TRANSTB41,9,2013-07-30,TRANS,TB,4,1,107,3.03,0.1,30.3,56,52,2
9TRANSTB42,9,2012-11-12,TRANS,TB,4,2,118,5.6,0.4,21.9,57,48,8
9TRANSTB42,9,2013-01-20,TRANS,TB,4,2,113,3.2,0.9,21.6,57,50,49
9TRANSTB42,9,2013-03-14,TRANS,TB,4,2,101,5.6,4,20.7,57,56,37
9TRANSTB42,9,2013-05-31,TRANS,TB,4,2,105,3.85,0.4,26.6,57,54,9
9TRANSTB42,9,2013-06-27,TRANS,TB,4,2,111,3.43,0.3,28.7,57,51,36
9TRANSTB42,9,2013-07-30,TRANS,TB,4,2,120,3.11,0.2,30.2,57,48,40
9TRANSTB43,9,2012-11-12,TRANS,TB,4,3,126,5.9,0.4,22,77,61,39
9TRANSTB43,9,2013-01-20,TRANS,TB,4,3,96,3.2,1,21.1,77,80,43
9TRANSTB43,9,2013-03-14,TRANS,TB,4,3,NA,5.6,3.8,20.8,77,NA,45
9TRANSTB43,9,2013-05-31,TRANS,TB,4,3,NA,3.7,0.3,26.8,77,NA,6
9TRANSTB43,9,2013-06-27,TRANS,TB,4,3,115,3.51,0.3,28.7,77,67,7
9TRANSTB43,9,2013-07-30,TRANS,TB,4,3,102,2.6,0.2,24.5,77,75,45
9WETRB133,9,2012-12-09,WET,RB,13,3,69,3.5,0.2,22.2,22,32,21
9WETRB141,9,2012-12-09,WET,RB,14,1,55,3.8,0.3,23.5,15,27,14
9WETRB151,9,2012-12-09,WET,RB,15,1,105,3.3,0.3,22.9,7,7,6
9WETRB72,9,2012-12-10,WET,RB,7,2,119,2.5,0.3,22.5,4,3,3
9WETTB11,9,2012-12-13,WET,TB,1,1,90,2.9,0.4,24.9,14,16,17
9WETTB12,9,2012-12-13,WET,TB,1,2,94,4.5,0.8,25,13,14,19
9WETTB13,9,2012-12-13,WET,TB,1,3,96,1.5,0.8,24.1,17,18,14
9WETTB21,9,2012-12-13,WET,TB,2,1,90,3.5,0.4,25,14,16,23
9WETTB22,9,2012-12-13,WET,TB,2,2,124,5.5,0.7,25.5,8,6,11
9WETTB23,9,2012-12-13,WET,TB,2,3,97,5.6,0.6,25.1,25,26,43
9WETTB32,9,2012-12-10,WET,TB,3,2,83,5.7,0.5,23.8,70,85,56
9WETTB42,9,2012-12-10,WET,TB,4,2,165,4.9,0.4,23.3,6,4,5
9WETTB43,9,2012-12-10,WET,TB,4,3,97,5,0.4,23.4,21,22,19
