title,author,journal,search,population,island,region,time.series,native.species,survey.freq,ecosystem,continent,kingdom,major.group,species.names,common.name,digitized,plot,group,longevity.yrs
Severe and rapid population declines in exotic birds,(Aagaard & Lockwood 2016),Biological Invasions,Strayer SI,Y,Y,Hawaii,Y,N,Yearly,Terrestrial,North America,Animalia,Aves,Lonchura atricapilla,Chestnut Mannikin,Y,047_Aagaard&Lockwood_BiologicalInvasions_2016_SIFigA2.1.jpg,1,6.902
Severe and rapid population declines in exotic birds,(Aagaard & Lockwood 2016),Biological Invasions,Strayer SI,Y,Y,Hawaii,Y,N,Yearly,Terrestrial,North America,Animalia,Aves,Acridotheres tristis,Common Myna,Y,048_Aagaard&Lockwood_BiologicalInvasions_2016_SIFigA2.2.jpg,1,12.2
Severe and rapid population declines in exotic birds,(Aagaard & Lockwood 2016),Biological Invasions,Strayer SI,Y,Y,Hawaii,Y,N,Yearly,Terrestrial,North America,Animalia,Aves,Garrulax pectoralis,Greater Necklaced Laughingthrush,Y,049_Aagaard&Lockwood_BiologicalInvasions_2016_SIFigA2.3.jpg,1,10.058
Severe and rapid population declines in exotic birds,(Aagaard & Lockwood 2016),Biological Invasions,Strayer SI,Y,Y,Hawaii,Y,N,Yearly,Terrestrial,North America,Animalia,Aves,Haemorhous mexicanus,House Finch,Y,050_Aagaard&Lockwood_BiologicalInvasions_2016_SIFigA2.4.jpg,1,11.6
Severe and rapid population declines in exotic birds,(Aagaard & Lockwood 2016),Biological Invasions,Strayer SI,Y,Y,Hawaii,Y,N,Yearly,Terrestrial,North America,Animalia,Aves,Passer domesticus,House Sparrow,Y,051_Aagaard&Lockwood_BiologicalInvasions_2016_SIFigA2.5.jpg,1,19.9
Severe and rapid population declines in exotic birds,(Aagaard & Lockwood 2016),Biological Invasions,Strayer SI,Y,Y,Hawaii,Y,N,Yearly,Terrestrial,North America,Animalia,Aves,Garrulax canorus,Hwamei,Y,052_Aagaard&Lockwood_BiologicalInvasions_2016_SIFigA2.6.jpg,1,8.835
Severe and rapid population declines in exotic birds,(Aagaard & Lockwood 2016),Biological Invasions,Strayer SI,Y,Y,Hawaii,Y,N,Yearly,Terrestrial,North America,Animalia,Aves,Euodice cantans,Indian Silverbill,Y,053_Aagaard&Lockwood_BiologicalInvasions_2016_SIFigA2.7.jpg,1,10
Severe and rapid population declines in exotic birds,(Aagaard & Lockwood 2016),Biological Invasions,Strayer SI,Y,Y,Hawaii,Y,N,Yearly,Terrestrial,North America,Animalia,Aves,Horonis diphone,Japanese Bush-Warbler,Y,054_Aagaard&Lockwood_BiologicalInvasions_2016_SIFigA2.8.jpg,1,7.609
Severe and rapid population declines in exotic birds,(Aagaard & Lockwood 2016),Biological Invasions,Strayer SI,Y,Y,Hawaii,Y,N,Yearly,Terrestrial,North America,Animalia,Aves,Zosterops japonicus,Japanese White-eye,Y,055_Aagaard&Lockwood_BiologicalInvasions_2016_SIFigA2.9.jpg,1,8.85
Severe and rapid population declines in exotic birds,(Aagaard & Lockwood 2016),Biological Invasions,Strayer SI,Y,Y,Hawaii,Y,N,Yearly,Terrestrial,North America,Animalia,Aves,Lonchura oryzivora,Java Sparrow,Y,056_Aagaard&Lockwood_BiologicalInvasions_2016_SIFigA2.10.jpg,1,7.866
Severe and rapid population declines in exotic birds,(Aagaard & Lockwood 2016),Biological Invasions,Strayer SI,Y,Y,Hawaii,Y,N,Yearly,Terrestrial,North America,Animalia,Aves,Estrilda coerulescens,Lavender Waxbill,Y,057_Aagaard&Lockwood_BiologicalInvasions_2016_SIFigA2.11.jpg,1,7.679
Severe and rapid population declines in exotic birds,(Aagaard & Lockwood 2016),Biological Invasions,Strayer SI,Y,Y,Hawaii,Y,N,Yearly,Terrestrial,North America,Animalia,Aves,Cardinalis cardinalis,Northern Cardinal,Y,058_Aagaard&Lockwood_BiologicalInvasions_2016_SIFigA2.12.jpg,1,15.8
Severe and rapid population declines in exotic birds,(Aagaard & Lockwood 2016),Biological Invasions,Strayer SI,Y,Y,Hawaii,Y,N,Yearly,Terrestrial,North America,Animalia,Aves,Mimus polyglottos,Northern Mockingbird,Y,059_Aagaard&Lockwood_BiologicalInvasions_2016_SIFigA2.13.jpg,1,20
Severe and rapid population declines in exotic birds,(Aagaard & Lockwood 2016),Biological Invasions,Strayer SI,Y,Y,Hawaii,Y,N,Yearly,Terrestrial,North America,Animalia,Aves,Lonchura punctulata,Nutmeg Mannikin,Y,060_Aagaard&Lockwood_BiologicalInvasions_2016_SIFigA2.14.jpg,1,10
Severe and rapid population declines in exotic birds,(Aagaard & Lockwood 2016),Biological Invasions,Strayer SI,Y,Y,Hawaii,Y,N,Yearly,Terrestrial,North America,Animalia,Aves,Estrilda melpoda,Orange-cheeked Waxbill,Y,061_Aagaard&Lockwood_BiologicalInvasions_2016_SIFigA2.15.jpg,1,6.811
Severe and rapid population declines in exotic birds,(Aagaard & Lockwood 2016),Biological Invasions,Strayer SI,Y,Y,Hawaii,Y,N,Yearly,Terrestrial,North America,Animalia,Aves,Leiothrix lutea,Red-billed Leiothrix,Y,062_Aagaard&Lockwood_BiologicalInvasions_2016_SIFigA2.16.jpg,1,15
Severe and rapid population declines in exotic birds,(Aagaard & Lockwood 2016),Biological Invasions,Strayer SI,Y,Y,Hawaii,Y,N,Yearly,Terrestrial,North America,Animalia,Aves,Paroaria coronata,Red-crested Cardinal,Y,063_Aagaard&Lockwood_BiologicalInvasions_2016_SIFigA2.17.jpg,1,9.448
Severe and rapid population declines in exotic birds,(Aagaard & Lockwood 2016),Biological Invasions,Strayer SI,Y,Y,Hawaii,Y,N,Yearly,Terrestrial,North America,Animalia,Aves,Pycnonotus cafer,Red-vented Bulbul,Y,064_Aagaard&Lockwood_BiologicalInvasions_2016_SIFigA2.18.jpg,1,13.134
Severe and rapid population declines in exotic birds,(Aagaard & Lockwood 2016),Biological Invasions,Strayer SI,Y,Y,Hawaii,Y,N,Yearly,Terrestrial,North America,Animalia,Aves,Pycnonotus jocosus,Red-whiskered Bulbul,Y,065_Aagaard&Lockwood_BiologicalInvasions_2016_SIFigA2.19.jpg,1,11.776
Severe and rapid population declines in exotic birds,(Aagaard & Lockwood 2016),Biological Invasions,Strayer SI,Y,Y,Hawaii,Y,N,Yearly,Terrestrial,North America,Animalia,Aves,Amandava amandava,Red Avadavat,Y,066_Aagaard&Lockwood_BiologicalInvasions_2016_SIFigA2.20.jpg,1,7.325
Severe and rapid population declines in exotic birds,(Aagaard & Lockwood 2016),Biological Invasions,Strayer SI,Y,Y,Hawaii,Y,N,Yearly,Terrestrial,North America,Animalia,Aves,Sicalis flaveola,Saffron Finch,Y,067_Aagaard&Lockwood_BiologicalInvasions_2016_SIFigA2.21.jpg,1,9.583
Severe and rapid population declines in exotic birds,(Aagaard & Lockwood 2016),Biological Invasions,Strayer SI,Y,Y,Hawaii,Y,N,Yearly,Terrestrial,North America,Animalia,Aves,Alauda arvensis,Sky Lark,Y,068_Aagaard&Lockwood_BiologicalInvasions_2016_SIFigA2.22.jpg,1,11.585
Severe and rapid population declines in exotic birds,(Aagaard & Lockwood 2016),Biological Invasions,Strayer SI,Y,Y,Hawaii,Y,N,Yearly,Terrestrial,North America,Animalia,Aves,Spilopelia chinensis,Spotted Dove,Y,069_Aagaard&Lockwood_BiologicalInvasions_2016_SIFigA2.23.jpg,1,16.7
Severe and rapid population declines in exotic birds,(Aagaard & Lockwood 2016),Biological Invasions,Strayer SI,Y,Y,Hawaii,Y,N,Yearly,Terrestrial,North America,Animalia,Aves,Sturnella neglecta,Western Meadowlark,Y,070_Aagaard&Lockwood_BiologicalInvasions_2016_SIFigA2.24.jpg,1,12.365
Severe and rapid population declines in exotic birds,(Aagaard & Lockwood 2016),Biological Invasions,Strayer SI,Y,Y,Hawaii,Y,N,Yearly,Terrestrial,North America,Animalia,Aves,Kittacincla malabarica,White-rumped Shama,Y,071_Aagaard&Lockwood_BiologicalInvasions_2016_SIFigA2.25.jpg,1,6.417
Severe and rapid population declines in exotic birds,(Aagaard & Lockwood 2016),Biological Invasions,Strayer SI,Y,Y,Hawaii,Y,N,Yearly,Terrestrial,North America,Animalia,Aves,Tiaris olivaceus,Yellow-faced Grassquit,Y,072_Aagaard&Lockwood_BiologicalInvasions_2016_SIFigA2.26.jpg,1,8.106
Severe and rapid population declines in exotic birds,(Aagaard & Lockwood 2016),Biological Invasions,Strayer SI,Y,Y,Hawaii,Y,N,Yearly,Terrestrial,North America,Animalia,Aves,Crithagra mozambica,Yellow-fronted Canary,Y,073_Aagaard&Lockwood_BiologicalInvasions_2016_SIFigA2.27.jpg,1,7.883
Severe and rapid population declines in exotic birds,(Aagaard & Lockwood 2016),Biological Invasions,Strayer SI,Y,Y,Hawaii,Y,N,Yearly,Terrestrial,North America,Animalia,Aves,Geopelia striata,Zebra Dove,Y,074_Aagaard&Lockwood_BiologicalInvasions_2016_SIFigA2.28.jpg,1,18.666
Severe and rapid population declines in exotic birds,(Aagaard & Lockwood 2016),Biological Invasions,Strayer SI,Y,N,Los Angeles,Y,N,Yearly,Terrestrial,North America,Animalia,Aves,Passer domesticus,House Sparrow,Y,075_Aagaard&Lockwood_BiologicalInvasions_2016_SIFigA2.29.jpg,1,19.9
Severe and rapid population declines in exotic birds,(Aagaard & Lockwood 2016),Biological Invasions,Strayer SI,Y,N,Los Angeles,Y,N,Yearly,Terrestrial,North America,Animalia,Aves,Columba livia,Rock Pigeon,Y,076_Aagaard&Lockwood_BiologicalInvasions_2016_SIFigA2.30.jpg,1,21.542
Severe and rapid population declines in exotic birds,(Aagaard & Lockwood 2016),Biological Invasions,Strayer SI,Y,N,Los Angeles,Y,N,Yearly,Terrestrial,North America,Animalia,Aves,Spilopelia chinensis,Spotted Dove,Y,077_Aagaard&Lockwood_BiologicalInvasions_2016_SIFigA2.31.jpg,1,16.7
Severe and rapid population declines in exotic birds,(Aagaard & Lockwood 2016),Biological Invasions,Strayer SI,Y,N,Los Angeles,Y,N,Yearly,Terrestrial,North America,Animalia,Aves,Brotogeris chiriri,Yellow-chevroned Parakeet,Y,078_Aagaard&Lockwood_BiologicalInvasions_2016_SIFigA2.32.jpg,1,28
Severe and rapid population declines in exotic birds,(Aagaard & Lockwood 2016),Biological Invasions,Strayer SI,Y,N,Miami,Y,N,Yearly,Terrestrial,North America,Animalia,Aves,Passer domesticus,House Sparrow,Y,079_Aagaard&Lockwood_BiologicalInvasions_2016_SIFigA2.33.jpg,1,19.9
Severe and rapid population declines in exotic birds,(Aagaard & Lockwood 2016),Biological Invasions,Strayer SI,Y,N,Miami,Y,N,Yearly,Terrestrial,North America,Animalia,Aves,Psittacara mitratus,Mitred Parakeet,Y,080_Aagaard&Lockwood_BiologicalInvasions_2016_SIFigA2.34.jpg,1,22.435
Severe and rapid population declines in exotic birds,(Aagaard & Lockwood 2016),Biological Invasions,Strayer SI,Y,N,Miami,Y,N,Yearly,Terrestrial,North America,Animalia,Aves,Myiopsitta monachus,Monk Parakeet,Y,081_Aagaard&Lockwood_BiologicalInvasions_2016_SIFigA2.35.jpg,1,19.95
Severe and rapid population declines in exotic birds,(Aagaard & Lockwood 2016),Biological Invasions,Strayer SI,Y,N,Miami,Y,N,Yearly,Terrestrial,North America,Animalia,Aves,Psittacara erythrogenys,Red-masked Parakeet,Y,082_Aagaard&Lockwood_BiologicalInvasions_2016_SIFigA2.36.jpg,1,26.2
Severe and rapid population declines in exotic birds,(Aagaard & Lockwood 2016),Biological Invasions,Strayer SI,Y,N,Miami,Y,N,Yearly,Terrestrial,North America,Animalia,Aves,Psittacula krameri,Rose-ringed Parakeet,Y,083_Aagaard&Lockwood_BiologicalInvasions_2016_SIFigA2.37.jpg,1,34
Severe and rapid population declines in exotic birds,(Aagaard & Lockwood 2016),Biological Invasions,Strayer SI,Y,N,Miami,Y,N,Yearly,Terrestrial,North America,Animalia,Aves,Icterus pectoralis,Spot-breasted Oriole,Y,084_Aagaard&Lockwood_BiologicalInvasions_2016_SIFigA2.38.jpg,1,11.6
Severe and rapid population declines in exotic birds,(Aagaard & Lockwood 2016),Biological Invasions,Strayer SI,Y,Y,Puerto Rico,Y,N,Yearly,Terrestrial,North America,Animalia,Aves,Brotogeris versicolurus,White-winged Parakeet,Y,085_Aagaard&Lockwood_BiologicalInvasions_2016_SIFigA2.39.jpg,1,23.65
Severe and rapid population declines in exotic birds,(Aagaard & Lockwood 2016),Biological Invasions,Strayer SI,Y,Y,Puerto Rico,Y,N,Yearly,Terrestrial,North America,Animalia,Aves,Lonchura atricapilla,Chestnut Mannikin,Y,086_Aagaard&Lockwood_BiologicalInvasions_2016_SIFigA2.40.jpg,1,6.902
Severe and rapid population declines in exotic birds,(Aagaard & Lockwood 2016),Biological Invasions,Strayer SI,Y,Y,Puerto Rico,Y,N,Yearly,Terrestrial,North America,Animalia,Aves,Euodice cantans,Indian Silverbill,Y,087_Aagaard&Lockwood_BiologicalInvasions_2016_SIFigA2.41.jpg,1,10
Severe and rapid population declines in exotic birds,(Aagaard & Lockwood 2016),Biological Invasions,Strayer SI,Y,Y,Puerto Rico,Y,N,Yearly,Terrestrial,North America,Animalia,Aves,Lonchura punctulata,Nutmeg Mannikin,Y,088_Aagaard&Lockwood_BiologicalInvasions_2016_SIFigA2.42.jpg,1,10
Severe and rapid population declines in exotic birds,(Aagaard & Lockwood 2016),Biological Invasions,Strayer SI,Y,Y,Puerto Rico,Y,N,Yearly,Terrestrial,North America,Animalia,Aves,Estrilda melpoda,Orange-cheeked Waxbill,Y,089_Aagaard&Lockwood_BiologicalInvasions_2016_SIFigA2.43.jpg,1,6.811
Severe and rapid population declines in exotic birds,(Aagaard & Lockwood 2016),Biological Invasions,Strayer SI,Y,Y,Puerto Rico,Y,N,Yearly,Terrestrial,North America,Animalia,Aves,Columba livia,Rock Pigeon,Y,090_Aagaard&Lockwood_BiologicalInvasions_2016_SIFigA2.44.jpg,1,21.542
Identifying Resilience Mechanisms to Recurrent Ecosystem Perturbations,(Angeler et al. 2010),Oecologia,Strayer SI,Y,N,Rotehogstjarnen,Y,N,monthly,Freshwater,Europe,Plantae,Rhodophyta,Gonyostomum semen,,Y,106_Angleretal_Oecologia_2010_Fig1.jpg,1,0.010958904
Identifying Resilience Mechanisms to Recurrent Ecosystem Perturbations,(Angeler et al. 2010),Oecologia,Strayer SI,Y,N,Gylslattasjon,Y,N,monthly,Freshwater,Europe,Plantae,Rhodophyta,Gonyostomum semen,,Y,106_Angleretal_Oecologia_2010_Fig1.jpg,2,0.010958904
Identifying Resilience Mechanisms to Recurrent Ecosystem Perturbations,(Angeler et al. 2010),Oecologia,Strayer SI,Y,N,Algsjon,Y,N,monthly,Freshwater,Europe,Plantae,Rhodophyta,Gonyostomum semen,,Y,106_Angleretal_Oecologia_2010_Fig1.jpg,3,0.010958904
Synchronous boom-bust cycles in central Australian rodents and marsupials in response to rainfall and fire,(Bennison et al. 2018),JOURNAL OF MAMMALOGY,Web of Science,Y,Y,,Y,N,every 2 years,Terrestrial,Oecania,Animalia,Mammalia,Mus musculus,,Y,043_Bennisonetal_JournalofMammology_2018_Fig2C.jpg,1,5
Is the comb jelly really to blame for it all? Mnemiopsis leidyi and the ecological concerns about the Caspian Sea,(Bilio & Niermann 2004),Marine Ecology Progress Series,Strayer SI,Y,N,,Y,N,yearly,Marine,Asia,Animalia,Ctenophora,Mnemiopsis leidyi,American Comb Jelly,Y,037_Bilio&Niermann_MarineEcologyProgressSeries_2004_Fig1.jpg,1,1.5
"Population Decline of the Invasive Asian Shore Crab (Hemigrapsus sanguineus) and Dynamics of Associated Intertidal Invertebrates on Cape Cod, Massachusetts",(Bloch et al. 2019),NORTHEASTERN NATURALIST,Web of Science,Y,N,,Y,N,yearly,Marine,North America,Animalia,Crustacea,Hemigrapsus sanguineus,Asian shore crab,Y,041_Blochetal_NortheasternNaturalist_2019_Fig1.jpg,1,5
Delayed Population Explosion of an introduced butterfly,(Boggs et al. 2006),Journal of Animal Ecology,Strayer SI,Y,N,,Y,N,yearly,Terrestrial,North America,Animalia,Insecta,Euphydryas gillettii,,Y,016_Boggsetal_JournalofAnimalEcology_2006_Fig4A.jpg,1,2
Changes in abundance and reproductive activity of small arid-zone murid rodents on an active cattle station in central Australia,(Breed et al. 2017),WILDLIFE RESEARCH,Web of Science,Y,Y,,Y,N,bi-yearly,Terrestrial,Oecania,Animalia,Mammalia,Mus musculus,,Y,107_Breedetal_WildlifeResearch_2016_Full,1,5
Changes in abundance and reproductive activity of small arid-zone murid rodents on an active cattle station in central Australia,(Breed et al. 2017),WILDLIFE RESEARCH,Web of Science,Y,Y,,Y,Y,bi-yearly,Terrestrial,Oecania,Animalia,Mammalia,Notomys alexis,,Y,107_Breedetal_WildlifeResearch_2016_Full,2,5.8
Changes in abundance and reproductive activity of small arid-zone murid rodents on an active cattle station in central Australia,(Breed et al. 2017),WILDLIFE RESEARCH,Web of Science,Y,Y,,Y,Y,bi-yearly,Terrestrial,Oecania,Animalia,Mammalia,Pseudomys hermannsburgensis,,Y,107_Breedetal_WildlifeResearch_2016_Full,3,7.9
Changes in abundance and reproductive activity of small arid-zone murid rodents on an active cattle station in central Australia,(Breed et al. 2017),WILDLIFE RESEARCH,Web of Science,Y,Y,,Y,Y,bi-yearly,Terrestrial,Oecania,Animalia,Mammalia,Psuedomys desertor,,Y,107_Breedetal_WildlifeResearch_2016_Full,4,6.82
Community dynamics of intertidal soft-bottom mussel beds over two decades,(Buttger et al. 2008),Helgoland Marine Research,Strayer SI,Y,N,,Y,N,yearly,Marine,North America,Animalia,Bivalvia,Crassostrea gigas,,Y,109_Buttgeretal_HelgolandMarineResearch_2008_Fig2B.jpg,1,7
Community dynamics of intertidal soft-bottom mussel beds over two decades,(Buttger et al. 2008),Helgoland Marine Research,Strayer SI,Y,N,,Y,Y,yearly,Marine,North America,Animalia,Bivalvia,Mytilus edulis,,Y,109_Buttgeretal_HelgolandMarineResearch_2008_Fig2B.jpg,2,24
Community dynamics of intertidal soft-bottom mussel beds over two decades,(Buttger et al. 2008),Helgoland Marine Research,Strayer SI,Y,N,,Y,N,yearly,Marine,North America,Animalia,Bivalvia,Crassostrea gigas,,Y,108_Buttgeretal_HelgolandMarineResearch_2008_Fig2A.jpg,1,7
Community dynamics of intertidal soft-bottom mussel beds over two decades,(Buttger et al. 2008),Helgoland Marine Research,Strayer SI,Y,N,,Y,Y,yearly,Marine,North America,Animalia,Bivalvia,Mytilus edulis,,Y,108_Buttgeretal_HelgolandMarineResearch_2008_Fig2A.jpg,2,24
"Colonization and extinction of land planarians (platyhelminthes, tricladida) in a brazilian atlantic forest regrowth remnant",(Carbayo et al. 2008),Biological Invasions,Strayer SI,Y,N,,Y,N,yearly,Terrestrial,South America,Animalia,Platyhelminthes,Notogynaphallia ernesti,,Table,166_Carbayoetal_BiologicalInvasions_2008_Table1_Notogynaphalliaernesti,1,1.544178082
"Colonization and extinction of land planarians (platyhelminthes, tricladida) in a brazilian atlantic forest regrowth remnant",(Carbayo et al. 2008),Biological Invasions,Strayer SI,Y,N,,Y,N,yearly,Terrestrial,South America,Animalia,Platyhelminthes,Geoplana multicolor,,Table,167_Carbayoetal_BiologicalInvasions_2008_Table1_Geoplanamulticolor,1,1.544178082
"Colonization and extinction of land planarians (platyhelminthes, tricladida) in a brazilian atlantic forest regrowth remnant",(Carbayo et al. 2008),Biological Invasions,Strayer SI,Y,N,,Y,N,yearly,Terrestrial,South America,Animalia,Platyhelminthes,Geoplaninae 1,,Table,168_Carbayoetal_BiologicalInvasions_2008_Table1_Geoplaninac1,1,1.544178082
"Colonization and extinction of land planarians (platyhelminthes, tricladida) in a brazilian atlantic forest regrowth remnant",(Carbayo et al. 2008),Biological Invasions,Strayer SI,Y,N,,Y,N,yearly,Terrestrial,South America,Animalia,Platyhelminthes,Endeavouria septemlineata,,Table,169_Carbayoetal_BiologicalInvasions_2008_Table1_Endeavouriaseptemlineata,1,1.544178082
"Population dynamics, distribution, and growth rate of tilapia (Oreochromis mossambicus) in the Salton Sea, California, with notes on bairdiella (Bairdiella icistia) and orangemouth corvina (Cynoscion xanthulus)",(Caskey et al. 2007),HYDROBIOLOGIA,Web of Science,Y,N,Whitewater River Mouth,Y,N,yearly,Freshwater,North America,Animalia,Actinopterygii,Oreochromis mossambicus,,Y,113_Caskeyetal_Hydrobiologia_2007_Fig7-Tilapia.jpg,1,11
"Population dynamics, distribution, and growth rate of tilapia (Oreochromis mossambicus) in the Salton Sea, California, with notes on bairdiella (Bairdiella icistia) and orangemouth corvina (Cynoscion xanthulus)",(Caskey et al. 2007),HYDROBIOLOGIA,Web of Science,Y,N,Northeast,Y,N,yearly,Freshwater,North America,Animalia,Actinopterygii,Oreochromis mossambicus,,Y,113_Caskeyetal_Hydrobiologia_2007_Fig7-Tilapia.jpg,2,11
"Population dynamics, distribution, and growth rate of tilapia (Oreochromis mossambicus) in the Salton Sea, California, with notes on bairdiella (Bairdiella icistia) and orangemouth corvina (Cynoscion xanthulus)",(Caskey et al. 2007),HYDROBIOLOGIA,Web of Science,Y,N,Southeast,Y,N,yearly,Freshwater,North America,Animalia,Actinopterygii,Oreochromis mossambicus,,Y,113_Caskeyetal_Hydrobiologia_2007_Fig7-Tilapia.jpg,3,11
"Population dynamics, distribution, and growth rate of tilapia (Oreochromis mossambicus) in the Salton Sea, California, with notes on bairdiella (Bairdiella icistia) and orangemouth corvina (Cynoscion xanthulus)",(Caskey et al. 2007),HYDROBIOLOGIA,Web of Science,Y,N,Alamo River Mouth,Y,N,yearly,Freshwater,North America,Animalia,Actinopterygii,Oreochromis mossambicus,,Y,113_Caskeyetal_Hydrobiologia_2007_Fig7-Tilapia.jpg,4,11
"Population dynamics, distribution, and growth rate of tilapia (Oreochromis mossambicus) in the Salton Sea, California, with notes on bairdiella (Bairdiella icistia) and orangemouth corvina (Cynoscion xanthulus)",(Caskey et al. 2007),HYDROBIOLOGIA,Web of Science,Y,N,New River Mouth,Y,N,yearly,Freshwater,North America,Animalia,Actinopterygii,Oreochromis mossambicus,,Y,113_Caskeyetal_Hydrobiologia_2007_Fig7-Tilapia.jpg,5,11
"Population dynamics, distribution, and growth rate of tilapia (Oreochromis mossambicus) in the Salton Sea, California, with notes on bairdiella (Bairdiella icistia) and orangemouth corvina (Cynoscion xanthulus)",(Caskey et al. 2007),HYDROBIOLOGIA,Web of Science,Y,N,Northwest,Y,N,yearly,Freshwater,North America,Animalia,Actinopterygii,Oreochromis mossambicus,,Y,113_Caskeyetal_Hydrobiologia_2007_Fig7-Tilapia.jpg,6,11
"Population dynamics, distribution, and growth rate of tilapia (Oreochromis mossambicus) in the Salton Sea, California, with notes on bairdiella (Bairdiella icistia) and orangemouth corvina (Cynoscion xanthulus)",(Caskey et al. 2007),HYDROBIOLOGIA,Web of Science,Y,N,Mean,Y,N,yearly,Freshwater,North America,Animalia,Actinopterygii,Oreochromis mossambicus,,Y,113_Caskeyetal_Hydrobiologia_2007_Fig7-Tilapia.jpg,7,11
"Population dynamics, distribution, and growth rate of tilapia (Oreochromis mossambicus) in the Salton Sea, California, with notes on bairdiella (Bairdiella icistia) and orangemouth corvina (Cynoscion xanthulus)",(Caskey et al. 2007),HYDROBIOLOGIA,Web of Science,Y,N,Whitewater River Mouth,Y,N,yearly,Freshwater,North America,Animalia,Actinopterygii,Bairdiella icistia,,Y,112_Caskeyetal_Hydrobiologia_2007_Fig7-Bairdiella.jpg,1,19.077
"Population dynamics, distribution, and growth rate of tilapia (Oreochromis mossambicus) in the Salton Sea, California, with notes on bairdiella (Bairdiella icistia) and orangemouth corvina (Cynoscion xanthulus)",(Caskey et al. 2007),HYDROBIOLOGIA,Web of Science,Y,N,Northeast,Y,N,yearly,Freshwater,North America,Animalia,Actinopterygii,Bairdiella icistia,,Y,112_Caskeyetal_Hydrobiologia_2007_Fig7-Bairdiella.jpg,2,19.077
"Population dynamics, distribution, and growth rate of tilapia (Oreochromis mossambicus) in the Salton Sea, California, with notes on bairdiella (Bairdiella icistia) and orangemouth corvina (Cynoscion xanthulus)",(Caskey et al. 2007),HYDROBIOLOGIA,Web of Science,Y,N,Southeast,Y,N,yearly,Freshwater,North America,Animalia,Actinopterygii,Bairdiella icistia,,Y,112_Caskeyetal_Hydrobiologia_2007_Fig7-Bairdiella.jpg,3,19.077
"Population dynamics, distribution, and growth rate of tilapia (Oreochromis mossambicus) in the Salton Sea, California, with notes on bairdiella (Bairdiella icistia) and orangemouth corvina (Cynoscion xanthulus)",(Caskey et al. 2007),HYDROBIOLOGIA,Web of Science,Y,N,Alamo River Mouth,Y,N,yearly,Freshwater,North America,Animalia,Actinopterygii,Bairdiella icistia,,Y,112_Caskeyetal_Hydrobiologia_2007_Fig7-Bairdiella.jpg,4,19.077
"Population dynamics, distribution, and growth rate of tilapia (Oreochromis mossambicus) in the Salton Sea, California, with notes on bairdiella (Bairdiella icistia) and orangemouth corvina (Cynoscion xanthulus)",(Caskey et al. 2007),HYDROBIOLOGIA,Web of Science,Y,N,New River Mouth,Y,N,yearly,Freshwater,North America,Animalia,Actinopterygii,Bairdiella icistia,,Y,112_Caskeyetal_Hydrobiologia_2007_Fig7-Bairdiella.jpg,5,19.077
"Population dynamics, distribution, and growth rate of tilapia (Oreochromis mossambicus) in the Salton Sea, California, with notes on bairdiella (Bairdiella icistia) and orangemouth corvina (Cynoscion xanthulus)",(Caskey et al. 2007),HYDROBIOLOGIA,Web of Science,Y,N,Northwest,Y,N,yearly,Freshwater,North America,Animalia,Actinopterygii,Bairdiella icistia,,Y,112_Caskeyetal_Hydrobiologia_2007_Fig7-Bairdiella.jpg,6,19.077
"Population dynamics, distribution, and growth rate of tilapia (Oreochromis mossambicus) in the Salton Sea, California, with notes on bairdiella (Bairdiella icistia) and orangemouth corvina (Cynoscion xanthulus)",(Caskey et al. 2007),HYDROBIOLOGIA,Web of Science,Y,N,Mean,Y,N,yearly,Freshwater,North America,Animalia,Actinopterygii,Bairdiella icistia,,Y,112_Caskeyetal_Hydrobiologia_2007_Fig7-Bairdiella.jpg,7,19.077
"Population dynamics, distribution, and growth rate of tilapia (Oreochromis mossambicus) in the Salton Sea, California, with notes on bairdiella (Bairdiella icistia) and orangemouth corvina (Cynoscion xanthulus)",(Caskey et al. 2007),HYDROBIOLOGIA,Web of Science,Y,N,Whitewater River Mouth,Y,N,yearly,Freshwater,North America,Animalia,Actinopterygii,Cynoscion xanthulus,,Y,111_Caskeyetal_Hydrobiologia_2007_Fig7-Corvina.jpg,1,19.077
"Population dynamics, distribution, and growth rate of tilapia (Oreochromis mossambicus) in the Salton Sea, California, with notes on bairdiella (Bairdiella icistia) and orangemouth corvina (Cynoscion xanthulus)",(Caskey et al. 2007),HYDROBIOLOGIA,Web of Science,Y,N,Northeast,Y,N,yearly,Freshwater,North America,Animalia,Actinopterygii,Cynoscion xanthulus,,Y,111_Caskeyetal_Hydrobiologia_2007_Fig7-Corvina.jpg,2,19.077
"Population dynamics, distribution, and growth rate of tilapia (Oreochromis mossambicus) in the Salton Sea, California, with notes on bairdiella (Bairdiella icistia) and orangemouth corvina (Cynoscion xanthulus)",(Caskey et al. 2007),HYDROBIOLOGIA,Web of Science,Y,N,Southeast,Y,N,yearly,Freshwater,North America,Animalia,Actinopterygii,Cynoscion xanthulus,,Y,111_Caskeyetal_Hydrobiologia_2007_Fig7-Corvina.jpg,3,19.077
"Population dynamics, distribution, and growth rate of tilapia (Oreochromis mossambicus) in the Salton Sea, California, with notes on bairdiella (Bairdiella icistia) and orangemouth corvina (Cynoscion xanthulus)",(Caskey et al. 2007),HYDROBIOLOGIA,Web of Science,Y,N,Alamo River Mouth,Y,N,yearly,Freshwater,North America,Animalia,Actinopterygii,Cynoscion xanthulus,,Y,111_Caskeyetal_Hydrobiologia_2007_Fig7-Corvina.jpg,4,19.077
"Population dynamics, distribution, and growth rate of tilapia (Oreochromis mossambicus) in the Salton Sea, California, with notes on bairdiella (Bairdiella icistia) and orangemouth corvina (Cynoscion xanthulus)",(Caskey et al. 2007),HYDROBIOLOGIA,Web of Science,Y,N,New River Mouth,Y,N,yearly,Freshwater,North America,Animalia,Actinopterygii,Cynoscion xanthulus,,Y,111_Caskeyetal_Hydrobiologia_2007_Fig7-Corvina.jpg,5,19.077
"Population dynamics, distribution, and growth rate of tilapia (Oreochromis mossambicus) in the Salton Sea, California, with notes on bairdiella (Bairdiella icistia) and orangemouth corvina (Cynoscion xanthulus)",(Caskey et al. 2007),HYDROBIOLOGIA,Web of Science,Y,N,Northwest,Y,N,yearly,Freshwater,North America,Animalia,Actinopterygii,Cynoscion xanthulus,,Y,111_Caskeyetal_Hydrobiologia_2007_Fig7-Corvina.jpg,6,19.077
"Population dynamics, distribution, and growth rate of tilapia (Oreochromis mossambicus) in the Salton Sea, California, with notes on bairdiella (Bairdiella icistia) and orangemouth corvina (Cynoscion xanthulus)",(Caskey et al. 2007),HYDROBIOLOGIA,Web of Science,Y,N,Mean,Y,N,yearly,Freshwater,North America,Animalia,Actinopterygii,Cynoscion xanthulus,,Y,111_Caskeyetal_Hydrobiologia_2007_Fig7-Corvina.jpg,7,19.077
"Distribution, abundance and condition of an invasive bivalve (Corbicula fluminea) along an artificial thermal gradient in the St. Lawrence River",(Castaneda et al. 2018),Aquatic invasions,Web of Science,Y,N,,Y,N,bi-yearly,Freshwater,North America,Animalia,Bivalvia,Corbicula fluminea,,Table,170_Carbayoetal_BiologicalInvasions_2008_Table1_Entireplume,1,4
"Distribution, abundance and condition of an invasive bivalve (Corbicula fluminea) along an artificial thermal gradient in the St. Lawrence River",(Castaneda et al. 2018),Aquatic invasions,Web of Science,Y,N,,Y,N,bi-yearly,Freshwater,North America,Animalia,Bivalvia,Corbicula fluminea,,Table,171_Carbayoetal_BiologicalInvasions_2008_Table1_Canal,1,4
Fate of two invasive or potentially invasive alien seaweeds in a central Mediterranean transitional water system: failure and success,(Cecere et al. 2016),BOTANICA MARINA,Web of Science,Y,N,,Y,N,monthly,Marine,Europe,Plantae,Rhodophyta,Undaria pinnatifida,,Y,114_Cecereetal_BotanicaMarina_2016_Fig2.jpg,1,1
Fate of two invasive or potentially invasive alien seaweeds in a central Mediterranean transitional water system: failure and success,(Cecere et al. 2016),BOTANICA MARINA,Strayer SI,Y,N,Battendieri,Y,N,monthly,Marine,Europe,Plantae,Rhodophyta,Hypnea cornuta,,Y,116_Cecereetal_BotanicaMarina_2016_Fig4-Battendieri.jpg,1,0.323287671
Fate of two invasive or potentially invasive alien seaweeds in a central Mediterranean transitional water system: failure and success,(Cecere et al. 2016),BOTANICA MARINA,Strayer SI,Y,N,Battendieri,Y,N,monthly,Marine,Europe,Plantae,Rhodophyta,Hypnea cornuta,,Y,116_Cecereetal_BotanicaMarina_2016_Fig4-Battendieri.jpg,2,0.323287671
Fate of two invasive or potentially invasive alien seaweeds in a central Mediterranean transitional water system: failure and success,(Cecere et al. 2016),BOTANICA MARINA,Strayer SI,Y,N,Battendieri,Y,N,monthly,Marine,Europe,Plantae,Rhodophyta,Hypnea cornuta,,Y,116_Cecereetal_BotanicaMarina_2016_Fig4-Battendieri.jpg,3,0.323287671
Fate of two invasive or potentially invasive alien seaweeds in a central Mediterranean transitional water system: failure and success,(Cecere et al. 2016),BOTANICA MARINA,Strayer SI,Y,N,Battendieri,Y,N,monthly,Marine,Europe,Plantae,Rhodophyta,Hypnea cornuta,,Y,116_Cecereetal_BotanicaMarina_2016_Fig4-Battendieri.jpg,4,0.323287671
Fate of two invasive or potentially invasive alien seaweeds in a central Mediterranean transitional water system: failure and success,(Cecere et al. 2016),BOTANICA MARINA,Strayer SI,Y,N,Battendieri,Y,N,monthly,Marine,Europe,Plantae,Rhodophyta,Hypnea cornuta,,Y,116_Cecereetal_BotanicaMarina_2016_Fig4-Battendieri.jpg,5,0.323287671
Fate of two invasive or potentially invasive alien seaweeds in a central Mediterranean transitional water system: failure and success,(Cecere et al. 2016),BOTANICA MARINA,Strayer SI,Y,N,Battendieri,Y,N,monthly,Marine,Europe,Plantae,Rhodophyta,Hypnea cornuta,,Y,116_Cecereetal_BotanicaMarina_2016_Fig4-Battendieri.jpg,6,0.323287671
Fate of two invasive or potentially invasive alien seaweeds in a central Mediterranean transitional water system: failure and success,(Cecere et al. 2016),BOTANICA MARINA,Strayer SI,Y,N,Cimino,Y,N,monthly,Marine,Europe,Plantae,Rhodophyta,Hypnea cornuta,,Y,115_Cecereetal_BotanicaMarina_2016_Fig4-Cimino.jpg,1,0.323287671
Fate of two invasive or potentially invasive alien seaweeds in a central Mediterranean transitional water system: failure and success,(Cecere et al. 2016),BOTANICA MARINA,Strayer SI,Y,N,Cimino,Y,N,monthly,Marine,Europe,Plantae,Rhodophyta,Hypnea cornuta,,Y,115_Cecereetal_BotanicaMarina_2016_Fig4-Cimino.jpg,2,0.323287671
Fate of two invasive or potentially invasive alien seaweeds in a central Mediterranean transitional water system: failure and success,(Cecere et al. 2016),BOTANICA MARINA,Strayer SI,Y,N,Cimino,Y,N,monthly,Marine,Europe,Plantae,Rhodophyta,Hypnea cornuta,,Y,115_Cecereetal_BotanicaMarina_2016_Fig4-Cimino.jpg,3,0.323287671
Fate of two invasive or potentially invasive alien seaweeds in a central Mediterranean transitional water system: failure and success,(Cecere et al. 2016),BOTANICA MARINA,Strayer SI,Y,N,Cimino,Y,N,monthly,Marine,Europe,Plantae,Rhodophyta,Hypnea cornuta,,Y,115_Cecereetal_BotanicaMarina_2016_Fig4-Cimino.jpg,4,0.323287671
Fate of two invasive or potentially invasive alien seaweeds in a central Mediterranean transitional water system: failure and success,(Cecere et al. 2016),BOTANICA MARINA,Strayer SI,Y,N,Cimino,Y,N,monthly,Marine,Europe,Plantae,Rhodophyta,Hypnea cornuta,,Y,115_Cecereetal_BotanicaMarina_2016_Fig4-Cimino.jpg,5,0.323287671
Fate of two invasive or potentially invasive alien seaweeds in a central Mediterranean transitional water system: failure and success,(Cecere et al. 2016),BOTANICA MARINA,Strayer SI,Y,N,Cimino,Y,N,monthly,Marine,Europe,Plantae,Rhodophyta,Hypnea cornuta,,Y,115_Cecereetal_BotanicaMarina_2016_Fig4-Cimino.jpg,6,0.323287671
"Here today, gone tomorrow: declines and local extinctions of invaseve ant populations in the absence of intervention",(Cooling et al. 2012),Biological Invasions,Strayer SI,Y,N,Ga,Y,N,yearly,Terrestrial,Australia,Animalia,Insecta,Anoplolepis gracilipes,,Table,172_Cooling&Hoffman_BiologicalInvasions_2015_Table1_Ga,1,0.58
Weevils and Watermilfoil: Did a North American Herbivore cause the decline of an exotic plant?,(Creed & Sheldon 1995),Ecological Applications,Strayer SI,Y,N,West,Y,N,tri-yearly,Freshwater,North America,Plantae,Tracheophyta,Myriophyllum spicatum,,Y,117_Creed&Sheldon_EcologicalApplications_1995_Fig1A.jpg,1,2.5
Weevils and Watermilfoil: Did a North American Herbivore cause the decline of an exotic plant?,(Creed & Sheldon 1995),Ecological Applications,Strayer SI,Y,N,South,Y,N,tri-yearly,Freshwater,North America,Plantae,Tracheophyta,Myriophyllum spicatum,,Y,118_Creed&Sheldon_EcologicalApplications_1995_Fig2A.jpg,1,2.5
Trophic cascades triggered by overfishing reveal possible mechanisms of ecosystem regime shifts,(Daskalov et al. 2007),PNAS,Strayer SI,Y,N,East,Y,N,yearly,Marine,Europe,Animalia,Cnideria,Aurelia aurita,,Y,091_Daskalovaetal_PNAS_2007_SIFig4C.jpg,1,0.271232877
Trophic cascades triggered by overfishing reveal possible mechanisms of ecosystem regime shifts,(Daskalov et al. 2007),PNAS,Strayer SI,Y,N,Central North,Y,N,yearly,Marine,Europe,Animalia,Cnideria,Aurelia aurita,,Y,091_Daskalovaetal_PNAS_2007_SIFig4C.jpg,2,0.271232877
Trophic cascades triggered by overfishing reveal possible mechanisms of ecosystem regime shifts,(Daskalov et al. 2007),PNAS,Strayer SI,Y,N,Northwest,Y,N,yearly,Marine,Europe,Animalia,Cnideria,Aurelia aurita,,Y,091_Daskalovaetal_PNAS_2007_SIFig4C.jpg,3,0.271232877
Trophic cascades triggered by overfishing reveal possible mechanisms of ecosystem regime shifts,(Daskalov et al. 2007),PNAS,Strayer SI,Y,N,East,Y,N,yearly,Marine,Europe,Animalia,Ctenophora,Mnemiopsis leidyi,American Comb Jelly,Y,092_Daskalovaetal_PNAS_2007_SIFig4D.jpg,1,1.5
Trophic cascades triggered by overfishing reveal possible mechanisms of ecosystem regime shifts,(Daskalov et al. 2007),PNAS,Strayer SI,Y,N,Central North,Y,N,yearly,Marine,Europe,Animalia,Ctenophora,Mnemiopsis leidyi,American Comb Jelly,Y,092_Daskalovaetal_PNAS_2007_SIFig4D.jpg,2,1.5
Trophic cascades triggered by overfishing reveal possible mechanisms of ecosystem regime shifts,(Daskalov et al. 2007),PNAS,Strayer SI,Y,N,Northwest,Y,N,yearly,Marine,Europe,Animalia,Ctenophora,Mnemiopsis leidyi,American Comb Jelly,Y,092_Daskalovaetal_PNAS_2007_SIFig4D.jpg,3,1.5
Macrobenthic community response to the Marenzelleria viridis (Polychaeta) invasion of a Danish estuary,(Delefosse et al. 2012),Marine Ecology Progress Series,Strayer SI,Y,N,,Y,N,yearly,Marine,Europe,Animalia,Annelida,Marenzelleria viridis,,Y,039_Delefosseetal_MarineEcologyProgressSeries_2012_Fig4.jpg,1,3
Persistent vs ephemeral invasions: 8.5 years of zooplankton community dynamics in the Columbia River,(Dexter et al. 2015),Limnology and Oceanography,Strayer SI,Y,N,,Y,N,monthly,Freshwater,North America,Animalia,Crustacea,Pseudodiaptomus forbesi,,Y,120_Dexteretal_Limnology&Oceanography_2015_Fig5A.jpg,1,0.112328767
Persistent vs ephemeral invasions: 8.5 years of zooplankton community dynamics in the Columbia River,(Dexter et al. 2015),Limnology and Oceanography,Strayer SI,Y,N,,Y,N,monthly,Freshwater,North America,Animalia,Crustacea,Bosmina coregoni,,Y,119_Dexteretal_Limnology&Oceanography_2015_Fig5B.jpg,1,0.068493151
Introduced Pacific oysters in the northern Wadden Sea: invasion accelerated by warm summers?,(Diederich et al. 2005),Helgoland Marine Research,Spear et al bibliography,Y,N,,Y,N,yearly,Marine,Asia,Animalia,Bivalvia,Crassostrea gigas,,Table,173_Diedericetal_2005_Table1-North,1,7
Introduced Pacific oysters in the northern Wadden Sea: invasion accelerated by warm summers?,(Diederich et al. 2005),Helgoland Marine Research,Spear et al bibliography,Y,N,,Y,N,yearly,Marine,Asia,Animalia,Bivalvia,Crassostrea gigas,,Table,174_Diedericetal_2005_Table1-ListBasin,1,7
Introduced Pacific oysters in the northern Wadden Sea: invasion accelerated by warm summers?,(Diederich et al. 2005),Helgoland Marine Research,Spear et al bibliography,Y,N,,Y,N,yearly,Marine,Asia,Animalia,Bivalvia,Crassostrea gigas,,Table,175_Diedericetal_2005_Table1-South,1,7
The contribution of cold winter temperatures to the 2003 alewife population collapse in Lake Huron,(Dunlop & Riley 2013),Journal of Great Lakes Research,Strayer SI,Y,N,,Y,N,yearly,Freshwater,North America,Animalia,Actinopterygii,Alosa pseudoharengus,,Y,121_Dunlop&Riley_JournalofGreatLakesResearch_2013_Fig1A.jpg,1,8
The contribution of cold winter temperatures to the 2003 alewife population collapse in Lake Huron,(Dunlop & Riley 2013),Journal of Great Lakes Research,Strayer SI,Y,N,,Y,N,yearly,Freshwater,North America,Animalia,Actinopterygii,Oncorhynchus tshawytscha,,Y,122_Dunlop&Riley_JournalofGreatLakesResearch_2013_Fig3B.jpg,1,9
Changes in fish diets and food web mercury bioaccumulation induced by an invasive planktivorous fish,(Eagles-Smith et al. 2008),Ecological Applications,Strayer SI,Y,N,,Y,N,yearly,Freshwater,North America,Animalia,Actinopterygii,Menidia beryllina,Inland Silverside,Y,010_Eagle-Smithetal_EcologicalApplications_2008_Fig2A.jpg,1,2
Changes in fish diets and food web mercury bioaccumulation induced by an invasive planktivorous fish,(Eagles-Smith et al. 2008),Ecological Applications,Strayer SI,Y,N,,Y,N,yearly,Freshwater,North America,Animalia,Actinopterygii,Micropterus salmoides,Largemouth Bass,Y,011_Eagle-Smithetal_EcologicalApplications_2008_Fig2B.jpg,1,23
Changes in fish diets and food web mercury bioaccumulation induced by an invasive planktivorous fish,(Eagles-Smith et al. 2008),Ecological Applications,Strayer SI,Y,N,,Y,N,yearly,Freshwater,North America,Animalia,Actinopterygii,Lepomis macrochirus,Bluegill,Y,012_Eagle-Smithetal_EcologicalApplications_2008_Fig2C.jpg,1,10
Changes in fish diets and food web mercury bioaccumulation induced by an invasive planktivorous fish,(Eagles-Smith et al. 2008),Ecological Applications,Strayer SI,Y,N,,Y,N,yearly,Freshwater,North America,Animalia,Actinopterygii,Dorosoma petenense,Threadfin Shad,Y,014_Eagle-Smithetal_EcologicalApplications_2008_Fig2E.jpg,1,4
Boom-bust of Sargassum muticum in northern Spain: 30 years of invasion,(Fernandez 2020),EUROPEAN JOURNAL OF PHYCOLOGY,Web of Science,Y,N,,Y,N,yearly,Marine,Europe,Chromista,Phaeophyta,Sargassum muticum,,Y,007_Fernandez_EuropeanJournalofPhycology_2020_Fig3.jpg,1,6
Changes in fish diets and food web mercury bioaccumulation induced by an invasive planktivorous fish,(Eagles-Smith et al. 2008),Ecological Applications,Strayer SI,Y,N,,Y,N,yearly,Freshwater,North America,Animalia,Actinopterygii,Cottus asper,Prickly Sculpin,Y,013_Eagle-Smithetal_EcologicalApplications_2008_Fig2D.jpg,1,7
Demographic reponses of house mice to density and temperature on sub-Antartic Marion Island,(Ferreira et al. 2006),POLAR BIOLOGY,Spear et al bibliography,Y,Y,Vegetated black lava,Y,N,yearly,Terrestrial,Antartica,Animalia,Mammalia,Mus musculus,,Y,123_Ferreiraetal_PolarBiology_2006_Fig3-VegetatedBlackLava.jpg,1,5
Post-invasion demography and persistence of a novel functional species in an estuarine system,(Forsstrom et al. 2018),BIOLOGICAL INVASIONS,Web of Science,Y,N,Kaarina,Y,N,yearly,Marine,Europe,Animalia,Crustacea,Rhithropanopeus harrisii,,Y,126_Forsstrometal_BiologicalInvasions_2018_Fig2A.jpg,1,3.5
Post-invasion demography and persistence of a novel functional species in an estuarine system,(Forsstrom et al. 2018),BIOLOGICAL INVASIONS,Web of Science,Y,N,Lapila,Y,N,yearly,Marine,Europe,Animalia,Crustacea,Rhithropanopeus harrisii,,Y,126_Forsstrometal_BiologicalInvasions_2018_Fig2A.jpg,2,3.5
Post-invasion demography and persistence of a novel functional species in an estuarine system,(Forsstrom et al. 2018),BIOLOGICAL INVASIONS,Web of Science,Y,N,Naantali,Y,N,yearly,Marine,Europe,Animalia,Crustacea,Rhithropanopeus harrisii,,Y,126_Forsstrometal_BiologicalInvasions_2018_Fig2A.jpg,3,3.5
Demographic reponses of house mice to density and temperature on sub-Antartic Marion Island,(Ferreira et al. 2006),POLAR BIOLOGY,Spear et al bibliography,Y,N,Swamps,Y,N,yearly,Terrestrial,Antartica,Animalia,Mammalia,Mus musculus,,Y,124_Ferreiraetal_PolarBiology_2006_Fig3-Swamps.jpg,1,5
Demographic reponses of house mice to density and temperature on sub-Antartic Marion Island,(Ferreira et al. 2006),POLAR BIOLOGY,Spear et al bibliography,Y,N,Biotically influenced areas,Y,N,yearly,Terrestrial,Antartica,Animalia,Mammalia,Mus musculus,,Y,125_Ferreiraetal_PolarBiology_2006_Fig3-BioticallyInfluencedAreas.jpg,1,5
The bionomics of an invasive species Sitoma lepidus during its establishment in New Zealand,(Gerard et al. 2010),Bulletin of Entomological Research,Strayer SI,Y,Y,,Y,N,weekly or every 3 weeks,Terrestrial,Oceania,Animalia,Insecta,Sitona lepidus,,Y,044_Gerardetal_BulletinofEntomologicalResearch_2010_Fig2D.jpg,1,2
Widespread and enduring demographic collapse of invasive common carp (Cyprinus carpio) in the Upper Mississippi River System,(Gibson-Reinemer et al. 2017),BIOLOGICAL INVASIONS,Web of Science,Y,N,Des Plaines River,Y,N,yearly,Freshwater,North America,Animalia,Actinopterygii,Cyprinus carpio,,Y,103_Gibson-Reinemeretal_BiologicalInvasions_2017_Fig2a.jpg,1,47
Widespread and enduring demographic collapse of invasive common carp (Cyprinus carpio) in the Upper Mississippi River System,(Gibson-Reinemer et al. 2017),BIOLOGICAL INVASIONS,Web of Science,Y,N,Upper Illinois River,Y,N,yearly,Freshwater,North America,Animalia,Actinopterygii,Cyprinus carpio,,Y,104_Gibson-Reinemeretal_BiologicalInvasions_2017_Fig2b.jpg,1,47
Widespread and enduring demographic collapse of invasive common carp (Cyprinus carpio) in the Upper Mississippi River System,(Gibson-Reinemer et al. 2017),BIOLOGICAL INVASIONS,Web of Science,Y,N,Lower Illinois River,Y,N,yearly,Freshwater,North America,Animalia,Actinopterygii,Cyprinus carpio,,Y,105_Gibson-Reinemeretal_BiologicalInvasions_2017_Fig2c.jpg,1,47
"Changes in a population of exotic rainbow smelt in lake superior boom to bust, 1974-2005",(Gorman 2007),Journal of Great Lakes Research,Strayer SI,Y,N,,Y,N,yearly,Freshwater,North America,Animalia,Actinopterygii,Osmerus mordax,,Y,008_Gorman_JournalofGreatLakesResearch_2007_Fig2density.jpg,1,7
"Changes in a population of exotic rainbow smelt in lake superior boom to bust, 1974-2005",(Gorman 2007),Journal of Great Lakes Research,Strayer SI,Y,N,,Y,N,yearly,Freshwater,North America,Animalia,Actinopterygii,Osmerus mordax,,Y,009_Gorman_JournalofGreatLakesResearch_2007_Fig2biomass.jpg,1,7
History of Striped Bass Management in the Colorado River,(Gustaveson & Blommer 2013),BIOLOGY AND MANAGEMENT OF INLAND STRIPED BASS AND HYBRID STRIPED BASS,Web of Science,Y,N,,Y,N,yearly,Freshwater,North America,Animalia,Actinopterygii,Dorosoma petenense,,Y,036_Gustaveson&Blommer_AmerFishSocSymp_2013_Fig2.jpg,1,4
History of Striped Bass Management in the Colorado River,(Gustaveson & Blommer 2013),BIOLOGY AND MANAGEMENT OF INLAND STRIPED BASS AND HYBRID STRIPED BASS,Web of Science,Y,N,,Y,N,every 2 years,Freshwater,North America,Animalia,Actinopterygii,Morone saxatilis,,Y,127_Gustaveson&Blommer_AFSsymposiums_2013_Fig3.jpg,1,30
Invasion impacts and dynamics of a European-wide introduced species,(Haubrock et al. 2022),GLOBAL CHANGE BIOLOGY,Web of Science,Y,N,Denmark,Y,N,yearly,Freshwater,Europe,Animalia,Gastropoda,Potamopyrgus antipodarum,New Zealand Mudsnail,Y,192_Haubrocketal_GlobalChangeBiology_2022_SuppFig1.jpg,1,0.583333333
Invasion impacts and dynamics of a European-wide introduced species,(Haubrock et al. 2022),GLOBAL CHANGE BIOLOGY,Web of Science,Y,N,Denmark,Y,N,yearly,Freshwater,Europe,Animalia,Gastropoda,Potamopyrgus antipodarum,New Zealand Mudsnail,Y,193_Haubrocketal_GlobalChangeBiology_2022_SuppFig2.jpg,1,0.583333333
Invasion impacts and dynamics of a European-wide introduced species,(Haubrock et al. 2022),GLOBAL CHANGE BIOLOGY,Web of Science,Y,N,Denmark,Y,N,yearly,Freshwater,Europe,Animalia,Gastropoda,Potamopyrgus antipodarum,New Zealand Mudsnail,Y,194_Haubrocketal_GlobalChangeBiology_2022_SuppFig3.jpg,1,0.583333333
Invasion impacts and dynamics of a European-wide introduced species,(Haubrock et al. 2022),GLOBAL CHANGE BIOLOGY,Web of Science,Y,N,Denmark,Y,N,yearly,Freshwater,Europe,Animalia,Gastropoda,Potamopyrgus antipodarum,New Zealand Mudsnail,Y,195_Haubrocketal_GlobalChangeBiology_2022_SuppFig4.jpg,1,0.583333333
Invasion impacts and dynamics of a European-wide introduced species,(Haubrock et al. 2022),GLOBAL CHANGE BIOLOGY,Web of Science,Y,N,Denmark,Y,N,yearly,Freshwater,Europe,Animalia,Gastropoda,Potamopyrgus antipodarum,New Zealand Mudsnail,Y,196_Haubrocketal_GlobalChangeBiology_2022_SuppFig5.jpg,1,0.583333333
Invasion impacts and dynamics of a European-wide introduced species,(Haubrock et al. 2022),GLOBAL CHANGE BIOLOGY,Web of Science,Y,N,Germany,Y,N,yearly,Freshwater,Europe,Animalia,Gastropoda,Potamopyrgus antipodarum,New Zealand Mudsnail,Y,197_Haubrocketal_GlobalChangeBiology_2022_SuppFig6.jpg,1,0.583333333
Invasion impacts and dynamics of a European-wide introduced species,(Haubrock et al. 2022),GLOBAL CHANGE BIOLOGY,Web of Science,Y,N,Germany,Y,N,yearly,Freshwater,Europe,Animalia,Gastropoda,Potamopyrgus antipodarum,New Zealand Mudsnail,Y,198_Haubrocketal_GlobalChangeBiology_2022_SuppFig7.jpg,1,0.583333333
Invasion impacts and dynamics of a European-wide introduced species,(Haubrock et al. 2022),GLOBAL CHANGE BIOLOGY,Web of Science,Y,N,Hungary,Y,N,yearly,Freshwater,Europe,Animalia,Gastropoda,Potamopyrgus antipodarum,New Zealand Mudsnail,Y,199_Haubrocketal_GlobalChangeBiology_2022_SuppFig8.jpg,1,0.583333333
Invasion impacts and dynamics of a European-wide introduced species,(Haubrock et al. 2022),GLOBAL CHANGE BIOLOGY,Web of Science,Y,N,Hungary,Y,N,yearly,Freshwater,Europe,Animalia,Gastropoda,Potamopyrgus antipodarum,New Zealand Mudsnail,Y,200_Haubrocketal_GlobalChangeBiology_2022_SuppFig9.jpg,1,0.583333333
Invasion impacts and dynamics of a European-wide introduced species,(Haubrock et al. 2022),GLOBAL CHANGE BIOLOGY,Web of Science,Y,N,Hungary,Y,N,yearly,Freshwater,Europe,Animalia,Gastropoda,Potamopyrgus antipodarum,New Zealand Mudsnail,Y,201_Haubrocketal_GlobalChangeBiology_2022_SuppFig10.jpg,1,0.583333333
Invasion impacts and dynamics of a European-wide introduced species,(Haubrock et al. 2022),GLOBAL CHANGE BIOLOGY,Web of Science,Y,N,Luxemburg,Y,N,yearly,Freshwater,Europe,Animalia,Gastropoda,Potamopyrgus antipodarum,New Zealand Mudsnail,Y,202_Haubrocketal_GlobalChangeBiology_2022_SuppFig11.jpg,1,0.583333333
Invasion impacts and dynamics of a European-wide introduced species,(Haubrock et al. 2022),GLOBAL CHANGE BIOLOGY,Web of Science,Y,N,Netherlands,Y,N,yearly,Freshwater,Europe,Animalia,Gastropoda,Potamopyrgus antipodarum,New Zealand Mudsnail,Y,203_Haubrocketal_GlobalChangeBiology_2022_SuppFig12.jpg,1,0.583333333
Invasion impacts and dynamics of a European-wide introduced species,(Haubrock et al. 2022),GLOBAL CHANGE BIOLOGY,Web of Science,Y,N,Spain,Y,N,yearly,Freshwater,Europe,Animalia,Gastropoda,Potamopyrgus antipodarum,New Zealand Mudsnail,Y,204_Haubrocketal_GlobalChangeBiology_2022_SuppFig13.jpg,1,0.583333333
Invasion impacts and dynamics of a European-wide introduced species,(Haubrock et al. 2022),GLOBAL CHANGE BIOLOGY,Web of Science,Y,N,Spain,Y,N,yearly,Freshwater,Europe,Animalia,Gastropoda,Potamopyrgus antipodarum,New Zealand Mudsnail,Y,205_Haubrocketal_GlobalChangeBiology_2022_SuppFig14.jpg,1,0.583333333
Invasion impacts and dynamics of a European-wide introduced species,(Haubrock et al. 2022),GLOBAL CHANGE BIOLOGY,Web of Science,Y,N,UK,Y,N,yearly,Freshwater,Europe,Animalia,Gastropoda,Potamopyrgus antipodarum,New Zealand Mudsnail,Y,206_Haubrocketal_GlobalChangeBiology_2022_SuppFig15.jpg,1,0.583333333
Invasion impacts and dynamics of a European-wide introduced species,(Haubrock et al. 2022),GLOBAL CHANGE BIOLOGY,Web of Science,Y,N,UK,Y,N,yearly,Freshwater,Europe,Animalia,Gastropoda,Potamopyrgus antipodarum,New Zealand Mudsnail,Y,207_Haubrocketal_GlobalChangeBiology_2022_SuppFig16.jpg,1,0.583333333
Invasion impacts and dynamics of a European-wide introduced species,(Haubrock et al. 2022),GLOBAL CHANGE BIOLOGY,Web of Science,Y,N,UK,Y,N,yearly,Freshwater,Europe,Animalia,Gastropoda,Potamopyrgus antipodarum,New Zealand Mudsnail,Y,208_Haubrocketal_GlobalChangeBiology_2022_SuppFig17.jpg,1,0.583333333
Invasion impacts and dynamics of a European-wide introduced species,(Haubrock et al. 2022),GLOBAL CHANGE BIOLOGY,Web of Science,Y,N,UK,Y,N,yearly,Freshwater,Europe,Animalia,Gastropoda,Potamopyrgus antipodarum,New Zealand Mudsnail,Y,209_Haubrocketal_GlobalChangeBiology_2022_SuppFig18.jpg,1,0.583333333
Invasion impacts and dynamics of a European-wide introduced species,(Haubrock et al. 2022),GLOBAL CHANGE BIOLOGY,Web of Science,Y,N,UK,Y,N,yearly,Freshwater,Europe,Animalia,Gastropoda,Potamopyrgus antipodarum,New Zealand Mudsnail,Y,210_Haubrocketal_GlobalChangeBiology_2022_SuppFig19.jpg,1,0.583333333
Invasion impacts and dynamics of a European-wide introduced species,(Haubrock et al. 2022),GLOBAL CHANGE BIOLOGY,Web of Science,Y,N,UK,Y,N,yearly,Freshwater,Europe,Animalia,Gastropoda,Potamopyrgus antipodarum,New Zealand Mudsnail,Y,211_Haubrocketal_GlobalChangeBiology_2022_SuppFig20.jpg,1,0.583333333
Invasion impacts and dynamics of a European-wide introduced species,(Haubrock et al. 2022),GLOBAL CHANGE BIOLOGY,Web of Science,Y,N,UK,Y,N,yearly,Freshwater,Europe,Animalia,Gastropoda,Potamopyrgus antipodarum,New Zealand Mudsnail,Y,212_Haubrocketal_GlobalChangeBiology_2022_SuppFig21.jpg,1,0.583333333
Invasion impacts and dynamics of a European-wide introduced species,(Haubrock et al. 2022),GLOBAL CHANGE BIOLOGY,Web of Science,Y,N,UK,Y,N,yearly,Freshwater,Europe,Animalia,Gastropoda,Potamopyrgus antipodarum,New Zealand Mudsnail,Y,213_Haubrocketal_GlobalChangeBiology_2022_SuppFig22.jpg,1,0.583333333
Invasion impacts and dynamics of a European-wide introduced species,(Haubrock et al. 2022),GLOBAL CHANGE BIOLOGY,Web of Science,Y,N,Belgium,Y,N,yearly,Freshwater,Europe,Animalia,Gastropoda,Potamopyrgus antipodarum,New Zealand Mudsnail,Y,214_Haubrocketal_GlobalChangeBiology_2022_SuppFig23.jpg,1,0.583333333
Invasion impacts and dynamics of a European-wide introduced species,(Haubrock et al. 2022),GLOBAL CHANGE BIOLOGY,Web of Science,Y,N,Belgium,Y,N,yearly,Freshwater,Europe,Animalia,Gastropoda,Potamopyrgus antipodarum,New Zealand Mudsnail,Y,215_Haubrocketal_GlobalChangeBiology_2022_SuppFig24.jpg,1,0.583333333
Invasion impacts and dynamics of a European-wide introduced species,(Haubrock et al. 2022),GLOBAL CHANGE BIOLOGY,Web of Science,Y,N,Denmark,Y,N,yearly,Freshwater,Europe,Animalia,Gastropoda,Potamopyrgus antipodarum,New Zealand Mudsnail,Y,216_Haubrocketal_GlobalChangeBiology_2022_SuppFig25.jpg,1,0.583333333
Invasion impacts and dynamics of a European-wide introduced species,(Haubrock et al. 2022),GLOBAL CHANGE BIOLOGY,Web of Science,Y,N,Denmark,Y,N,yearly,Freshwater,Europe,Animalia,Gastropoda,Potamopyrgus antipodarum,New Zealand Mudsnail,Y,217_Haubrocketal_GlobalChangeBiology_2022_SuppFig26.jpg,1,0.583333333
Invasion impacts and dynamics of a European-wide introduced species,(Haubrock et al. 2022),GLOBAL CHANGE BIOLOGY,Web of Science,Y,N,Denmark,Y,N,yearly,Freshwater,Europe,Animalia,Gastropoda,Potamopyrgus antipodarum,New Zealand Mudsnail,Y,218_Haubrocketal_GlobalChangeBiology_2022_SuppFig27.jpg,1,0.583333333
Invasion impacts and dynamics of a European-wide introduced species,(Haubrock et al. 2022),GLOBAL CHANGE BIOLOGY,Web of Science,Y,N,Denmark,Y,N,yearly,Freshwater,Europe,Animalia,Gastropoda,Potamopyrgus antipodarum,New Zealand Mudsnail,Y,219_Haubrocketal_GlobalChangeBiology_2022_SuppFig28.jpg,1,0.583333333
Invasion impacts and dynamics of a European-wide introduced species,(Haubrock et al. 2022),GLOBAL CHANGE BIOLOGY,Web of Science,Y,N,Denmark,Y,N,yearly,Freshwater,Europe,Animalia,Gastropoda,Potamopyrgus antipodarum,New Zealand Mudsnail,Y,220_Haubrocketal_GlobalChangeBiology_2022_SuppFig29.jpg,1,0.583333333
Invasion impacts and dynamics of a European-wide introduced species,(Haubrock et al. 2022),GLOBAL CHANGE BIOLOGY,Web of Science,Y,N,Denmark,Y,N,yearly,Freshwater,Europe,Animalia,Gastropoda,Potamopyrgus antipodarum,New Zealand Mudsnail,Y,221_Haubrocketal_GlobalChangeBiology_2022_SuppFig30.jpg,1,0.583333333
Invasion impacts and dynamics of a European-wide introduced species,(Haubrock et al. 2022),GLOBAL CHANGE BIOLOGY,Web of Science,Y,N,Denmark,Y,N,yearly,Freshwater,Europe,Animalia,Gastropoda,Potamopyrgus antipodarum,New Zealand Mudsnail,Y,222_Haubrocketal_GlobalChangeBiology_2022_SuppFig31.jpg,1,0.583333333
Invasion impacts and dynamics of a European-wide introduced species,(Haubrock et al. 2022),GLOBAL CHANGE BIOLOGY,Web of Science,Y,N,Germany,Y,N,yearly,Freshwater,Europe,Animalia,Gastropoda,Potamopyrgus antipodarum,New Zealand Mudsnail,Y,223_Haubrocketal_GlobalChangeBiology_2022_SuppFig32.jpg,1,0.583333333
Invasion impacts and dynamics of a European-wide introduced species,(Haubrock et al. 2022),GLOBAL CHANGE BIOLOGY,Web of Science,Y,N,Hungary,Y,N,yearly,Freshwater,Europe,Animalia,Gastropoda,Potamopyrgus antipodarum,New Zealand Mudsnail,Y,224_Haubrocketal_GlobalChangeBiology_2022_SuppFig33.jpg,1,0.583333333
Invasion impacts and dynamics of a European-wide introduced species,(Haubrock et al. 2022),GLOBAL CHANGE BIOLOGY,Web of Science,Y,N,Luxemburg,Y,N,yearly,Freshwater,Europe,Animalia,Gastropoda,Potamopyrgus antipodarum,New Zealand Mudsnail,Y,225_Haubrocketal_GlobalChangeBiology_2022_SuppFig34.jpg,1,0.583333333
Invasion impacts and dynamics of a European-wide introduced species,(Haubrock et al. 2022),GLOBAL CHANGE BIOLOGY,Web of Science,Y,N,Netherlands,Y,N,yearly,Freshwater,Europe,Animalia,Gastropoda,Potamopyrgus antipodarum,New Zealand Mudsnail,Y,226_Haubrocketal_GlobalChangeBiology_2022_SuppFig35.jpg,1,0.583333333
Invasion impacts and dynamics of a European-wide introduced species,(Haubrock et al. 2022),GLOBAL CHANGE BIOLOGY,Web of Science,Y,N,Spain,Y,N,yearly,Freshwater,Europe,Animalia,Gastropoda,Potamopyrgus antipodarum,New Zealand Mudsnail,Y,227_Haubrocketal_GlobalChangeBiology_2022_SuppFig36.jpg,1,0.583333333
Invasion impacts and dynamics of a European-wide introduced species,(Haubrock et al. 2022),GLOBAL CHANGE BIOLOGY,Web of Science,Y,N,Spain,Y,N,yearly,Freshwater,Europe,Animalia,Gastropoda,Potamopyrgus antipodarum,New Zealand Mudsnail,Y,228_Haubrocketal_GlobalChangeBiology_2022_SuppFig37.jpg,1,0.583333333
Invasion impacts and dynamics of a European-wide introduced species,(Haubrock et al. 2022),GLOBAL CHANGE BIOLOGY,Web of Science,Y,N,Spain,Y,N,yearly,Freshwater,Europe,Animalia,Gastropoda,Potamopyrgus antipodarum,New Zealand Mudsnail,Y,229_Haubrocketal_GlobalChangeBiology_2022_SuppFig38.jpg,1,0.583333333
Invasion impacts and dynamics of a European-wide introduced species,(Haubrock et al. 2022),GLOBAL CHANGE BIOLOGY,Web of Science,Y,N,Spain,Y,N,yearly,Freshwater,Europe,Animalia,Gastropoda,Potamopyrgus antipodarum,New Zealand Mudsnail,Y,230_Haubrocketal_GlobalChangeBiology_2022_SuppFig39.jpg,1,0.583333333
Invasion impacts and dynamics of a European-wide introduced species,(Haubrock et al. 2022),GLOBAL CHANGE BIOLOGY,Web of Science,Y,N,Spain,Y,N,yearly,Freshwater,Europe,Animalia,Gastropoda,Potamopyrgus antipodarum,New Zealand Mudsnail,Y,231_Haubrocketal_GlobalChangeBiology_2022_SuppFig40.jpg,1,0.583333333
Invasion impacts and dynamics of a European-wide introduced species,(Haubrock et al. 2022),GLOBAL CHANGE BIOLOGY,Web of Science,Y,N,Spain,Y,N,yearly,Freshwater,Europe,Animalia,Gastropoda,Potamopyrgus antipodarum,New Zealand Mudsnail,Y,232_Haubrocketal_GlobalChangeBiology_2022_SuppFig41.jpg,1,0.583333333
Invasion impacts and dynamics of a European-wide introduced species,(Haubrock et al. 2022),GLOBAL CHANGE BIOLOGY,Web of Science,Y,N,Spain,Y,N,yearly,Freshwater,Europe,Animalia,Gastropoda,Potamopyrgus antipodarum,New Zealand Mudsnail,Y,233_Haubrocketal_GlobalChangeBiology_2022_SuppFig42.jpg,1,0.583333333
Invasion impacts and dynamics of a European-wide introduced species,(Haubrock et al. 2022),GLOBAL CHANGE BIOLOGY,Web of Science,Y,N,Spain,Y,N,yearly,Freshwater,Europe,Animalia,Gastropoda,Potamopyrgus antipodarum,New Zealand Mudsnail,Y,234_Haubrocketal_GlobalChangeBiology_2022_SuppFig43.jpg,1,0.583333333
Invasion impacts and dynamics of a European-wide introduced species,(Haubrock et al. 2022),GLOBAL CHANGE BIOLOGY,Web of Science,Y,N,Spain,Y,N,yearly,Freshwater,Europe,Animalia,Gastropoda,Potamopyrgus antipodarum,New Zealand Mudsnail,Y,235_Haubrocketal_GlobalChangeBiology_2022_SuppFig44.jpg,1,0.583333333
Invasion impacts and dynamics of a European-wide introduced species,(Haubrock et al. 2022),GLOBAL CHANGE BIOLOGY,Web of Science,Y,N,Spain,Y,N,yearly,Freshwater,Europe,Animalia,Gastropoda,Potamopyrgus antipodarum,New Zealand Mudsnail,Y,236_Haubrocketal_GlobalChangeBiology_2022_SuppFig45.jpg,1,0.583333333
Invasion impacts and dynamics of a European-wide introduced species,(Haubrock et al. 2022),GLOBAL CHANGE BIOLOGY,Web of Science,Y,N,Spain,Y,N,yearly,Freshwater,Europe,Animalia,Gastropoda,Potamopyrgus antipodarum,New Zealand Mudsnail,Y,237_Haubrocketal_GlobalChangeBiology_2022_SuppFig46.jpg,1,0.583333333
Invasion impacts and dynamics of a European-wide introduced species,(Haubrock et al. 2022),GLOBAL CHANGE BIOLOGY,Web of Science,Y,N,Spain,Y,N,yearly,Freshwater,Europe,Animalia,Gastropoda,Potamopyrgus antipodarum,New Zealand Mudsnail,Y,238_Haubrocketal_GlobalChangeBiology_2022_SuppFig47.jpg,1,0.583333333
Invasion impacts and dynamics of a European-wide introduced species,(Haubrock et al. 2022),GLOBAL CHANGE BIOLOGY,Web of Science,Y,N,Spain,Y,N,yearly,Freshwater,Europe,Animalia,Gastropoda,Potamopyrgus antipodarum,New Zealand Mudsnail,Y,239_Haubrocketal_GlobalChangeBiology_2022_SuppFig48.jpg,1,0.583333333
Invasion impacts and dynamics of a European-wide introduced species,(Haubrock et al. 2022),GLOBAL CHANGE BIOLOGY,Web of Science,Y,N,Spain,Y,N,yearly,Freshwater,Europe,Animalia,Gastropoda,Potamopyrgus antipodarum,New Zealand Mudsnail,Y,240_Haubrocketal_GlobalChangeBiology_2022_SuppFig49.jpg,1,0.583333333
Invasion impacts and dynamics of a European-wide introduced species,(Haubrock et al. 2022),GLOBAL CHANGE BIOLOGY,Web of Science,Y,N,Spain,Y,N,yearly,Freshwater,Europe,Animalia,Gastropoda,Potamopyrgus antipodarum,New Zealand Mudsnail,Y,241_Haubrocketal_GlobalChangeBiology_2022_SuppFig50.jpg,1,0.583333333
Invasion impacts and dynamics of a European-wide introduced species,(Haubrock et al. 2022),GLOBAL CHANGE BIOLOGY,Web of Science,Y,N,Spain,Y,N,yearly,Freshwater,Europe,Animalia,Gastropoda,Potamopyrgus antipodarum,New Zealand Mudsnail,Y,242_Haubrocketal_GlobalChangeBiology_2022_SuppFig51.jpg,1,0.583333333
Invasion impacts and dynamics of a European-wide introduced species,(Haubrock et al. 2022),GLOBAL CHANGE BIOLOGY,Web of Science,Y,N,Spain,Y,N,yearly,Freshwater,Europe,Animalia,Gastropoda,Potamopyrgus antipodarum,New Zealand Mudsnail,Y,243_Haubrocketal_GlobalChangeBiology_2022_SuppFig52.jpg,1,0.583333333
Invasion impacts and dynamics of a European-wide introduced species,(Haubrock et al. 2022),GLOBAL CHANGE BIOLOGY,Web of Science,Y,N,Spain,Y,N,yearly,Freshwater,Europe,Animalia,Gastropoda,Potamopyrgus antipodarum,New Zealand Mudsnail,Y,244_Haubrocketal_GlobalChangeBiology_2022_SuppFig53.jpg,1,0.583333333
Invasion impacts and dynamics of a European-wide introduced species,(Haubrock et al. 2022),GLOBAL CHANGE BIOLOGY,Web of Science,Y,N,Spain,Y,N,yearly,Freshwater,Europe,Animalia,Gastropoda,Potamopyrgus antipodarum,New Zealand Mudsnail,Y,245_Haubrocketal_GlobalChangeBiology_2022_SuppFig54.jpg,1,0.583333333
Invasion impacts and dynamics of a European-wide introduced species,(Haubrock et al. 2022),GLOBAL CHANGE BIOLOGY,Web of Science,Y,N,Denmark,Y,N,yearly,Freshwater,Europe,Animalia,Gastropoda,Potamopyrgus antipodarum,New Zealand Mudsnail,Y,246_Haubrocketal_GlobalChangeBiology_2022_SuppFig55.jpg,1,0.583333333
Invasion impacts and dynamics of a European-wide introduced species,(Haubrock et al. 2022),GLOBAL CHANGE BIOLOGY,Web of Science,Y,N,Denmark,Y,N,yearly,Freshwater,Europe,Animalia,Gastropoda,Potamopyrgus antipodarum,New Zealand Mudsnail,Y,247_Haubrocketal_GlobalChangeBiology_2022_SuppFig56.jpg,1,0.583333333
Invasion impacts and dynamics of a European-wide introduced species,(Haubrock et al. 2022),GLOBAL CHANGE BIOLOGY,Web of Science,Y,N,Denmark,Y,N,yearly,Freshwater,Europe,Animalia,Gastropoda,Potamopyrgus antipodarum,New Zealand Mudsnail,Y,248_Haubrocketal_GlobalChangeBiology_2022_SuppFig57.jpg,1,0.583333333
Invasion impacts and dynamics of a European-wide introduced species,(Haubrock et al. 2022),GLOBAL CHANGE BIOLOGY,Web of Science,Y,N,Denmark,Y,N,yearly,Freshwater,Europe,Animalia,Gastropoda,Potamopyrgus antipodarum,New Zealand Mudsnail,Y,249_Haubrocketal_GlobalChangeBiology_2022_SuppFig58.jpg,1,0.583333333
Invasion impacts and dynamics of a European-wide introduced species,(Haubrock et al. 2022),GLOBAL CHANGE BIOLOGY,Web of Science,Y,N,Germany,Y,N,yearly,Freshwater,Europe,Animalia,Gastropoda,Potamopyrgus antipodarum,New Zealand Mudsnail,Y,250_Haubrocketal_GlobalChangeBiology_2022_SuppFig59.jpg,1,0.583333333
Invasion impacts and dynamics of a European-wide introduced species,(Haubrock et al. 2022),GLOBAL CHANGE BIOLOGY,Web of Science,Y,N,Germany,Y,N,yearly,Freshwater,Europe,Animalia,Gastropoda,Potamopyrgus antipodarum,New Zealand Mudsnail,Y,251_Haubrocketal_GlobalChangeBiology_2022_SuppFig60.jpg,1,0.583333333
Invasion impacts and dynamics of a European-wide introduced species,(Haubrock et al. 2022),GLOBAL CHANGE BIOLOGY,Web of Science,Y,N,Germany,Y,N,yearly,Freshwater,Europe,Animalia,Gastropoda,Potamopyrgus antipodarum,New Zealand Mudsnail,Y,252_Haubrocketal_GlobalChangeBiology_2022_SuppFig61.jpg,1,0.583333333
Invasion impacts and dynamics of a European-wide introduced species,(Haubrock et al. 2022),GLOBAL CHANGE BIOLOGY,Web of Science,Y,N,Luxemburg,Y,N,yearly,Freshwater,Europe,Animalia,Gastropoda,Potamopyrgus antipodarum,New Zealand Mudsnail,Y,253_Haubrocketal_GlobalChangeBiology_2022_SuppFig62.jpg,1,0.583333333
Invasion impacts and dynamics of a European-wide introduced species,(Haubrock et al. 2022),GLOBAL CHANGE BIOLOGY,Web of Science,Y,N,Spain,Y,N,yearly,Freshwater,Europe,Animalia,Gastropoda,Potamopyrgus antipodarum,New Zealand Mudsnail,Y,254_Haubrocketal_GlobalChangeBiology_2022_SuppFig63.jpg,1,0.583333333
Invasion impacts and dynamics of a European-wide introduced species,(Haubrock et al. 2022),GLOBAL CHANGE BIOLOGY,Web of Science,Y,N,Spain,Y,N,yearly,Freshwater,Europe,Animalia,Gastropoda,Potamopyrgus antipodarum,New Zealand Mudsnail,Y,255_Haubrocketal_GlobalChangeBiology_2022_SuppFig64.jpg,1,0.583333333
Invasion impacts and dynamics of a European-wide introduced species,(Haubrock et al. 2022),GLOBAL CHANGE BIOLOGY,Web of Science,Y,N,Spain,Y,N,yearly,Freshwater,Europe,Animalia,Gastropoda,Potamopyrgus antipodarum,New Zealand Mudsnail,Y,256_Haubrocketal_GlobalChangeBiology_2022_SuppFig65.jpg,1,0.583333333
Invasion impacts and dynamics of a European-wide introduced species,(Haubrock et al. 2022),GLOBAL CHANGE BIOLOGY,Web of Science,Y,N,Spain,Y,N,yearly,Freshwater,Europe,Animalia,Gastropoda,Potamopyrgus antipodarum,New Zealand Mudsnail,Y,257_Haubrocketal_GlobalChangeBiology_2022_SuppFig66.jpg,1,0.583333333
Invasion impacts and dynamics of a European-wide introduced species,(Haubrock et al. 2022),GLOBAL CHANGE BIOLOGY,Web of Science,Y,N,Spain,Y,N,yearly,Freshwater,Europe,Animalia,Gastropoda,Potamopyrgus antipodarum,New Zealand Mudsnail,Y,258_Haubrocketal_GlobalChangeBiology_2022_SuppFig67.jpg,1,0.583333333
Invasion impacts and dynamics of a European-wide introduced species,(Haubrock et al. 2022),GLOBAL CHANGE BIOLOGY,Web of Science,Y,N,Spain,Y,N,yearly,Freshwater,Europe,Animalia,Gastropoda,Potamopyrgus antipodarum,New Zealand Mudsnail,Y,259_Haubrocketal_GlobalChangeBiology_2022_SuppFig68.jpg,1,0.583333333
Invasion impacts and dynamics of a European-wide introduced species,(Haubrock et al. 2022),GLOBAL CHANGE BIOLOGY,Web of Science,Y,N,Spain,Y,N,yearly,Freshwater,Europe,Animalia,Gastropoda,Potamopyrgus antipodarum,New Zealand Mudsnail,Y,260_Haubrocketal_GlobalChangeBiology_2022_SuppFig69.jpg,1,0.583333333
Invasion impacts and dynamics of a European-wide introduced species,(Haubrock et al. 2022),GLOBAL CHANGE BIOLOGY,Web of Science,Y,N,Spain,Y,N,yearly,Freshwater,Europe,Animalia,Gastropoda,Potamopyrgus antipodarum,New Zealand Mudsnail,Y,261_Haubrocketal_GlobalChangeBiology_2022_SuppFig70.jpg,1,0.583333333
Invasion impacts and dynamics of a European-wide introduced species,(Haubrock et al. 2022),GLOBAL CHANGE BIOLOGY,Web of Science,Y,N,Denmark,Y,N,yearly,Freshwater,Europe,Animalia,Gastropoda,Potamopyrgus antipodarum,New Zealand Mudsnail,Y,262_Haubrocketal_GlobalChangeBiology_2022_SuppFig71.jpg,1,0.583333333
Invasion impacts and dynamics of a European-wide introduced species,(Haubrock et al. 2022),GLOBAL CHANGE BIOLOGY,Web of Science,Y,N,Denmark,Y,N,yearly,Freshwater,Europe,Animalia,Gastropoda,Potamopyrgus antipodarum,New Zealand Mudsnail,Y,263_Haubrocketal_GlobalChangeBiology_2022_SuppFig72.jpg,1,0.583333333
Invasion impacts and dynamics of a European-wide introduced species,(Haubrock et al. 2022),GLOBAL CHANGE BIOLOGY,Web of Science,Y,N,Denmark,Y,N,yearly,Freshwater,Europe,Animalia,Gastropoda,Potamopyrgus antipodarum,New Zealand Mudsnail,Y,264_Haubrocketal_GlobalChangeBiology_2022_SuppFig73.jpg,1,0.583333333
Invasion impacts and dynamics of a European-wide introduced species,(Haubrock et al. 2022),GLOBAL CHANGE BIOLOGY,Web of Science,Y,N,Denmark,Y,N,yearly,Freshwater,Europe,Animalia,Gastropoda,Potamopyrgus antipodarum,New Zealand Mudsnail,Y,265_Haubrocketal_GlobalChangeBiology_2022_SuppFig74.jpg,1,0.583333333
Invasion impacts and dynamics of a European-wide introduced species,(Haubrock et al. 2022),GLOBAL CHANGE BIOLOGY,Web of Science,Y,N,Luxemburg,Y,N,yearly,Freshwater,Europe,Animalia,Gastropoda,Potamopyrgus antipodarum,New Zealand Mudsnail,Y,266_Haubrocketal_GlobalChangeBiology_2022_SuppFig75.jpg,1,0.583333333
Invasion impacts and dynamics of a European-wide introduced species,(Haubrock et al. 2022),GLOBAL CHANGE BIOLOGY,Web of Science,Y,N,Netherlands,Y,N,yearly,Freshwater,Europe,Animalia,Gastropoda,Potamopyrgus antipodarum,New Zealand Mudsnail,Y,267_Haubrocketal_GlobalChangeBiology_2022_SuppFig76.jpg,1,0.583333333
Invasion impacts and dynamics of a European-wide introduced species,(Haubrock et al. 2022),GLOBAL CHANGE BIOLOGY,Web of Science,Y,N,Netherlands,Y,N,yearly,Freshwater,Europe,Animalia,Gastropoda,Potamopyrgus antipodarum,New Zealand Mudsnail,Y,268_Haubrocketal_GlobalChangeBiology_2022_SuppFig77.jpg,1,0.583333333
Invasion impacts and dynamics of a European-wide introduced species,(Haubrock et al. 2022),GLOBAL CHANGE BIOLOGY,Web of Science,Y,N,Netherlands,Y,N,yearly,Freshwater,Europe,Animalia,Gastropoda,Potamopyrgus antipodarum,New Zealand Mudsnail,Y,269_Haubrocketal_GlobalChangeBiology_2022_SuppFig78.jpg,1,0.583333333
Invasion impacts and dynamics of a European-wide introduced species,(Haubrock et al. 2022),GLOBAL CHANGE BIOLOGY,Web of Science,Y,N,Spain,Y,N,yearly,Freshwater,Europe,Animalia,Gastropoda,Potamopyrgus antipodarum,New Zealand Mudsnail,Y,270_Haubrocketal_GlobalChangeBiology_2022_SuppFig79.jpg,1,0.583333333
Invasion impacts and dynamics of a European-wide introduced species,(Haubrock et al. 2022),GLOBAL CHANGE BIOLOGY,Web of Science,Y,N,Spain,Y,N,yearly,Freshwater,Europe,Animalia,Gastropoda,Potamopyrgus antipodarum,New Zealand Mudsnail,Y,271_Haubrocketal_GlobalChangeBiology_2022_SuppFig80.jpg,1,0.583333333
Invasion impacts and dynamics of a European-wide introduced species,(Haubrock et al. 2022),GLOBAL CHANGE BIOLOGY,Web of Science,Y,N,Spain,Y,N,yearly,Freshwater,Europe,Animalia,Gastropoda,Potamopyrgus antipodarum,New Zealand Mudsnail,Y,272_Haubrocketal_GlobalChangeBiology_2022_SuppFig81.jpg,1,0.583333333
Invasion impacts and dynamics of a European-wide introduced species,(Haubrock et al. 2022),GLOBAL CHANGE BIOLOGY,Web of Science,Y,N,Spain,Y,N,yearly,Freshwater,Europe,Animalia,Gastropoda,Potamopyrgus antipodarum,New Zealand Mudsnail,Y,273_Haubrocketal_GlobalChangeBiology_2022_SuppFig82.jpg,1,0.583333333
Invasion impacts and dynamics of a European-wide introduced species,(Haubrock et al. 2022),GLOBAL CHANGE BIOLOGY,Web of Science,Y,N,Spain,Y,N,yearly,Freshwater,Europe,Animalia,Gastropoda,Potamopyrgus antipodarum,New Zealand Mudsnail,Y,274_Haubrocketal_GlobalChangeBiology_2022_SuppFig83.jpg,1,0.583333333
Invasion impacts and dynamics of a European-wide introduced species,(Haubrock et al. 2022),GLOBAL CHANGE BIOLOGY,Web of Science,Y,N,Denmark,Y,N,yearly,Freshwater,Europe,Animalia,Gastropoda,Potamopyrgus antipodarum,New Zealand Mudsnail,Y,275_Haubrocketal_GlobalChangeBiology_2022_SuppFig84.jpg,1,0.583333333
Invasion impacts and dynamics of a European-wide introduced species,(Haubrock et al. 2022),GLOBAL CHANGE BIOLOGY,Web of Science,Y,N,Denmark,Y,N,yearly,Freshwater,Europe,Animalia,Gastropoda,Potamopyrgus antipodarum,New Zealand Mudsnail,Y,276_Haubrocketal_GlobalChangeBiology_2022_SuppFig85.jpg,1,0.583333333
Invasion impacts and dynamics of a European-wide introduced species,(Haubrock et al. 2022),GLOBAL CHANGE BIOLOGY,Web of Science,Y,N,Germany,Y,N,yearly,Freshwater,Europe,Animalia,Gastropoda,Potamopyrgus antipodarum,New Zealand Mudsnail,Y,277_Haubrocketal_GlobalChangeBiology_2022_SuppFig86.jpg,1,0.583333333
Invasion impacts and dynamics of a European-wide introduced species,(Haubrock et al. 2022),GLOBAL CHANGE BIOLOGY,Web of Science,Y,N,Germany,Y,N,yearly,Freshwater,Europe,Animalia,Gastropoda,Potamopyrgus antipodarum,New Zealand Mudsnail,Y,278_Haubrocketal_GlobalChangeBiology_2022_SuppFig87.jpg,1,0.583333333
Invasion impacts and dynamics of a European-wide introduced species,(Haubrock et al. 2022),GLOBAL CHANGE BIOLOGY,Web of Science,Y,N,Hungary,Y,N,yearly,Freshwater,Europe,Animalia,Gastropoda,Potamopyrgus antipodarum,New Zealand Mudsnail,Y,279_Haubrocketal_GlobalChangeBiology_2022_SuppFig88.jpg,1,0.583333333
Invasion impacts and dynamics of a European-wide introduced species,(Haubrock et al. 2022),GLOBAL CHANGE BIOLOGY,Web of Science,Y,N,Spain,Y,N,yearly,Freshwater,Europe,Animalia,Gastropoda,Potamopyrgus antipodarum,New Zealand Mudsnail,Y,280_Haubrocketal_GlobalChangeBiology_2022_SuppFig89.jpg,1,0.583333333
Invasion impacts and dynamics of a European-wide introduced species,(Haubrock et al. 2022),GLOBAL CHANGE BIOLOGY,Web of Science,Y,N,Spain,Y,N,yearly,Freshwater,Europe,Animalia,Gastropoda,Potamopyrgus antipodarum,New Zealand Mudsnail,Y,281_Haubrocketal_GlobalChangeBiology_2022_SuppFig90.jpg,1,0.583333333
Invasion impacts and dynamics of a European-wide introduced species,(Haubrock et al. 2022),GLOBAL CHANGE BIOLOGY,Web of Science,Y,N,Spain,Y,N,yearly,Freshwater,Europe,Animalia,Gastropoda,Potamopyrgus antipodarum,New Zealand Mudsnail,Y,282_Haubrocketal_GlobalChangeBiology_2022_SuppFig91.jpg,1,0.583333333
Invasion impacts and dynamics of a European-wide introduced species,(Haubrock et al. 2022),GLOBAL CHANGE BIOLOGY,Web of Science,Y,N,Spain,Y,N,yearly,Freshwater,Europe,Animalia,Gastropoda,Potamopyrgus antipodarum,New Zealand Mudsnail,Y,283_Haubrocketal_GlobalChangeBiology_2022_SuppFig92.jpg,1,0.583333333
Invasion impacts and dynamics of a European-wide introduced species,(Haubrock et al. 2022),GLOBAL CHANGE BIOLOGY,Web of Science,Y,N,UK,Y,N,yearly,Freshwater,Europe,Animalia,Gastropoda,Potamopyrgus antipodarum,New Zealand Mudsnail,Y,284_Haubrocketal_GlobalChangeBiology_2022_SuppFig93.jpg,1,0.583333333
Invasion impacts and dynamics of a European-wide introduced species,(Haubrock et al. 2022),GLOBAL CHANGE BIOLOGY,Web of Science,Y,N,UK,Y,N,yearly,Freshwater,Europe,Animalia,Gastropoda,Potamopyrgus antipodarum,New Zealand Mudsnail,Y,285_Haubrocketal_GlobalChangeBiology_2022_SuppFig94.jpg,1,0.583333333
Invasion impacts and dynamics of a European-wide introduced species,(Haubrock et al. 2022),GLOBAL CHANGE BIOLOGY,Web of Science,Y,N,UK,Y,N,yearly,Freshwater,Europe,Animalia,Gastropoda,Potamopyrgus antipodarum,New Zealand Mudsnail,Y,286_Haubrocketal_GlobalChangeBiology_2022_SuppFig95.jpg,1,0.583333333
Invasion impacts and dynamics of a European-wide introduced species,(Haubrock et al. 2022),GLOBAL CHANGE BIOLOGY,Web of Science,Y,N,Denmark,Y,N,yearly,Freshwater,Europe,Animalia,Gastropoda,Potamopyrgus antipodarum,New Zealand Mudsnail,Y,287_Haubrocketal_GlobalChangeBiology_2022_SuppFig96.jpg,1,0.583333333
Invasion impacts and dynamics of a European-wide introduced species,(Haubrock et al. 2022),GLOBAL CHANGE BIOLOGY,Web of Science,Y,N,Denmark,Y,N,yearly,Freshwater,Europe,Animalia,Gastropoda,Potamopyrgus antipodarum,New Zealand Mudsnail,Y,288_Haubrocketal_GlobalChangeBiology_2022_SuppFig97.jpg,1,0.583333333
Invasion impacts and dynamics of a European-wide introduced species,(Haubrock et al. 2022),GLOBAL CHANGE BIOLOGY,Web of Science,Y,N,Germany,Y,N,yearly,Freshwater,Europe,Animalia,Gastropoda,Potamopyrgus antipodarum,New Zealand Mudsnail,Y,289_Haubrocketal_GlobalChangeBiology_2022_SuppFig98.jpg,1,0.583333333
Invasion impacts and dynamics of a European-wide introduced species,(Haubrock et al. 2022),GLOBAL CHANGE BIOLOGY,Web of Science,Y,N,Netherlands,Y,N,yearly,Freshwater,Europe,Animalia,Gastropoda,Potamopyrgus antipodarum,New Zealand Mudsnail,Y,290_Haubrocketal_GlobalChangeBiology_2022_SuppFig99.jpg,1,0.583333333
Invasion impacts and dynamics of a European-wide introduced species,(Haubrock et al. 2022),GLOBAL CHANGE BIOLOGY,Web of Science,Y,N,Spain,Y,N,yearly,Freshwater,Europe,Animalia,Gastropoda,Potamopyrgus antipodarum,New Zealand Mudsnail,Y,291_Haubrocketal_GlobalChangeBiology_2022_SuppFig100.jpg,1,0.583333333
Invasion impacts and dynamics of a European-wide introduced species,(Haubrock et al. 2022),GLOBAL CHANGE BIOLOGY,Web of Science,Y,N,Spain,Y,N,yearly,Freshwater,Europe,Animalia,Gastropoda,Potamopyrgus antipodarum,New Zealand Mudsnail,Y,292_Haubrocketal_GlobalChangeBiology_2022_SuppFig101.jpg,1,0.583333333
Invasion impacts and dynamics of a European-wide introduced species,(Haubrock et al. 2022),GLOBAL CHANGE BIOLOGY,Web of Science,Y,N,Spain,Y,N,yearly,Freshwater,Europe,Animalia,Gastropoda,Potamopyrgus antipodarum,New Zealand Mudsnail,Y,293_Haubrocketal_GlobalChangeBiology_2022_SuppFig102.jpg,1,0.583333333
Invasion impacts and dynamics of a European-wide introduced species,(Haubrock et al. 2022),GLOBAL CHANGE BIOLOGY,Web of Science,Y,N,Spain,Y,N,yearly,Freshwater,Europe,Animalia,Gastropoda,Potamopyrgus antipodarum,New Zealand Mudsnail,Y,294_Haubrocketal_GlobalChangeBiology_2022_SuppFig103.jpg,1,0.583333333
Invasion impacts and dynamics of a European-wide introduced species,(Haubrock et al. 2022),GLOBAL CHANGE BIOLOGY,Web of Science,Y,N,UK,Y,N,yearly,Freshwater,Europe,Animalia,Gastropoda,Potamopyrgus antipodarum,New Zealand Mudsnail,Y,295_Haubrocketal_GlobalChangeBiology_2022_SuppFig104.jpg,1,0.583333333
Invasion impacts and dynamics of a European-wide introduced species,(Haubrock et al. 2022),GLOBAL CHANGE BIOLOGY,Web of Science,Y,N,Denmark,Y,N,yearly,Freshwater,Europe,Animalia,Gastropoda,Potamopyrgus antipodarum,New Zealand Mudsnail,Y,296_Haubrocketal_GlobalChangeBiology_2022_SuppFig105.jpg,1,0.583333333
Invasion impacts and dynamics of a European-wide introduced species,(Haubrock et al. 2022),GLOBAL CHANGE BIOLOGY,Web of Science,Y,N,Denmark,Y,N,yearly,Freshwater,Europe,Animalia,Gastropoda,Potamopyrgus antipodarum,New Zealand Mudsnail,Y,297_Haubrocketal_GlobalChangeBiology_2022_SuppFig106.jpg,1,0.583333333
Invasion impacts and dynamics of a European-wide introduced species,(Haubrock et al. 2022),GLOBAL CHANGE BIOLOGY,Web of Science,Y,N,Germany,Y,N,yearly,Freshwater,Europe,Animalia,Gastropoda,Potamopyrgus antipodarum,New Zealand Mudsnail,Y,298_Haubrocketal_GlobalChangeBiology_2022_SuppFig107.jpg,1,0.583333333
Invasion impacts and dynamics of a European-wide introduced species,(Haubrock et al. 2022),GLOBAL CHANGE BIOLOGY,Web of Science,Y,N,Hungary,Y,N,yearly,Freshwater,Europe,Animalia,Gastropoda,Potamopyrgus antipodarum,New Zealand Mudsnail,Y,299_Haubrocketal_GlobalChangeBiology_2022_SuppFig108.jpg,1,0.583333333
Invasion impacts and dynamics of a European-wide introduced species,(Haubrock et al. 2022),GLOBAL CHANGE BIOLOGY,Web of Science,Y,N,Hungary,Y,N,yearly,Freshwater,Europe,Animalia,Gastropoda,Potamopyrgus antipodarum,New Zealand Mudsnail,Y,300_Haubrocketal_GlobalChangeBiology_2022_SuppFig109.jpg,1,0.583333333
Invasion impacts and dynamics of a European-wide introduced species,(Haubrock et al. 2022),GLOBAL CHANGE BIOLOGY,Web of Science,Y,N,Spain,Y,N,yearly,Freshwater,Europe,Animalia,Gastropoda,Potamopyrgus antipodarum,New Zealand Mudsnail,Y,301_Haubrocketal_GlobalChangeBiology_2022_SuppFig110.jpg,1,0.583333333
Invasion impacts and dynamics of a European-wide introduced species,(Haubrock et al. 2022),GLOBAL CHANGE BIOLOGY,Web of Science,Y,N,Spain,Y,N,yearly,Freshwater,Europe,Animalia,Gastropoda,Potamopyrgus antipodarum,New Zealand Mudsnail,Y,302_Haubrocketal_GlobalChangeBiology_2022_SuppFig111.jpg,1,0.583333333
Invasion impacts and dynamics of a European-wide introduced species,(Haubrock et al. 2022),GLOBAL CHANGE BIOLOGY,Web of Science,Y,N,Spain,Y,N,yearly,Freshwater,Europe,Animalia,Gastropoda,Potamopyrgus antipodarum,New Zealand Mudsnail,Y,303_Haubrocketal_GlobalChangeBiology_2022_SuppFig112.jpg,1,0.583333333
Invasion impacts and dynamics of a European-wide introduced species,(Haubrock et al. 2022),GLOBAL CHANGE BIOLOGY,Web of Science,Y,N,Spain,Y,N,yearly,Freshwater,Europe,Animalia,Gastropoda,Potamopyrgus antipodarum,New Zealand Mudsnail,Y,304_Haubrocketal_GlobalChangeBiology_2022_SuppFig113.jpg,1,0.583333333
Invasion impacts and dynamics of a European-wide introduced species,(Haubrock et al. 2022),GLOBAL CHANGE BIOLOGY,Web of Science,Y,N,UK,Y,N,yearly,Freshwater,Europe,Animalia,Gastropoda,Potamopyrgus antipodarum,New Zealand Mudsnail,Y,305_Haubrocketal_GlobalChangeBiology_2022_SuppFig114.jpg,1,0.583333333
Invasion impacts and dynamics of a European-wide introduced species,(Haubrock et al. 2022),GLOBAL CHANGE BIOLOGY,Web of Science,Y,N,Germany,Y,N,yearly,Freshwater,Europe,Animalia,Gastropoda,Potamopyrgus antipodarum,New Zealand Mudsnail,Y,306_Haubrocketal_GlobalChangeBiology_2022_SuppFig115.jpg,1,0.583333333
Invasion impacts and dynamics of a European-wide introduced species,(Haubrock et al. 2022),GLOBAL CHANGE BIOLOGY,Web of Science,Y,N,Hungary,Y,N,yearly,Freshwater,Europe,Animalia,Gastropoda,Potamopyrgus antipodarum,New Zealand Mudsnail,Y,307_Haubrocketal_GlobalChangeBiology_2022_SuppFig116.jpg,1,0.583333333
Invasion impacts and dynamics of a European-wide introduced species,(Haubrock et al. 2022),GLOBAL CHANGE BIOLOGY,Web of Science,Y,N,Spain,Y,N,yearly,Freshwater,Europe,Animalia,Gastropoda,Potamopyrgus antipodarum,New Zealand Mudsnail,Y,308_Haubrocketal_GlobalChangeBiology_2022_SuppFig117.jpg,1,0.583333333
Invasion impacts and dynamics of a European-wide introduced species,(Haubrock et al. 2022),GLOBAL CHANGE BIOLOGY,Web of Science,Y,N,Spain,Y,N,yearly,Freshwater,Europe,Animalia,Gastropoda,Potamopyrgus antipodarum,New Zealand Mudsnail,Y,309_Haubrocketal_GlobalChangeBiology_2022_SuppFig118.jpg,1,0.583333333
Invasion impacts and dynamics of a European-wide introduced species,(Haubrock et al. 2022),GLOBAL CHANGE BIOLOGY,Web of Science,Y,N,UK,Y,N,yearly,Freshwater,Europe,Animalia,Gastropoda,Potamopyrgus antipodarum,New Zealand Mudsnail,Y,310_Haubrocketal_GlobalChangeBiology_2022_SuppFig119.jpg,1,0.583333333
Invasion impacts and dynamics of a European-wide introduced species,(Haubrock et al. 2022),GLOBAL CHANGE BIOLOGY,Web of Science,Y,N,Belgium,Y,N,yearly,Freshwater,Europe,Animalia,Gastropoda,Potamopyrgus antipodarum,New Zealand Mudsnail,Y,311_Haubrocketal_GlobalChangeBiology_2022_SuppFig120.jpg,1,0.583333333
Invasion impacts and dynamics of a European-wide introduced species,(Haubrock et al. 2022),GLOBAL CHANGE BIOLOGY,Web of Science,Y,N,Denmark,Y,N,yearly,Freshwater,Europe,Animalia,Gastropoda,Potamopyrgus antipodarum,New Zealand Mudsnail,Y,312_Haubrocketal_GlobalChangeBiology_2022_SuppFig121.jpg,1,0.583333333
Invasion impacts and dynamics of a European-wide introduced species,(Haubrock et al. 2022),GLOBAL CHANGE BIOLOGY,Web of Science,Y,N,Denmark,Y,N,yearly,Freshwater,Europe,Animalia,Gastropoda,Potamopyrgus antipodarum,New Zealand Mudsnail,Y,313_Haubrocketal_GlobalChangeBiology_2022_SuppFig122.jpg,1,0.583333333
Invasion impacts and dynamics of a European-wide introduced species,(Haubrock et al. 2022),GLOBAL CHANGE BIOLOGY,Web of Science,Y,N,Spain,Y,N,yearly,Freshwater,Europe,Animalia,Gastropoda,Potamopyrgus antipodarum,New Zealand Mudsnail,Y,314_Haubrocketal_GlobalChangeBiology_2022_SuppFig123.jpg,1,0.583333333
Invasion impacts and dynamics of a European-wide introduced species,(Haubrock et al. 2022),GLOBAL CHANGE BIOLOGY,Web of Science,Y,N,Spain,Y,N,yearly,Freshwater,Europe,Animalia,Gastropoda,Potamopyrgus antipodarum,New Zealand Mudsnail,Y,315_Haubrocketal_GlobalChangeBiology_2022_SuppFig124.jpg,1,0.583333333
Invasion impacts and dynamics of a European-wide introduced species,(Haubrock et al. 2022),GLOBAL CHANGE BIOLOGY,Web of Science,Y,N,Spain,Y,N,yearly,Freshwater,Europe,Animalia,Gastropoda,Potamopyrgus antipodarum,New Zealand Mudsnail,Y,316_Haubrocketal_GlobalChangeBiology_2022_SuppFig125.jpg,1,0.583333333
Invasion impacts and dynamics of a European-wide introduced species,(Haubrock et al. 2022),GLOBAL CHANGE BIOLOGY,Web of Science,Y,N,France,Y,N,yearly,Freshwater,Europe,Animalia,Gastropoda,Potamopyrgus antipodarum,New Zealand Mudsnail,Y,317_Haubrocketal_GlobalChangeBiology_2022_SuppFig126.jpg,1,0.583333333
Invasion impacts and dynamics of a European-wide introduced species,(Haubrock et al. 2022),GLOBAL CHANGE BIOLOGY,Web of Science,Y,N,France,Y,N,yearly,Freshwater,Europe,Animalia,Gastropoda,Potamopyrgus antipodarum,New Zealand Mudsnail,Y,318_Haubrocketal_GlobalChangeBiology_2022_SuppFig127.jpg,1,0.583333333
Invasion impacts and dynamics of a European-wide introduced species,(Haubrock et al. 2022),GLOBAL CHANGE BIOLOGY,Web of Science,Y,N,Spain,Y,N,yearly,Freshwater,Europe,Animalia,Gastropoda,Potamopyrgus antipodarum,New Zealand Mudsnail,Y,319_Haubrocketal_GlobalChangeBiology_2022_SuppFig128.jpg,1,0.583333333
Invasion impacts and dynamics of a European-wide introduced species,(Haubrock et al. 2022),GLOBAL CHANGE BIOLOGY,Web of Science,Y,N,Spain,Y,N,yearly,Freshwater,Europe,Animalia,Gastropoda,Potamopyrgus antipodarum,New Zealand Mudsnail,Y,320_Haubrocketal_GlobalChangeBiology_2022_SuppFig129.jpg,1,0.583333333
Invasion impacts and dynamics of a European-wide introduced species,(Haubrock et al. 2022),GLOBAL CHANGE BIOLOGY,Web of Science,Y,N,Denmark,Y,N,yearly,Freshwater,Europe,Animalia,Gastropoda,Potamopyrgus antipodarum,New Zealand Mudsnail,Y,321_Haubrocketal_GlobalChangeBiology_2022_SuppFig130.jpg,1,0.583333333
Invasion impacts and dynamics of a European-wide introduced species,(Haubrock et al. 2022),GLOBAL CHANGE BIOLOGY,Web of Science,Y,N,Denmark,Y,N,yearly,Freshwater,Europe,Animalia,Gastropoda,Potamopyrgus antipodarum,New Zealand Mudsnail,Y,322_Haubrocketal_GlobalChangeBiology_2022_SuppFig131.jpg,1,0.583333333
Invasion impacts and dynamics of a European-wide introduced species,(Haubrock et al. 2022),GLOBAL CHANGE BIOLOGY,Web of Science,Y,N,Denmark,Y,N,yearly,Freshwater,Europe,Animalia,Gastropoda,Potamopyrgus antipodarum,New Zealand Mudsnail,Y,323_Haubrocketal_GlobalChangeBiology_2022_SuppFig132.jpg,1,0.583333333
Invasion impacts and dynamics of a European-wide introduced species,(Haubrock et al. 2022),GLOBAL CHANGE BIOLOGY,Web of Science,Y,N,Denmark,Y,N,yearly,Freshwater,Europe,Animalia,Gastropoda,Potamopyrgus antipodarum,New Zealand Mudsnail,Y,324_Haubrocketal_GlobalChangeBiology_2022_SuppFig133.jpg,1,0.583333333
Invasion impacts and dynamics of a European-wide introduced species,(Haubrock et al. 2022),GLOBAL CHANGE BIOLOGY,Web of Science,Y,N,France,Y,N,yearly,Freshwater,Europe,Animalia,Gastropoda,Potamopyrgus antipodarum,New Zealand Mudsnail,Y,325_Haubrocketal_GlobalChangeBiology_2022_SuppFig134.jpg,1,0.583333333
Invasion impacts and dynamics of a European-wide introduced species,(Haubrock et al. 2022),GLOBAL CHANGE BIOLOGY,Web of Science,Y,N,Denmark,Y,N,yearly,Freshwater,Europe,Animalia,Gastropoda,Potamopyrgus antipodarum,New Zealand Mudsnail,Y,326_Haubrocketal_GlobalChangeBiology_2022_SuppFig135.jpg,1,0.583333333
Invasion impacts and dynamics of a European-wide introduced species,(Haubrock et al. 2022),GLOBAL CHANGE BIOLOGY,Web of Science,Y,N,France,Y,N,yearly,Freshwater,Europe,Animalia,Gastropoda,Potamopyrgus antipodarum,New Zealand Mudsnail,Y,327_Haubrocketal_GlobalChangeBiology_2022_SuppFig136.jpg,1,0.583333333
Invasion impacts and dynamics of a European-wide introduced species,(Haubrock et al. 2022),GLOBAL CHANGE BIOLOGY,Web of Science,Y,N,France,Y,N,yearly,Freshwater,Europe,Animalia,Gastropoda,Potamopyrgus antipodarum,New Zealand Mudsnail,Y,328_Haubrocketal_GlobalChangeBiology_2022_SuppFig137.jpg,1,0.583333333
Invasion impacts and dynamics of a European-wide introduced species,(Haubrock et al. 2022),GLOBAL CHANGE BIOLOGY,Web of Science,Y,N,France,Y,N,yearly,Freshwater,Europe,Animalia,Gastropoda,Potamopyrgus antipodarum,New Zealand Mudsnail,Y,329_Haubrocketal_GlobalChangeBiology_2022_SuppFig138.jpg,1,0.583333333
Invasion impacts and dynamics of a European-wide introduced species,(Haubrock et al. 2022),GLOBAL CHANGE BIOLOGY,Web of Science,Y,N,Spain,Y,N,yearly,Freshwater,Europe,Animalia,Gastropoda,Potamopyrgus antipodarum,New Zealand Mudsnail,Y,330_Haubrocketal_GlobalChangeBiology_2022_SuppFig139.jpg,1,0.583333333
Invasion impacts and dynamics of a European-wide introduced species,(Haubrock et al. 2022),GLOBAL CHANGE BIOLOGY,Web of Science,Y,N,Spain,Y,N,yearly,Freshwater,Europe,Animalia,Gastropoda,Potamopyrgus antipodarum,New Zealand Mudsnail,Y,331_Haubrocketal_GlobalChangeBiology_2022_SuppFig140.jpg,1,0.583333333
Invasion impacts and dynamics of a European-wide introduced species,(Haubrock et al. 2022),GLOBAL CHANGE BIOLOGY,Web of Science,Y,N,Denmark,Y,N,yearly,Freshwater,Europe,Animalia,Gastropoda,Potamopyrgus antipodarum,New Zealand Mudsnail,Y,332_Haubrocketal_GlobalChangeBiology_2022_SuppFig141.jpg,1,0.583333333
Invasion impacts and dynamics of a European-wide introduced species,(Haubrock et al. 2022),GLOBAL CHANGE BIOLOGY,Web of Science,Y,N,Denmark,Y,N,yearly,Freshwater,Europe,Animalia,Gastropoda,Potamopyrgus antipodarum,New Zealand Mudsnail,Y,333_Haubrocketal_GlobalChangeBiology_2022_SuppFig142.jpg,1,0.583333333
Invasion impacts and dynamics of a European-wide introduced species,(Haubrock et al. 2022),GLOBAL CHANGE BIOLOGY,Web of Science,Y,N,Denmark,Y,N,yearly,Freshwater,Europe,Animalia,Gastropoda,Potamopyrgus antipodarum,New Zealand Mudsnail,Y,334_Haubrocketal_GlobalChangeBiology_2022_SuppFig143.jpg,1,0.583333333
Amplification and transport of an endemic fish disease by an introduced species,(Hershberger et al. 2010),Biological Invasions,Strayer SI,Y,N,,Y,N,yearly,Freshwater,North America,Animalia,Actinopterygii,Alosa sapidissima,American shad,Y,006_Hershbergeretal_BiologicalInvasions_2010_Fig1.jpg,1,13
Fish and Fish-eating birds at the Salton Sea: a century of boom and bust,(Hurlbert et al. 2007),Lake and reservoir management,Strayer SI,Y,N,,Y,N,yearly,Freshwater,North America,Animalia,Actinopterygii,Oreochromis mossambicus,Tilapia,Table,176_Hurlbertetal_LakeandReservoirManagement_Table1-tilapia,1,11
Fish and Fish-eating birds at the Salton Sea: a century of boom and bust,(Hurlbert et al. 2007),Lake and reservoir management,Strayer SI,Y,N,,Y,N,yearly,Freshwater,North America,Animalia,Actinopterygii,Cynoscion xanthulus,Corvina,Table,177_Hurlbertetal_LakeandReservoirManagement_Table1-corvina,1,19.077
Fish and Fish-eating birds at the Salton Sea: a century of boom and bust,(Hurlbert et al. 2007),Lake and reservoir management,Strayer SI,Y,N,,Y,N,yearly,Freshwater,North America,Animalia,Actinopterygii,Anisostremus davidsonii,Sargo,Table,178_Hurlbertetal_LakeandReservoirManagement_Table1-sargo,1,8
Fish and Fish-eating birds at the Salton Sea: a century of boom and bust,(Hurlbert et al. 2007),Lake and reservoir management,Strayer SI,Y,N,,Y,N,yearly,Freshwater,North America,Animalia,Actinopterygii,Bairdiella icistia,Bairdeilla,Table,179_Hurlbertetal_LakeandReservoirManagement_Table1-bairdella,1,19.077
Boom-bust like dynamics of invasive black bullhead (Ameiurus melas) in Lake Sava (Serbia),(Jakimovic et al. 2019),FISHERIES MANAGEMENT AND ECOLOGY,Web of Science,Y,N,,Y,N,monthly,Freshwater,Europe,Animalia,Actinopterygii,Ameiurus melas,,Y,132_Jacimovicetal_FisheriesManagement_2019_Fig2.jpg,1,10
Dynamics of an introduced population of mouflon Ovis aries on the sub-antartic archipelago of Kerguelen,(Kaeuffer et al. 2009),Ecography,Strayer SI,Y,N,,Y,N,yearly,Terrestrial,North America,Animalia,Mammalia,Ovis aries,,Y,018_Kaeufferetal_Ecography_2010_Fig1.jpg,1,22.8
Large-scale species invasion into a low-diversity system: spatial and temporal distribution of the invasive polychaetes Marenzelleria spp. in the Baltic Sea,(Kauppi et al. 2015),Biological Invasions,Strayer SI,Y,N,XLIV-Tvarminne-Storfjarden,Y,N,yearly,Marine,Europe,Animalia,Crustacea,Monoporeia affinis,,Y,133_Kauppietal_BiologicalInvasions_2015_Fig3A.jpg,1,3
Large-scale species invasion into a low-diversity system: spatial and temporal distribution of the invasive polychaetes Marenzelleria spp. in the Baltic Sea,(Kauppi et al. 2015),Biological Invasions,Strayer SI,Y,N,XLIV-Tvarminne-Storfjarden,Y,N,yearly,Marine,Europe,Animalia,Bivalvia,Macoma balthica,,Y,133_Kauppietal_BiologicalInvasions_2015_Fig3A.jpg,2,12
Large-scale species invasion into a low-diversity system: spatial and temporal distribution of the invasive polychaetes Marenzelleria spp. in the Baltic Sea,(Kauppi et al. 2015),Biological Invasions,Strayer SI,Y,N,XLIV-Tvarminne-Storfjarden,Y,N,yearly,Marine,Europe,Animalia,Annelida,Marenzelleria spp.,,Y,133_Kauppietal_BiologicalInvasions_2015_Fig3A.jpg,3,3
Large-scale species invasion into a low-diversity system: spatial and temporal distribution of the invasive polychaetes Marenzelleria spp. in the Baltic Sea,(Kauppi et al. 2015),Biological Invasions,Strayer SI,Y,N,XXVI Tva ̈rminne La ̊ngholmsbranten,Y,N,yearly,Marine,Europe,Animalia,Crustacea,Monoporeia affinis,,Y,134_Kauppietal_BiologicalInvasions_2015_Fig3B.jpg,1,3
Large-scale species invasion into a low-diversity system: spatial and temporal distribution of the invasive polychaetes Marenzelleria spp. in the Baltic Sea,(Kauppi et al. 2015),Biological Invasions,Strayer SI,Y,N,XXVI Tva ̈rminne La ̊ngholmsbranten,Y,N,yearly,Marine,Europe,Animalia,Bivalvia,Macoma balthica,,Y,134_Kauppietal_BiologicalInvasions_2015_Fig3B.jpg,2,12
Large-scale species invasion into a low-diversity system: spatial and temporal distribution of the invasive polychaetes Marenzelleria spp. in the Baltic Sea,(Kauppi et al. 2015),Biological Invasions,Strayer SI,Y,N,XXVI Tva ̈rminne La ̊ngholmsbranten,Y,N,yearly,Marine,Europe,Animalia,Annelida,Marenzelleria spp.,,Y,134_Kauppietal_BiologicalInvasions_2015_Fig3B.jpg,3,3
Large-scale species invasion into a low-diversity system: spatial and temporal distribution of the invasive polychaetes Marenzelleria spp. in the Baltic Sea,(Kauppi et al. 2015),Biological Invasions,Strayer SI,Y,N,XXVI Tva ̈rminne La ̊ngholmsbranten,Y,N,yearly,Marine,Europe,Animalia,Annelida,Bylgides sarsi,,Y,134_Kauppietal_BiologicalInvasions_2015_Fig3B.jpg,4,6.333333333
Large-scale species invasion into a low-diversity system: spatial and temporal distribution of the invasive polychaetes Marenzelleria spp. in the Baltic Sea,(Kauppi et al. 2015),Biological Invasions,Strayer SI,Y,N,XXVI Tva ̈rminne La ̊ngholmsbranten,Y,N,yearly,Marine,Europe,Animalia,Gastropoda,Hydrobia spp.,,Y,134_Kauppietal_BiologicalInvasions_2015_Fig3B.jpg,5,1.25
Large-scale species invasion into a low-diversity system: spatial and temporal distribution of the invasive polychaetes Marenzelleria spp. in the Baltic Sea,(Kauppi et al. 2015),Biological Invasions,Strayer SI,Y,N,XXVI Tva ̈rminne La ̊ngholmsbranten,Y,N,yearly,Marine,Europe,Animalia,Gastropoda,Potamopyrgus antipodarum,New Zealand Mudsnail,Y,134_Kauppietal_BiologicalInvasions_2015_Fig3B.jpg,6,0.583333333
"Trends in Rainbow Trout Recruitment, Abundance, Survival, and Growth during a Boom-and-Bust Cycle in a Tailwater Fishery",(Korman et al. 2017),TRANSACTIONS OF THE AMERICAN FISHERIES SOCIETY,Web of Science,Y,N,,Y,N,yearly,Freshwater,North America,Animalia,Actinopterygii,Oncorhynchus mykiss,,Y,046_Kormanetal_TransactionsoftheAmericanFisheriesSociety_2017_Fig2.jpg,1,11
Evidence of a sharper decrease in a non-indigenous mussel Mytilus galloprovincialis than in indigenous bivalves from 1978 to 2006 on Japanese rocky shores,(Kurihara et al. 2010),Biological Invasions,Strayer SI,Y,N,Shore 2,Y,N,yearly,Marine,Asia,Animalia,Bivalvia,Mytilus galloprovincialis,,Table_Supplemental,180_Kuriharaetal_BiologicalInvasions_2010-SuppTable,1,20
Evidence of a sharper decrease in a non-indigenous mussel Mytilus galloprovincialis than in indigenous bivalves from 1978 to 2006 on Japanese rocky shores,(Kurihara et al. 2010),Biological Invasions,Strayer SI,Y,N,Shore 3,Y,N,yearly,Marine,Asia,Animalia,Bivalvia,Mytilus galloprovincialis,,Table_Supplemental,180_Kuriharaetal_BiologicalInvasions_2010-SuppTable,2,20
Evidence of a sharper decrease in a non-indigenous mussel Mytilus galloprovincialis than in indigenous bivalves from 1978 to 2006 on Japanese rocky shores,(Kurihara et al. 2010),Biological Invasions,Strayer SI,Y,N,Shore 4,Y,N,yearly,Marine,Asia,Animalia,Bivalvia,Mytilus galloprovincialis,,Table_Supplemental,180_Kuriharaetal_BiologicalInvasions_2010-SuppTable,3,20
Evidence of a sharper decrease in a non-indigenous mussel Mytilus galloprovincialis than in indigenous bivalves from 1978 to 2006 on Japanese rocky shores,(Kurihara et al. 2010),Biological Invasions,Strayer SI,Y,N,Shore 6,Y,N,yearly,Marine,Asia,Animalia,Bivalvia,Mytilus galloprovincialis,,Table_Supplemental,180_Kuriharaetal_BiologicalInvasions_2010-SuppTable,4,20
Evidence of a sharper decrease in a non-indigenous mussel Mytilus galloprovincialis than in indigenous bivalves from 1978 to 2006 on Japanese rocky shores,(Kurihara et al. 2010),Biological Invasions,Strayer SI,Y,N,Shore 8,Y,N,yearly,Marine,Asia,Animalia,Bivalvia,Mytilus galloprovincialis,,Table_Supplemental,180_Kuriharaetal_BiologicalInvasions_2010-SuppTable,5,20
Evidence of a sharper decrease in a non-indigenous mussel Mytilus galloprovincialis than in indigenous bivalves from 1978 to 2006 on Japanese rocky shores,(Kurihara et al. 2010),Biological Invasions,Strayer SI,Y,N,Shore 13,Y,N,yearly,Marine,Asia,Animalia,Bivalvia,Mytilus galloprovincialis,,Table_Supplemental,180_Kuriharaetal_BiologicalInvasions_2010-SuppTable,6,20
Evidence of a sharper decrease in a non-indigenous mussel Mytilus galloprovincialis than in indigenous bivalves from 1978 to 2006 on Japanese rocky shores,(Kurihara et al. 2010),Biological Invasions,Strayer SI,Y,N,Shore 15,Y,N,yearly,Marine,Asia,Animalia,Bivalvia,Mytilus galloprovincialis,,Table_Supplemental,180_Kuriharaetal_BiologicalInvasions_2010-SuppTable,7,20
Evidence of a sharper decrease in a non-indigenous mussel Mytilus galloprovincialis than in indigenous bivalves from 1978 to 2006 on Japanese rocky shores,(Kurihara et al. 2010),Biological Invasions,Strayer SI,Y,N,Shore 16,Y,N,yearly,Marine,Asia,Animalia,Bivalvia,Mytilus galloprovincialis,,Table_Supplemental,180_Kuriharaetal_BiologicalInvasions_2010-SuppTable,8,20
Evidence of a sharper decrease in a non-indigenous mussel Mytilus galloprovincialis than in indigenous bivalves from 1978 to 2006 on Japanese rocky shores,(Kurihara et al. 2010),Biological Invasions,Strayer SI,Y,N,Shore 17,Y,N,yearly,Marine,Asia,Animalia,Bivalvia,Mytilus galloprovincialis,,Table_Supplemental,180_Kuriharaetal_BiologicalInvasions_2010-SuppTable,9,20
Evidence of a sharper decrease in a non-indigenous mussel Mytilus galloprovincialis than in indigenous bivalves from 1978 to 2006 on Japanese rocky shores,(Kurihara et al. 2010),Biological Invasions,Strayer SI,Y,N,Average,Y,N,yearly,Marine,Asia,Animalia,Bivalvia,Mytilus galloprovincialis,,Table_Supplemental,180_Kuriharaetal_BiologicalInvasions_2010-SuppTable,10,20
Invasion dynamics of Ponto-Caspian amphipods leads to changes in invertebrate community structure and function,(Mathers et al. 2023),Freshwater Ecology,Web of Science,Y,N,,Y,N,yearly,Freshwater,Europe,Animalia,Crustacea,Dikerogammarus haemobaphes,,Y,140_Mathersetal_FreshwaterEcology_2023_Fig1a.jpg,1,0.666666667
Invasion dynamics of Ponto-Caspian amphipods leads to changes in invertebrate community structure and function,(Mathers et al. 2023),Freshwater Ecology,Web of Science,Y,N,,Y,N,yearly,Freshwater,Europe,Animalia,Crustacea,Dikerogammarus villosus,,Y,141_Mathersetal_FreshwaterEcology_2023_Fig1b.jpg,1,0.666666667
Habitat explains patterns of population decline for an invasive crayfish,(Larson et al. 2019),Ecology,Web of Science,Y,N,Big Lake,Y,N,yearly,Freshwater,North America,Animalia,Crustacea,Faxonius rusticus,,Y,366_Larsonetal_Ecology_2019_Big,1,3
Habitat explains patterns of population decline for an invasive crayfish,(Larson et al. 2019),Ecology,Web of Science,Y,N,Birch Lake,Y,N,yearly,Freshwater,North America,Animalia,Crustacea,Faxonius rusticus,,Y,366_Larsonetal_Ecology_2019_Birch,1,3
Habitat explains patterns of population decline for an invasive crayfish,(Larson et al. 2019),Ecology,Web of Science,Y,N,Boulder Lake,Y,N,yearly,Freshwater,North America,Animalia,Crustacea,Faxonius rusticus,,Y,366_Larsonetal_Ecology_2019_Boulder,1,3
Habitat explains patterns of population decline for an invasive crayfish,(Larson et al. 2019),Ecology,Web of Science,Y,N,Clear Lake,Y,N,yearly,Freshwater,North America,Animalia,Crustacea,Faxonius rusticus,,Y,366_Larsonetal_Ecology_2019_Clear,1,3
Habitat explains patterns of population decline for an invasive crayfish,(Larson et al. 2019),Ecology,Web of Science,Y,N,High Lake,Y,N,yearly,Freshwater,North America,Animalia,Crustacea,Faxonius rusticus,,Y,365_Larsonetal_Ecology_2019&EcologicalApplication_2023_HighLake,1,3
Habitat explains patterns of population decline for an invasive crayfish,(Larson et al. 2019),Ecology,Web of Science,Y,N,Island Lake,Y,N,yearly,Freshwater,North America,Animalia,Crustacea,Faxonius rusticus,,Y,366_Larsonetal_Ecology_2019_Island,1,3
Habitat explains patterns of population decline for an invasive crayfish,(Larson et al. 2019),Ecology,Web of Science,Y,N,Little John Lake,Y,N,yearly,Freshwater,North America,Animalia,Crustacea,Faxonius rusticus,,Y,365_Larsonetal_Ecology_2019&EcologicalApplication_2023_LittleJohn,1,3
Habitat explains patterns of population decline for an invasive crayfish,(Larson et al. 2019),Ecology,Web of Science,Y,N,Little Star Lake,Y,N,yearly,Freshwater,North America,Animalia,Crustacea,Faxonius rusticus,,Y,365_Larsonetal_Ecology_2019&EcologicalApplication_2023_LittleStar,1,3
Habitat explains patterns of population decline for an invasive crayfish,(Larson et al. 2019),Ecology,Web of Science,Y,N,Papoose Lake,Y,N,yearly,Freshwater,North America,Animalia,Crustacea,Faxonius rusticus,,Y,365_Larsonetal_Ecology_2019&EcologicalApplication_2023_Papoose,1,3
Habitat explains patterns of population decline for an invasive crayfish,(Larson et al. 2019),Ecology,Web of Science,Y,N,Plum Lake,Y,N,yearly,Freshwater,North America,Animalia,Crustacea,Faxonius rusticus,,Y,365_Larsonetal_Ecology_2019&EcologicalApplication_2023_Plum,1,3
Habitat explains patterns of population decline for an invasive crayfish,(Larson et al. 2019),Ecology,Web of Science,Y,N,Presque Isle Lake,Y,N,yearly,Freshwater,North America,Animalia,Crustacea,Faxonius rusticus,,Y,365_Larsonetal_Ecology_2019&EcologicalApplication_2023_PresqueIsle,1,3
Habitat explains patterns of population decline for an invasive crayfish,(Larson et al. 2019),Ecology,Web of Science,Y,N,South Turtle Lake,Y,N,yearly,Freshwater,North America,Animalia,Crustacea,Faxonius rusticus,,Y,366_Larsonetal_Ecology_2019_SouthTurtle,1,3
Habitat explains patterns of population decline for an invasive crayfish,(Larson et al. 2019),Ecology,Web of Science,Y,N,Spider Lake,Y,N,yearly,Freshwater,North America,Animalia,Crustacea,Faxonius rusticus,,Y,364_Larsonetal_EcologicalApplications_2023_Spider,1,3
Habitat explains patterns of population decline for an invasive crayfish,(Larson et al. 2019),Ecology,Web of Science,Y,N,Squirrel Lake,Y,N,yearly,Freshwater,North America,Animalia,Crustacea,Faxonius rusticus,,Y,364_Larsonetal_EcologicalApplications_2023_Squirrel,1,3
Habitat explains patterns of population decline for an invasive crayfish,(Larson et al. 2019),Ecology,Web of Science,Y,N,Trout Lake,Y,N,yearly,Freshwater,North America,Animalia,Crustacea,Faxonius rusticus,,Y,366_Larsonetal_Ecology_2019_Trout,1,3
Habitat explains patterns of population decline for an invasive crayfish,(Larson et al. 2019),Ecology,Web of Science,Y,N,Van Viliet Lake,Y,N,yearly,Freshwater,North America,Animalia,Crustacea,Faxonius rusticus,,Y,366_Larsonetal_Ecology_2019_VanVliet,1,3
Habitat explains patterns of population decline for an invasive crayfish,(Larson et al. 2019),Ecology,Web of Science,Y,N,White Sand Lake,Y,N,yearly,Freshwater,North America,Animalia,Crustacea,Faxonius rusticus,,Y,366_Larsonetal_Ecology_2019_WhiteSand,1,3
Habitat explains patterns of population decline for an invasive crayfish,(Larson et al. 2019),Ecology,Web of Science,Y,N,Wild Rice Lake,Y,N,yearly,Freshwater,North America,Animalia,Crustacea,Faxonius rusticus,,Y,366_Larsonetal_Ecology_2019_WildRice,1,3
The long-term population dynamics of common wasps in their native and invaded range,(Lester et al. 2017),JOURNAL OF ANIMAL ECOLOGY,Web of Science,Y,Y,Pelorus,Y,N,yearly,Terrestrial,Oceania,Animalia,Insecta,Vespula vulgaris,,Y,338_Lesteretal_JournalofAnimalEcology_2017_Fig2B-Pelorus.jpg,1,3
The long-term population dynamics of common wasps in their native and invaded range,(Lester et al. 2017),JOURNAL OF ANIMAL ECOLOGY,Web of Science,Y,Y,Misery,Y,N,yearly,Terrestrial,Oceania,Animalia,Insecta,Vespula vulgaris,,Y,137_Lesteretal_JournalofAnimalEcology_2017_Fig2B-Misery.jpg,1,3
The long-term population dynamics of common wasps in their native and invaded range,(Lester et al. 2017),JOURNAL OF ANIMAL ECOLOGY,Web of Science,Y,N,Rothamsted-Tower,Y,Y,yearly,Terrestrial,Europe,Animalia,Insecta,Vespula vulgaris,,Y,135_Lesteretal_JournalofAnimalEcology_2017_Fig2A-Rothamsted.jpg,1,3
The long-term population dynamics of common wasps in their native and invaded range,(Lester et al. 2017),JOURNAL OF ANIMAL ECOLOGY,Web of Science,Y,N,Leicester,Y,Y,yearly,Terrestrial,Europe,Animalia,Insecta,Vespula vulgaris,,Y,136_Lesteretal_JournalofAnimalEcology_2017_Fig2A-Leicester.jpg,1,3
"Boom means bust: interactions between the El Nino/Southern Oscillation (ENSO), rainfall and the processes threatening mammal species in arid Australia",(Letnic & Dickman 2006),BIODIVERSITY AND CONSERVATION,Web of Science,Y,Y,,Y,Y,bi-yearly,Terrestrial,Oceania,Animalia,Mammalia,Rattus villosissimus,,Y,138_Letnic&Dickman_BiodiversityandConservation_2006_Fig8A.jpg,1,4.425
"Boom means bust: interactions between the El Nino/Southern Oscillation (ENSO), rainfall and the processes threatening mammal species in arid Australia",(Letnic & Dickman 2006),BIODIVERSITY AND CONSERVATION,Web of Science,Y,Y,,Y,Y,bi-yearly,Terrestrial,Oceania,Animalia,Mammalia,Pseudomys hermannsburgensis,,Y,138_Letnic&Dickman_BiodiversityandConservation_2006_Fig8A.jpg,2,6.82
"Boom means bust: interactions between the El Nino/Southern Oscillation (ENSO), rainfall and the processes threatening mammal species in arid Australia",(Letnic & Dickman 2006),BIODIVERSITY AND CONSERVATION,Web of Science,Y,Y,,Y,N,bi-yearly,Terrestrial,Oceania,Animalia,Mammalia,Felis catus,,Y,139_Letnic&Dickman_BiodiversityandConservation_2006_Fig8B.jpg,1,30
"Boom means bust: interactions between the El Nino/Southern Oscillation (ENSO), rainfall and the processes threatening mammal species in arid Australia",(Letnic & Dickman 2006),BIODIVERSITY AND CONSERVATION,Web of Science,Y,Y,,Y,N,bi-yearly,Terrestrial,Oceania,Animalia,Mammalia,Vulpes vulpes,,Y,139_Letnic&Dickman_BiodiversityandConservation_2006_Fig8B.jpg,2,21.3
Persistence of an invasive fish (neogobius melanostomus) in a contaminated ecosystem,(McCallum et al. 2014),Biological Invasions,Strayer SI,Y,N,,Y,N,yearly,Freshwater,North America,Animalia,Actinopterygii,Neogobius melanostomus,,Table,181_McCallumetal_BiologicalInvasions_2014-Table1,1,4
Persistence of an invasive fish (neogobius melanostomus) in a contaminated ecosystem,(McCallum et al. 2014),Biological Invasions,Strayer SI,Y,N,,Y,N,yearly,Freshwater,North America,Animalia,Actinopterygii,Neogobius melanostomus,,Table,181_McCallumetal_BiologicalInvasions_2014-Table1,2,4
Persistence of an invasive fish (neogobius melanostomus) in a contaminated ecosystem,(McCallum et al. 2014),Biological Invasions,Strayer SI,Y,N,,Y,N,yearly,Freshwater,North America,Animalia,Actinopterygii,Neogobius melanostomus,,Table,181_McCallumetal_BiologicalInvasions_2014-Table1,3,4
Persistence of an invasive fish (neogobius melanostomus) in a contaminated ecosystem,(McCallum et al. 2014),Biological Invasions,Strayer SI,Y,N,,Y,N,yearly,Freshwater,North America,Animalia,Actinopterygii,Neogobius melanostomus,,Table,181_McCallumetal_BiologicalInvasions_2014-Table1,4,4
Persistence of an invasive fish (neogobius melanostomus) in a contaminated ecosystem,(McCallum et al. 2014),Biological Invasions,Strayer SI,Y,N,,Y,N,yearly,Freshwater,North America,Animalia,Actinopterygii,Neogobius melanostomus,,Table,181_McCallumetal_BiologicalInvasions_2014-Table1,5,4
Persistence of an invasive fish (neogobius melanostomus) in a contaminated ecosystem,(McCallum et al. 2014),Biological Invasions,Strayer SI,Y,N,,Y,N,yearly,Freshwater,North America,Animalia,Actinopterygii,Neogobius melanostomus,,Table,181_McCallumetal_BiologicalInvasions_2014-Table1,6,4
Persistence of an invasive fish (neogobius melanostomus) in a contaminated ecosystem,(McCallum et al. 2014),Biological Invasions,Strayer SI,Y,N,,Y,N,yearly,Freshwater,North America,Animalia,Actinopterygii,Neogobius melanostomus,,Table,181_McCallumetal_BiologicalInvasions_2014-Table1,7,4
Persistence of an invasive fish (neogobius melanostomus) in a contaminated ecosystem,(McCallum et al. 2014),Biological Invasions,Strayer SI,Y,N,,Y,N,yearly,Freshwater,North America,Animalia,Actinopterygii,Neogobius melanostomus,,Table,181_McCallumetal_BiologicalInvasions_2014-Table1,8,4
Invasion of an asexual American water flea clone throughout Africa and rapid displacement of a sibling species,(Mergeay et al. 2006),Proceedings of Royal Society B,Spear et al bibliography,Y,N,,Y,N,yearly,Freshwater,Africa,Animalia,Crustacea,Daphnia pulex,,Y,142_Mergeayetal_ProceedingsoftheRoyalAcademyofScience_2006_Fig1.jpg,1,0.147945206
Stream community and ecosystem responses to the boom and bust of an invading snail,(Moore et al. 2012),Biological Invasions,Strayer SI,Y,N,Downstream,Y,N,yearly,Freshwater,North America,Animalia,Gastropoda,Potamopyrgus antipodarum,New Zealand Mudsnail,Y,042_Mooreetal_BiologicalInvasions_2012_Fig1A.jpg,1,0.583333333
Stream community and ecosystem responses to the boom and bust of an invading snail,(Moore et al. 2012),Biological Invasions,Strayer SI,Y,N,Upstream,Y,N,yearly,Freshwater,North America,Animalia,Gastropoda,Potamopyrgus antipodarum,New Zealand Mudsnail,Y,042_Mooreetal_BiologicalInvasions_2012_Fig1A.jpg,2,0.583333333
Using long-term datasets to study exotic plant invasions on rangelands in the western United States,(Morris et al. 2013),Journal of Arid Environments,Strayer SI,Y,N,SFER,Y,N,every 5 years,Terrestrial,North America,Plantae,Tracheophyta,Eragrostis lehmanniana,,Y,189_Morrisetal_JournalofAridEnvironments_2013_Fig2percentcover-lehmann-SFER.jpg,1,6
Using long-term datasets to study exotic plant invasions on rangelands in the western United States,(Morris et al. 2013),Journal of Arid Environments,Strayer SI,Y,N,SFER,Y,N,every 5 years,Terrestrial,North America,Plantae,Tracheophyta,Eragrostis lehmanniana,,Y,093_Morrisetal_JournalofAridEnvironments_2013_Fig2Density.jpg,1,6
Using long-term datasets to study exotic plant invasions on rangelands in the western United States,(Morris et al. 2013),Journal of Arid Environments,Strayer SI,Y,N,WGEW,Y,N,every 5 years,Terrestrial,North America,Plantae,Tracheophyta,Eragrostis lehmanniana,,Y,190_Morrisetal_JournalofAridEnvironments_2013_Fig2percentcover-lehmann-WGEW.jpg,1,6
Using long-term datasets to study exotic plant invasions on rangelands in the western United States,(Morris et al. 2013),Journal of Arid Environments,Strayer SI,Y,N,INL,Y,N,every 5 years,Terrestrial,North America,Plantae,Tracheophyta,Bromus tectorum,,Y,101_Morrisetal_JournalofAridEnvironments_2013_Fig6Density-INL.jpg,1,1.022727
Using long-term datasets to study exotic plant invasions on rangelands in the western United States,(Morris et al. 2013),Journal of Arid Environments,Strayer SI,Y,N,DER,Y,N,every 5 years,Terrestrial,North America,Plantae,Tracheophyta,Bromus tectorum,,Y,102_Morrisetal_JournalofAridEnvironments_2013_Fig6Density-DER.jpg,1,1.022727
Using long-term datasets to study exotic plant invasions on rangelands in the western United States,(Morris et al. 2013),Journal of Arid Environments,Strayer SI,Y,N,,Y,N,every 5 years,Terrestrial,North America,Plantae,Tracheophyta,Agropyron cristatum,,Y,097_Morrisetal_JournalofAridEnvironments_2013_Fig4Density.jpg,1,2
Using long-term datasets to study exotic plant invasions on rangelands in the western United States,(Morris et al. 2013),Journal of Arid Environments,Strayer SI,Y,N,,Y,N,every 5 years,Terrestrial,North America,Plantae,Tracheophyta,Agropyron cristatum,,Y,191_Morrisetal_JournalofAridEnvironments_2013_Fig2percentcover-wheatgrass-INL.jpg,1,2
Using long-term datasets to study exotic plant invasions on rangelands in the western United States,(Morris et al. 2013),Journal of Arid Environments,Strayer SI,Y,N,,Y,N,every 5 years,Terrestrial,North America,Plantae,Tracheophyta,Alyssum desertorum,,Y,094_Morrisetal_JournalofAridEnvironments_2013_Fig3Density-dwarfallysum.jpg,1,1
Using long-term datasets to study exotic plant invasions on rangelands in the western United States,(Morris et al. 2013),Journal of Arid Environments,Strayer SI,Y,N,,Y,N,every 5 years,Terrestrial,North America,Plantae,Tracheophyta,Halogeton glomeratus,,Y,096_Morrisetal_JournalofAridEnvironments_2013_Fig3Density-Halogeton.jpg,1,4.666667
Using long-term datasets to study exotic plant invasions on rangelands in the western United States,(Morris et al. 2013),Journal of Arid Environments,Strayer SI,Y,N,DER,Y,N,every 5 years,Terrestrial,North America,Plantae,Tracheophyta,Kali tragus,,Y,098_Morrisetal_JournalofAridEnvironments_2013_Fig5Density-DER.jpg,1,1
Using long-term datasets to study exotic plant invasions on rangelands in the western United States,(Morris et al. 2013),Journal of Arid Environments,Strayer SI,Y,N,INL,Y,N,every 5 years,Terrestrial,North America,Plantae,Tracheophyta,Kali tragus,,Y,099_Morrisetal_JournalofAridEnvironments_2013_Fig5Density-INL.jpg,1,1
Using long-term datasets to study exotic plant invasions on rangelands in the western United States,(Morris et al. 2013),Journal of Arid Environments,Strayer SI,Y,N,JER,Y,N,yearly,Terrestrial,North America,Plantae,Tracheophyta,Kali tragus,,Y,100_Morrisetal_JournalofAridEnvironments_2013_Fig5Density-JER.jpg,1,1
Using long-term datasets to study exotic plant invasions on rangelands in the western United States,(Morris et al. 2013),Journal of Arid Environments,Strayer SI,Y,N,,Y,N,every 5 years,Terrestrial,North America,Plantae,Magnoliopsida,Sisymbrium altissimum,,Y,095_Morrisetal_JournalofAridEnvironments_2013_Fig3Density-tumblemustard.jpg,1,1.08333
Longitudinal and temporal variations of density and size structure of Corbicula fluminea (Bivalvia) population in the Saone and Rhone rivers (France),(Mouthon 2003),Annales de limnologie-international journal of limnology,McDowell and Sousa bibliography,Y,N,Port/Saone-SaoneRiver,Y,N,yearly,Freshwater,North America,Animalia,Bivalvia,Corbicula fluminea,,Y,143_Mouthon_AnnLimnol-IntJlim_2003_Fig3.jpg,1,4
Longitudinal and temporal variations of density and size structure of Corbicula fluminea (Bivalvia) population in the Saone and Rhone rivers (France),(Mouthon 2003),Annales de limnologie-international journal of limnology,McDowell and Sousa bibliography,Y,N,Gray-SaoneRiver,Y,N,yearly,Freshwater,North America,Animalia,Bivalvia,Corbicula fluminea,,Y,143_Mouthon_AnnLimnol-IntJlim_2003_Fig3.jpg,2,4
Longitudinal and temporal variations of density and size structure of Corbicula fluminea (Bivalvia) population in the Saone and Rhone rivers (France),(Mouthon 2003),Annales de limnologie-international journal of limnology,McDowell and Sousa bibliography,Y,N,Pontailler-SaoneRiver,Y,N,yearly,Freshwater,North America,Animalia,Bivalvia,Corbicula fluminea,,Y,143_Mouthon_AnnLimnol-IntJlim_2003_Fig3.jpg,3,4
Longitudinal and temporal variations of density and size structure of Corbicula fluminea (Bivalvia) population in the Saone and Rhone rivers (France),(Mouthon 2003),Annales de limnologie-international journal of limnology,McDowell and Sousa bibliography,Y,N,Alleriot-SaoneRiver,Y,N,yearly,Freshwater,North America,Animalia,Bivalvia,Corbicula fluminea,,Y,143_Mouthon_AnnLimnol-IntJlim_2003_Fig3.jpg,4,4
Longitudinal and temporal variations of density and size structure of Corbicula fluminea (Bivalvia) population in the Saone and Rhone rivers (France),(Mouthon 2003),Annales de limnologie-international journal of limnology,McDowell and Sousa bibliography,Y,N,Ouroux-SaoneRiver,Y,N,yearly,Freshwater,North America,Animalia,Bivalvia,Corbicula fluminea,,Y,143_Mouthon_AnnLimnol-IntJlim_2003_Fig3.jpg,5,4
Longitudinal and temporal variations of density and size structure of Corbicula fluminea (Bivalvia) population in the Saone and Rhone rivers (France),(Mouthon 2003),Annales de limnologie-international journal of limnology,McDowell and Sousa bibliography,Y,N,Lyon-SaoneRiver,Y,N,yearly,Freshwater,North America,Animalia,Bivalvia,Corbicula fluminea,,Y,143_Mouthon_AnnLimnol-IntJlim_2003_Fig3.jpg,6,4
Longitudinal and temporal variations of density and size structure of Corbicula fluminea (Bivalvia) population in the Saone and Rhone rivers (France),(Mouthon 2003),Annales de limnologie-international journal of limnology,McDowell and Sousa bibliography,Y,N,CreysMalville-RhoneRiver,Y,N,yearly,Freshwater,North America,Animalia,Bivalvia,Corbicula fluminea,,Y,144_Mouthon_AnnLimnol-IntJlim_2003_Fig4.jpg,1,4
Longitudinal and temporal variations of density and size structure of Corbicula fluminea (Bivalvia) population in the Saone and Rhone rivers (France),(Mouthon 2003),Annales de limnologie-international journal of limnology,McDowell and Sousa bibliography,Y,N,PontdeJons-RhoneRiver,Y,N,yearly,Freshwater,North America,Animalia,Bivalvia,Corbicula fluminea,,Y,144_Mouthon_AnnLimnol-IntJlim_2003_Fig4.jpg,2,4
Longitudinal and temporal variations of density and size structure of Corbicula fluminea (Bivalvia) population in the Saone and Rhone rivers (France),(Mouthon 2003),Annales de limnologie-international journal of limnology,McDowell and Sousa bibliography,Y,N,Lyon-RhoneRiver,Y,N,yearly,Freshwater,North America,Animalia,Bivalvia,Corbicula fluminea,,Y,144_Mouthon_AnnLimnol-IntJlim_2003_Fig4.jpg,3,4
Longitudinal and temporal variations of density and size structure of Corbicula fluminea (Bivalvia) population in the Saone and Rhone rivers (France),(Mouthon 2003),Annales de limnologie-international journal of limnology,McDowell and Sousa bibliography,Y,N,Vernaison-RhoneRiver,Y,N,yearly,Freshwater,North America,Animalia,Bivalvia,Corbicula fluminea,,Y,144_Mouthon_AnnLimnol-IntJlim_2003_Fig4.jpg,4,4
Longitudinal and temporal variations of density and size structure of Corbicula fluminea (Bivalvia) population in the Saone and Rhone rivers (France),(Mouthon 2003),Annales de limnologie-international journal of limnology,McDowell and Sousa bibliography,Y,N,StAlban-RhoneRiver,Y,N,yearly,Freshwater,North America,Animalia,Bivalvia,Corbicula fluminea,,Y,144_Mouthon_AnnLimnol-IntJlim_2003_Fig4.jpg,5,4
Longitudinal and temporal variations of density and size structure of Corbicula fluminea (Bivalvia) population in the Saone and Rhone rivers (France),(Mouthon 2003),Annales de limnologie-international journal of limnology,McDowell and Sousa bibliography,Y,N,Tourmon-RhoneRiver,Y,N,yearly,Freshwater,North America,Animalia,Bivalvia,Corbicula fluminea,,Y,144_Mouthon_AnnLimnol-IntJlim_2003_Fig4.jpg,6,4
Longitudinal and temporal variations of density and size structure of Corbicula fluminea (Bivalvia) population in the Saone and Rhone rivers (France),(Mouthon 2003),Annales de limnologie-international journal of limnology,McDowell and Sousa bibliography,Y,N,Donzere-RhoneRiver,Y,N,yearly,Freshwater,North America,Animalia,Bivalvia,Corbicula fluminea,,Y,144_Mouthon_AnnLimnol-IntJlim_2003_Fig4.jpg,7,4
Longitudinal and temporal variations of density and size structure of Corbicula fluminea (Bivalvia) population in the Saone and Rhone rivers (France),(Mouthon 2003),Annales de limnologie-international journal of limnology,McDowell and Sousa bibliography,Y,N,Aramon-RhoneRiver,Y,N,yearly,Freshwater,North America,Animalia,Bivalvia,Corbicula fluminea,,Y,144_Mouthon_AnnLimnol-IntJlim_2003_Fig4.jpg,8,4
Native European eels as a potential biological control for invasive crayfish,(Musseau et al. 2015),Freshwater Biology,Strayer SI,Y,N,,Y,N,yearly,Freshwater,Europe,Animalia,Crustacea,Procambarus clarkii,,Y,145_Musseauetal_FreshwaterBiology_2014_Fig2.jpg,1,4
A Decline of Eurasion Watermilfoil in Minnesota Associated with the Milfoil Weevil Euhrychiopsis lecontei,(Newman & Biesboer 2000),J Aquatic Plant Management,Strayer SI,Y,N,,Y,N,bi-yearly,Freshwater,North America,Plantae,Tracheophyta,Myriophyllum spicatum,,Y,163_Newman&Biesboer_JAquaticPlantManagement_2000_Fig1.jpg,1,2.5
Changes in richness and abundance of rodents and native predators in response to extreme rainfall in arid Australia,(Pavey et al. 2017),AUSTRAL ECOLOGY,Web of Science,Y,Y,gibber/cracking day,Y,N,tri-yearly,Terrestrial,Oceania,Animalia,Mammalia,Pseudomys hermannsburgensis,,Y,146_Paveyetal_AustralEcology_2013_Fig3A.jpg,1,6.82
Changes in richness and abundance of rodents and native predators in response to extreme rainfall in arid Australia,(Pavey et al. 2017),AUSTRAL ECOLOGY,Web of Science,Y,Y,sand plain/ridge,Y,N,tri-yearly,Terrestrial,Oceania,Animalia,Mammalia,Pseudomys hermannsburgensis,,Y,146_Paveyetal_AustralEcology_2013_Fig3A.jpg,2,6.82
Changes in richness and abundance of rodents and native predators in response to extreme rainfall in arid Australia,(Pavey et al. 2017),AUSTRAL ECOLOGY,Web of Science,Y,Y,swamp,Y,N,tri-yearly,Terrestrial,Oceania,Animalia,Mammalia,Pseudomys hermannsburgensis,,Y,146_Paveyetal_AustralEcology_2013_Fig3A.jpg,3,6.82
Changes in richness and abundance of rodents and native predators in response to extreme rainfall in arid Australia,(Pavey et al. 2017),AUSTRAL ECOLOGY,Web of Science,Y,Y,gibber/cracking day,Y,N,tri-yearly,Terrestrial,Oceania,Animalia,Mammalia,Pseudomys austalis,,Y,147_Paveyetal_AustralEcology_2013_Fig3B.jpg,1,7.9
Changes in richness and abundance of rodents and native predators in response to extreme rainfall in arid Australia,(Pavey et al. 2017),AUSTRAL ECOLOGY,Web of Science,Y,Y,sand plain/ridge,Y,N,tri-yearly,Terrestrial,Oceania,Animalia,Mammalia,Pseudomys austalis,,Y,147_Paveyetal_AustralEcology_2013_Fig3B.jpg,2,7.9
Changes in richness and abundance of rodents and native predators in response to extreme rainfall in arid Australia,(Pavey et al. 2017),AUSTRAL ECOLOGY,Web of Science,Y,Y,swamp,Y,N,tri-yearly,Terrestrial,Oceania,Animalia,Mammalia,Pseudomys austalis,,Y,147_Paveyetal_AustralEcology_2013_Fig3B.jpg,3,7.9
Changes in richness and abundance of rodents and native predators in response to extreme rainfall in arid Australia,(Pavey et al. 2017),AUSTRAL ECOLOGY,Web of Science,Y,Y,gibber/cracking day,Y,N,tri-yearly,Terrestrial,Oceania,Animalia,Mammalia,Notomys alexis,,Y,148_Paveyetal_AustralEcology_2013_Fig3C.jpg,1,5.8
Changes in richness and abundance of rodents and native predators in response to extreme rainfall in arid Australia,(Pavey et al. 2017),AUSTRAL ECOLOGY,Web of Science,Y,Y,sand plain/ridge,Y,N,tri-yearly,Terrestrial,Oceania,Animalia,Mammalia,Notomys alexis,,Y,148_Paveyetal_AustralEcology_2013_Fig3C.jpg,2,5.8
Changes in richness and abundance of rodents and native predators in response to extreme rainfall in arid Australia,(Pavey et al. 2017),AUSTRAL ECOLOGY,Web of Science,Y,Y,swamp,Y,N,tri-yearly,Terrestrial,Oceania,Animalia,Mammalia,Notomys alexis,,Y,148_Paveyetal_AustralEcology_2013_Fig3C.jpg,3,5.8
Changes in richness and abundance of rodents and native predators in response to extreme rainfall in arid Australia,(Pavey et al. 2017),AUSTRAL ECOLOGY,Web of Science,Y,Y,gibber/cracking day,Y,N,tri-yearly,Terrestrial,Oceania,Animalia,Mammalia,Rattus villosissimus,,Y,149_Paveyetal_AustralEcology_2013_Fig3D.jpg,1,4.425
Changes in richness and abundance of rodents and native predators in response to extreme rainfall in arid Australia,(Pavey et al. 2017),AUSTRAL ECOLOGY,Web of Science,Y,Y,sand plain/ridge,Y,N,tri-yearly,Terrestrial,Oceania,Animalia,Mammalia,Rattus villosissimus,,Y,149_Paveyetal_AustralEcology_2013_Fig3D.jpg,2,4.425
Changes in richness and abundance of rodents and native predators in response to extreme rainfall in arid Australia,(Pavey et al. 2017),AUSTRAL ECOLOGY,Web of Science,Y,Y,swamp,Y,N,tri-yearly,Terrestrial,Oceania,Animalia,Mammalia,Rattus villosissimus,,Y,149_Paveyetal_AustralEcology_2013_Fig3D.jpg,3,4.425
Changes in richness and abundance of rodents and native predators in response to extreme rainfall in arid Australia,(Pavey et al. 2017),AUSTRAL ECOLOGY,Web of Science,Y,Y,gibber/cracking day,Y,N,tri-yearly,Terrestrial,Oceania,Animalia,Mammalia,Mus musculus,,Y,150_Paveyetal_AustralEcology_2013_Fig3E.jpg,1,5
Changes in richness and abundance of rodents and native predators in response to extreme rainfall in arid Australia,(Pavey et al. 2017),AUSTRAL ECOLOGY,Web of Science,Y,Y,sand plain/ridge,Y,N,tri-yearly,Terrestrial,Oceania,Animalia,Mammalia,Mus musculus,,Y,150_Paveyetal_AustralEcology_2013_Fig3E.jpg,2,5
Changes in richness and abundance of rodents and native predators in response to extreme rainfall in arid Australia,(Pavey et al. 2017),AUSTRAL ECOLOGY,Web of Science,Y,Y,swamp,Y,N,tri-yearly,Terrestrial,Oceania,Animalia,Mammalia,Mus musculus,,Y,150_Paveyetal_AustralEcology_2013_Fig3E.jpg,3,5
The commercial coregonid fishery in northernmost Finland - a review,(Salonen & Mutenia 2004),Annales Zoologici Fennici,Web of Science,Y,N,Total (Need Vendace),Y,N,yearly,Terrestrial,Europe,Animalia,Actinopterygii,Coregonus albula,,Y,045_Salonen&Mutenia_AnnZoolFennici_2004_Fig2.jpg,1,10
The commercial coregonid fishery in northernmost Finland - a review,(Salonen & Mutenia 2004),Annales Zoologici Fennici,Web of Science,Y,N,Whitefish,Y,N,yearly,Terrestrial,Europe,Animalia,Actinopterygii,Coregonus lavaretus,,Y,045_Salonen&Mutenia_AnnZoolFennici_2004_Fig2.jpg,2,16.308
The commercial coregonid fishery in northernmost Finland - a review,(Salonen & Mutenia 2004),Annales Zoologici Fennici,Web of Science,Y,N,,Y,N,yearly,Terrestrial,Europe,Animalia,Actinopterygii,Coregonus albula,,Y,152_Salonen&Muteniaetal_AnnZoolFennici_2004_Fig6.jpg,1,10
The commercial coregonid fishery in northernmost Finland - a review,(Salonen & Mutenia 2004),Annales Zoologici Fennici,Web of Science,Y,N,total,Y,N,yearly,Terrestrial,Europe,Animalia,Actinopterygii,Coregonus albula,,Y,153_Salonen&Muteniaetal_AnnZoolFennici_2004_Fig7.jpg,1,10
The commercial coregonid fishery in northernmost Finland - a review,(Salonen & Mutenia 2004),Annales Zoologici Fennici,Web of Science,Y,N,gillnet,Y,N,yearly,Terrestrial,Europe,Animalia,Actinopterygii,Coregonus albula,,Y,153_Salonen&Muteniaetal_AnnZoolFennici_2004_Fig7.jpg,2,10
The commercial coregonid fishery in northernmost Finland - a review,(Salonen & Mutenia 2004),Annales Zoologici Fennici,Web of Science,Y,N,trap net,Y,N,yearly,Terrestrial,Europe,Animalia,Actinopterygii,Coregonus albula,,Y,153_Salonen&Muteniaetal_AnnZoolFennici_2004_Fig7.jpg,3,10
The commercial coregonid fishery in northernmost Finland - a review,(Salonen & Mutenia 2004),Annales Zoologici Fennici,Web of Science,Y,N,trawl,Y,N,yearly,Terrestrial,Europe,Animalia,Actinopterygii,Coregonus albula,,Y,153_Salonen&Muteniaetal_AnnZoolFennici_2004_Fig7.jpg,4,10
"Contrasting Population and Life History Responses of a Young Morph-Pair of European Whitefish to the Invsion of a Specialised Coregonid Competitor, Vendace",(Sandlund et al. 2013),Plos One,Strayer SI,Y,N,,Y,N,yearly,Freshwater,Europe,Animalia,Actinopterygii,Coregonus albula,,Y,015_Sandlundetal_PLoSONE_2013_Fig2A.jpg,1,10
Population collapses in introduced non-indigenous crayfish,(Sandstrom et al. 2014),Biological Invasions,Strayer SI,Y,N,Lake Immeln,Y,N,yearly,Freshwater,Europe,Animalia,Crustacea,Pacifastacus leniusculus,,Y,001_Sandstrometal_BiologicalInvasions_2014_Fig2A.jpg,1,12.8
Population collapses in introduced non-indigenous crayfish,(Sandstrom et al. 2014),Biological Invasions,Strayer SI,Y,N,Lake Asunden,Y,N,yearly,Freshwater,Europe,Animalia,Crustacea,Pacifastacus leniusculus,,Y,002_Sandstrometal_BiologicalInvasions_2014_Fig2B.jpg,1,12.8
Population collapses in introduced non-indigenous crayfish,(Sandstrom et al. 2014),Biological Invasions,Strayer SI,Y,N,Lake Hovern,Y,N,yearly,Freshwater,Europe,Animalia,Crustacea,Pacifastacus leniusculus,,Y,003_Sandstrometal_BiologicalInvasions_2014_Fig2C.jpg,1,12.8
Population collapses in introduced non-indigenous crayfish,(Sandstrom et al. 2014),Biological Invasions,Strayer SI,Y,N,Lake Erken,Y,N,yearly,Freshwater,Europe,Animalia,Crustacea,Pacifastacus leniusculus,,Y,004_Sandstrometal_BiologicalInvasions_2014_Fig2D.jpg,1,12.8
Population crash in an invasive species following the recovery of a native predator: the case of the American grey squirrel and the European pine marten in Ireland,(Sheehy & Lawton 2014),Biodiversity Conservation,Strayer SI,Y,N,Grey,Y,N,every 2 months,Terrestrial,Europe,Animalia,Mammalia,Sciurus carolinensis,,Y,154_Sheehy&Lawton_BiodiversityConservation_2014_Fig7.jpg,1,23.6
Population crash in an invasive species following the recovery of a native predator: the case of the American grey squirrel and the European pine marten in Ireland,(Sheehy & Lawton 2014),Biodiversity Conservation,Strayer SI,Y,N,Red,Y,N,every 2 months,Terrestrial,Europe,Animalia,Mammalia,Sciurus carolinensis,,Y,154_Sheehy&Lawton_BiodiversityConservation_2014_Fig7.jpg,2,23.6
Population crash in an invasive species following the recovery of a native predator: the case of the American grey squirrel and the European pine marten in Ireland,(Sheehy & Lawton 2014),Biodiversity Conservation,Strayer SI,Y,N,,Y,N,every 2 months,Terrestrial,Europe,Animalia,Mammalia,Sciurus carolinensis,,Y,155_Sheehy&Lawton_BiodiversityConservation_2014_Fig8.jpg,1,23.6
Long-term demography of a zebra mussel (Dreissena polymorpha) populations,(Strayer & Malcom 2006),Freshwater Biology,McDowell and Sousa bibliography,Y,N,,Y,N,yearly,Freshwater,North America,Animalia,Bivalvia,Dreissena polymorpha,zebra mussel,Y,038_Strayer&Malcom_FreshwaterBiology_2006_Fig2.jpg,1,9
"Invasive invertebrate predator, Bythotrephes longimanus, reverses trophic cascade in a north-temperate lake",(Walsh et al. 2017),Limnology and Oceanography,Spear et al bibliography,Y,N,,Y,N,yearly,,,,,TOTAL,TOTAL,Y,156_Walshetal_Ecosphere_2017_Fig2.jpg,1,11
"Invasive invertebrate predator, Bythotrephes longimanus, reverses trophic cascade in a north-temperate lake",(Walsh et al. 2017),Limnology and Oceanography,Spear et al bibliography,Y,N,,Y,Y,yearly,Freshwater,North America,Animalia,Actinopterygii,Coregonus artedi,Cisco,Y,156_Walshetal_Ecosphere_2017_Fig2.jpg,2,11
"Invasive invertebrate predator, Bythotrephes longimanus, reverses trophic cascade in a north-temperate lake",(Walsh et al. 2017),Limnology and Oceanography,Spear et al bibliography,Y,N,,Y,Y,yearly,Freshwater,North America,Animalia,Actinopterygii,Perca flavescens,yellow perch,Y,156_Walshetal_Ecosphere_2017_Fig2.jpg,3,12
"Invasive invertebrate predator, Bythotrephes longimanus, reverses trophic cascade in a north-temperate lake",(Walsh et al. 2017),Limnology and Oceanography,Spear et al bibliography,Y,N,,Y,Y,yearly,Freshwater,North America,Animalia,Actinopterygii,Morone chrysops,White Bass,Y,156_Walshetal_Ecosphere_2017_Fig2.jpg,4,9
"Invasive invertebrate predator, Bythotrephes longimanus, reverses trophic cascade in a north-temperate lake",(Walsh et al. 2017),Limnology and Oceanography,Spear et al bibliography,Y,N,,Y,N,yearly,Freshwater,North America,Animalia,Crustacea,Bythotrephes longimanus,,Y,156_Walshetal_Ecosphere_2017_Fig2.jpg,5,0.082191781
"Invasive invertebrate predator, Bythotrephes longimanus, reverses trophic cascade in a north-temperate lake",(Walsh et al. 2017),Limnology and Oceanography,Spear et al bibliography,Y,N,,Y,Y,yearly,Freshwater,North America,Animalia,Crustacea,Leptodora kindtii,,Y,156_Walshetal_Ecosphere_2017_Fig2.jpg,6,0.082191781
Outbreak of an undetected invasive species triggererd by climate anomaly,(Walsh et al. 2016),Limnology and Oceanography,Spear et al bibliography,Y,N,,Y,N,yearly,Freshwater,North America,Animalia,Crustacea,Bythotrephes longimanus,,N,,,0.082191781
Multiple factors contribute to the spatially variable and dramatic decline of an invasive snail in an estuary where it was long-established and phenomenally abundant,(Wasson et al. 2020),BIOLOGICAL INVASIONS,Web of Science,Y,N,1-HL,Y,N,yearly,Marine,North America,Animalia,Gastropoda,Batillaria attramentaria,,Table,182_Wassonetal_BiologicalInvasions_2020_Table1,1,8
Multiple factors contribute to the spatially variable and dramatic decline of an invasive snail in an estuary where it was long-established and phenomenally abundant,(Wasson et al. 2020),BIOLOGICAL INVASIONS,Web of Science,Y,N,2-AP,Y,N,yearly,Marine,North America,Animalia,Gastropoda,Batillaria attramentaria,,Table,182_Wassonetal_BiologicalInvasions_2020_Table1,2,8
Multiple factors contribute to the spatially variable and dramatic decline of an invasive snail in an estuary where it was long-established and phenomenally abundant,(Wasson et al. 2020),BIOLOGICAL INVASIONS,Web of Science,Y,N,3-AC,Y,N,yearly,Marine,North America,Animalia,Gastropoda,Batillaria attramentaria,,Table,182_Wassonetal_BiologicalInvasions_2020_Table1,3,8
Multiple factors contribute to the spatially variable and dramatic decline of an invasive snail in an estuary where it was long-established and phenomenally abundant,(Wasson et al. 2020),BIOLOGICAL INVASIONS,Web of Science,Y,N,4-BH,Y,N,yearly,Marine,North America,Animalia,Gastropoda,Batillaria attramentaria,,Table,182_Wassonetal_BiologicalInvasions_2020_Table1,4,8
Multiple factors contribute to the spatially variable and dramatic decline of an invasive snail in an estuary where it was long-established and phenomenally abundant,(Wasson et al. 2020),BIOLOGICAL INVASIONS,Web of Science,Y,N,5-WL,Y,N,yearly,Marine,North America,Animalia,Gastropoda,Batillaria attramentaria,,Table,182_Wassonetal_BiologicalInvasions_2020_Table1,5,8
Multiple factors contribute to the spatially variable and dramatic decline of an invasive snail in an estuary where it was long-established and phenomenally abundant,(Wasson et al. 2020),BIOLOGICAL INVASIONS,Web of Science,Y,N,6-SM,Y,N,yearly,Marine,North America,Animalia,Gastropoda,Batillaria attramentaria,,Table,182_Wassonetal_BiologicalInvasions_2020_Table1,6,8
Multiple factors contribute to the spatially variable and dramatic decline of an invasive snail in an estuary where it was long-established and phenomenally abundant,(Wasson et al. 2020),BIOLOGICAL INVASIONS,Web of Science,Y,N,7-JN,Y,N,yearly,Marine,North America,Animalia,Gastropoda,Batillaria attramentaria,,Table,182_Wassonetal_BiologicalInvasions_2020_Table1,7,8
Multiple factors contribute to the spatially variable and dramatic decline of an invasive snail in an estuary where it was long-established and phenomenally abundant,(Wasson et al. 2020),BIOLOGICAL INVASIONS,Web of Science,Y,N,8-JS,Y,N,yearly,Marine,North America,Animalia,Gastropoda,Batillaria attramentaria,,Table,182_Wassonetal_BiologicalInvasions_2020_Table1,8,8
Mutual Facilitation Among Invading Nuttall's Waterweed and Quagga Mussels,(Wegner et al. 2019),FRONTIERS IN PLANT SCIENCE,Web of Science,Y,N,0-1m,Y,Y,yearly,Freshwater,Europe,Plantae,Tracheophyta,Stuckenia pectinata,,Y,157_Wegneretal_FrontiersinPlantScience_2019_Fig3A.jpg,1,2
Mutual Facilitation Among Invading Nuttall's Waterweed and Quagga Mussels,(Wegner et al. 2019),FRONTIERS IN PLANT SCIENCE,Web of Science,Y,N,0-1m,Y,Y,yearly,Freshwater,Europe,Plantae,Tracheophyta,Najas marina,,Y,157_Wegneretal_FrontiersinPlantScience_2019_Fig3A.jpg,2,1
Mutual Facilitation Among Invading Nuttall's Waterweed and Quagga Mussels,(Wegner et al. 2019),FRONTIERS IN PLANT SCIENCE,Web of Science,Y,N,0-1m,Y,Y,yearly,Freshwater,Europe,Plantae,Tracheophyta,Potamogeton perfoliatus,,Y,157_Wegneretal_FrontiersinPlantScience_2019_Fig3A.jpg,3,1
Mutual Facilitation Among Invading Nuttall's Waterweed and Quagga Mussels,(Wegner et al. 2019),FRONTIERS IN PLANT SCIENCE,Web of Science,Y,N,0-1m,Y,N,yearly,Freshwater,Europe,Plantae,Tracheophyta,Elodea nuttallii,,Y,157_Wegneretal_FrontiersinPlantScience_2019_Fig3A.jpg,4,2.5
Mutual Facilitation Among Invading Nuttall's Waterweed and Quagga Mussels,(Wegner et al. 2019),FRONTIERS IN PLANT SCIENCE,Web of Science,Y,N,0-1m,Y,Y,yearly,Freshwater,Europe,Plantae,Tracheophyta,Fontinalis antipyretica,,Y,157_Wegneretal_FrontiersinPlantScience_2019_Fig3A.jpg,5,2.5
Mutual Facilitation Among Invading Nuttall's Waterweed and Quagga Mussels,(Wegner et al. 2019),FRONTIERS IN PLANT SCIENCE,Web of Science,Y,N,0-1m,Y,Y,yearly,Freshwater,Europe,Plantae,Tracheophyta,Ceratophyllum demersum,,Y,157_Wegneretal_FrontiersinPlantScience_2019_Fig3A.jpg,6,2.5
Mutual Facilitation Among Invading Nuttall's Waterweed and Quagga Mussels,(Wegner et al. 2019),FRONTIERS IN PLANT SCIENCE,Web of Science,Y,N,1-2m,Y,Y,yearly,Freshwater,Europe,Plantae,Tracheophyta,Stuckenia pectinata,,Y,158_Wegneretal_FrontiersinPlantScience_2019_Fig3B.jpg,1,2
Mutual Facilitation Among Invading Nuttall's Waterweed and Quagga Mussels,(Wegner et al. 2019),FRONTIERS IN PLANT SCIENCE,Web of Science,Y,N,1-2m,Y,Y,yearly,Freshwater,Europe,Plantae,Tracheophyta,Najas marina,,Y,158_Wegneretal_FrontiersinPlantScience_2019_Fig3B.jpg,2,1
Mutual Facilitation Among Invading Nuttall's Waterweed and Quagga Mussels,(Wegner et al. 2019),FRONTIERS IN PLANT SCIENCE,Web of Science,Y,N,1-2m,Y,Y,yearly,Freshwater,Europe,Plantae,Tracheophyta,Potamogeton perfoliatus,,Y,158_Wegneretal_FrontiersinPlantScience_2019_Fig3B.jpg,3,1
Mutual Facilitation Among Invading Nuttall's Waterweed and Quagga Mussels,(Wegner et al. 2019),FRONTIERS IN PLANT SCIENCE,Web of Science,Y,N,1-2m,Y,N,yearly,Freshwater,Europe,Plantae,Tracheophyta,Elodea nuttallii,,Y,158_Wegneretal_FrontiersinPlantScience_2019_Fig3B.jpg,4,2.5
Mutual Facilitation Among Invading Nuttall's Waterweed and Quagga Mussels,(Wegner et al. 2019),FRONTIERS IN PLANT SCIENCE,Web of Science,Y,N,1-2m,Y,Y,yearly,Freshwater,Europe,Plantae,Tracheophyta,Fontinalis antipyretica,,Y,158_Wegneretal_FrontiersinPlantScience_2019_Fig3B.jpg,5,2.5
Mutual Facilitation Among Invading Nuttall's Waterweed and Quagga Mussels,(Wegner et al. 2019),FRONTIERS IN PLANT SCIENCE,Web of Science,Y,N,1-2m,Y,Y,yearly,Freshwater,Europe,Plantae,Tracheophyta,Ceratophyllum demersum,,Y,158_Wegneretal_FrontiersinPlantScience_2019_Fig3B.jpg,6,2.5
Mutual Facilitation Among Invading Nuttall's Waterweed and Quagga Mussels,(Wegner et al. 2019),FRONTIERS IN PLANT SCIENCE,Web of Science,Y,N,2-4m,Y,Y,yearly,Freshwater,Europe,Plantae,Tracheophyta,Stuckenia pectinata,,Y,159_Wegneretal_FrontiersinPlantScience_2019_Fig3C.jpg,1,2
Mutual Facilitation Among Invading Nuttall's Waterweed and Quagga Mussels,(Wegner et al. 2019),FRONTIERS IN PLANT SCIENCE,Web of Science,Y,N,2-4m,Y,Y,yearly,Freshwater,Europe,Plantae,Tracheophyta,Najas marina,,Y,159_Wegneretal_FrontiersinPlantScience_2019_Fig3C.jpg,2,1
Mutual Facilitation Among Invading Nuttall's Waterweed and Quagga Mussels,(Wegner et al. 2019),FRONTIERS IN PLANT SCIENCE,Web of Science,Y,N,2-4m,Y,Y,yearly,Freshwater,Europe,Plantae,Tracheophyta,Potamogeton perfoliatus,,Y,159_Wegneretal_FrontiersinPlantScience_2019_Fig3C.jpg,3,1
Mutual Facilitation Among Invading Nuttall's Waterweed and Quagga Mussels,(Wegner et al. 2019),FRONTIERS IN PLANT SCIENCE,Web of Science,Y,N,2-4m,Y,N,yearly,Freshwater,Europe,Plantae,Tracheophyta,Elodea nuttallii,,Y,159_Wegneretal_FrontiersinPlantScience_2019_Fig3C.jpg,4,2.5
Mutual Facilitation Among Invading Nuttall's Waterweed and Quagga Mussels,(Wegner et al. 2019),FRONTIERS IN PLANT SCIENCE,Web of Science,Y,N,2-4m,Y,Y,yearly,Freshwater,Europe,Plantae,Tracheophyta,Fontinalis antipyretica,,Y,159_Wegneretal_FrontiersinPlantScience_2019_Fig3C.jpg,5,2.5
Mutual Facilitation Among Invading Nuttall's Waterweed and Quagga Mussels,(Wegner et al. 2019),FRONTIERS IN PLANT SCIENCE,Web of Science,Y,N,2-4m,Y,Y,yearly,Freshwater,Europe,Plantae,Tracheophyta,Ceratophyllum demersum,,Y,159_Wegneretal_FrontiersinPlantScience_2019_Fig3C.jpg,6,2.5
Mutual Facilitation Among Invading Nuttall's Waterweed and Quagga Mussels,(Wegner et al. 2019),FRONTIERS IN PLANT SCIENCE,Web of Science,Y,N,0-1m,Y,N,yearly,Freshwater,Europe,Animalia,Bivalvia,Dreissena rostriformis bugensis,quagga mussel,Y,160_Wegneretal_FrontiersinPlantScience_2019_Fig3D.jpg,1,13.5
Mutual Facilitation Among Invading Nuttall's Waterweed and Quagga Mussels,(Wegner et al. 2019),FRONTIERS IN PLANT SCIENCE,Web of Science,Y,N,1-2m,Y,N,yearly,Freshwater,Europe,Animalia,Bivalvia,Dreissena rostriformis bugensis,quagga mussel,Y,160_Wegneretal_FrontiersinPlantScience_2019_Fig3D.jpg,2,13.5
Mutual Facilitation Among Invading Nuttall's Waterweed and Quagga Mussels,(Wegner et al. 2019),FRONTIERS IN PLANT SCIENCE,Web of Science,Y,N,2-4m,Y,N,yearly,Freshwater,Europe,Animalia,Bivalvia,Dreissena rostriformis bugensis,quagga mussel,Y,160_Wegneretal_FrontiersinPlantScience_2019_Fig3D.jpg,3,13.5
Massive Prey Recruitment and the Control of Rocky  Subtidal Communities on Large Spatial Scales,(Witman et al. 2003),Ecological Monographs,Web of Science,Y,N,York Ledge,Y,Y,monthly,Marine,North America,Animalia,Bivalvia,Mytilus edulis,,Y,161_Whitmanetal_EcologicalMonographs_2003_Fig5A.jpg,1,24
Massive Prey Recruitment and the Control of Rocky  Subtidal Communities on Large Spatial Scales,(Witman et al. 2003),Ecological Monographs,Web of Science,Y,N,Boon Island,Y,Y,monthly,Marine,North America,Animalia,Bivalvia,Mytilus edulis,,Y,161_Whitmanetal_EcologicalMonographs_2003_Fig5A.jpg,2,24
Massive Prey Recruitment and the Control of Rocky  Subtidal Communities on Large Spatial Scales,(Witman et al. 2003),Ecological Monographs,Web of Science,Y,N,Murray rock,Y,Y,monthly,Marine,North America,Animalia,Bivalvia,Mytilus edulis,,Y,161_Whitmanetal_EcologicalMonographs_2003_Fig5A.jpg,3,24
Massive Prey Recruitment and the Control of Rocky  Subtidal Communities on Large Spatial Scales,(Witman et al. 2003),Ecological Monographs,Web of Science,Y,N,Duck Island,Y,Y,monthly,Marine,North America,Animalia,Bivalvia,Mytilus edulis,,Y,161_Whitmanetal_EcologicalMonographs_2003_Fig5A.jpg,4,24
Massive Prey Recruitment and the Control of Rocky  Subtidal Communities on Large Spatial Scales,(Witman et al. 2003),Ecological Monographs,Web of Science,Y,N,Halfway Rock,Y,Y,monthly,Marine,North America,Animalia,Bivalvia,Mytilus edulis,,Y,161_Whitmanetal_EcologicalMonographs_2003_Fig5A.jpg,5,24
Massive Prey Recruitment and the Control of Rocky  Subtidal Communities on Large Spatial Scales,(Witman et al. 2003),Ecological Monographs,Web of Science,Y,N,Star Island,Y,Y,monthly,Marine,North America,Animalia,Echinodermata,Asterias spp.,,Y,164_Whitmanetal_EcologicalMonographs_2003_Fig9B-Density.jpg,1,17
Massive Prey Recruitment and the Control of Rocky  Subtidal Communities on Large Spatial Scales,(Witman et al. 2003),Ecological Monographs,Web of Science,Y,N,Star Island,Y,Y,monthly,Marine,North America,Animalia,Echinodermata,Asterias spp.,,Y,162_Whitmanetal_EcologicalMonographs_2003_Fig9B-Biomass.jpg,1,17
Massive Prey Recruitment and the Control of Rocky  Subtidal Communities on Large Spatial Scales,(Witman et al. 2003),Ecological Monographs,Web of Science,Y,N,Murray rock,Y,Y,monthly,Marine,North America,Animalia,Echinodermata,Asterias spp.,,Y,164_Whitmanetal_EcologicalMonographs_2003_Fig9B-Density.jpg,2,17
Massive Prey Recruitment and the Control of Rocky  Subtidal Communities on Large Spatial Scales,(Witman et al. 2003),Ecological Monographs,Web of Science,Y,N,Murray rock,Y,Y,monthly,Marine,North America,Animalia,Echinodermata,Asterias spp.,,Y,162_Whitmanetal_EcologicalMonographs_2003_Fig9B-Biomass.jpg,2,17
Does climatic warming explain why an introduced barnacle finally takes over after a lag of more than 50 years?,(Witte et al. 2010),Biolgogical Invasions,Spear et al bibliography,Y,N,,Y,N,yearly,Marine,Europe,Animalia,Crustacea,Austrominius modestus,,Y,017_Witteetal_BiologicalInvasions_2010_Fig5.jpg,1,1.916666667
"Evaluation of the Ecological and Economical Results of the Introduced Alien Fish Species in Lake Egirdir, Turkey",(Yerli et al. 2013),Turkish Journal of Fisheries and Aquatic Sciences,Strayer SI,Y,N,,Y,N,yearly,Freshwater,Asia,Animalia,Actinopterygii,Sander lucioperca,,Table,183_Yerlietal_TurkishJoFaAS_2013_Table4_Sanderlucioperca,1,16
"Evaluation of the Ecological and Economical Results of the Introduced Alien Fish Species in Lake Egirdir, Turkey",(Yerli et al. 2013),Turkish Journal of Fisheries and Aquatic Sciences,Strayer SI,Y,N,,Y,N,yearly,Freshwater,Asia,Animalia,Actinopterygii,Carassius gibelio,,Table,184_Yerlietal_TurkishJoFaAS_2013_Table4_Carassiusgibelio,1,10
"Evaluation of the Ecological and Economical Results of the Introduced Alien Fish Species in Lake Egirdir, Turkey",(Yerli et al. 2013),Turkish Journal of Fisheries and Aquatic Sciences,Strayer SI,Y,N,,Y,N,yearly,Freshwater,Asia,Animalia,Actinopterygii,Tinca tinca,,Table,185_Yerlietal_TurkishJoFaAS_2013_Table4_Tincatinca,1,10.405
"Evaluation of the Ecological and Economical Results of the Introduced Alien Fish Species in Lake Egirdir, Turkey",(Yerli et al. 2013),Turkish Journal of Fisheries and Aquatic Sciences,Strayer SI,Y,N,,Y,N,yearly,Freshwater,Asia,Animalia,Actinopterygii,Atherina boyeri,,Table,186_Yerlietal_TurkishJoFaAS_2013_Table4_Atherinaboyeri,1,4
Per Capita Effects of Non-native Mayan Cichlids (Cichlasoma uropthalmus; Gunther) on Native Fish in Estuarine Southern Everglades,(Harrison et al. 2013),Copeia,Simberloff & Gibbons,Y,N,BS-Creek,Y,N,twice-yearly,Marine,North America,Animalia,Actinopterygii,Mayaheros uropthalmus,,Y,128_Harrisonetal_Copeia_2013_Fig2-Creek-BS&HC.jpg,1,8.75
Per Capita Effects of Non-native Mayan Cichlids (Cichlasoma uropthalmus; Gunther) on Native Fish in Estuarine Southern Everglades,(Harrison et al. 2013),Copeia,Simberloff & Gibbons,Y,N,HC-Creek,Y,N,twice-yearly,Marine,North America,Animalia,Actinopterygii,Mayaheros uropthalmus,,Y,128_Harrisonetal_Copeia_2013_Fig2-Creek-BS&HC.jpg,2,8.75
Per Capita Effects of Non-native Mayan Cichlids (Cichlasoma uropthalmus; Gunther) on Native Fish in Estuarine Southern Everglades,(Harrison et al. 2013),Copeia,Simberloff & Gibbons,Y,N,JB-Creek,Y,N,twice-yearly,Marine,North America,Animalia,Actinopterygii,Mayaheros uropthalmus,,Y,129_Harrisonetal_Copeia_2013_Fig2-Creek-JB&TR.jpg,1,8.75
Per Capita Effects of Non-native Mayan Cichlids (Cichlasoma uropthalmus; Gunther) on Native Fish in Estuarine Southern Everglades,(Harrison et al. 2013),Copeia,Simberloff & Gibbons,Y,N,TR-Creek,Y,N,twice-yearly,Marine,North America,Animalia,Actinopterygii,Mayaheros uropthalmus,,Y,129_Harrisonetal_Copeia_2013_Fig2-Creek-JB&TR.jpg,2,8.75
Per Capita Effects of Non-native Mayan Cichlids (Cichlasoma uropthalmus; Gunther) on Native Fish in Estuarine Southern Everglades,(Harrison et al. 2013),Copeia,Simberloff & Gibbons,Y,N,BS-Flat,Y,N,twice-yearly,Marine,North America,Animalia,Actinopterygii,Mayaheros uropthalmus,,Y,130_Harrisonetal_Copeia_2013_Fig2-Flat-BS&HC.jpg,1,8.75
Per Capita Effects of Non-native Mayan Cichlids (Cichlasoma uropthalmus; Gunther) on Native Fish in Estuarine Southern Everglades,(Harrison et al. 2013),Copeia,Simberloff & Gibbons,Y,N,HC-Flat,Y,N,twice-yearly,Marine,North America,Animalia,Actinopterygii,Mayaheros uropthalmus,,Y,130_Harrisonetal_Copeia_2013_Fig2-Flat-BS&HC.jpg,2,8.75
Per Capita Effects of Non-native Mayan Cichlids (Cichlasoma uropthalmus; Gunther) on Native Fish in Estuarine Southern Everglades,(Harrison et al. 2013),Copeia,Simberloff & Gibbons,Y,N,JB-Flat,Y,N,twice-yearly,Marine,North America,Animalia,Actinopterygii,Mayaheros uropthalmus,,Y,131_Harrisonetal_Copeia_2013_Fig2-Flat-JB&TR.jpg,1,8.75
Per Capita Effects of Non-native Mayan Cichlids (Cichlasoma uropthalmus; Gunther) on Native Fish in Estuarine Southern Everglades,(Harrison et al. 2013),Copeia,Simberloff & Gibbons,Y,N,TR-Flat,Y,N,twice-yearly,Marine,North America,Animalia,Actinopterygii,Mayaheros uropthalmus,,Y,131_Harrisonetal_Copeia_2013_Fig2-Flat-JB&TR.jpg,2,8.75
The Rise and Fall of a Reindeer Herd,(Scheffer 1951),The Scientific Monthly,Simberloff & Gibbons,Y,N,St. Paul Island,Y,N,yearly,Terrestrial,North America,Animalia,Mammalia,Rangifer tarandus,,Table,187_Scheffer_TheScientificMonthly_1951_Table1,1,21.8
The Rise and Fall of a Reindeer Herd,(Scheffer 1951),The Scientific Monthly,Simberloff & Gibbons,Y,N,St. George Island,Y,N,yearly,Terrestrial,North America,Animalia,Mammalia,Rangifer tarandus,,Table,187_Scheffer_TheScientificMonthly_1951_Table1,2,21.8
"The Introduction, Increase, and Crash of Reindeer On St. Matthew Island",(Klein 1968),The Journal of Wildlife Management,Simberloff & Gibbons,Y,N,St. Matthew Island,Y,N,yearly,Terrestrial,North America,Animalia,Mammalia,Rangifer tarandus,,Table,188_Klienetal_JournalofWildlifeManagement_1968_Table1,1,21.8
The decline of Myriophyllum spicatum in a eutrophic Wisconsin lake,(Carpenter 1980),Canadian Journal of Botany,Simberloff & Gibbons,Y,N,,Y,N,monthly,Freshwater,North America,Plantae,Tracheophyta,Myriophyllum spicatum,,Y,110_Carpenteretal_CanadianJournalofBotany_1980_Fig1.jpg,1,2.5
Empirical Assessment of fish introductions in a subtropical wetland: an evaluation of contrasting views,(Trexler et al. 2000),BIOLOGICAL INVASIONS,Simberloff & Gibbons,Y,N,,Y,N,yearly,Marine,North America,Animalia,Actinopterygii,Mayaheros uropthalmus,,N,,,8.75
The Budgerigar in Florida: Rise and Fall of an Exotic Psittacid,(Pranty 2001),North American Birds,Simberloff & Gibbons,Y,N,,Y,N,yearly,Terrestrial,North America,Animalia,Aves,Melopsittacus undulatus,Budgerigar,Y,151_Pranty_NorthAmericanBirds_2001_Fig2.jpg,1,21
"The levelling-off and recent rapid decline in population density of the highly prolific invasive lionfish on the Saba Bank, Eastern Caribbean",(Debrot et al. 2023),BIOLOGICAL INVASIONS,Web of Science,Y,Y,,Y,N,yearly,Marine,Oceania,Animalia,Actinopterygii,Pterois volitans/miles,,Y,341_Debrotetal_BiologicalInvasion_2023_Fig2.jpg,1,10
"Complex drivers of invasive macroalgae boom and bust in Kaneohe Bay, Hawaii",(Winston et al. 2023),Marine Pollution Bulletin,Web of Science,Y,Y,Reef 9,Y,N,monthly,Marine,Oceania,Animalia,Rhodophyta,Kappaphycus & Euchema spp,,Y,342_Winstonetal_MarinePollutionBulletin_2023_Figs1_Reef9.jpg,1,1
"Complex drivers of invasive macroalgae boom and bust in Kaneohe Bay, Hawaii",(Winston et al. 2023),Marine Pollution Bulletin,Web of Science,Y,Y,Reef 10,Y,N,monthly,Marine,Oceania,Animalia,Rhodophyta,Kappaphycus & Euchema spp,,Y,343_Winstonetal_MarinePollutionBulletin_2023_Figs1_Reef10.jpg,1,1
"Complex drivers of invasive macroalgae boom and bust in Kaneohe Bay, Hawaii",(Winston et al. 2023),Marine Pollution Bulletin,Web of Science,Y,Y,Reef 14,Y,N,monthly,Marine,Oceania,Animalia,Rhodophyta,Kappaphycus & Euchema spp,,Y,344_Winstonetal_MarinePollutionBulletin_2023_Figs1_Reef14.jpg,1,1
"Complex drivers of invasive macroalgae boom and bust in Kaneohe Bay, Hawaii",(Winston et al. 2023),Marine Pollution Bulletin,Web of Science,Y,Y,Reef 15,Y,N,monthly,Marine,Oceania,Animalia,Rhodophyta,Kappaphycus & Euchema spp,,Y,345_Winstonetal_MarinePollutionBulletin_2023_Figs1_Reef15.jpg,1,1
"Complex drivers of invasive macroalgae boom and bust in Kaneohe Bay, Hawaii",(Winston et al. 2023),Marine Pollution Bulletin,Web of Science,Y,Y,Reef 16,Y,N,monthly,Marine,Oceania,Animalia,Rhodophyta,Kappaphycus & Euchema spp,,Y,346_Winstonetal_MarinePollutionBulletin_2023_Figs1_Reef16.jpg,1,1
"Complex drivers of invasive macroalgae boom and bust in Kaneohe Bay, Hawaii",(Winston et al. 2023),Marine Pollution Bulletin,Web of Science,Y,Y,Reef 19,Y,N,monthly,Marine,Oceania,Animalia,Rhodophyta,Kappaphycus & Euchema spp,,Y,347_Winstonetal_MarinePollutionBulletin_2023_Figs1_Reef19.jpg,1,1
"Complex drivers of invasive macroalgae boom and bust in Kaneohe Bay, Hawaii",(Winston et al. 2023),Marine Pollution Bulletin,Web of Science,Y,Y,Reef 23,Y,N,monthly,Marine,Oceania,Animalia,Rhodophyta,Kappaphycus & Euchema spp,,Y,348_Winstonetal_MarinePollutionBulletin_2023_Figs1_Reef23.jpg,1,1
"Complex drivers of invasive macroalgae boom and bust in Kaneohe Bay, Hawaii",(Winston et al. 2023),Marine Pollution Bulletin,Web of Science,Y,Y,Reef 26,Y,N,monthly,Marine,Oceania,Animalia,Rhodophyta,Kappaphycus & Euchema spp,,Y,349_Winstonetal_MarinePollutionBulletin_2023_Figs1_Reef26.jpg,1,1
"Complex drivers of invasive macroalgae boom and bust in Kaneohe Bay, Hawaii",(Winston et al. 2023),Marine Pollution Bulletin,Web of Science,Y,Y,Reef 27,Y,N,monthly,Marine,Oceania,Animalia,Rhodophyta,Kappaphycus & Euchema spp,,Y,350_Winstonetal_MarinePollutionBulletin_2023_Figs1_Reef27.jpg,1,1
"Complex drivers of invasive macroalgae boom and bust in Kaneohe Bay, Hawaii",(Winston et al. 2023),Marine Pollution Bulletin,Web of Science,Y,Y,Reef 28,Y,N,monthly,Marine,Oceania,Animalia,Rhodophyta,Kappaphycus & Euchema spp,,Y,351_Winstonetal_MarinePollutionBulletin_2023_Figs1_Reef28.jpg,1,1
"Complex drivers of invasive macroalgae boom and bust in Kaneohe Bay, Hawaii",(Winston et al. 2023),Marine Pollution Bulletin,Web of Science,Y,Y,Reef 29,Y,N,monthly,Marine,Oceania,Animalia,Rhodophyta,Kappaphycus & Euchema spp,,Y,352_Winstonetal_MarinePollutionBulletin_2023_Figs1_Reef29.jpg,1,1
Eight-Year Record of Hemigrapsus sanguineus (Asian Shore Crab) Invasion in Western Long Island Sound Estuary,(Kraemer et al. 2007),Northeastern Naturalist,Web of Science,Y,N,,Y,N,yearly,Marine,North America,Animalia,Crustacea,Hemigrapsus sanguineus,Asian shore crab,Table,353_Kraemeretal_NortheasternNaturalist_2007_Table2,1,5
Changes in populatin demography and reprouctive output of the invasive hemigrapsus sanuineus (Asian Shore Crab) in the Long Island Sound from 2005-2017,(Kraemer 2019),Northeastern Naturalist,Web of Science,Y,N,,Y,N,yearly,Marine,North America,Animalia,Crustacea,Hemigrapsus sanguineus,Asian shore crab,Y,354_Kraemer_NortheastNaturalist_2019_Figure2.jpg,1,5
A foe in woe: american mink (neovison vison) diet changes during a population decrease,(Magnusdottir et al. 2014),Mammalian Biology,Strayer SI,Y,N,,Y,N,yearly,Terrestrial,Europe,Animalia,Mammalia,Neovison vison,American Mink,Y,005_Magnusdottiretal_MammalianBiology_2012_Fig1.jpg,1,11.4
Comparing energetic and dynamic descriptions of a single food web linkage,(Solomon et al. 2011),Oikos,Web of Science,Y,N,,Y,N,yearly,Freshwater,North America,Animalia,Actinopterygii,Osmerus mordax,Rainbow Smelt,Y,165_Solomentetal_Oikos_2011_Fig2.jpg,1,7
Comparing energetic and dynamic descriptions of a single food web linkage,(Solomon et al. 2011),Oikos,Web of Science,Y,N,,Y,Y,yearly,Freshwater,North America,Animalia,Actinopterygii,Coregonus artedii,Cisco,Y,165_Solomentetal_Oikos_2011_Fig2.jpg,2,11
Persistent vs ephemeral invasions: 8.5 years of zooplankton community dynamics in the Columbia River,(Dexter et al. 2015),Limnology and Oceanography,Strayer SI,Y,N,,Y,N,monthly,Freshwater,North America,Animalia,Crustacea,Pseudodiaptomus forbesi,,Y,339_Dexteretal_Limnology&Oceanography_2015_Fig5C.jpg,1,0.112328767
Persistent vs ephemeral invasions: 8.5 years of zooplankton community dynamics in the Columbia River,(Dexter et al. 2015),Limnology and Oceanography,Strayer SI,Y,N,,Y,N,monthly,Freshwater,North America,Animalia,Crustacea,Bosmina coregoni,,Y,340_Dexteretal_Limnology&Oceanography_2015_Fig5D.jpg,1,0.068493151
Using long-term datasets to study exotic plant invasions on rangelands in the western United States,(Morris et al. 2013),Journal of Arid Environments,Strayer SI,Y,N,JER,Y,N,yearly,Terrestrial,North America,Plantae,Tracheophyta,Kali tragus,,Y,341_Morrisetal_JournalofAridEnvironments_2013_Fig5Density-JER_full,1,1
Large-scale species invasion into a low-diversity system: spatial and temporal distribution of the invasive polychaetes Marenzelleria spp. in the Baltic Sea,(Kauppi et al. 2015),Biological Invasions,Strayer SI,Y,N,XLIV-Tvarminne-Storfjarden,Y,N,yearly,Marine,Europe,Animalia,Crustacea,Monoporeia affinis,,Y,339_Kauppietal_BiologicalInvasions_2015_Fig3A_full,1,3
Large-scale species invasion into a low-diversity system: spatial and temporal distribution of the invasive polychaetes Marenzelleria spp. in the Baltic Sea,(Kauppi et al. 2015),Biological Invasions,Strayer SI,Y,N,XLIV-Tvarminne-Storfjarden,Y,N,yearly,Marine,Europe,Animalia,Bivalvia,Macoma balthica,,Y,339_Kauppietal_BiologicalInvasions_2015_Fig3A_full,2,12
Large-scale species invasion into a low-diversity system: spatial and temporal distribution of the invasive polychaetes Marenzelleria spp. in the Baltic Sea,(Kauppi et al. 2015),Biological Invasions,Strayer SI,Y,N,XLIV-Tvarminne-Storfjarden,Y,N,yearly,Marine,Europe,Animalia,Annelida,Marenzelleria spp.,,Y,339_Kauppietal_BiologicalInvasions_2015_Fig3A_full,3,3
Large-scale species invasion into a low-diversity system: spatial and temporal distribution of the invasive polychaetes Marenzelleria spp. in the Baltic Sea,(Kauppi et al. 2015),Biological Invasions,Strayer SI,Y,N,XXVI Tva ̈rminne La ̊ngholmsbranten,Y,N,yearly,Marine,Europe,Animalia,Crustacea,Monoporeia affinis,,Y,340_Kauppietal_BiologicalInvasions_2015_Fig3A_full,1,3
Large-scale species invasion into a low-diversity system: spatial and temporal distribution of the invasive polychaetes Marenzelleria spp. in the Baltic Sea,(Kauppi et al. 2015),Biological Invasions,Strayer SI,Y,N,XXVI Tva ̈rminne La ̊ngholmsbranten,Y,N,yearly,Marine,Europe,Animalia,Bivalvia,Macoma balthica,,Y,340_Kauppietal_BiologicalInvasions_2015_Fig3A_full,2,12
Large-scale species invasion into a low-diversity system: spatial and temporal distribution of the invasive polychaetes Marenzelleria spp. in the Baltic Sea,(Kauppi et al. 2015),Biological Invasions,Strayer SI,Y,N,XXVI Tva ̈rminne La ̊ngholmsbranten,Y,N,yearly,Marine,Europe,Animalia,Annelida,Marenzelleria spp.,,Y,340_Kauppietal_BiologicalInvasions_2015_Fig3A_full,3,3
Large-scale species invasion into a low-diversity system: spatial and temporal distribution of the invasive polychaetes Marenzelleria spp. in the Baltic Sea,(Kauppi et al. 2015),Biological Invasions,Strayer SI,Y,N,XXVI Tva ̈rminne La ̊ngholmsbranten,Y,N,yearly,Marine,Europe,Animalia,Annelida,Bylgides sarsi,,Y,340_Kauppietal_BiologicalInvasions_2015_Fig3A_full,4,6.333333333
Large-scale species invasion into a low-diversity system: spatial and temporal distribution of the invasive polychaetes Marenzelleria spp. in the Baltic Sea,(Kauppi et al. 2015),Biological Invasions,Strayer SI,Y,N,XXVI Tva ̈rminne La ̊ngholmsbranten,Y,N,yearly,Marine,Europe,Animalia,Gastropoda,Hydrobia spp.,,Y,340_Kauppietal_BiologicalInvasions_2015_Fig3A_full,5,1.25
Large-scale species invasion into a low-diversity system: spatial and temporal distribution of the invasive polychaetes Marenzelleria spp. in the Baltic Sea,(Kauppi et al. 2015),Biological Invasions,Strayer SI,Y,N,XXVI Tva ̈rminne La ̊ngholmsbranten,Y,N,yearly,Marine,Europe,Animalia,Gastropoda,Potamopyrgus antipodarum,New Zealand Mudsnail,Y,340_Kauppietal_BiologicalInvasions_2015_Fig3A_full,6,0.583333333
Contrasting invasion histories and effects of three non-native fishes observed with long-term monitoring data,(Pintar et al. 2023),Biological Invasions,Web of Science,Y,N,SRS,Y,N,yearly,Freshwater,North America,Animalia,Actinopterygii,Hemichromis letourneuxi,African Jewelfish,Y,Pintaretal_BiologicalInvasion_2023_jewelfish,1,5
Contrasting invasion histories and effects of three non-native fishes observed with long-term monitoring data,(Pintar et al. 2023),Biological Invasions,Web of Science,Y,N,TSL,Y,N,yearly,Freshwater,North America,Animalia,Actinopterygii,Hemichromis letourneuxi,African Jewelfish,Y,Pintaretal_BiologicalInvasion_2023_jewelfish,2,5
Contrasting invasion histories and effects of three non-native fishes observed with long-term monitoring data,(Pintar et al. 2023),Biological Invasions,Web of Science,Y,N,WCA,Y,N,yearly,Freshwater,North America,Animalia,Actinopterygii,Hemichromis letourneuxi,African Jewelfish,Y,Pintaretal_BiologicalInvasion_2023_jewelfish,3,5
Contrasting invasion histories and effects of three non-native fishes observed with long-term monitoring data,(Pintar et al. 2023),Biological Invasions,Web of Science,Y,N,SRS,Y,N,yearly,Freshwater,North America,Animalia,Actinopterygii,Mayaheros uropthalmus,,Y,Pintaretal_BiologicalInvasion_2023_mayans,1,8.75
Contrasting invasion histories and effects of three non-native fishes observed with long-term monitoring data,(Pintar et al. 2023),Biological Invasions,Web of Science,Y,N,TSL,Y,N,yearly,Freshwater,North America,Animalia,Actinopterygii,Mayaheros uropthalmus,,Y,Pintaretal_BiologicalInvasion_2023_mayans,2,8.75
Contrasting invasion histories and effects of three non-native fishes observed with long-term monitoring data,(Pintar et al. 2023),Biological Invasions,Web of Science,Y,N,WCA,Y,N,yearly,Freshwater,North America,Animalia,Actinopterygii,Mayaheros uropthalmus,,Y,Pintaretal_BiologicalInvasion_2023_mayans,3,8.75
"Climate, snow, ice, crashes, and declines in populations of reindeer and caribou",(Tyler 2010),Ecological Monographs,Web of Science,Y,N,Alaska,Y,N,yearly,Terrestrial,North America,Animalia,Mammalia,Rangifer tarandus,,y,357_Tyler_EcologicalMonographs_2010_Fig2-alaska.jpg,1,21.8
"Climate, snow, ice, crashes, and declines in populations of reindeer and caribou",(Tyler 2010),Ecological Monographs,Web of Science,Y,N,St. George Island,Y,N,yearly,Terrestrial,North America,Animalia,Mammalia,Rangifer tarandus,,y,358_Tyler_EcologicalMonographs_2010_Fig2-st-george.jpg,1,21.8
"Climate, snow, ice, crashes, and declines in populations of reindeer and caribou",(Tyler 2010),Ecological Monographs,Web of Science,Y,N,Nunivak,Y,N,yearly,Terrestrial,North America,Animalia,Mammalia,Rangifer tarandus,,y,359_Tyler_EcologicalMonographs_2010_Fig2-nunivak.jpg,1,21.8
"Climate, snow, ice, crashes, and declines in populations of reindeer and caribou",(Tyler 2010),Ecological Monographs,Web of Science,Y,N,St. Paul Island,Y,N,yearly,Terrestrial,North America,Animalia,Mammalia,Rangifer tarandus,,y,360_Tyler_EcologicalMonographs_2010_Fig2-st-paul.jpg,1,21.8
"Climate, snow, ice, crashes, and declines in populations of reindeer and caribou",(Tyler 2010),Ecological Monographs,Web of Science,Y,N,St. Matthews Island,Y,N,yearly,Terrestrial,North America,Animalia,Mammalia,Rangifer tarandus,,y,361_Tyler_EcologicalMonographs_2010_Fig2-st-matthews.jpg,1,21.8
"Climate, snow, ice, crashes, and declines in populations of reindeer and caribou",(Tyler 2010),Ecological Monographs,Web of Science,Y,N,Hagemeister,Y,N,yearly,Terrestrial,North America,Animalia,Mammalia,Rangifer tarandus,,y,362_Tyler_EcologicalMonographs_2010_Fig2-hagemeister.jpg,1,21.8
"Climate, snow, ice, crashes, and declines in populations of reindeer and caribou",(Tyler 2010),Ecological Monographs,Web of Science,Y,N,Brogger,Y,N,yearly,Terrestrial,North America,Animalia,Mammalia,Rangifer tarandus,,y,363_Tyler_EcologicalMonographs_2010_Fig2-brogger.jpg,1,21.8
