date,project_year,calendar_year,month,day,drainage,site,bout,distance,temp_c,salinity,do_mg_l,common_name,latin_name,genus,species_code,status,catch_number,catch_code,standard_length,total_length,weight_g,stomach_contents,water_year
2004-11-16T00:00:00Z,1,2004,11,16,RB,RB10,1,98,23,0.2,3.76,Peacock eel,Macrognathus siamensis,Macrognathus,100,invasive,0,ZERO,0,0,0,NA,2005
2004-11-16T00:00:00Z,1,2004,11,16,RB,RB10,2,101,23.1,0.2,4.38,Peacock eel,Macrognathus siamensis,Macrognathus,100,invasive,0,ZERO,0,0,0,NA,2005
2004-11-16T00:00:00Z,1,2004,11,16,RB,RB10,3,107,23.5,0.2,4.36,Peacock eel,Macrognathus siamensis,Macrognathus,100,invasive,0,ZERO,0,0,0,NA,2005
2004-11-17T00:00:00Z,1,2004,11,17,RB,RB11,1,147,21.6,0.2,3.68,Peacock eel,Macrognathus siamensis,Macrognathus,100,invasive,0,ZERO,0,0,0,NA,2005
2004-11-17T00:00:00Z,1,2004,11,17,RB,RB11,2,107,21.2,0.2,3.69,Peacock eel,Macrognathus siamensis,Macrognathus,100,invasive,0,ZERO,0,0,0,NA,2005
2004-11-17T00:00:00Z,1,2004,11,17,RB,RB11,3,83,21.5,0.2,3.95,Peacock eel,Macrognathus siamensis,Macrognathus,100,invasive,0,ZERO,0,0,0,NA,2005
2004-11-17T00:00:00Z,1,2004,11,17,RB,RB12,1,128,21.5,0.3,3.71,Peacock eel,Macrognathus siamensis,Macrognathus,100,invasive,0,ZERO,0,0,0,NA,2005
2004-11-17T00:00:00Z,1,2004,11,17,RB,RB12,2,128,21.8,0.3,3.76,Peacock eel,Macrognathus siamensis,Macrognathus,100,invasive,0,ZERO,0,0,0,NA,2005
2004-11-17T00:00:00Z,1,2004,11,17,RB,RB12,3,119,22,0.3,3.78,Peacock eel,Macrognathus siamensis,Macrognathus,100,invasive,0,ZERO,0,0,0,NA,2005
2004-11-15T00:00:00Z,1,2004,11,15,RB,RB7,1,130,23.2,0.2,3.22,Peacock eel,Macrognathus siamensis,Macrognathus,100,invasive,0,ZERO,0,0,0,NA,2005
2004-11-15T00:00:00Z,1,2004,11,15,RB,RB7,2,122,23.2,0.2,3.3,Peacock eel,Macrognathus siamensis,Macrognathus,100,invasive,0,ZERO,0,0,0,NA,2005
2004-11-15T00:00:00Z,1,2004,11,15,RB,RB7,3,122,22.9,0.2,3.58,Peacock eel,Macrognathus siamensis,Macrognathus,100,invasive,0,ZERO,0,0,0,NA,2005
2004-11-18T00:00:00Z,1,2004,11,18,RB,RB8,1,135,21.7,0.2,3.06,Peacock eel,Macrognathus siamensis,Macrognathus,100,invasive,0,ZERO,0,0,0,NA,2005
2004-11-18T00:00:00Z,1,2004,11,18,RB,RB8,2,130,21.2,0.2,3.42,Peacock eel,Macrognathus siamensis,Macrognathus,100,invasive,0,ZERO,0,0,0,NA,2005
2004-11-18T00:00:00Z,1,2004,11,18,RB,RB8,3,120,21.9,0.2,3.47,Peacock eel,Macrognathus siamensis,Macrognathus,100,invasive,0,ZERO,0,0,0,NA,2005
2004-11-16T00:00:00Z,1,2004,11,16,RB,RB9,1,104,21.9,0.2,3.12,Peacock eel,Macrognathus siamensis,Macrognathus,100,invasive,0,ZERO,0,0,0,NA,2005
2004-11-16T00:00:00Z,1,2004,11,16,RB,RB9,2,75,22,0.2,3.16,Peacock eel,Macrognathus siamensis,Macrognathus,100,invasive,0,ZERO,0,0,0,NA,2005
2004-11-16T00:00:00Z,1,2004,11,16,RB,RB9,3,105,22.3,0.2,3.06,Peacock eel,Macrognathus siamensis,Macrognathus,100,invasive,0,ZERO,0,0,0,NA,2005
2005-02-23T00:00:00Z,1,2005,2,23,RB,RB10,1,100,21.5,0.5,3.63,Peacock eel,Macrognathus siamensis,Macrognathus,100,invasive,0,ZERO,0,0,0,NA,2005
2005-02-23T00:00:00Z,1,2005,2,23,RB,RB10,2,100,21.6,0.4,3.68,Peacock eel,Macrognathus siamensis,Macrognathus,100,invasive,0,ZERO,0,0,0,NA,2005
2005-02-23T00:00:00Z,1,2005,2,23,RB,RB10,3,100,21.5,0.4,3.55,Peacock eel,Macrognathus siamensis,Macrognathus,100,invasive,0,ZERO,0,0,0,NA,2005
2005-02-22T00:00:00Z,1,2005,2,22,RB,RB11,1,100,20.8,0.4,3.66,Peacock eel,Macrognathus siamensis,Macrognathus,100,invasive,0,ZERO,0,0,0,NA,2005
2005-02-22T00:00:00Z,1,2005,2,22,RB,RB11,2,100,20.6,0.4,3.85,Peacock eel,Macrognathus siamensis,Macrognathus,100,invasive,0,ZERO,0,0,0,NA,2005
2005-02-22T00:00:00Z,1,2005,2,22,RB,RB11,3,100,20.5,0.4,3.94,Peacock eel,Macrognathus siamensis,Macrognathus,100,invasive,0,ZERO,0,0,0,NA,2005
2005-02-23T00:00:00Z,1,2005,2,23,RB,RB12,1,100,20.1,0.9,1.93,Peacock eel,Macrognathus siamensis,Macrognathus,100,invasive,0,ZERO,0,0,0,NA,2005
2005-02-23T00:00:00Z,1,2005,2,23,RB,RB12,2,100,20.1,0.8,2.08,Peacock eel,Macrognathus siamensis,Macrognathus,100,invasive,0,ZERO,0,0,0,NA,2005
2005-02-23T00:00:00Z,1,2005,2,23,RB,RB12,3,100,20,0.7,2.25,Peacock eel,Macrognathus siamensis,Macrognathus,100,invasive,0,ZERO,0,0,0,NA,2005
2005-02-22T00:00:00Z,1,2005,2,22,RB,RB7,1,100,21.6,1.1,0.51,Peacock eel,Macrognathus siamensis,Macrognathus,100,invasive,0,ZERO,0,0,0,NA,2005
2005-02-22T00:00:00Z,1,2005,2,22,RB,RB7,2,100,21.5,1.1,0.94,Peacock eel,Macrognathus siamensis,Macrognathus,100,invasive,0,ZERO,0,0,0,NA,2005
2005-02-22T00:00:00Z,1,2005,2,22,RB,RB7,3,100,21.5,1,1.27,Peacock eel,Macrognathus siamensis,Macrognathus,100,invasive,0,ZERO,0,0,0,NA,2005
2005-02-22T00:00:00Z,1,2005,2,22,RB,RB8,1,100,22.4,0.5,5.04,Peacock eel,Macrognathus siamensis,Macrognathus,100,invasive,0,ZERO,0,0,0,NA,2005
2005-02-22T00:00:00Z,1,2005,2,22,RB,RB8,2,100,22.3,0.6,5.65,Peacock eel,Macrognathus siamensis,Macrognathus,100,invasive,0,ZERO,0,0,0,NA,2005
2005-02-22T00:00:00Z,1,2005,2,22,RB,RB8,3,100,22.3,0.6,5.21,Peacock eel,Macrognathus siamensis,Macrognathus,100,invasive,0,ZERO,0,0,0,NA,2005
2005-02-23T00:00:00Z,1,2005,2,23,RB,RB9,1,100,22.1,0.4,3.9,Peacock eel,Macrognathus siamensis,Macrognathus,100,invasive,0,ZERO,0,0,0,NA,2005
2005-02-23T00:00:00Z,1,2005,2,23,RB,RB9,2,100,21.8,0.4,3.9,Peacock eel,Macrognathus siamensis,Macrognathus,100,invasive,0,ZERO,0,0,0,NA,2005
2005-02-23T00:00:00Z,1,2005,2,23,RB,RB9,3,100,21.9,0.4,3.95,Peacock eel,Macrognathus siamensis,Macrognathus,100,invasive,0,ZERO,0,0,0,NA,2005
2005-03-08T00:00:00Z,1,2005,3,8,RB,RB10,1,120,20.7,0.5,4.6,Peacock eel,Macrognathus siamensis,Macrognathus,100,invasive,0,ZERO,0,0,0,NA,2005
2005-03-08T00:00:00Z,1,2005,3,8,RB,RB10,2,123,20.9,0.6,5.3,Peacock eel,Macrognathus siamensis,Macrognathus,100,invasive,0,ZERO,0,0,0,NA,2005
2005-03-08T00:00:00Z,1,2005,3,8,RB,RB10,3,126,21.1,0.6,5.69,Peacock eel,Macrognathus siamensis,Macrognathus,100,invasive,0,ZERO,0,0,0,NA,2005
2005-03-08T00:00:00Z,1,2005,3,8,RB,RB11,1,129,21,0.5,3.64,Peacock eel,Macrognathus siamensis,Macrognathus,100,invasive,0,ZERO,0,0,0,NA,2005
2005-03-07T00:00:00Z,1,2005,3,7,RB,RB11,2,94,20.9,0.5,7.02,Peacock eel,Macrognathus siamensis,Macrognathus,100,invasive,0,ZERO,0,0,0,NA,2005
2005-03-07T00:00:00Z,1,2005,3,7,RB,RB11,3,61,21.3,0.4,3.6,Peacock eel,Macrognathus siamensis,Macrognathus,100,invasive,0,ZERO,0,0,0,NA,2005
2005-03-08T00:00:00Z,1,2005,3,8,RB,RB12,1,60,20,1.2,1.92,Peacock eel,Macrognathus siamensis,Macrognathus,100,invasive,0,ZERO,0,0,0,NA,2005
2005-03-08T00:00:00Z,1,2005,3,8,RB,RB12,2,91,20,1.1,2.27,Peacock eel,Macrognathus siamensis,Macrognathus,100,invasive,0,ZERO,0,0,0,NA,2005
2005-03-08T00:00:00Z,1,2005,3,8,RB,RB12,3,93,20,0.9,2.59,Peacock eel,Macrognathus siamensis,Macrognathus,100,invasive,0,ZERO,0,0,0,NA,2005
2005-03-07T00:00:00Z,1,2005,3,7,RB,RB7,1,75,21.4,1.4,0.18,Peacock eel,Macrognathus siamensis,Macrognathus,100,invasive,0,ZERO,0,0,0,NA,2005
2005-03-07T00:00:00Z,1,2005,3,7,RB,RB7,2,111,21.3,1.3,0.2,Peacock eel,Macrognathus siamensis,Macrognathus,100,invasive,0,ZERO,0,0,0,NA,2005
2005-03-07T00:00:00Z,1,2005,3,7,RB,RB7,3,95,21,1.4,0.03,Peacock eel,Macrognathus siamensis,Macrognathus,100,invasive,0,ZERO,0,0,0,NA,2005
2005-03-08T00:00:00Z,1,2005,3,8,RB,RB8,1,159,20.7,0.6,6.38,Peacock eel,Macrognathus siamensis,Macrognathus,100,invasive,0,ZERO,0,0,0,NA,2005
2005-03-08T00:00:00Z,1,2005,3,8,RB,RB8,2,84,20.7,0.6,6.71,Peacock eel,Macrognathus siamensis,Macrognathus,100,invasive,0,ZERO,0,0,0,NA,2005
2005-03-08T00:00:00Z,1,2005,3,8,RB,RB8,3,82,21,0.6,6.89,Peacock eel,Macrognathus siamensis,Macrognathus,100,invasive,0,ZERO,0,0,0,NA,2005
2005-03-08T00:00:00Z,1,2005,3,8,RB,RB9,1,98,20.8,0.5,3.11,Peacock eel,Macrognathus siamensis,Macrognathus,100,invasive,0,ZERO,0,0,0,NA,2005
2005-03-08T00:00:00Z,1,2005,3,8,RB,RB9,2,65,20.8,0.5,2.95,Peacock eel,Macrognathus siamensis,Macrognathus,100,invasive,0,ZERO,0,0,0,NA,2005
2005-03-08T00:00:00Z,1,2005,3,8,RB,RB9,3,113,20.8,0.5,2.6,Peacock eel,Macrognathus siamensis,Macrognathus,100,invasive,0,ZERO,0,0,0,NA,2005
2005-04-25T00:00:00Z,1,2005,4,25,RB,RB10,1,110,23.3,2.4,4.05,Peacock eel,Macrognathus siamensis,Macrognathus,100,invasive,0,ZERO,0,0,0,NA,2005
2005-04-25T00:00:00Z,1,2005,4,25,RB,RB10,2,128,23.3,2.2,4.33,Peacock eel,Macrognathus siamensis,Macrognathus,100,invasive,0,ZERO,0,0,0,NA,2005
2005-04-25T00:00:00Z,1,2005,4,25,RB,RB10,3,146,24.1,1.9,4.7,Peacock eel,Macrognathus siamensis,Macrognathus,100,invasive,0,ZERO,0,0,0,NA,2005
2005-04-26T00:00:00Z,1,2005,4,26,RB,RB11,1,153,24.5,3.1,5.15,Peacock eel,Macrognathus siamensis,Macrognathus,100,invasive,0,ZERO,0,0,0,NA,2005
2005-04-26T00:00:00Z,1,2005,4,26,RB,RB11,2,218,24.1,3,4.8,Peacock eel,Macrognathus siamensis,Macrognathus,100,invasive,0,ZERO,0,0,0,NA,2005
2005-04-26T00:00:00Z,1,2005,4,26,RB,RB11,3,121,24.4,2.6,5.05,Peacock eel,Macrognathus siamensis,Macrognathus,100,invasive,0,ZERO,0,0,0,NA,2005
2005-04-26T00:00:00Z,1,2005,4,26,RB,RB12,1,120,21.5,7.8,2.76,Peacock eel,Macrognathus siamensis,Macrognathus,100,invasive,0,ZERO,0,0,0,NA,2005
2005-04-26T00:00:00Z,1,2005,4,26,RB,RB12,2,145,21.8,7.5,2.47,Peacock eel,Macrognathus siamensis,Macrognathus,100,invasive,0,ZERO,0,0,0,NA,2005
2005-04-26T00:00:00Z,1,2005,4,26,RB,RB12,3,123,21.7,7.3,2.25,Peacock eel,Macrognathus siamensis,Macrognathus,100,invasive,0,ZERO,0,0,0,NA,2005
2005-04-27T00:00:00Z,1,2005,4,27,RB,RB7,1,107,24.8,9.3,2.04,Peacock eel,Macrognathus siamensis,Macrognathus,100,invasive,0,ZERO,0,0,0,NA,2005
2005-04-27T00:00:00Z,1,2005,4,27,RB,RB7,2,158,24.5,9,1.67,Peacock eel,Macrognathus siamensis,Macrognathus,100,invasive,0,ZERO,0,0,0,NA,2005
2005-04-27T00:00:00Z,1,2005,4,27,RB,RB7,3,206,24.6,8.07,1.46,Peacock eel,Macrognathus siamensis,Macrognathus,100,invasive,0,ZERO,0,0,0,NA,2005
2005-04-26T00:00:00Z,1,2005,4,26,RB,RB8,1,119,25.1,3.5,5.15,Peacock eel,Macrognathus siamensis,Macrognathus,100,invasive,0,ZERO,0,0,0,NA,2005
2005-04-26T00:00:00Z,1,2005,4,26,RB,RB8,2,100,25.1,3.3,5.3,Peacock eel,Macrognathus siamensis,Macrognathus,100,invasive,0,ZERO,0,0,0,NA,2005
2005-04-26T00:00:00Z,1,2005,4,26,RB,RB8,3,141,24.9,3.4,5.42,Peacock eel,Macrognathus siamensis,Macrognathus,100,invasive,0,ZERO,0,0,0,NA,2005
2005-04-27T00:00:00Z,1,2005,4,27,RB,RB9,1,171,23.8,2.5,3.22,Peacock eel,Macrognathus siamensis,Macrognathus,100,invasive,0,ZERO,0,0,0,NA,2005
2005-04-27T00:00:00Z,1,2005,4,27,RB,RB9,2,122,23.9,2.5,2.87,Peacock eel,Macrognathus siamensis,Macrognathus,100,invasive,0,ZERO,0,0,0,NA,2005
2005-04-27T00:00:00Z,1,2005,4,27,RB,RB9,3,94,23.8,2.3,2.89,Peacock eel,Macrognathus siamensis,Macrognathus,100,invasive,0,ZERO,0,0,0,NA,2005
2005-12-13T00:00:00Z,2,2005,12,13,RB,RB10,1,121,18.3,0.3,4.42,Peacock eel,Macrognathus siamensis,Macrognathus,100,invasive,0,ZERO,0,0,0,NA,2006
2005-12-13T00:00:00Z,2,2005,12,13,RB,RB10,2,146,18.8,0.3,4.41,Peacock eel,Macrognathus siamensis,Macrognathus,100,invasive,0,ZERO,0,0,0,NA,2006
2005-12-13T00:00:00Z,2,2005,12,13,RB,RB10,3,100,19,0.3,4.51,Peacock eel,Macrognathus siamensis,Macrognathus,100,invasive,0,ZERO,0,0,0,NA,2006
2005-12-13T00:00:00Z,2,2005,12,13,RB,RB11,1,155,17.4,0.2,3.93,Peacock eel,Macrognathus siamensis,Macrognathus,100,invasive,0,ZERO,0,0,0,NA,2006
2005-12-13T00:00:00Z,2,2005,12,13,RB,RB11,2,145,17.5,0.3,3.98,Peacock eel,Macrognathus siamensis,Macrognathus,100,invasive,0,ZERO,0,0,0,NA,2006
2005-12-13T00:00:00Z,2,2005,12,13,RB,RB11,3,121,18,0.2,4.01,Peacock eel,Macrognathus siamensis,Macrognathus,100,invasive,0,ZERO,0,0,0,NA,2006
2005-12-13T00:00:00Z,2,2005,12,13,RB,RB12,1,116,18.2,0.4,3.97,Peacock eel,Macrognathus siamensis,Macrognathus,100,invasive,0,ZERO,0,0,0,NA,2006
2005-12-13T00:00:00Z,2,2005,12,13,RB,RB12,2,166,18.5,0.3,4.05,Peacock eel,Macrognathus siamensis,Macrognathus,100,invasive,0,ZERO,0,0,0,NA,2006
2005-12-13T00:00:00Z,2,2005,12,13,RB,RB12,3,124,18.8,0.3,4.15,Peacock eel,Macrognathus siamensis,Macrognathus,100,invasive,0,ZERO,0,0,0,NA,2006
2005-12-12T00:00:00Z,2,2005,12,12,RB,RB7,1,147,21.7,0.5,2.13,Peacock eel,Macrognathus siamensis,Macrognathus,100,invasive,0,ZERO,0,0,0,NA,2006
2005-12-12T00:00:00Z,2,2005,12,12,RB,RB7,2,147,21.4,0.4,2.55,Peacock eel,Macrognathus siamensis,Macrognathus,100,invasive,0,ZERO,0,0,0,NA,2006
2005-12-12T00:00:00Z,2,2005,12,12,RB,RB7,3,94,20.8,0.3,2.75,Peacock eel,Macrognathus siamensis,Macrognathus,100,invasive,0,ZERO,0,0,0,NA,2006
2005-12-14T00:00:00Z,2,2005,12,14,RB,RB8,1,124,17.4,0.3,4.86,Peacock eel,Macrognathus siamensis,Macrognathus,100,invasive,0,ZERO,0,0,0,NA,2006
2005-12-14T00:00:00Z,2,2005,12,14,RB,RB8,2,84,17.8,0.3,5.23,Peacock eel,Macrognathus siamensis,Macrognathus,100,invasive,0,ZERO,0,0,0,NA,2006
2005-12-14T00:00:00Z,2,2005,12,14,RB,RB8,3,100,18.1,0.3,5.15,Peacock eel,Macrognathus siamensis,Macrognathus,100,invasive,0,ZERO,0,0,0,NA,2006
2005-12-13T00:00:00Z,2,2005,12,13,RB,RB9,2,89,19.3,0.3,5.07,Peacock eel,Macrognathus siamensis,Macrognathus,100,invasive,0,ZERO,0,0,0,NA,2006
2005-12-13T00:00:00Z,2,2005,12,13,RB,RB9,3,101,19,0.3,5.12,Peacock eel,Macrognathus siamensis,Macrognathus,100,invasive,0,ZERO,0,0,0,NA,2006
2006-01-31T00:00:00Z,2,2006,1,31,RB,RB11,1,207,23.7,0.3,4.2,Peacock eel,Macrognathus siamensis,Macrognathus,100,invasive,0,ZERO,0,0,0,NA,2006
2006-01-31T00:00:00Z,2,2006,1,31,RB,RB11,2,129,23.6,0.3,4.59,Peacock eel,Macrognathus siamensis,Macrognathus,100,invasive,0,ZERO,0,0,0,NA,2006
2006-01-31T00:00:00Z,2,2006,1,31,RB,RB11,3,106,23.5,0.3,4.92,Peacock eel,Macrognathus siamensis,Macrognathus,100,invasive,0,ZERO,0,0,0,NA,2006
2006-01-31T00:00:00Z,2,2006,1,31,RB,RB12,1,138,21.5,0.4,2.95,Peacock eel,Macrognathus siamensis,Macrognathus,100,invasive,0,ZERO,0,0,0,NA,2006
2006-01-31T00:00:00Z,2,2006,1,31,RB,RB12,2,135,21.3,0.4,2.73,Peacock eel,Macrognathus siamensis,Macrognathus,100,invasive,1,C,22.5,22.29638972773068,75,NA,2006
2006-01-31T00:00:00Z,2,2006,1,31,RB,RB12,3,148,21.3,0.4,3.03,Peacock eel,Macrognathus siamensis,Macrognathus,100,invasive,0,ZERO,0,0,0,NA,2006
2006-01-31T00:00:00Z,2,2006,1,31,RB,RB13,1,153,22.9,0.3,4.15,Peacock eel,Macrognathus siamensis,Macrognathus,100,invasive,0,ZERO,0,0,0,NA,2006
2006-01-31T00:00:00Z,2,2006,1,31,RB,RB13,2,128,23.1,0.3,4.38,Peacock eel,Macrognathus siamensis,Macrognathus,100,invasive,0,ZERO,0,0,0,NA,2006
2006-01-30T00:00:00Z,2,2006,1,30,RB,RB14,1,111,21.8,0.5,4.69,Peacock eel,Macrognathus siamensis,Macrognathus,100,invasive,0,ZERO,0,0,0,NA,2006
2006-01-30T00:00:00Z,2,2006,1,30,RB,RB14,2,153,21.9,0.4,5.49,Peacock eel,Macrognathus siamensis,Macrognathus,100,invasive,0,ZERO,0,0,0,NA,2006
2006-01-30T00:00:00Z,2,2006,1,30,RB,RB14,3,126,21.8,0.4,5.2,Peacock eel,Macrognathus siamensis,Macrognathus,100,invasive,0,ZERO,0,0,0,NA,2006
2006-01-30T00:00:00Z,2,2006,1,30,RB,RB15,1,164,21.6,0.7,3.3,Peacock eel,Macrognathus siamensis,Macrognathus,100,invasive,0,ZERO,0,0,0,NA,2006
2006-01-30T00:00:00Z,2,2006,1,30,RB,RB15,2,141,22.1,0.7,3.22,Peacock eel,Macrognathus siamensis,Macrognathus,100,invasive,0,ZERO,0,0,0,NA,2006
2006-01-30T00:00:00Z,2,2006,1,30,RB,RB15,3,100,22.1,0.7,3.58,Peacock eel,Macrognathus siamensis,Macrognathus,100,invasive,0,ZERO,0,0,0,NA,2006
2006-01-30T00:00:00Z,2,2006,1,30,RB,RB7,1,169,22.6,0.8,2.46,Peacock eel,Macrognathus siamensis,Macrognathus,100,invasive,0,ZERO,0,0,0,NA,2006
2006-01-30T00:00:00Z,2,2006,1,30,RB,RB7,2,165,22.8,0.7,2.3,Peacock eel,Macrognathus siamensis,Macrognathus,100,invasive,0,ZERO,0,0,0,NA,2006
2006-01-30T00:00:00Z,2,2006,1,30,RB,RB7,3,149,22.8,0.7,2.3,Peacock eel,Macrognathus siamensis,Macrognathus,100,invasive,0,ZERO,0,0,0,NA,2006
2006-01-31T00:00:00Z,2,2006,1,31,RB,RB8,1,131,23.3,0.4,4.02,Peacock eel,Macrognathus siamensis,Macrognathus,100,invasive,0,ZERO,0,0,0,NA,2006
2006-01-31T00:00:00Z,2,2006,1,31,RB,RB8,2,116,23.2,0.3,4.31,Peacock eel,Macrognathus siamensis,Macrognathus,100,invasive,0,ZERO,0,0,0,NA,2006
2006-01-31T00:00:00Z,2,2006,1,31,RB,RB8,3,178,23.2,0.3,4.29,Peacock eel,Macrognathus siamensis,Macrognathus,100,invasive,0,ZERO,0,0,0,NA,2006
2006-02-01T00:00:00Z,2,2006,2,1,RB,RB10,1,180,21.7,0.3,5.48,Peacock eel,Macrognathus siamensis,Macrognathus,100,invasive,0,ZERO,0,0,0,NA,2006
2006-02-01T00:00:00Z,2,2006,2,1,RB,RB10,2,101,22.7,0.3,5.19,Peacock eel,Macrognathus siamensis,Macrognathus,100,invasive,0,ZERO,0,0,0,NA,2006
2006-02-01T00:00:00Z,2,2006,2,1,RB,RB10,3,125,22.8,0.3,5.32,Peacock eel,Macrognathus siamensis,Macrognathus,100,invasive,0,ZERO,0,0,0,NA,2006
2006-02-01T00:00:00Z,2,2006,2,1,RB,RB13,3,125,22.8,0.3,5.32,Peacock eel,Macrognathus siamensis,Macrognathus,100,invasive,0,ZERO,0,0,0,NA,2006
2006-02-01T00:00:00Z,2,2006,2,1,RB,RB9,1,173,22,0.3,4.3,Peacock eel,Macrognathus siamensis,Macrognathus,100,invasive,0,ZERO,0,0,0,NA,2006
2006-02-01T00:00:00Z,2,2006,2,1,RB,RB9,2,137,21.2,0.3,4.33,Peacock eel,Macrognathus siamensis,Macrognathus,100,invasive,0,ZERO,0,0,0,NA,2006
2006-02-01T00:00:00Z,2,2006,2,1,RB,RB9,3,97,21.6,0.3,4.82,Peacock eel,Macrognathus siamensis,Macrognathus,100,invasive,0,ZERO,0,0,0,NA,2006
2006-04-26T00:00:00Z,2,2006,4,26,RB,RB10,1,185,26.76,0.67,3.93,Peacock eel,Macrognathus siamensis,Macrognathus,100,invasive,0,ZERO,0,0,0,NA,2006
2006-04-26T00:00:00Z,2,2006,4,26,RB,RB10,2,88,27.21,0.68,4.37,Peacock eel,Macrognathus siamensis,Macrognathus,100,invasive,0,ZERO,0,0,0,NA,2006
2006-04-26T00:00:00Z,2,2006,4,26,RB,RB10,3,195,27.37,0.69,4.62,Peacock eel,Macrognathus siamensis,Macrognathus,100,invasive,0,ZERO,0,0,0,NA,2006
2006-04-25T00:00:00Z,2,2006,4,25,RB,RB11,1,85,27.98,0.52,4.04,Peacock eel,Macrognathus siamensis,Macrognathus,100,invasive,0,ZERO,0,0,0,NA,2006
2006-04-25T00:00:00Z,2,2006,4,25,RB,RB11,2,124,28.22,0.47,3.78,Peacock eel,Macrognathus siamensis,Macrognathus,100,invasive,0,ZERO,0,0,0,NA,2006
2006-04-25T00:00:00Z,2,2006,4,25,RB,RB11,3,84,29.15,0.41,3.81,Peacock eel,Macrognathus siamensis,Macrognathus,100,invasive,0,ZERO,0,0,0,NA,2006
2006-04-25T00:00:00Z,2,2006,4,25,RB,RB12,1,86,25.89,0.81,1.32,Peacock eel,Macrognathus siamensis,Macrognathus,100,invasive,0,ZERO,0,0,0,NA,2006
2006-04-25T00:00:00Z,2,2006,4,25,RB,RB12,2,95,25.82,0.79,1.41,Peacock eel,Macrognathus siamensis,Macrognathus,100,invasive,0,ZERO,0,0,0,NA,2006
2006-04-25T00:00:00Z,2,2006,4,25,RB,RB12,3,118,26,0.77,1.37,Peacock eel,Macrognathus siamensis,Macrognathus,100,invasive,0,ZERO,0,0,0,NA,2006
2006-04-24T00:00:00Z,2,2006,4,24,RB,RB13,1,110,28.31,0.74,5.64,Peacock eel,Macrognathus siamensis,Macrognathus,100,invasive,0,ZERO,0,0,0,NA,2006
2006-04-24T00:00:00Z,2,2006,4,24,RB,RB13,2,74,28.9,0.76,6.61,Peacock eel,Macrognathus siamensis,Macrognathus,100,invasive,0,ZERO,0,0,0,NA,2006
2006-04-27T00:00:00Z,2,2006,4,27,RB,RB14,1,153,24.8,2.71,2.4,Peacock eel,Macrognathus siamensis,Macrognathus,100,invasive,0,ZERO,0,0,0,NA,2006
2006-04-27T00:00:00Z,2,2006,4,27,RB,RB14,2,124,28.77,2.62,2.73,Peacock eel,Macrognathus siamensis,Macrognathus,100,invasive,0,ZERO,0,0,0,NA,2006
2006-04-27T00:00:00Z,2,2006,4,27,RB,RB14,3,124,28.39,2.9,2.64,Peacock eel,Macrognathus siamensis,Macrognathus,100,invasive,0,ZERO,0,0,0,NA,2006
2006-04-27T00:00:00Z,2,2006,4,27,RB,RB15,2,145,29.62,11.15,2.41,Peacock eel,Macrognathus siamensis,Macrognathus,100,invasive,0,ZERO,0,0,0,NA,2006
2006-04-27T00:00:00Z,2,2006,4,27,RB,RB15,3,117,29.33,9.4,1.29,Peacock eel,Macrognathus siamensis,Macrognathus,100,invasive,0,ZERO,0,0,0,NA,2006
2006-04-25T00:00:00Z,2,2006,4,25,RB,RB16,1,126,25.08,3.94,2.11,Peacock eel,Macrognathus siamensis,Macrognathus,100,invasive,0,ZERO,0,0,0,NA,2006
2006-04-25T00:00:00Z,2,2006,4,25,RB,RB16,2,136,24.66,3.32,2.73,Peacock eel,Macrognathus siamensis,Macrognathus,100,invasive,0,ZERO,0,0,0,NA,2006
2006-04-25T00:00:00Z,2,2006,4,25,RB,RB16,3,125,24.15,2.79,2.35,Peacock eel,Macrognathus siamensis,Macrognathus,100,invasive,0,ZERO,0,0,0,NA,2006
2006-04-26T00:00:00Z,2,2006,4,26,RB,RB7,1,162,26.26,0.99,0.67,Peacock eel,Macrognathus siamensis,Macrognathus,100,invasive,0,ZERO,0,0,0,NA,2006
2006-04-26T00:00:00Z,2,2006,4,26,RB,RB7,2,161,26.2,0.86,0.63,Peacock eel,Macrognathus siamensis,Macrognathus,100,invasive,0,ZERO,0,0,0,NA,2006
2006-04-26T00:00:00Z,2,2006,4,26,RB,RB7,3,145,26.48,0.73,0.82,Peacock eel,Macrognathus siamensis,Macrognathus,100,invasive,0,ZERO,0,0,0,NA,2006
2006-04-27T00:00:00Z,2,2006,4,27,RB,RB8,1,51,27.6,0.72,4.05,Peacock eel,Macrognathus siamensis,Macrognathus,100,invasive,0,ZERO,0,0,0,NA,2006
2006-04-27T00:00:00Z,2,2006,4,27,RB,RB8,2,125,27.34,0.7,3.65,Peacock eel,Macrognathus siamensis,Macrognathus,100,invasive,0,ZERO,0,0,0,NA,2006
2006-04-27T00:00:00Z,2,2006,4,27,RB,RB8,3,51,27.38,0.68,3.84,Peacock eel,Macrognathus siamensis,Macrognathus,100,invasive,0,ZERO,0,0,0,NA,2006
2006-04-26T00:00:00Z,2,2006,4,26,RB,RB9,1,113,27.62,0.64,5.02,Peacock eel,Macrognathus siamensis,Macrognathus,100,invasive,0,ZERO,0,0,0,NA,2006
2006-04-26T00:00:00Z,2,2006,4,26,RB,RB9,2,113,27.81,0.64,5.34,Peacock eel,Macrognathus siamensis,Macrognathus,100,invasive,0,ZERO,0,0,0,NA,2006
2006-04-26T00:00:00Z,2,2006,4,26,RB,RB9,3,139,27.89,0.65,5.04,Peacock eel,Macrognathus siamensis,Macrognathus,100,invasive,0,ZERO,0,0,0,NA,2006
2006-11-09T00:00:00Z,3,2006,11,9,RB,RB10,1,113,22.8,0.2,3.33,Peacock eel,Macrognathus siamensis,Macrognathus,100,invasive,0,ZERO,0,0,0,NA,2007
2006-11-09T00:00:00Z,3,2006,11,9,RB,RB10,2,71,22.3,0.2,3.58,Peacock eel,Macrognathus siamensis,Macrognathus,100,invasive,0,ZERO,0,0,0,NA,2007
2006-11-09T00:00:00Z,3,2006,11,9,RB,RB10,3,84,23,0.2,3.6,Peacock eel,Macrognathus siamensis,Macrognathus,100,invasive,0,ZERO,0,0,0,NA,2007
2006-11-09T00:00:00Z,3,2006,11,9,RB,RB11,1,116,23.2,0.2,3.7,Peacock eel,Macrognathus siamensis,Macrognathus,100,invasive,0,ZERO,0,0,0,NA,2007
2006-11-09T00:00:00Z,3,2006,11,9,RB,RB11,2,131,23.3,0.2,4.17,Peacock eel,Macrognathus siamensis,Macrognathus,100,invasive,0,ZERO,0,0,0,NA,2007
2006-11-09T00:00:00Z,3,2006,11,9,RB,RB11,3,122,23.9,0.2,4.68,Peacock eel,Macrognathus siamensis,Macrognathus,100,invasive,0,ZERO,0,0,0,NA,2007
2006-11-07T00:00:00Z,3,2006,11,7,RB,RB12,1,152,23.5,0.3,3.19,Peacock eel,Macrognathus siamensis,Macrognathus,100,invasive,0,ZERO,0,0,0,NA,2007
2006-11-07T00:00:00Z,3,2006,11,7,RB,RB12,2,102,23.5,0.3,3.26,Peacock eel,Macrognathus siamensis,Macrognathus,100,invasive,0,ZERO,0,0,0,NA,2007
2006-11-07T00:00:00Z,3,2006,11,7,RB,RB12,3,106,23.5,0.3,3.31,Peacock eel,Macrognathus siamensis,Macrognathus,100,invasive,0,ZERO,0,0,0,NA,2007
2006-11-08T00:00:00Z,3,2006,11,8,RB,RB13,1,98,24.9,0.2,4.4,Peacock eel,Macrognathus siamensis,Macrognathus,100,invasive,0,ZERO,0,0,0,NA,2007
2006-11-08T00:00:00Z,3,2006,11,8,RB,RB13,2,103,24.9,0.2,4.27,Peacock eel,Macrognathus siamensis,Macrognathus,100,invasive,0,ZERO,0,0,0,NA,2007
2006-11-08T00:00:00Z,3,2006,11,8,RB,RB13,3,96,24.9,0.2,4.58,Peacock eel,Macrognathus siamensis,Macrognathus,100,invasive,0,ZERO,0,0,0,NA,2007
2006-11-07T00:00:00Z,3,2006,11,7,RB,RB14,1,101,23.7,0.3,3.8,Peacock eel,Macrognathus siamensis,Macrognathus,100,invasive,0,ZERO,0,0,0,NA,2007
2006-11-07T00:00:00Z,3,2006,11,7,RB,RB14,2,99,23.7,0.2,3.91,Peacock eel,Macrognathus siamensis,Macrognathus,100,invasive,0,ZERO,0,0,0,NA,2007
2006-11-07T00:00:00Z,3,2006,11,7,RB,RB14,3,105,23.8,0.2,4.24,Peacock eel,Macrognathus siamensis,Macrognathus,100,invasive,0,ZERO,0,0,0,NA,2007
2006-11-07T00:00:00Z,3,2006,11,7,RB,RB15,1,128,24.4,1.2,3.84,Peacock eel,Macrognathus siamensis,Macrognathus,100,invasive,0,ZERO,0,0,0,NA,2007
2006-11-07T00:00:00Z,3,2006,11,7,RB,RB15,2,121,24.5,1,2.95,Peacock eel,Macrognathus siamensis,Macrognathus,100,invasive,0,ZERO,0,0,0,NA,2007
2006-11-07T00:00:00Z,3,2006,11,7,RB,RB15,3,103,24.8,0.8,2.62,Peacock eel,Macrognathus siamensis,Macrognathus,100,invasive,0,ZERO,0,0,0,NA,2007
2006-11-07T00:00:00Z,3,2006,11,7,RB,RB16,2,150,23.3,0.7,4.13,Peacock eel,Macrognathus siamensis,Macrognathus,100,invasive,0,ZERO,0,0,0,NA,2007
2006-11-08T00:00:00Z,3,2006,11,8,RB,RB7,1,130,23.6,0.4,2.77,Peacock eel,Macrognathus siamensis,Macrognathus,100,invasive,0,ZERO,0,0,0,NA,2007
2006-11-08T00:00:00Z,3,2006,11,8,RB,RB7,2,163,23.4,0.4,2.47,Peacock eel,Macrognathus siamensis,Macrognathus,100,invasive,0,ZERO,0,0,0,NA,2007
2006-11-08T00:00:00Z,3,2006,11,8,RB,RB7,3,175,23.7,0.4,2.07,Peacock eel,Macrognathus siamensis,Macrognathus,100,invasive,0,ZERO,0,0,0,NA,2007
2006-11-09T00:00:00Z,3,2006,11,9,RB,RB8,1,85,23.7,0.2,3.76,Peacock eel,Macrognathus siamensis,Macrognathus,100,invasive,0,ZERO,0,0,0,NA,2007
2006-11-09T00:00:00Z,3,2006,11,9,RB,RB8,2,90,23.7,0.2,3.6,Peacock eel,Macrognathus siamensis,Macrognathus,100,invasive,0,ZERO,0,0,0,NA,2007
2006-11-09T00:00:00Z,3,2006,11,9,RB,RB8,3,82,23.2,0.2,3.62,Peacock eel,Macrognathus siamensis,Macrognathus,100,invasive,0,ZERO,0,0,0,NA,2007
2006-11-09T00:00:00Z,3,2006,11,9,RB,RB9,1,99,23,0.2,2.94,Peacock eel,Macrognathus siamensis,Macrognathus,100,invasive,0,ZERO,0,0,0,NA,2007
2006-11-09T00:00:00Z,3,2006,11,9,RB,RB9,2,116,22.2,0.2,2.97,Peacock eel,Macrognathus siamensis,Macrognathus,100,invasive,0,ZERO,0,0,0,NA,2007
2006-11-09T00:00:00Z,3,2006,11,9,RB,RB9,3,78,23.3,0.2,3.14,Peacock eel,Macrognathus siamensis,Macrognathus,100,invasive,0,ZERO,0,0,0,NA,2007
2007-03-07T00:00:00Z,3,2007,3,7,RB,RB10,1,99,20.4,0.7,2.73,Peacock eel,Macrognathus siamensis,Macrognathus,100,invasive,0,ZERO,0,0,0,NA,2007
2007-03-07T00:00:00Z,3,2007,3,7,RB,RB10,2,80,20.9,0.7,3,Peacock eel,Macrognathus siamensis,Macrognathus,100,invasive,0,ZERO,0,0,0,NA,2007
2007-03-07T00:00:00Z,3,2007,3,7,RB,RB10,3,86,20.9,0.7,3,Peacock eel,Macrognathus siamensis,Macrognathus,100,invasive,0,ZERO,0,0,0,NA,2007
2007-03-07T00:00:00Z,3,2007,3,7,RB,RB11,1,105,20,0.7,3,Peacock eel,Macrognathus siamensis,Macrognathus,100,invasive,0,ZERO,0,0,0,NA,2007
2007-03-07T00:00:00Z,3,2007,3,7,RB,RB11,2,75,19.6,0.5,3.17,Peacock eel,Macrognathus siamensis,Macrognathus,100,invasive,0,ZERO,0,0,0,NA,2007
2007-03-07T00:00:00Z,3,2007,3,7,RB,RB11,3,80,18.9,0.4,3.25,Peacock eel,Macrognathus siamensis,Macrognathus,100,invasive,0,ZERO,0,0,0,NA,2007
2007-03-05T00:00:00Z,3,2007,3,5,RB,RB12,1,135,22.7,1,1.91,Peacock eel,Macrognathus siamensis,Macrognathus,100,invasive,0,ZERO,0,0,0,NA,2007
2007-03-05T00:00:00Z,3,2007,3,5,RB,RB12,2,97,21.9,0.9,2.53,Peacock eel,Macrognathus siamensis,Macrognathus,100,invasive,0,ZERO,0,0,0,NA,2007
2007-03-05T00:00:00Z,3,2007,3,5,RB,RB12,3,98,22.1,0.9,2.97,Peacock eel,Macrognathus siamensis,Macrognathus,100,invasive,0,ZERO,0,0,0,NA,2007
2007-03-07T00:00:00Z,3,2007,3,7,RB,RB13,1,104,22.8,0.8,5.31,Peacock eel,Macrognathus siamensis,Macrognathus,100,invasive,0,ZERO,0,0,0,NA,2007
2007-03-07T00:00:00Z,3,2007,3,7,RB,RB13,2,116,22.5,0.8,5.13,Peacock eel,Macrognathus siamensis,Macrognathus,100,invasive,0,ZERO,0,0,0,NA,2007
2007-03-07T00:00:00Z,3,2007,3,7,RB,RB13,3,93,22.6,0.8,4.95,Peacock eel,Macrognathus siamensis,Macrognathus,100,invasive,0,ZERO,0,0,0,NA,2007
2007-03-06T00:00:00Z,3,2007,3,6,RB,RB14,1,97,21.8,1.1,2.12,Peacock eel,Macrognathus siamensis,Macrognathus,100,invasive,0,ZERO,0,0,0,NA,2007
2007-03-06T00:00:00Z,3,2007,3,6,RB,RB14,2,98,22,1.2,0.44,Peacock eel,Macrognathus siamensis,Macrognathus,100,invasive,0,ZERO,0,0,0,NA,2007
2007-03-06T00:00:00Z,3,2007,3,6,RB,RB14,3,75,22.4,1,2.27,Peacock eel,Macrognathus siamensis,Macrognathus,100,invasive,0,ZERO,0,0,0,NA,2007
2007-03-06T00:00:00Z,3,2007,3,6,RB,RB15,1,121,21.6,1.6,0.05,Peacock eel,Macrognathus siamensis,Macrognathus,100,invasive,0,ZERO,0,0,0,NA,2007
2007-03-06T00:00:00Z,3,2007,3,6,RB,RB15,2,124,21.3,1.6,0.06,Peacock eel,Macrognathus siamensis,Macrognathus,100,invasive,0,ZERO,0,0,0,NA,2007
2007-03-06T00:00:00Z,3,2007,3,6,RB,RB15,3,121,21.6,1.6,0.05,Peacock eel,Macrognathus siamensis,Macrognathus,100,invasive,0,ZERO,0,0,0,NA,2007
2007-03-05T00:00:00Z,3,2007,3,5,RB,RB16,1,126,22.1,1.5,1.38,Peacock eel,Macrognathus siamensis,Macrognathus,100,invasive,0,ZERO,0,0,0,NA,2007
2007-03-05T00:00:00Z,3,2007,3,5,RB,RB16,2,111,21.9,1.3,1.86,Peacock eel,Macrognathus siamensis,Macrognathus,100,invasive,0,ZERO,0,0,0,NA,2007
2007-03-05T00:00:00Z,3,2007,3,5,RB,RB16,3,126,21,1.3,1.7,Peacock eel,Macrognathus siamensis,Macrognathus,100,invasive,0,ZERO,0,0,0,NA,2007
2007-03-06T00:00:00Z,3,2007,3,6,RB,RB7,1,110,21.6,1.8,0.02,Peacock eel,Macrognathus siamensis,Macrognathus,100,invasive,0,ZERO,0,0,0,NA,2007
2007-03-06T00:00:00Z,3,2007,3,6,RB,RB7,2,123,21.6,1.7,0.03,Peacock eel,Macrognathus siamensis,Macrognathus,100,invasive,0,ZERO,0,0,0,NA,2007
2007-03-06T00:00:00Z,3,2007,3,6,RB,RB7,3,106,21.6,1.6,0.2,Peacock eel,Macrognathus siamensis,Macrognathus,100,invasive,0,ZERO,0,0,0,NA,2007
2007-03-07T00:00:00Z,3,2007,3,7,RB,RB8,1,102,21.9,0.7,3.97,Peacock eel,Macrognathus siamensis,Macrognathus,100,invasive,0,ZERO,0,0,0,NA,2007
2007-03-07T00:00:00Z,3,2007,3,7,RB,RB8,2,85,22.2,0.6,3.97,Peacock eel,Macrognathus siamensis,Macrognathus,100,invasive,0,ZERO,0,0,0,NA,2007
2007-03-07T00:00:00Z,3,2007,3,7,RB,RB8,3,120,22.2,0.7,3.95,Peacock eel,Macrognathus siamensis,Macrognathus,100,invasive,0,ZERO,0,0,0,NA,2007
2007-03-07T00:00:00Z,3,2007,3,7,RB,RB9,1,90,21.3,0.5,2.78,Peacock eel,Macrognathus siamensis,Macrognathus,100,invasive,0,ZERO,0,0,0,NA,2007
2007-03-07T00:00:00Z,3,2007,3,7,RB,RB9,2,95,21.2,0.4,3.01,Peacock eel,Macrognathus siamensis,Macrognathus,100,invasive,0,ZERO,0,0,0,NA,2007
2007-03-07T00:00:00Z,3,2007,3,7,RB,RB9,3,63,21.2,0.4,3.18,Peacock eel,Macrognathus siamensis,Macrognathus,100,invasive,1,C,29.5,22.29638972773068,73.64594616167933,NA,2007
2007-05-01T00:00:00Z,3,2007,5,1,RB,RB10,1,123,27.7,0.4,5.18,Peacock eel,Macrognathus siamensis,Macrognathus,100,invasive,0,ZERO,0,0,0,NA,2007
2007-05-01T00:00:00Z,3,2007,5,1,RB,RB10,2,106,27.3,0.4,5.03,Peacock eel,Macrognathus siamensis,Macrognathus,100,invasive,0,ZERO,0,0,0,NA,2007
2007-05-01T00:00:00Z,3,2007,5,1,RB,RB10,3,94,27.4,0.4,5.66,Peacock eel,Macrognathus siamensis,Macrognathus,100,invasive,0,ZERO,0,0,0,NA,2007
2007-05-01T00:00:00Z,3,2007,5,1,RB,RB11,1,107,27.3,0.4,4.61,Peacock eel,Macrognathus siamensis,Macrognathus,100,invasive,0,ZERO,0,0,0,NA,2007
2007-05-01T00:00:00Z,3,2007,5,1,RB,RB11,2,86,27.3,0.3,4.7,Peacock eel,Macrognathus siamensis,Macrognathus,100,invasive,0,ZERO,0,0,0,NA,2007
2007-05-01T00:00:00Z,3,2007,5,1,RB,RB11,3,81,27,0.3,5.94,Peacock eel,Macrognathus siamensis,Macrognathus,100,invasive,0,ZERO,0,0,0,NA,2007
2007-05-02T00:00:00Z,3,2007,5,2,RB,RB12,1,147,25.9,1.5,1.68,Peacock eel,Macrognathus siamensis,Macrognathus,100,invasive,0,ZERO,0,0,0,NA,2007
2007-05-02T00:00:00Z,3,2007,5,2,RB,RB12,2,111,26.1,1.3,1.68,Peacock eel,Macrognathus siamensis,Macrognathus,100,invasive,0,ZERO,0,0,0,NA,2007
2007-05-02T00:00:00Z,3,2007,5,2,RB,RB12,3,132,26.3,1.2,1.72,Peacock eel,Macrognathus siamensis,Macrognathus,100,invasive,0,ZERO,0,0,0,NA,2007
2007-05-03T00:00:00Z,3,2007,5,3,RB,RB13,1,100,27.5,0.5,4.43,Peacock eel,Macrognathus siamensis,Macrognathus,100,invasive,0,ZERO,0,0,0,NA,2007
2007-05-03T00:00:00Z,3,2007,5,3,RB,RB13,2,118,27.6,0.5,4.36,Peacock eel,Macrognathus siamensis,Macrognathus,100,invasive,0,ZERO,0,0,0,NA,2007
2007-05-03T00:00:00Z,3,2007,5,3,RB,RB13,3,94,27.7,0.4,4.04,Peacock eel,Macrognathus siamensis,Macrognathus,100,invasive,0,ZERO,0,0,0,NA,2007
2007-05-03T00:00:00Z,3,2007,5,3,RB,RB14,1,101,28,1.1,1.59,Peacock eel,Macrognathus siamensis,Macrognathus,100,invasive,0,ZERO,0,0,0,NA,2007
2007-05-03T00:00:00Z,3,2007,5,3,RB,RB14,2,93,28.1,1.1,1.58,Peacock eel,Macrognathus siamensis,Macrognathus,100,invasive,0,ZERO,0,0,0,NA,2007
2007-05-03T00:00:00Z,3,2007,5,3,RB,RB14,3,92,28.4,1,1.7,Peacock eel,Macrognathus siamensis,Macrognathus,100,invasive,0,ZERO,0,0,0,NA,2007
2007-05-03T00:00:00Z,3,2007,5,3,RB,RB15,2,137,29.6,5.7,2.77,Peacock eel,Macrognathus siamensis,Macrognathus,100,invasive,0,ZERO,0,0,0,NA,2007
2007-05-03T00:00:00Z,3,2007,5,3,RB,RB15,3,120,29,2.1,1.3,Peacock eel,Macrognathus siamensis,Macrognathus,100,invasive,0,ZERO,0,0,0,NA,2007
2007-05-02T00:00:00Z,3,2007,5,2,RB,RB16,1,84,27.4,2.5,2.7,Peacock eel,Macrognathus siamensis,Macrognathus,100,invasive,0,ZERO,0,0,0,NA,2007
2007-05-02T00:00:00Z,3,2007,5,2,RB,RB16,2,117,28.4,2.5,3.47,Peacock eel,Macrognathus siamensis,Macrognathus,100,invasive,0,ZERO,0,0,0,NA,2007
2007-05-02T00:00:00Z,3,2007,5,2,RB,RB16,3,140,27.8,2.4,3.26,Peacock eel,Macrognathus siamensis,Macrognathus,100,invasive,0,ZERO,0,0,0,NA,2007
2007-05-03T00:00:00Z,3,2007,5,3,RB,RB7,1,106,26,1,5.9,Peacock eel,Macrognathus siamensis,Macrognathus,100,invasive,0,ZERO,0,0,0,NA,2007
2007-05-03T00:00:00Z,3,2007,5,3,RB,RB7,2,137,26,0.9,0.76,Peacock eel,Macrognathus siamensis,Macrognathus,100,invasive,0,ZERO,0,0,0,NA,2007
2007-05-03T00:00:00Z,3,2007,5,3,RB,RB7,3,115,25.6,0.9,1.11,Peacock eel,Macrognathus siamensis,Macrognathus,100,invasive,0,ZERO,0,0,0,NA,2007
2007-05-02T00:00:00Z,3,2007,5,2,RB,RB8,1,78,26.7,0.4,3.55,Peacock eel,Macrognathus siamensis,Macrognathus,100,invasive,0,ZERO,0,0,0,NA,2007
2007-05-02T00:00:00Z,3,2007,5,2,RB,RB8,2,67,26.6,0.4,3.55,Peacock eel,Macrognathus siamensis,Macrognathus,100,invasive,0,ZERO,0,0,0,NA,2007
2007-05-02T00:00:00Z,3,2007,5,2,RB,RB8,3,94,27.7,0.4,3.46,Peacock eel,Macrognathus siamensis,Macrognathus,100,invasive,0,ZERO,0,0,0,NA,2007
2007-05-02T00:00:00Z,3,2007,5,2,RB,RB9,1,125,25,0.4,2.66,Peacock eel,Macrognathus siamensis,Macrognathus,100,invasive,0,ZERO,0,0,0,NA,2007
2007-05-02T00:00:00Z,3,2007,5,2,RB,RB9,2,104,25.2,0.3,2.59,Peacock eel,Macrognathus siamensis,Macrognathus,100,invasive,0,ZERO,0,0,0,NA,2007
2007-05-02T00:00:00Z,3,2007,5,2,RB,RB9,3,84,25.3,0.3,2.6,Peacock eel,Macrognathus siamensis,Macrognathus,100,invasive,0,ZERO,0,0,0,NA,2007
2007-12-04T00:00:00Z,4,2007,12,4,RB,RB10,1,89,23,0.3,3.21,Peacock eel,Macrognathus siamensis,Macrognathus,100,invasive,0,ZERO,0,0,0,NA,2008
2007-12-04T00:00:00Z,4,2007,12,4,RB,RB10,2,89,22.7,0.3,3.55,Peacock eel,Macrognathus siamensis,Macrognathus,100,invasive,0,ZERO,0,0,0,NA,2008
2007-12-04T00:00:00Z,4,2007,12,4,RB,RB10,3,86,23.1,0.3,3.54,Peacock eel,Macrognathus siamensis,Macrognathus,100,invasive,0,ZERO,0,0,0,NA,2008
2007-12-04T00:00:00Z,4,2007,12,4,RB,RB11,1,86,23.7,0.3,4.24,Peacock eel,Macrognathus siamensis,Macrognathus,100,invasive,0,ZERO,0,0,0,NA,2008
2007-12-04T00:00:00Z,4,2007,12,4,RB,RB11,2,102,22.4,0.3,3.6,Peacock eel,Macrognathus siamensis,Macrognathus,100,invasive,0,ZERO,0,0,0,NA,2008
2007-12-04T00:00:00Z,4,2007,12,4,RB,RB11,3,85,22.5,0.2,3.88,Peacock eel,Macrognathus siamensis,Macrognathus,100,invasive,0,ZERO,0,0,0,NA,2008
2007-12-03T00:00:00Z,4,2007,12,3,RB,RB12,1,143,23.3,0.6,1.55,Peacock eel,Macrognathus siamensis,Macrognathus,100,invasive,0,ZERO,0,0,0,NA,2008
2007-12-03T00:00:00Z,4,2007,12,3,RB,RB12,2,104,22.8,0.6,1.94,Peacock eel,Macrognathus siamensis,Macrognathus,100,invasive,0,ZERO,0,0,0,NA,2008
2007-12-03T00:00:00Z,4,2007,12,3,RB,RB12,3,81,23,0.5,1.95,Peacock eel,Macrognathus siamensis,Macrognathus,100,invasive,0,ZERO,0,0,0,NA,2008
2007-12-05T00:00:00Z,4,2007,12,5,RB,RB13,1,107,21.4,0.3,3.56,Peacock eel,Macrognathus siamensis,Macrognathus,100,invasive,0,ZERO,0,0,0,NA,2008
2007-12-05T00:00:00Z,4,2007,12,5,RB,RB13,2,86,21.3,0.3,3.34,Peacock eel,Macrognathus siamensis,Macrognathus,100,invasive,0,ZERO,0,0,0,NA,2008
2007-12-05T00:00:00Z,4,2007,12,5,RB,RB13,3,73,21.4,0.3,3.41,Peacock eel,Macrognathus siamensis,Macrognathus,100,invasive,0,ZERO,0,0,0,NA,2008
2007-12-05T00:00:00Z,4,2007,12,5,RB,RB14,1,73,23.1,0.6,2.19,Peacock eel,Macrognathus siamensis,Macrognathus,100,invasive,0,ZERO,0,0,0,NA,2008
2007-12-05T00:00:00Z,4,2007,12,5,RB,RB14,2,122,23,0.7,0.95,Peacock eel,Macrognathus siamensis,Macrognathus,100,invasive,0,ZERO,0,0,0,NA,2008
2007-12-05T00:00:00Z,4,2007,12,5,RB,RB14,3,134,23,0.8,0.96,Peacock eel,Macrognathus siamensis,Macrognathus,100,invasive,0,ZERO,0,0,0,NA,2008
2007-12-06T00:00:00Z,4,2007,12,6,RB,RB15,1,118,22.5,0.9,0.99,Peacock eel,Macrognathus siamensis,Macrognathus,100,invasive,0,ZERO,0,0,0,NA,2008
2007-12-06T00:00:00Z,4,2007,12,6,RB,RB15,3,169,22.5,1,0.79,Peacock eel,Macrognathus siamensis,Macrognathus,100,invasive,0,ZERO,0,0,0,NA,2008
2007-12-03T00:00:00Z,4,2007,12,3,RB,RB16,1,67,24.6,1.3,1.4,Peacock eel,Macrognathus siamensis,Macrognathus,100,invasive,0,ZERO,0,0,0,NA,2008
2007-12-03T00:00:00Z,4,2007,12,3,RB,RB16,2,80,24.4,1.1,1.9,Peacock eel,Macrognathus siamensis,Macrognathus,100,invasive,0,ZERO,0,0,0,NA,2008
2007-12-03T00:00:00Z,4,2007,12,3,RB,RB16,3,83,23.5,0.8,1.92,Peacock eel,Macrognathus siamensis,Macrognathus,100,invasive,0,ZERO,0,0,0,NA,2008
2007-12-05T00:00:00Z,4,2007,12,5,RB,RB7,1,136,20.1,0.6,2.23,Peacock eel,Macrognathus siamensis,Macrognathus,100,invasive,0,ZERO,0,0,0,NA,2008
2007-12-05T00:00:00Z,4,2007,12,5,RB,RB7,2,151,20.2,0.7,2.7,Peacock eel,Macrognathus siamensis,Macrognathus,100,invasive,0,ZERO,0,0,0,NA,2008
2007-12-05T00:00:00Z,4,2007,12,5,RB,RB7,3,136,20.3,0.4,3.12,Peacock eel,Macrognathus siamensis,Macrognathus,100,invasive,0,ZERO,0,0,0,NA,2008
2007-12-05T00:00:00Z,4,2007,12,5,RB,RB8,1,118,20.8,0.3,3.82,Peacock eel,Macrognathus siamensis,Macrognathus,100,invasive,0,ZERO,0,0,0,NA,2008
2007-12-05T00:00:00Z,4,2007,12,5,RB,RB8,2,109,20.9,0.3,3.87,Peacock eel,Macrognathus siamensis,Macrognathus,100,invasive,0,ZERO,0,0,0,NA,2008
2007-12-05T00:00:00Z,4,2007,12,5,RB,RB8,3,178,20.9,0.3,4.04,Peacock eel,Macrognathus siamensis,Macrognathus,100,invasive,0,ZERO,0,0,0,NA,2008
2007-12-04T00:00:00Z,4,2007,12,4,RB,RB9,1,100,23.3,0.3,3.87,Peacock eel,Macrognathus siamensis,Macrognathus,100,invasive,0,ZERO,0,0,0,NA,2008
2007-12-04T00:00:00Z,4,2007,12,4,RB,RB9,2,87,22.6,0.3,3.71,Peacock eel,Macrognathus siamensis,Macrognathus,100,invasive,0,ZERO,0,0,0,NA,2008
2007-12-04T00:00:00Z,4,2007,12,4,RB,RB9,3,121,22.7,0.3,3.68,Peacock eel,Macrognathus siamensis,Macrognathus,100,invasive,0,ZERO,0,0,0,NA,2008
2008-03-19T00:00:00Z,4,2008,3,19,RB,RB10,1,123,24.8,1.8,7.4,Peacock eel,Macrognathus siamensis,Macrognathus,100,invasive,0,ZERO,0,0,0,NA,2008
2008-03-19T00:00:00Z,4,2008,3,19,RB,RB10,2,75,24.9,1.8,7.2,Peacock eel,Macrognathus siamensis,Macrognathus,100,invasive,0,ZERO,0,0,0,NA,2008
2008-03-19T00:00:00Z,4,2008,3,19,RB,RB10,3,91,24.7,1.8,7.14,Peacock eel,Macrognathus siamensis,Macrognathus,100,invasive,0,ZERO,0,0,0,NA,2008
2008-03-11T00:00:00Z,4,2008,3,11,RB,RB11,1,46,22.3,1.4,6.84,Peacock eel,Macrognathus siamensis,Macrognathus,100,invasive,0,ZERO,0,0,0,NA,2008
2008-03-11T00:00:00Z,4,2008,3,11,RB,RB11,2,63,22,1.3,5.45,Peacock eel,Macrognathus siamensis,Macrognathus,100,invasive,0,ZERO,0,0,0,NA,2008
2008-03-11T00:00:00Z,4,2008,3,11,RB,RB11,3,62,22,1.2,3.63,Peacock eel,Macrognathus siamensis,Macrognathus,100,invasive,0,ZERO,0,0,0,NA,2008
2008-03-10T00:00:00Z,4,2008,3,10,RB,RB12,1,79,21.8,5.3,3.46,Peacock eel,Macrognathus siamensis,Macrognathus,100,invasive,0,ZERO,0,0,0,NA,2008
2008-03-10T00:00:00Z,4,2008,3,10,RB,RB12,2,105,22.7,5.3,4.31,Peacock eel,Macrognathus siamensis,Macrognathus,100,invasive,0,ZERO,0,0,0,NA,2008
2008-03-10T00:00:00Z,4,2008,3,10,RB,RB12,3,108,22.4,5.3,4.2,Peacock eel,Macrognathus siamensis,Macrognathus,100,invasive,0,ZERO,0,0,0,NA,2008
2008-03-10T00:00:00Z,4,2008,3,10,RB,RB13,1,85,22.7,3.9,6.66,Peacock eel,Macrognathus siamensis,Macrognathus,100,invasive,0,ZERO,0,0,0,NA,2008
2008-03-10T00:00:00Z,4,2008,3,10,RB,RB13,2,92,22.5,3.9,6.48,Peacock eel,Macrognathus siamensis,Macrognathus,100,invasive,0,ZERO,0,0,0,NA,2008
2008-03-10T00:00:00Z,4,2008,3,10,RB,RB13,3,93,22.2,3.9,6.2,Peacock eel,Macrognathus siamensis,Macrognathus,100,invasive,0,ZERO,0,0,0,NA,2008
2008-03-19T00:00:00Z,4,2008,3,19,RB,RB14,1,124,24.6,7.4,3.15,Peacock eel,Macrognathus siamensis,Macrognathus,100,invasive,0,ZERO,0,0,0,NA,2008
2008-03-19T00:00:00Z,4,2008,3,19,RB,RB14,2,100,24.6,7.2,3.75,Peacock eel,Macrognathus siamensis,Macrognathus,100,invasive,0,ZERO,0,0,0,NA,2008
2008-03-19T00:00:00Z,4,2008,3,19,RB,RB14,3,84,25,7.1,3.88,Peacock eel,Macrognathus siamensis,Macrognathus,100,invasive,0,ZERO,0,0,0,NA,2008
2008-03-10T00:00:00Z,4,2008,3,10,RB,RB16,1,110,23.3,8.9,4.02,Peacock eel,Macrognathus siamensis,Macrognathus,100,invasive,0,ZERO,0,0,0,NA,2008
2008-03-10T00:00:00Z,4,2008,3,10,RB,RB16,2,153,22.9,8.7,3.74,Peacock eel,Macrognathus siamensis,Macrognathus,100,invasive,0,ZERO,0,0,0,NA,2008
2008-03-19T00:00:00Z,4,2008,3,19,RB,RB7,1,86,24.1,3.8,0.12,Peacock eel,Macrognathus siamensis,Macrognathus,100,invasive,0,ZERO,0,0,0,NA,2008
2008-03-19T00:00:00Z,4,2008,3,19,RB,RB7,2,90,24.3,3.7,0.11,Peacock eel,Macrognathus siamensis,Macrognathus,100,invasive,0,ZERO,0,0,0,NA,2008
2008-03-19T00:00:00Z,4,2008,3,19,RB,RB7,3,91,24.2,3.6,0.11,Peacock eel,Macrognathus siamensis,Macrognathus,100,invasive,0,ZERO,0,0,0,NA,2008
2008-03-19T00:00:00Z,4,2008,3,19,RB,RB8,1,107,24.8,2.4,6.9,Peacock eel,Macrognathus siamensis,Macrognathus,100,invasive,0,ZERO,0,0,0,NA,2008
2008-03-19T00:00:00Z,4,2008,3,19,RB,RB8,2,100,24.9,2.4,7,Peacock eel,Macrognathus siamensis,Macrognathus,100,invasive,0,ZERO,0,0,0,NA,2008
2008-03-19T00:00:00Z,4,2008,3,19,RB,RB8,3,83,24.7,2.3,6.81,Peacock eel,Macrognathus siamensis,Macrognathus,100,invasive,0,ZERO,0,0,0,NA,2008
2008-03-11T00:00:00Z,4,2008,3,11,RB,RB9,1,98,22.4,1.1,5.54,Peacock eel,Macrognathus siamensis,Macrognathus,100,invasive,0,ZERO,0,0,0,NA,2008
2008-03-11T00:00:00Z,4,2008,3,11,RB,RB9,2,99,22.7,0.9,4.56,Peacock eel,Macrognathus siamensis,Macrognathus,100,invasive,0,ZERO,0,0,0,NA,2008
2008-03-11T00:00:00Z,4,2008,3,11,RB,RB9,3,71,22.7,0.9,4.55,Peacock eel,Macrognathus siamensis,Macrognathus,100,invasive,0,ZERO,0,0,0,NA,2008
2008-04-28T00:00:00Z,4,2008,4,28,RB,RB10,1,84,26.5,0.6,4.03,Peacock eel,Macrognathus siamensis,Macrognathus,100,invasive,0,ZERO,0,0,0,NA,2008
2008-04-28T00:00:00Z,4,2008,4,28,RB,RB10,2,98,26.6,0.5,3.87,Peacock eel,Macrognathus siamensis,Macrognathus,100,invasive,0,ZERO,0,0,0,NA,2008
2008-04-28T00:00:00Z,4,2008,4,28,RB,RB10,3,104,26.6,0.5,3.62,Peacock eel,Macrognathus siamensis,Macrognathus,100,invasive,0,ZERO,0,0,0,NA,2008
2008-04-28T00:00:00Z,4,2008,4,28,RB,RB11,1,78,25.9,0.6,4.5,Peacock eel,Macrognathus siamensis,Macrognathus,100,invasive,0,ZERO,0,0,0,NA,2008
2008-04-28T00:00:00Z,4,2008,4,28,RB,RB11,2,88,25.7,0.5,4.39,Peacock eel,Macrognathus siamensis,Macrognathus,100,invasive,0,ZERO,0,0,0,NA,2008
2008-04-28T00:00:00Z,4,2008,4,28,RB,RB11,3,103,26,0.5,3.92,Peacock eel,Macrognathus siamensis,Macrognathus,100,invasive,0,ZERO,0,0,0,NA,2008
2008-04-28T00:00:00Z,4,2008,4,28,RB,RB12,1,130,24.6,4.9,0.87,Peacock eel,Macrognathus siamensis,Macrognathus,100,invasive,0,ZERO,0,0,0,NA,2008
2008-04-28T00:00:00Z,4,2008,4,28,RB,RB12,2,113,24.2,4,1,Peacock eel,Macrognathus siamensis,Macrognathus,100,invasive,0,ZERO,0,0,0,NA,2008
2008-04-28T00:00:00Z,4,2008,4,28,RB,RB12,3,81,24.6,2.8,1.21,Peacock eel,Macrognathus siamensis,Macrognathus,100,invasive,0,ZERO,0,0,0,NA,2008
2008-04-29T00:00:00Z,4,2008,4,29,RB,RB13,1,96,27.3,1.7,4.7,Peacock eel,Macrognathus siamensis,Macrognathus,100,invasive,0,ZERO,0,0,0,NA,2008
2008-04-29T00:00:00Z,4,2008,4,29,RB,RB13,2,105,27.1,1.5,4.88,Peacock eel,Macrognathus siamensis,Macrognathus,100,invasive,0,ZERO,0,0,0,NA,2008
2008-04-29T00:00:00Z,4,2008,4,29,RB,RB13,3,78,27.4,1.6,5.06,Peacock eel,Macrognathus siamensis,Macrognathus,100,invasive,0,ZERO,0,0,0,NA,2008
2008-04-29T00:00:00Z,4,2008,4,29,RB,RB14,1,123,27.6,5.8,1.36,Peacock eel,Macrognathus siamensis,Macrognathus,100,invasive,0,ZERO,0,0,0,NA,2008
2008-04-29T00:00:00Z,4,2008,4,29,RB,RB14,2,107,28.3,4.7,1.67,Peacock eel,Macrognathus siamensis,Macrognathus,100,invasive,0,ZERO,0,0,0,NA,2008
2008-04-29T00:00:00Z,4,2008,4,29,RB,RB15,1,125,28,11.5,1.83,Peacock eel,Macrognathus siamensis,Macrognathus,100,invasive,0,ZERO,0,0,0,NA,2008
2008-04-29T00:00:00Z,4,2008,4,29,RB,RB15,2,118,27.9,10.4,1.85,Peacock eel,Macrognathus siamensis,Macrognathus,100,invasive,0,ZERO,0,0,0,NA,2008
2008-04-28T00:00:00Z,4,2008,4,28,RB,RB16,1,124,26.8,7.7,3.82,Peacock eel,Macrognathus siamensis,Macrognathus,100,invasive,0,ZERO,0,0,0,NA,2008
2008-04-28T00:00:00Z,4,2008,4,28,RB,RB16,2,123,26.2,7.3,3.68,Peacock eel,Macrognathus siamensis,Macrognathus,100,invasive,0,ZERO,0,0,0,NA,2008
2008-04-28T00:00:00Z,4,2008,4,28,RB,RB16,3,170,26.6,6.7,3.73,Peacock eel,Macrognathus siamensis,Macrognathus,100,invasive,0,ZERO,0,0,0,NA,2008
2008-04-29T00:00:00Z,4,2008,4,29,RB,RB7,1,99,26.2,2.4,0.62,Peacock eel,Macrognathus siamensis,Macrognathus,100,invasive,0,ZERO,0,0,0,NA,2008
2008-04-29T00:00:00Z,4,2008,4,29,RB,RB7,3,128,26.1,2.2,0.35,Peacock eel,Macrognathus siamensis,Macrognathus,100,invasive,0,ZERO,0,0,0,NA,2008
2008-04-29T00:00:00Z,4,2008,4,29,RB,RB8,1,114,26.3,0.7,4.58,Peacock eel,Macrognathus siamensis,Macrognathus,100,invasive,0,ZERO,0,0,0,NA,2008
2008-04-29T00:00:00Z,4,2008,4,29,RB,RB8,2,97,26.5,0.7,4.58,Peacock eel,Macrognathus siamensis,Macrognathus,100,invasive,0,ZERO,0,0,0,NA,2008
2008-04-29T00:00:00Z,4,2008,4,29,RB,RB8,3,82,26.6,0.7,4.62,Peacock eel,Macrognathus siamensis,Macrognathus,100,invasive,0,ZERO,0,0,0,NA,2008
2008-04-28T00:00:00Z,4,2008,4,28,RB,RB9,1,98,26.2,0.5,3.86,Peacock eel,Macrognathus siamensis,Macrognathus,100,invasive,0,ZERO,0,0,0,NA,2008
2008-04-28T00:00:00Z,4,2008,4,28,RB,RB9,2,81,26.2,0.5,3.51,Peacock eel,Macrognathus siamensis,Macrognathus,100,invasive,0,ZERO,0,0,0,NA,2008
2008-04-28T00:00:00Z,4,2008,4,28,RB,RB9,3,93,26.2,0.5,3.14,Peacock eel,Macrognathus siamensis,Macrognathus,100,invasive,0,ZERO,0,0,0,NA,2008
2008-12-16T00:00:00Z,5,2008,12,16,RB,RB10,1,134,21.9,0.2,4.4,Peacock eel,Macrognathus siamensis,Macrognathus,100,invasive,0,ZERO,0,0,0,NA,2009
2008-12-16T00:00:00Z,5,2008,12,16,RB,RB10,2,84,22.4,0.2,4.81,Peacock eel,Macrognathus siamensis,Macrognathus,100,invasive,0,ZERO,0,0,0,NA,2009
2008-12-16T00:00:00Z,5,2008,12,16,RB,RB10,3,133,22,0.2,5.1,Peacock eel,Macrognathus siamensis,Macrognathus,100,invasive,0,ZERO,0,0,0,NA,2009
2008-12-17T00:00:00Z,5,2008,12,17,RB,RB11,1,110,21.4,0.2,4.16,Peacock eel,Macrognathus siamensis,Macrognathus,100,invasive,0,ZERO,0,0,0,NA,2009
2008-12-17T00:00:00Z,5,2008,12,17,RB,RB11,2,88,21.5,0.2,4.24,Peacock eel,Macrognathus siamensis,Macrognathus,100,invasive,0,ZERO,0,0,0,NA,2009
2008-12-17T00:00:00Z,5,2008,12,17,RB,RB11,3,102,21.7,0.2,4.38,Peacock eel,Macrognathus siamensis,Macrognathus,100,invasive,1,S,0,21.692307692307693,73.64594616167933,NA,2009
2008-12-17T00:00:00Z,5,2008,12,17,RB,RB11,3,102,21.7,0.2,4.38,Peacock eel,Macrognathus siamensis,Macrognathus,100,invasive,1,S,0,21.692307692307693,73.64594616167933,NA,2009
2008-12-17T00:00:00Z,5,2008,12,17,RB,RB11,3,102,21.7,0.2,4.38,Peacock eel,Macrognathus siamensis,Macrognathus,100,invasive,1,S,0,21.692307692307693,73.64594616167933,NA,2009
2008-12-17T00:00:00Z,5,2008,12,17,RB,RB11,3,102,21.7,0.2,4.38,Peacock eel,Macrognathus siamensis,Macrognathus,100,invasive,1,C,0,25,73.64594616167933,NA,2009
2008-12-17T00:00:00Z,5,2008,12,17,RB,RB11,3,102,21.7,0.2,4.38,Peacock eel,Macrognathus siamensis,Macrognathus,100,invasive,1,C,0,22,73.64594616167933,NA,2009
2008-12-17T00:00:00Z,5,2008,12,17,RB,RB11,3,102,21.7,0.2,4.38,Peacock eel,Macrognathus siamensis,Macrognathus,100,invasive,1,C,0,24.5,73.64594616167933,NA,2009
2008-12-17T00:00:00Z,5,2008,12,17,RB,RB11,3,102,21.7,0.2,4.38,Peacock eel,Macrognathus siamensis,Macrognathus,100,invasive,1,C,0,26,73.64594616167933,NA,2009
2008-12-17T00:00:00Z,5,2008,12,17,RB,RB11,3,102,21.7,0.2,4.38,Peacock eel,Macrognathus siamensis,Macrognathus,100,invasive,1,C,0,16,73.64594616167933,NA,2009
2008-12-17T00:00:00Z,5,2008,12,17,RB,RB11,3,102,21.7,0.2,4.38,Peacock eel,Macrognathus siamensis,Macrognathus,100,invasive,1,C,0,22.5,73.64594616167933,NA,2009
2008-12-17T00:00:00Z,5,2008,12,17,RB,RB12,1,67,20.3,0.3,3.93,Peacock eel,Macrognathus siamensis,Macrognathus,100,invasive,0,ZERO,0,0,0,NA,2009
2008-12-17T00:00:00Z,5,2008,12,17,RB,RB12,2,67,20.3,0.3,3.75,Peacock eel,Macrognathus siamensis,Macrognathus,100,invasive,0,ZERO,0,0,0,NA,2009
2008-12-17T00:00:00Z,5,2008,12,17,RB,RB12,3,95,20.2,0.3,3.74,Peacock eel,Macrognathus siamensis,Macrognathus,100,invasive,0,ZERO,0,0,0,NA,2009
2008-12-16T00:00:00Z,5,2008,12,16,RB,RB13,1,95,22,0.2,4.3,Peacock eel,Macrognathus siamensis,Macrognathus,100,invasive,0,ZERO,0,0,0,NA,2009
2008-12-16T00:00:00Z,5,2008,12,16,RB,RB13,2,98,21.8,0.3,4.42,Peacock eel,Macrognathus siamensis,Macrognathus,100,invasive,0,ZERO,0,0,0,NA,2009
2008-12-16T00:00:00Z,5,2008,12,16,RB,RB13,3,122,22.2,0.2,4.29,Peacock eel,Macrognathus siamensis,Macrognathus,100,invasive,0,ZERO,0,0,0,NA,2009
2008-12-16T00:00:00Z,5,2008,12,16,RB,RB14,1,105,21.1,0.4,3.87,Peacock eel,Macrognathus siamensis,Macrognathus,100,invasive,0,ZERO,0,0,0,NA,2009
2008-12-16T00:00:00Z,5,2008,12,16,RB,RB14,2,122,21.5,0.3,4.87,Peacock eel,Macrognathus siamensis,Macrognathus,100,invasive,0,ZERO,0,0,0,NA,2009
2008-12-16T00:00:00Z,5,2008,12,16,RB,RB14,3,136,21.6,0.3,4.53,Peacock eel,Macrognathus siamensis,Macrognathus,100,invasive,0,ZERO,0,0,0,NA,2009
2008-12-16T00:00:00Z,5,2008,12,16,RB,RB15,1,88,20.7,0.5,4.27,Peacock eel,Macrognathus siamensis,Macrognathus,100,invasive,0,ZERO,0,0,0,NA,2009
2008-12-16T00:00:00Z,5,2008,12,16,RB,RB15,2,104,20.7,0.4,4.25,Peacock eel,Macrognathus siamensis,Macrognathus,100,invasive,0,ZERO,0,0,0,NA,2009
2008-12-16T00:00:00Z,5,2008,12,16,RB,RB15,3,82,20.7,0.4,4.08,Peacock eel,Macrognathus siamensis,Macrognathus,100,invasive,0,ZERO,0,0,0,NA,2009
2008-12-17T00:00:00Z,5,2008,12,17,RB,RB16,1,116,20.7,1.1,4.07,Peacock eel,Macrognathus siamensis,Macrognathus,100,invasive,0,ZERO,0,0,0,NA,2009
2008-12-17T00:00:00Z,5,2008,12,17,RB,RB16,2,158,20.6,1,4.49,Peacock eel,Macrognathus siamensis,Macrognathus,100,invasive,0,ZERO,0,0,0,NA,2009
2008-12-17T00:00:00Z,5,2008,12,17,RB,RB16,3,131,20.6,1,4.43,Peacock eel,Macrognathus siamensis,Macrognathus,100,invasive,1,C,0,25,73.64594616167933,NA,2009
2008-12-17T00:00:00Z,5,2008,12,17,RB,RB16,3,131,20.6,1,4.43,Peacock eel,Macrognathus siamensis,Macrognathus,100,invasive,1,C,0,21,73.64594616167933,NA,2009
2008-12-17T00:00:00Z,5,2008,12,17,RB,RB16,3,131,20.6,1,4.43,Peacock eel,Macrognathus siamensis,Macrognathus,100,invasive,1,C,0,23,73.64594616167933,NA,2009
2008-12-17T00:00:00Z,5,2008,12,17,RB,RB16,3,131,20.6,1,4.43,Peacock eel,Macrognathus siamensis,Macrognathus,100,invasive,1,C,0,18,73.64594616167933,NA,2009
2008-12-16T00:00:00Z,5,2008,12,16,RB,RB7,1,114,21.6,0.3,3.55,Peacock eel,Macrognathus siamensis,Macrognathus,100,invasive,0,ZERO,0,0,0,NA,2009
2008-12-16T00:00:00Z,5,2008,12,16,RB,RB7,2,111,21.7,0.3,3.51,Peacock eel,Macrognathus siamensis,Macrognathus,100,invasive,0,ZERO,0,0,0,NA,2009
2008-12-16T00:00:00Z,5,2008,12,16,RB,RB7,3,159,21.3,0.3,3.44,Peacock eel,Macrognathus siamensis,Macrognathus,100,invasive,0,ZERO,0,0,0,NA,2009
2008-12-17T00:00:00Z,5,2008,12,17,RB,RB8,1,48,21.7,0.3,4.12,Peacock eel,Macrognathus siamensis,Macrognathus,100,invasive,0,ZERO,0,0,0,NA,2009
2008-12-17T00:00:00Z,5,2008,12,17,RB,RB8,2,131,22,0.3,3.8,Peacock eel,Macrognathus siamensis,Macrognathus,100,invasive,0,ZERO,0,0,0,NA,2009
2008-12-17T00:00:00Z,5,2008,12,17,RB,RB8,3,85,22,0.3,3.9,Peacock eel,Macrognathus siamensis,Macrognathus,100,invasive,0,ZERO,0,0,0,NA,2009
2008-12-17T00:00:00Z,5,2008,12,17,RB,RB9,1,100,22.4,0.3,4.35,Peacock eel,Macrognathus siamensis,Macrognathus,100,invasive,1,S,0,21.692307692307693,73.64594616167933,NA,2009
2008-12-17T00:00:00Z,5,2008,12,17,RB,RB9,1,100,22.4,0.3,4.35,Peacock eel,Macrognathus siamensis,Macrognathus,100,invasive,1,C,0,18,73.64594616167933,NA,2009
2008-12-17T00:00:00Z,5,2008,12,17,RB,RB9,1,100,22.4,0.3,4.35,Peacock eel,Macrognathus siamensis,Macrognathus,100,invasive,1,C,0,22,73.64594616167933,NA,2009
2008-12-17T00:00:00Z,5,2008,12,17,RB,RB9,2,149,22.3,0.3,4.4,Peacock eel,Macrognathus siamensis,Macrognathus,100,invasive,0,ZERO,0,0,0,NA,2009
2008-12-17T00:00:00Z,5,2008,12,17,RB,RB9,3,88,22.6,0.3,4.56,Peacock eel,Macrognathus siamensis,Macrognathus,100,invasive,1,S,0,21.692307692307693,73.64594616167933,NA,2009
2008-12-17T00:00:00Z,5,2008,12,17,RB,RB9,3,88,22.6,0.3,4.56,Peacock eel,Macrognathus siamensis,Macrognathus,100,invasive,1,C,0,19,73.64594616167933,NA,2009
2009-02-25T00:00:00Z,5,2009,2,25,RB,RB10,1,91,20.2,0.4,5.53,Peacock eel,Macrognathus siamensis,Macrognathus,100,invasive,0,ZERO,0,0,0,NA,2009
2009-02-25T00:00:00Z,5,2009,2,25,RB,RB10,2,88,20.7,0.4,5.37,Peacock eel,Macrognathus siamensis,Macrognathus,100,invasive,1,C,0,24,73.64594616167933,NA,2009
2009-02-25T00:00:00Z,5,2009,2,25,RB,RB10,2,88,20.7,0.4,5.37,Peacock eel,Macrognathus siamensis,Macrognathus,100,invasive,1,C,0,23.7,73.64594616167933,NA,2009
2009-02-25T00:00:00Z,5,2009,2,25,RB,RB10,2,88,20.7,0.4,5.37,Peacock eel,Macrognathus siamensis,Macrognathus,100,invasive,1,C,0,25,73.64594616167933,NA,2009
2009-02-25T00:00:00Z,5,2009,2,25,RB,RB10,3,95,21.3,0.4,5.71,Peacock eel,Macrognathus siamensis,Macrognathus,100,invasive,1,C,0,26.5,73.64594616167933,NA,2009
2009-02-24T00:00:00Z,5,2009,2,24,RB,RB11,1,75,20.7,0.4,4.63,Peacock eel,Macrognathus siamensis,Macrognathus,100,invasive,1,C,0,23.7,73.64594616167933,NA,2009
2009-02-24T00:00:00Z,5,2009,2,24,RB,RB11,2,67,20.8,0.4,4.66,Peacock eel,Macrognathus siamensis,Macrognathus,100,invasive,1,C,0,23,73.64594616167933,NA,2009
2009-02-24T00:00:00Z,5,2009,2,24,RB,RB11,2,67,20.8,0.4,4.66,Peacock eel,Macrognathus siamensis,Macrognathus,100,invasive,1,C,0,22,73.64594616167933,NA,2009
2009-02-24T00:00:00Z,5,2009,2,24,RB,RB11,3,84,21.5,0.4,4.17,Peacock eel,Macrognathus siamensis,Macrognathus,100,invasive,1,S,0,24.091428571428573,73.64594616167933,NA,2009
2009-02-24T00:00:00Z,5,2009,2,24,RB,RB11,3,84,21.5,0.4,4.17,Peacock eel,Macrognathus siamensis,Macrognathus,100,invasive,1,S,0,24.091428571428573,73.64594616167933,NA,2009
2009-02-24T00:00:00Z,5,2009,2,24,RB,RB11,3,84,21.5,0.4,4.17,Peacock eel,Macrognathus siamensis,Macrognathus,100,invasive,1,S,0,24.091428571428573,73.64594616167933,NA,2009
2009-02-24T00:00:00Z,5,2009,2,24,RB,RB11,3,84,21.5,0.4,4.17,Peacock eel,Macrognathus siamensis,Macrognathus,100,invasive,1,S,0,24.091428571428573,73.64594616167933,NA,2009
2009-02-24T00:00:00Z,5,2009,2,24,RB,RB11,3,84,21.5,0.4,4.17,Peacock eel,Macrognathus siamensis,Macrognathus,100,invasive,1,S,0,24.091428571428573,73.64594616167933,NA,2009
2009-02-24T00:00:00Z,5,2009,2,24,RB,RB11,3,84,21.5,0.4,4.17,Peacock eel,Macrognathus siamensis,Macrognathus,100,invasive,1,C,0,21.5,73.64594616167933,NA,2009
2009-02-24T00:00:00Z,5,2009,2,24,RB,RB11,3,84,21.5,0.4,4.17,Peacock eel,Macrognathus siamensis,Macrognathus,100,invasive,1,C,0,25.7,73.64594616167933,NA,2009
2009-02-24T00:00:00Z,5,2009,2,24,RB,RB11,3,84,21.5,0.4,4.17,Peacock eel,Macrognathus siamensis,Macrognathus,100,invasive,1,C,0,25.5,73.64594616167933,NA,2009
2009-02-24T00:00:00Z,5,2009,2,24,RB,RB11,3,84,21.5,0.4,4.17,Peacock eel,Macrognathus siamensis,Macrognathus,100,invasive,1,C,0,23,73.64594616167933,NA,2009
2009-02-24T00:00:00Z,5,2009,2,24,RB,RB11,3,84,21.5,0.4,4.17,Peacock eel,Macrognathus siamensis,Macrognathus,100,invasive,1,C,0,25.6,73.64594616167933,NA,2009
2009-02-24T00:00:00Z,5,2009,2,24,RB,RB11,3,84,21.5,0.4,4.17,Peacock eel,Macrognathus siamensis,Macrognathus,100,invasive,1,C,0,26.7,73.64594616167933,NA,2009
2009-02-24T00:00:00Z,5,2009,2,24,RB,RB11,3,84,21.5,0.4,4.17,Peacock eel,Macrognathus siamensis,Macrognathus,100,invasive,1,C,0,21.5,73.64594616167933,NA,2009
2009-02-24T00:00:00Z,5,2009,2,24,RB,RB11,3,84,21.5,0.4,4.17,Peacock eel,Macrognathus siamensis,Macrognathus,100,invasive,1,C,0,24.8,73.64594616167933,NA,2009
2009-02-24T00:00:00Z,5,2009,2,24,RB,RB11,3,84,21.5,0.4,4.17,Peacock eel,Macrognathus siamensis,Macrognathus,100,invasive,1,C,0,23.2,73.64594616167933,NA,2009
2009-02-24T00:00:00Z,5,2009,2,24,RB,RB11,3,84,21.5,0.4,4.17,Peacock eel,Macrognathus siamensis,Macrognathus,100,invasive,1,C,0,24.3,73.64594616167933,NA,2009
2009-02-24T00:00:00Z,5,2009,2,24,RB,RB11,3,84,21.5,0.4,4.17,Peacock eel,Macrognathus siamensis,Macrognathus,100,invasive,1,C,0,23.2,73.64594616167933,NA,2009
2009-02-24T00:00:00Z,5,2009,2,24,RB,RB11,3,84,21.5,0.4,4.17,Peacock eel,Macrognathus siamensis,Macrognathus,100,invasive,1,C,0,24.3,73.64594616167933,NA,2009
2009-02-24T00:00:00Z,5,2009,2,24,RB,RB11,3,84,21.5,0.4,4.17,Peacock eel,Macrognathus siamensis,Macrognathus,100,invasive,1,C,0,25.2,73.64594616167933,NA,2009
2009-02-24T00:00:00Z,5,2009,2,24,RB,RB11,3,84,21.5,0.4,4.17,Peacock eel,Macrognathus siamensis,Macrognathus,100,invasive,1,C,0,24.4,73.64594616167933,NA,2009
2009-02-24T00:00:00Z,5,2009,2,24,RB,RB11,3,84,21.5,0.4,4.17,Peacock eel,Macrognathus siamensis,Macrognathus,100,invasive,1,C,0,23.5,73.64594616167933,NA,2009
2009-02-18T00:00:00Z,5,2009,2,18,RB,RB12,1,100,20.3,0.8,3.05,Peacock eel,Macrognathus siamensis,Macrognathus,100,invasive,0,ZERO,0,0,0,NA,2009
2009-02-18T00:00:00Z,5,2009,2,18,RB,RB12,2,65,20.3,0.8,3.86,Peacock eel,Macrognathus siamensis,Macrognathus,100,invasive,1,C,0,25.5,73.64594616167933,NA,2009
2009-02-18T00:00:00Z,5,2009,2,18,RB,RB12,3,78,19.6,0.8,3.88,Peacock eel,Macrognathus siamensis,Macrognathus,100,invasive,0,ZERO,0,0,0,NA,2009
2009-02-19T00:00:00Z,5,2009,2,19,RB,RB13,1,140,19.4,0.4,5.14,Peacock eel,Macrognathus siamensis,Macrognathus,100,invasive,1,C,0,20,73.64594616167933,NA,2009
2009-02-19T00:00:00Z,5,2009,2,19,RB,RB13,2,125,19.8,0.4,5.36,Peacock eel,Macrognathus siamensis,Macrognathus,100,invasive,0,ZERO,0,0,0,NA,2009
2009-02-19T00:00:00Z,5,2009,2,19,RB,RB13,3,148,19.8,0.4,5.4,Peacock eel,Macrognathus siamensis,Macrognathus,100,invasive,1,S,0,24.091428571428573,73.64594616167933,NA,2009
2009-02-19T00:00:00Z,5,2009,2,19,RB,RB13,3,148,19.8,0.4,5.4,Peacock eel,Macrognathus siamensis,Macrognathus,100,invasive,1,S,0,24.091428571428573,73.64594616167933,NA,2009
2009-02-19T00:00:00Z,5,2009,2,19,RB,RB14,1,118,21.6,0.8,4.37,Peacock eel,Macrognathus siamensis,Macrognathus,100,invasive,0,ZERO,0,0,0,NA,2009
2009-02-19T00:00:00Z,5,2009,2,19,RB,RB14,2,105,21.7,0.8,3.92,Peacock eel,Macrognathus siamensis,Macrognathus,100,invasive,0,ZERO,0,0,0,NA,2009
2009-02-19T00:00:00Z,5,2009,2,19,RB,RB14,3,135,22,0.9,3.31,Peacock eel,Macrognathus siamensis,Macrognathus,100,invasive,0,ZERO,0,0,0,NA,2009
2009-02-19T00:00:00Z,5,2009,2,19,RB,RB15,1,168,20.2,1.1,2.03,Peacock eel,Macrognathus siamensis,Macrognathus,100,invasive,0,ZERO,0,0,0,NA,2009
2009-02-19T00:00:00Z,5,2009,2,19,RB,RB15,3,124,20.4,1,1.9,Peacock eel,Macrognathus siamensis,Macrognathus,100,invasive,0,ZERO,0,0,0,NA,2009
2009-02-18T00:00:00Z,5,2009,2,18,RB,RB16,1,107,21.1,1.5,4.01,Peacock eel,Macrognathus siamensis,Macrognathus,100,invasive,0,ZERO,0,0,0,NA,2009
2009-02-18T00:00:00Z,5,2009,2,18,RB,RB16,2,113,20.9,1.5,3.66,Peacock eel,Macrognathus siamensis,Macrognathus,100,invasive,0,ZERO,0,0,0,NA,2009
2009-02-18T00:00:00Z,5,2009,2,18,RB,RB16,3,124,20.8,1.4,3.41,Peacock eel,Macrognathus siamensis,Macrognathus,100,invasive,0,ZERO,0,0,0,NA,2009
2009-02-24T00:00:00Z,5,2009,2,24,RB,RB7,1,70,21.8,1.2,1.61,Peacock eel,Macrognathus siamensis,Macrognathus,100,invasive,0,ZERO,0,0,0,NA,2009
2009-02-24T00:00:00Z,5,2009,2,24,RB,RB7,2,75,21.1,1.1,1.86,Peacock eel,Macrognathus siamensis,Macrognathus,100,invasive,0,ZERO,0,0,0,NA,2009
2009-02-24T00:00:00Z,5,2009,2,24,RB,RB7,3,82,21.1,1.1,2.14,Peacock eel,Macrognathus siamensis,Macrognathus,100,invasive,0,ZERO,0,0,0,NA,2009
2009-02-24T00:00:00Z,5,2009,2,24,RB,RB8,1,48,19.9,0.4,4.95,Peacock eel,Macrognathus siamensis,Macrognathus,100,invasive,0,ZERO,0,0,0,NA,2009
2009-02-24T00:00:00Z,5,2009,2,24,RB,RB8,2,52,20.4,0.4,4.65,Peacock eel,Macrognathus siamensis,Macrognathus,100,invasive,1,C,0,25.5,73.64594616167933,NA,2009
2009-02-24T00:00:00Z,5,2009,2,24,RB,RB8,2,52,20.4,0.4,4.65,Peacock eel,Macrognathus siamensis,Macrognathus,100,invasive,1,C,0,25.8,73.64594616167933,NA,2009
2009-02-24T00:00:00Z,5,2009,2,24,RB,RB8,2,52,20.4,0.4,4.65,Peacock eel,Macrognathus siamensis,Macrognathus,100,invasive,1,C,0,24,73.64594616167933,NA,2009
2009-02-24T00:00:00Z,5,2009,2,24,RB,RB8,3,49,20.7,0.3,4.45,Peacock eel,Macrognathus siamensis,Macrognathus,100,invasive,0,ZERO,0,0,0,NA,2009
2009-02-19T00:00:00Z,5,2009,2,19,RB,RB9,1,115,19.4,0.4,5.06,Peacock eel,Macrognathus siamensis,Macrognathus,100,invasive,1,C,0,25.5,73.64594616167933,NA,2009
2009-02-19T00:00:00Z,5,2009,2,19,RB,RB9,1,115,19.4,0.4,5.06,Peacock eel,Macrognathus siamensis,Macrognathus,100,invasive,1,C,0,20.5,73.64594616167933,NA,2009
2009-02-19T00:00:00Z,5,2009,2,19,RB,RB9,1,115,19.4,0.4,5.06,Peacock eel,Macrognathus siamensis,Macrognathus,100,invasive,1,C,0,23.7,73.64594616167933,NA,2009
2009-02-19T00:00:00Z,5,2009,2,19,RB,RB9,2,110,19.8,0.4,5.06,Peacock eel,Macrognathus siamensis,Macrognathus,100,invasive,1,S,0,24.091428571428573,73.64594616167933,NA,2009
2009-02-19T00:00:00Z,5,2009,2,19,RB,RB9,2,110,19.8,0.4,5.06,Peacock eel,Macrognathus siamensis,Macrognathus,100,invasive,1,S,0,24.091428571428573,73.64594616167933,NA,2009
2009-02-19T00:00:00Z,5,2009,2,19,RB,RB9,2,110,19.8,0.4,5.06,Peacock eel,Macrognathus siamensis,Macrognathus,100,invasive,1,C,0,26,73.64594616167933,NA,2009
2009-02-19T00:00:00Z,5,2009,2,19,RB,RB9,2,110,19.8,0.4,5.06,Peacock eel,Macrognathus siamensis,Macrognathus,100,invasive,1,C,0,22,73.64594616167933,NA,2009
2009-02-19T00:00:00Z,5,2009,2,19,RB,RB9,2,110,19.8,0.4,5.06,Peacock eel,Macrognathus siamensis,Macrognathus,100,invasive,1,C,0,27,73.64594616167933,NA,2009
2009-02-19T00:00:00Z,5,2009,2,19,RB,RB9,2,110,19.8,0.4,5.06,Peacock eel,Macrognathus siamensis,Macrognathus,100,invasive,1,C,0,23,73.64594616167933,NA,2009
2009-02-19T00:00:00Z,5,2009,2,19,RB,RB9,2,110,19.8,0.4,5.06,Peacock eel,Macrognathus siamensis,Macrognathus,100,invasive,1,C,0,24.4,73.64594616167933,NA,2009
2009-02-19T00:00:00Z,5,2009,2,19,RB,RB9,3,111,20,0.4,5.58,Peacock eel,Macrognathus siamensis,Macrognathus,100,invasive,1,S,0,24.091428571428573,73.64594616167933,NA,2009
2009-02-19T00:00:00Z,5,2009,2,19,RB,RB9,3,111,20,0.4,5.58,Peacock eel,Macrognathus siamensis,Macrognathus,100,invasive,1,S,0,24.091428571428573,73.64594616167933,NA,2009
2009-04-28T00:00:00Z,5,2009,4,28,RB,RB10,1,78,25.7,1.4,5.02,Peacock eel,Macrognathus siamensis,Macrognathus,100,invasive,0,ZERO,0,0,0,NA,2009
2009-04-28T00:00:00Z,5,2009,4,28,RB,RB10,2,84,26.5,1.4,6.12,Peacock eel,Macrognathus siamensis,Macrognathus,100,invasive,0,ZERO,0,0,0,NA,2009
2009-04-29T00:00:00Z,5,2009,4,29,RB,RB10,3,98,27.5,1.4,7.41,Peacock eel,Macrognathus siamensis,Macrognathus,100,invasive,0,ZERO,0,0,0,NA,2009
2009-04-27T00:00:00Z,5,2009,4,27,RB,RB12,1,60,24.8,6.5,2.51,Peacock eel,Macrognathus siamensis,Macrognathus,100,invasive,0,ZERO,0,0,0,NA,2009
2009-04-27T00:00:00Z,5,2009,4,27,RB,RB12,2,54,25.3,6.2,2.84,Peacock eel,Macrognathus siamensis,Macrognathus,100,invasive,0,ZERO,0,0,0,NA,2009
2009-04-27T00:00:00Z,5,2009,4,27,RB,RB12,3,38,25.5,6,2.68,Peacock eel,Macrognathus siamensis,Macrognathus,100,invasive,0,ZERO,0,0,0,NA,2009
2009-04-30T00:00:00Z,5,2009,4,30,RB,RB14,1,125,25.1,6.9,2.54,Peacock eel,Macrognathus siamensis,Macrognathus,100,invasive,0,ZERO,0,0,0,NA,2009
2009-04-30T00:00:00Z,5,2009,4,30,RB,RB14,2,131,25.3,6.7,2.08,Peacock eel,Macrognathus siamensis,Macrognathus,100,invasive,0,ZERO,0,0,0,NA,2009
2009-04-30T00:00:00Z,5,2009,4,30,RB,RB14,3,72,25.8,6.5,2.69,Peacock eel,Macrognathus siamensis,Macrognathus,100,invasive,0,ZERO,0,0,0,NA,2009
2009-04-30T00:00:00Z,5,2009,4,30,RB,RB15,1,99,25,13.7,2.48,Peacock eel,Macrognathus siamensis,Macrognathus,100,invasive,0,ZERO,0,0,0,NA,2009
2009-04-30T00:00:00Z,5,2009,4,30,RB,RB15,3,98,25,11.7,1.94,Peacock eel,Macrognathus siamensis,Macrognathus,100,invasive,0,ZERO,0,0,0,NA,2009
2009-04-27T00:00:00Z,5,2009,4,27,RB,RB16,1,77,27,10.5,4.77,Peacock eel,Macrognathus siamensis,Macrognathus,100,invasive,0,ZERO,0,0,0,NA,2009
2009-04-27T00:00:00Z,5,2009,4,27,RB,RB16,2,153,26.5,10.1,4.69,Peacock eel,Macrognathus siamensis,Macrognathus,100,invasive,0,ZERO,0,0,0,NA,2009
2009-04-27T00:00:00Z,5,2009,4,27,RB,RB16,3,115,26.8,9.7,4.6,Peacock eel,Macrognathus siamensis,Macrognathus,100,invasive,0,ZERO,0,0,0,NA,2009
2009-04-30T00:00:00Z,5,2009,4,30,RB,RB7,1,52,25.8,3.5,1.15,Peacock eel,Macrognathus siamensis,Macrognathus,100,invasive,0,ZERO,0,0,0,NA,2009
2009-04-30T00:00:00Z,5,2009,4,30,RB,RB7,2,75,25.8,3.3,0.73,Peacock eel,Macrognathus siamensis,Macrognathus,100,invasive,0,ZERO,0,0,0,NA,2009
2009-04-30T00:00:00Z,5,2009,4,30,RB,RB7,3,59,25.7,3.2,0.99,Peacock eel,Macrognathus siamensis,Macrognathus,100,invasive,0,ZERO,0,0,0,NA,2009
2009-04-30T00:00:00Z,5,2009,4,30,RB,RB9,1,40,27,1.7,5.96,Peacock eel,Macrognathus siamensis,Macrognathus,100,invasive,1,S,0,22.15909090909091,73.64594616167933,NA,2009
2009-04-30T00:00:00Z,5,2009,4,30,RB,RB9,2,57,27.6,1.5,7.89,Peacock eel,Macrognathus siamensis,Macrognathus,100,invasive,1,C,0,24.5,73.64594616167933,NA,2009
2009-04-30T00:00:00Z,5,2009,4,30,RB,RB9,2,57,27.6,1.5,7.89,Peacock eel,Macrognathus siamensis,Macrognathus,100,invasive,1,C,0,22.15909090909091,73.64594616167933,NA,2009
2009-04-30T00:00:00Z,5,2009,4,30,RB,RB9,2,57,27.6,1.5,7.89,Peacock eel,Macrognathus siamensis,Macrognathus,100,invasive,1,C,0,20,73.64594616167933,NA,2009
2009-04-30T00:00:00Z,5,2009,4,30,RB,RB9,3,55,27.3,1.5,6.98,Peacock eel,Macrognathus siamensis,Macrognathus,100,invasive,1,C,0,14,73.64594616167933,NA,2009
2009-05-01T00:00:00Z,5,2009,5,1,RB,RB11,1,58,27.2,2.4,6.06,Peacock eel,Macrognathus siamensis,Macrognathus,100,invasive,0,ZERO,0,0,0,NA,2009
2009-05-01T00:00:00Z,5,2009,5,1,RB,RB11,2,37,28,2.1,5.72,Peacock eel,Macrognathus siamensis,Macrognathus,100,invasive,1,S,0,22.15909090909091,73.64594616167933,NA,2009
2009-05-01T00:00:00Z,5,2009,5,1,RB,RB11,2,37,28,2.1,5.72,Peacock eel,Macrognathus siamensis,Macrognathus,100,invasive,1,C,0,24,73.64594616167933,NA,2009
2009-05-01T00:00:00Z,5,2009,5,1,RB,RB11,3,26,26.6,1.9,5.61,Peacock eel,Macrognathus siamensis,Macrognathus,100,invasive,1,C,0,24,73.64594616167933,NA,2009
2009-05-01T00:00:00Z,5,2009,5,1,RB,RB11,3,26,26.6,1.9,5.61,Peacock eel,Macrognathus siamensis,Macrognathus,100,invasive,1,C,0,25,73.64594616167933,NA,2009
2009-05-01T00:00:00Z,5,2009,5,1,RB,RB11,3,26,26.6,1.9,5.61,Peacock eel,Macrognathus siamensis,Macrognathus,100,invasive,1,C,0,22,73.64594616167933,NA,2009
2009-05-01T00:00:00Z,5,2009,5,1,RB,RB13,1,65,25.1,4.7,4.61,Peacock eel,Macrognathus siamensis,Macrognathus,100,invasive,1,S,0,22.15909090909091,73.64594616167933,NA,2009
2009-05-01T00:00:00Z,5,2009,5,1,RB,RB13,1,65,25.1,4.7,4.61,Peacock eel,Macrognathus siamensis,Macrognathus,100,invasive,1,C,0,19,73.64594616167933,NA,2009
2009-05-01T00:00:00Z,5,2009,5,1,RB,RB13,2,68,25.8,4.8,5.26,Peacock eel,Macrognathus siamensis,Macrognathus,100,invasive,1,C,0,24,73.64594616167933,NA,2009
2009-05-01T00:00:00Z,5,2009,5,1,RB,RB13,2,68,25.8,4.8,5.26,Peacock eel,Macrognathus siamensis,Macrognathus,100,invasive,1,C,0,25,73.64594616167933,NA,2009
2009-05-01T00:00:00Z,5,2009,5,1,RB,RB13,2,68,25.8,4.8,5.26,Peacock eel,Macrognathus siamensis,Macrognathus,100,invasive,1,C,0,24,73.64594616167933,NA,2009
2009-05-01T00:00:00Z,5,2009,5,1,RB,RB13,2,68,25.8,4.8,5.26,Peacock eel,Macrognathus siamensis,Macrognathus,100,invasive,1,C,0,26,73.64594616167933,NA,2009
2009-05-01T00:00:00Z,5,2009,5,1,RB,RB13,2,68,25.8,4.8,5.26,Peacock eel,Macrognathus siamensis,Macrognathus,100,invasive,1,C,0,23,73.64594616167933,NA,2009
2009-05-01T00:00:00Z,5,2009,5,1,RB,RB13,3,60,25.9,4.8,5.32,Peacock eel,Macrognathus siamensis,Macrognathus,100,invasive,1,C,0,20,73.64594616167933,NA,2009
2009-05-01T00:00:00Z,5,2009,5,1,RB,RB13,3,60,25.9,4.8,5.32,Peacock eel,Macrognathus siamensis,Macrognathus,100,invasive,1,C,0,18,73.64594616167933,NA,2009
2009-05-01T00:00:00Z,5,2009,5,1,RB,RB13,3,60,25.9,4.8,5.32,Peacock eel,Macrognathus siamensis,Macrognathus,100,invasive,1,C,0,20,73.64594616167933,NA,2009
2009-05-01T00:00:00Z,5,2009,5,1,RB,RB8,1,50,26.5,3.7,5.94,Peacock eel,Macrognathus siamensis,Macrognathus,100,invasive,1,C,0,23,73.64594616167933,NA,2009
2009-05-01T00:00:00Z,5,2009,5,1,RB,RB8,1,50,26.5,3.7,5.94,Peacock eel,Macrognathus siamensis,Macrognathus,100,invasive,1,C,0,21,73.64594616167933,NA,2009
2009-05-01T00:00:00Z,5,2009,5,1,RB,RB8,1,50,26.5,3.7,5.94,Peacock eel,Macrognathus siamensis,Macrognathus,100,invasive,1,C,0,24,73.64594616167933,NA,2009
2009-05-01T00:00:00Z,5,2009,5,1,RB,RB8,2,64,26.6,3.5,6.55,Peacock eel,Macrognathus siamensis,Macrognathus,100,invasive,0,ZERO,0,0,0,NA,2009
2009-05-01T00:00:00Z,5,2009,5,1,RB,RB8,3,53,27,3.1,6.08,Peacock eel,Macrognathus siamensis,Macrognathus,100,invasive,1,C,0,22,73.64594616167933,NA,2009
2009-05-01T00:00:00Z,5,2009,5,1,RB,RB8,3,53,27,3.1,6.08,Peacock eel,Macrognathus siamensis,Macrognathus,100,invasive,1,C,0,25,73.64594616167933,NA,2009
2009-05-01T00:00:00Z,5,2009,5,1,RB,RB8,3,53,27,3.1,6.08,Peacock eel,Macrognathus siamensis,Macrognathus,100,invasive,1,C,0,20,73.64594616167933,NA,2009
2009-11-19T00:00:00Z,6,2009,11,19,RB,RB10,1,65,23.1,0.3,3.32,Peacock eel,Macrognathus siamensis,Macrognathus,100,invasive,1,S,0,21.32857142857143,320,NA,2010
2009-11-19T00:00:00Z,6,2009,11,19,RB,RB10,1,65,23.1,0.3,3.32,Peacock eel,Macrognathus siamensis,Macrognathus,100,invasive,1,S,0,21.32857142857143,320,NA,2010
2009-11-19T00:00:00Z,6,2009,11,19,RB,RB10,1,65,23.1,0.3,3.32,Peacock eel,Macrognathus siamensis,Macrognathus,100,invasive,1,C,0,20.8,320,NA,2010
2009-11-19T00:00:00Z,6,2009,11,19,RB,RB10,1,65,23.1,0.3,3.32,Peacock eel,Macrognathus siamensis,Macrognathus,100,invasive,1,C,0,22,320,NA,2010
2009-11-19T00:00:00Z,6,2009,11,19,RB,RB10,1,65,23.1,0.3,3.32,Peacock eel,Macrognathus siamensis,Macrognathus,100,invasive,1,C,0,19.5,320,NA,2010
2009-11-19T00:00:00Z,6,2009,11,19,RB,RB10,1,65,23.1,0.3,3.32,Peacock eel,Macrognathus siamensis,Macrognathus,100,invasive,1,C,0,22.7,320,NA,2010
2009-11-19T00:00:00Z,6,2009,11,19,RB,RB10,1,65,23.1,0.3,3.32,Peacock eel,Macrognathus siamensis,Macrognathus,100,invasive,1,C,0,20.5,320,NA,2010
2009-11-19T00:00:00Z,6,2009,11,19,RB,RB10,1,65,23.1,0.3,3.32,Peacock eel,Macrognathus siamensis,Macrognathus,100,invasive,1,C,0,22.6,320,NA,2010
2009-11-19T00:00:00Z,6,2009,11,19,RB,RB10,1,65,23.1,0.3,3.32,Peacock eel,Macrognathus siamensis,Macrognathus,100,invasive,1,C,0,21.1,320,NA,2010
2009-11-19T00:00:00Z,6,2009,11,19,RB,RB10,1,65,23.1,0.3,3.32,Peacock eel,Macrognathus siamensis,Macrognathus,100,invasive,1,C,0,18.5,320,NA,2010
2009-11-19T00:00:00Z,6,2009,11,19,RB,RB10,1,65,23.1,0.3,3.32,Peacock eel,Macrognathus siamensis,Macrognathus,100,invasive,1,C,0,16,320,NA,2010
2009-11-19T00:00:00Z,6,2009,11,19,RB,RB10,1,65,23.1,0.3,3.32,Peacock eel,Macrognathus siamensis,Macrognathus,100,invasive,1,C,0,24.9,320,NA,2010
2009-11-19T00:00:00Z,6,2009,11,19,RB,RB10,2,81,23.1,0.3,3.57,Peacock eel,Macrognathus siamensis,Macrognathus,100,invasive,1,S,0,21.32857142857143,320,NA,2010
2009-11-19T00:00:00Z,6,2009,11,19,RB,RB10,2,81,23.1,0.3,3.57,Peacock eel,Macrognathus siamensis,Macrognathus,100,invasive,1,S,0,21.32857142857143,320,NA,2010
2009-11-19T00:00:00Z,6,2009,11,19,RB,RB10,2,81,23.1,0.3,3.57,Peacock eel,Macrognathus siamensis,Macrognathus,100,invasive,1,S,0,21.32857142857143,320,NA,2010
2009-11-19T00:00:00Z,6,2009,11,19,RB,RB10,2,81,23.1,0.3,3.57,Peacock eel,Macrognathus siamensis,Macrognathus,100,invasive,1,S,0,21.32857142857143,320,NA,2010
2009-11-19T00:00:00Z,6,2009,11,19,RB,RB10,2,81,23.1,0.3,3.57,Peacock eel,Macrognathus siamensis,Macrognathus,100,invasive,1,C,0,22.4,320,NA,2010
2009-11-19T00:00:00Z,6,2009,11,19,RB,RB10,2,81,23.1,0.3,3.57,Peacock eel,Macrognathus siamensis,Macrognathus,100,invasive,1,C,0,22.3,320,NA,2010
2009-11-19T00:00:00Z,6,2009,11,19,RB,RB10,2,81,23.1,0.3,3.57,Peacock eel,Macrognathus siamensis,Macrognathus,100,invasive,1,C,0,20.2,320,NA,2010
2009-11-19T00:00:00Z,6,2009,11,19,RB,RB10,2,81,23.1,0.3,3.57,Peacock eel,Macrognathus siamensis,Macrognathus,100,invasive,1,C,0,20.6,320,NA,2010
2009-11-19T00:00:00Z,6,2009,11,19,RB,RB10,2,81,23.1,0.3,3.57,Peacock eel,Macrognathus siamensis,Macrognathus,100,invasive,1,C,0,18.4,320,NA,2010
2009-11-19T00:00:00Z,6,2009,11,19,RB,RB10,3,87,23.6,0.3,3.07,Peacock eel,Macrognathus siamensis,Macrognathus,100,invasive,0,ZERO,0,0,0,NA,2010
2009-11-18T00:00:00Z,6,2009,11,18,RB,RB11,1,70,23.6,0.3,4.14,Peacock eel,Macrognathus siamensis,Macrognathus,100,invasive,0,ZERO,0,0,0,NA,2010
2009-11-18T00:00:00Z,6,2009,11,18,RB,RB11,2,77,23.5,0.3,3.56,Peacock eel,Macrognathus siamensis,Macrognathus,100,invasive,1,C,17.1,21.32857142857143,320,NA,2010
2009-11-18T00:00:00Z,6,2009,11,18,RB,RB11,3,34,24,0.3,4.03,Peacock eel,Macrognathus siamensis,Macrognathus,100,invasive,1,S,0,21.32857142857143,320,NA,2010
2009-11-18T00:00:00Z,6,2009,11,18,RB,RB11,3,34,24,0.3,4.03,Peacock eel,Macrognathus siamensis,Macrognathus,100,invasive,1,S,0,21.32857142857143,320,NA,2010
2009-11-18T00:00:00Z,6,2009,11,18,RB,RB11,3,34,24,0.3,4.03,Peacock eel,Macrognathus siamensis,Macrognathus,100,invasive,1,S,0,21.32857142857143,320,NA,2010
2009-11-18T00:00:00Z,6,2009,11,18,RB,RB11,3,34,24,0.3,4.03,Peacock eel,Macrognathus siamensis,Macrognathus,100,invasive,1,S,0,21.32857142857143,320,NA,2010
2009-11-18T00:00:00Z,6,2009,11,18,RB,RB11,3,34,24,0.3,4.03,Peacock eel,Macrognathus siamensis,Macrognathus,100,invasive,1,C,0,22.5,320,NA,2010
2009-11-18T00:00:00Z,6,2009,11,18,RB,RB11,3,34,24,0.3,4.03,Peacock eel,Macrognathus siamensis,Macrognathus,100,invasive,1,C,0,22.4,320,NA,2010
2009-11-18T00:00:00Z,6,2009,11,18,RB,RB11,3,34,24,0.3,4.03,Peacock eel,Macrognathus siamensis,Macrognathus,100,invasive,1,C,0,23.4,320,NA,2010
2009-11-18T00:00:00Z,6,2009,11,18,RB,RB11,3,34,24,0.3,4.03,Peacock eel,Macrognathus siamensis,Macrognathus,100,invasive,1,C,0,22,320,NA,2010
2009-11-18T00:00:00Z,6,2009,11,18,RB,RB11,3,34,24,0.3,4.03,Peacock eel,Macrognathus siamensis,Macrognathus,100,invasive,1,C,0,20.2,320,NA,2010
2009-11-18T00:00:00Z,6,2009,11,18,RB,RB11,3,34,24,0.3,4.03,Peacock eel,Macrognathus siamensis,Macrognathus,100,invasive,1,C,0,24,320,NA,2010
2009-11-18T00:00:00Z,6,2009,11,18,RB,RB11,3,34,24,0.3,4.03,Peacock eel,Macrognathus siamensis,Macrognathus,100,invasive,1,C,0,22,320,NA,2010
2009-11-18T00:00:00Z,6,2009,11,18,RB,RB11,3,34,24,0.3,4.03,Peacock eel,Macrognathus siamensis,Macrognathus,100,invasive,1,C,0,24.4,320,NA,2010
2009-11-18T00:00:00Z,6,2009,11,18,RB,RB11,3,34,24,0.3,4.03,Peacock eel,Macrognathus siamensis,Macrognathus,100,invasive,1,C,0,22,320,NA,2010
2009-11-18T00:00:00Z,6,2009,11,18,RB,RB11,3,34,24,0.3,4.03,Peacock eel,Macrognathus siamensis,Macrognathus,100,invasive,1,C,0,19.2,320,NA,2010
2009-11-18T00:00:00Z,6,2009,11,18,RB,RB11,3,34,24,0.3,4.03,Peacock eel,Macrognathus siamensis,Macrognathus,100,invasive,1,C,0,25.7,320,NA,2010
2009-11-18T00:00:00Z,6,2009,11,18,RB,RB11,3,34,24,0.3,4.03,Peacock eel,Macrognathus siamensis,Macrognathus,100,invasive,1,C,0,24,320,NA,2010
2009-11-18T00:00:00Z,6,2009,11,18,RB,RB11,3,34,24,0.3,4.03,Peacock eel,Macrognathus siamensis,Macrognathus,100,invasive,1,C,0,19.6,320,NA,2010
2009-11-18T00:00:00Z,6,2009,11,18,RB,RB11,3,34,24,0.3,4.03,Peacock eel,Macrognathus siamensis,Macrognathus,100,invasive,1,C,0,22.9,320,NA,2010
2009-11-18T00:00:00Z,6,2009,11,18,RB,RB11,3,34,24,0.3,4.03,Peacock eel,Macrognathus siamensis,Macrognathus,100,invasive,1,C,0,18.4,320,NA,2010
2009-11-18T00:00:00Z,6,2009,11,18,RB,RB11,3,34,24,0.3,4.03,Peacock eel,Macrognathus siamensis,Macrognathus,100,invasive,1,C,0,22.3,320,NA,2010
2009-11-18T00:00:00Z,6,2009,11,18,RB,RB11,3,34,24,0.3,4.03,Peacock eel,Macrognathus siamensis,Macrognathus,100,invasive,1,C,0,19.7,320,NA,2010
2009-11-18T00:00:00Z,6,2009,11,18,RB,RB11,3,34,24,0.3,4.03,Peacock eel,Macrognathus siamensis,Macrognathus,100,invasive,1,C,0,19.8,320,NA,2010
2009-11-18T00:00:00Z,6,2009,11,18,RB,RB11,3,34,24,0.3,4.03,Peacock eel,Macrognathus siamensis,Macrognathus,100,invasive,1,C,0,22.6,320,NA,2010
2009-11-18T00:00:00Z,6,2009,11,18,RB,RB11,3,34,24,0.3,4.03,Peacock eel,Macrognathus siamensis,Macrognathus,100,invasive,1,C,0,17.6,320,NA,2010
2009-11-18T00:00:00Z,6,2009,11,18,RB,RB11,3,34,24,0.3,4.03,Peacock eel,Macrognathus siamensis,Macrognathus,100,invasive,1,C,0,18.5,320,NA,2010
2009-11-18T00:00:00Z,6,2009,11,18,RB,RB11,3,34,24,0.3,4.03,Peacock eel,Macrognathus siamensis,Macrognathus,100,invasive,1,C,0,24.3,320,NA,2010
2009-11-18T00:00:00Z,6,2009,11,18,RB,RB11,3,34,24,0.3,4.03,Peacock eel,Macrognathus siamensis,Macrognathus,100,invasive,1,C,0,21.4,320,NA,2010
2009-11-18T00:00:00Z,6,2009,11,18,RB,RB11,3,34,24,0.3,4.03,Peacock eel,Macrognathus siamensis,Macrognathus,100,invasive,1,C,0,23.2,320,NA,2010
2009-11-18T00:00:00Z,6,2009,11,18,RB,RB11,3,34,24,0.3,4.03,Peacock eel,Macrognathus siamensis,Macrognathus,100,invasive,1,C,0,21.9,320,NA,2010
2009-11-18T00:00:00Z,6,2009,11,18,RB,RB11,3,34,24,0.3,4.03,Peacock eel,Macrognathus siamensis,Macrognathus,100,invasive,1,C,0,21.2,320,NA,2010
2009-11-18T00:00:00Z,6,2009,11,18,RB,RB11,3,34,24,0.3,4.03,Peacock eel,Macrognathus siamensis,Macrognathus,100,invasive,1,C,0,21.7,320,NA,2010
2009-11-18T00:00:00Z,6,2009,11,18,RB,RB11,3,34,24,0.3,4.03,Peacock eel,Macrognathus siamensis,Macrognathus,100,invasive,1,C,0,22.9,320,NA,2010
2009-11-18T00:00:00Z,6,2009,11,18,RB,RB11,3,34,24,0.3,4.03,Peacock eel,Macrognathus siamensis,Macrognathus,100,invasive,1,C,0,18.2,320,NA,2010
2009-11-18T00:00:00Z,6,2009,11,18,RB,RB11,3,34,24,0.3,4.03,Peacock eel,Macrognathus siamensis,Macrognathus,100,invasive,1,C,0,22.4,320,NA,2010
2009-11-18T00:00:00Z,6,2009,11,18,RB,RB11,3,34,24,0.3,4.03,Peacock eel,Macrognathus siamensis,Macrognathus,100,invasive,1,C,0,21.9,320,NA,2010
2009-11-18T00:00:00Z,6,2009,11,18,RB,RB11,3,34,24,0.3,4.03,Peacock eel,Macrognathus siamensis,Macrognathus,100,invasive,1,C,0,19.8,320,NA,2010
2009-11-18T00:00:00Z,6,2009,11,18,RB,RB11,3,34,24,0.3,4.03,Peacock eel,Macrognathus siamensis,Macrognathus,100,invasive,1,C,0,22,320,NA,2010
2009-11-18T00:00:00Z,6,2009,11,18,RB,RB11,3,34,24,0.3,4.03,Peacock eel,Macrognathus siamensis,Macrognathus,100,invasive,1,C,0,19.2,320,NA,2010
2009-11-18T00:00:00Z,6,2009,11,18,RB,RB11,3,34,24,0.3,4.03,Peacock eel,Macrognathus siamensis,Macrognathus,100,invasive,1,C,0,23.2,320,NA,2010
2009-11-18T00:00:00Z,6,2009,11,18,RB,RB11,3,34,24,0.3,4.03,Peacock eel,Macrognathus siamensis,Macrognathus,100,invasive,1,C,0,21,320,NA,2010
2009-11-18T00:00:00Z,6,2009,11,18,RB,RB11,3,34,24,0.3,4.03,Peacock eel,Macrognathus siamensis,Macrognathus,100,invasive,1,C,0,23.7,320,NA,2010
2009-11-18T00:00:00Z,6,2009,11,18,RB,RB11,3,34,24,0.3,4.03,Peacock eel,Macrognathus siamensis,Macrognathus,100,invasive,1,C,0,19.8,320,NA,2010
2009-11-18T00:00:00Z,6,2009,11,18,RB,RB11,3,34,24,0.3,4.03,Peacock eel,Macrognathus siamensis,Macrognathus,100,invasive,1,C,0,18.8,320,NA,2010
2009-11-18T00:00:00Z,6,2009,11,18,RB,RB11,3,34,24,0.3,4.03,Peacock eel,Macrognathus siamensis,Macrognathus,100,invasive,1,C,0,19.8,320,NA,2010
2009-11-18T00:00:00Z,6,2009,11,18,RB,RB11,3,34,24,0.3,4.03,Peacock eel,Macrognathus siamensis,Macrognathus,100,invasive,1,C,0,19.5,320,NA,2010
2009-11-18T00:00:00Z,6,2009,11,18,RB,RB11,3,34,24,0.3,4.03,Peacock eel,Macrognathus siamensis,Macrognathus,100,invasive,1,C,0,17.9,320,NA,2010
2009-11-18T00:00:00Z,6,2009,11,18,RB,RB12,1,120,20.7,0.4,5.1,Peacock eel,Macrognathus siamensis,Macrognathus,100,invasive,0,ZERO,0,0,0,NA,2010
2009-11-18T00:00:00Z,6,2009,11,18,RB,RB12,2,123,21.4,0.3,3.66,Peacock eel,Macrognathus siamensis,Macrognathus,100,invasive,0,ZERO,0,0,0,NA,2010
2009-11-18T00:00:00Z,6,2009,11,18,RB,RB12,3,105,21.8,0.3,3.4,Peacock eel,Macrognathus siamensis,Macrognathus,100,invasive,0,ZERO,0,0,0,NA,2010
2009-11-20T00:00:00Z,6,2009,11,20,RB,RB13,1,118,23.3,0.3,4.79,Peacock eel,Macrognathus siamensis,Macrognathus,100,invasive,1,S,0,21.32857142857143,320,NA,2010
2009-11-20T00:00:00Z,6,2009,11,20,RB,RB13,1,118,23.3,0.3,4.79,Peacock eel,Macrognathus siamensis,Macrognathus,100,invasive,1,C,0,23.9,320,NA,2010
2009-11-20T00:00:00Z,6,2009,11,20,RB,RB13,1,118,23.3,0.3,4.79,Peacock eel,Macrognathus siamensis,Macrognathus,100,invasive,1,C,0,23.4,320,NA,2010
2009-11-20T00:00:00Z,6,2009,11,20,RB,RB13,1,118,23.3,0.3,4.79,Peacock eel,Macrognathus siamensis,Macrognathus,100,invasive,1,C,0,22.2,320,NA,2010
2009-11-19T00:00:00Z,6,2009,11,19,RB,RB13,2,64,23.8,0.3,4.11,Peacock eel,Macrognathus siamensis,Macrognathus,100,invasive,0,ZERO,0,0,0,NA,2010
2009-11-18T00:00:00Z,6,2009,11,18,RB,RB13,3,66,24.2,0.3,4.15,Peacock eel,Macrognathus siamensis,Macrognathus,100,invasive,0,ZERO,0,0,0,NA,2010
2009-11-17T00:00:00Z,6,2009,11,17,RB,RB14,1,85,22.2,0,4.13,Peacock eel,Macrognathus siamensis,Macrognathus,100,invasive,0,ZERO,0,0,0,NA,2010
2009-11-17T00:00:00Z,6,2009,11,17,RB,RB14,2,119,22.4,0,4.23,Peacock eel,Macrognathus siamensis,Macrognathus,100,invasive,0,ZERO,0,0,0,NA,2010
2009-11-17T00:00:00Z,6,2009,11,17,RB,RB14,3,80,22.4,0,3.85,Peacock eel,Macrognathus siamensis,Macrognathus,100,invasive,0,ZERO,0,0,0,NA,2010
2009-11-17T00:00:00Z,6,2009,11,17,RB,RB15,1,166,22.6,0.3,3.95,Peacock eel,Macrognathus siamensis,Macrognathus,100,invasive,0,ZERO,0,0,0,NA,2010
2009-11-17T00:00:00Z,6,2009,11,17,RB,RB15,2,137,22.8,0.3,4.02,Peacock eel,Macrognathus siamensis,Macrognathus,100,invasive,0,ZERO,0,0,0,NA,2010
2009-11-17T00:00:00Z,6,2009,11,17,RB,RB15,3,101,23.1,0.3,4.13,Peacock eel,Macrognathus siamensis,Macrognathus,100,invasive,0,ZERO,0,0,0,NA,2010
2009-11-18T00:00:00Z,6,2009,11,18,RB,RB16,1,125,22.5,0.8,4.35,Peacock eel,Macrognathus siamensis,Macrognathus,100,invasive,0,ZERO,0,0,0,NA,2010
2009-11-18T00:00:00Z,6,2009,11,18,RB,RB16,2,131,21.7,0.8,4.14,Peacock eel,Macrognathus siamensis,Macrognathus,100,invasive,0,ZERO,0,0,0,NA,2010
2009-11-18T00:00:00Z,6,2009,11,18,RB,RB16,3,137,22.3,0.7,4.74,Peacock eel,Macrognathus siamensis,Macrognathus,100,invasive,0,ZERO,0,0,0,NA,2010
2009-11-19T00:00:00Z,6,2009,11,19,RB,RB7,1,70,22.2,0.3,3.71,Peacock eel,Macrognathus siamensis,Macrognathus,100,invasive,1,S,0,21.32857142857143,320,NA,2010
2009-11-19T00:00:00Z,6,2009,11,19,RB,RB7,2,82,22.9,0.3,3.76,Peacock eel,Macrognathus siamensis,Macrognathus,100,invasive,0,ZERO,0,0,0,NA,2010
2009-11-19T00:00:00Z,6,2009,11,19,RB,RB7,3,76,22.4,0.3,2.71,Peacock eel,Macrognathus siamensis,Macrognathus,100,invasive,0,ZERO,0,0,0,NA,2010
2009-11-20T00:00:00Z,6,2009,11,20,RB,RB8,1,65,23.2,0.3,3.55,Peacock eel,Macrognathus siamensis,Macrognathus,100,invasive,1,S,0,21.32857142857143,320,NA,2010
2009-11-20T00:00:00Z,6,2009,11,20,RB,RB8,1,65,23.2,0.3,3.55,Peacock eel,Macrognathus siamensis,Macrognathus,100,invasive,1,S,0,21.32857142857143,320,NA,2010
2009-11-20T00:00:00Z,6,2009,11,20,RB,RB8,1,65,23.2,0.3,3.55,Peacock eel,Macrognathus siamensis,Macrognathus,100,invasive,1,C,0,20.5,320,NA,2010
2009-11-20T00:00:00Z,6,2009,11,20,RB,RB8,1,65,23.2,0.3,3.55,Peacock eel,Macrognathus siamensis,Macrognathus,100,invasive,1,C,0,21.7,320,NA,2010
2009-11-20T00:00:00Z,6,2009,11,20,RB,RB8,1,65,23.2,0.3,3.55,Peacock eel,Macrognathus siamensis,Macrognathus,100,invasive,1,C,0,19.6,320,NA,2010
2009-11-20T00:00:00Z,6,2009,11,20,RB,RB8,1,65,23.2,0.3,3.55,Peacock eel,Macrognathus siamensis,Macrognathus,100,invasive,1,C,0,23,320,NA,2010
2009-11-20T00:00:00Z,6,2009,11,20,RB,RB8,2,98,23.3,0.3,3.51,Peacock eel,Macrognathus siamensis,Macrognathus,100,invasive,1,S,0,21.32857142857143,320,NA,2010
2009-11-20T00:00:00Z,6,2009,11,20,RB,RB8,2,98,23.3,0.3,3.51,Peacock eel,Macrognathus siamensis,Macrognathus,100,invasive,1,S,0,21.32857142857143,320,NA,2010
2009-11-20T00:00:00Z,6,2009,11,20,RB,RB8,2,98,23.3,0.3,3.51,Peacock eel,Macrognathus siamensis,Macrognathus,100,invasive,1,C,23.5,21.32857142857143,320,NA,2010
2009-11-20T00:00:00Z,6,2009,11,20,RB,RB8,2,98,23.3,0.3,3.51,Peacock eel,Macrognathus siamensis,Macrognathus,100,invasive,1,C,22,21.32857142857143,320,NA,2010
2009-11-20T00:00:00Z,6,2009,11,20,RB,RB8,3,85,24.1,0.3,3.46,Peacock eel,Macrognathus siamensis,Macrognathus,100,invasive,1,S,0,21.32857142857143,320,NA,2010
2009-11-20T00:00:00Z,6,2009,11,20,RB,RB8,3,85,24.1,0.3,3.46,Peacock eel,Macrognathus siamensis,Macrognathus,100,invasive,1,S,0,21.32857142857143,320,NA,2010
2009-11-20T00:00:00Z,6,2009,11,20,RB,RB8,3,85,24.1,0.3,3.46,Peacock eel,Macrognathus siamensis,Macrognathus,100,invasive,1,S,0,21.32857142857143,320,NA,2010
2009-11-20T00:00:00Z,6,2009,11,20,RB,RB8,3,85,24.1,0.3,3.46,Peacock eel,Macrognathus siamensis,Macrognathus,100,invasive,1,S,0,21.32857142857143,320,NA,2010
2009-11-20T00:00:00Z,6,2009,11,20,RB,RB8,3,85,24.1,0.3,3.46,Peacock eel,Macrognathus siamensis,Macrognathus,100,invasive,1,S,0,21.32857142857143,320,NA,2010
2009-11-20T00:00:00Z,6,2009,11,20,RB,RB8,3,85,24.1,0.3,3.46,Peacock eel,Macrognathus siamensis,Macrognathus,100,invasive,1,S,0,21.32857142857143,320,NA,2010
2009-11-20T00:00:00Z,6,2009,11,20,RB,RB8,3,85,24.1,0.3,3.46,Peacock eel,Macrognathus siamensis,Macrognathus,100,invasive,1,S,0,21.32857142857143,320,NA,2010
2009-11-20T00:00:00Z,6,2009,11,20,RB,RB8,3,85,24.1,0.3,3.46,Peacock eel,Macrognathus siamensis,Macrognathus,100,invasive,1,S,0,21.32857142857143,320,NA,2010
2009-11-20T00:00:00Z,6,2009,11,20,RB,RB8,3,85,24.1,0.3,3.46,Peacock eel,Macrognathus siamensis,Macrognathus,100,invasive,1,C,0,23.8,320,NA,2010
2009-11-20T00:00:00Z,6,2009,11,20,RB,RB8,3,85,24.1,0.3,3.46,Peacock eel,Macrognathus siamensis,Macrognathus,100,invasive,1,C,0,21.3,320,NA,2010
2009-11-20T00:00:00Z,6,2009,11,20,RB,RB8,3,85,24.1,0.3,3.46,Peacock eel,Macrognathus siamensis,Macrognathus,100,invasive,1,C,0,16.7,320,NA,2010
2009-11-20T00:00:00Z,6,2009,11,20,RB,RB8,3,85,24.1,0.3,3.46,Peacock eel,Macrognathus siamensis,Macrognathus,100,invasive,1,C,0,20,320,NA,2010
2009-11-20T00:00:00Z,6,2009,11,20,RB,RB8,3,85,24.1,0.3,3.46,Peacock eel,Macrognathus siamensis,Macrognathus,100,invasive,1,C,0,18.8,320,NA,2010
2009-11-20T00:00:00Z,6,2009,11,20,RB,RB8,3,85,24.1,0.3,3.46,Peacock eel,Macrognathus siamensis,Macrognathus,100,invasive,1,C,0,19.9,320,NA,2010
2009-11-20T00:00:00Z,6,2009,11,20,RB,RB8,3,85,24.1,0.3,3.46,Peacock eel,Macrognathus siamensis,Macrognathus,100,invasive,1,C,0,18.2,320,NA,2010
2009-11-20T00:00:00Z,6,2009,11,20,RB,RB8,3,85,24.1,0.3,3.46,Peacock eel,Macrognathus siamensis,Macrognathus,100,invasive,1,C,0,24.3,320,NA,2010
2009-11-20T00:00:00Z,6,2009,11,20,RB,RB8,3,85,24.1,0.3,3.46,Peacock eel,Macrognathus siamensis,Macrognathus,100,invasive,1,C,0,21,320,NA,2010
2009-11-19T00:00:00Z,6,2009,11,19,RB,RB9,1,61,23.2,0.3,3.02,Peacock eel,Macrognathus siamensis,Macrognathus,100,invasive,1,S,0,21.32857142857143,320,NA,2010
2009-11-19T00:00:00Z,6,2009,11,19,RB,RB9,1,61,23.2,0.3,3.02,Peacock eel,Macrognathus siamensis,Macrognathus,100,invasive,1,S,0,21.32857142857143,320,NA,2010
2009-11-19T00:00:00Z,6,2009,11,19,RB,RB9,1,61,23.2,0.3,3.02,Peacock eel,Macrognathus siamensis,Macrognathus,100,invasive,1,S,0,21.32857142857143,320,NA,2010
2009-11-19T00:00:00Z,6,2009,11,19,RB,RB9,1,61,23.2,0.3,3.02,Peacock eel,Macrognathus siamensis,Macrognathus,100,invasive,1,S,0,21.32857142857143,320,NA,2010
2009-11-19T00:00:00Z,6,2009,11,19,RB,RB9,1,61,23.2,0.3,3.02,Peacock eel,Macrognathus siamensis,Macrognathus,100,invasive,1,C,0,23.5,320,NA,2010
2009-11-19T00:00:00Z,6,2009,11,19,RB,RB9,1,61,23.2,0.3,3.02,Peacock eel,Macrognathus siamensis,Macrognathus,100,invasive,1,C,0,20.7,320,NA,2010
2009-11-19T00:00:00Z,6,2009,11,19,RB,RB9,1,61,23.2,0.3,3.02,Peacock eel,Macrognathus siamensis,Macrognathus,100,invasive,1,C,0,20.6,320,NA,2010
2009-11-19T00:00:00Z,6,2009,11,19,RB,RB9,1,61,23.2,0.3,3.02,Peacock eel,Macrognathus siamensis,Macrognathus,100,invasive,1,C,0,21.4,320,NA,2010
2009-11-19T00:00:00Z,6,2009,11,19,RB,RB9,1,61,23.2,0.3,3.02,Peacock eel,Macrognathus siamensis,Macrognathus,100,invasive,1,C,0,23,320,NA,2010
2009-11-19T00:00:00Z,6,2009,11,19,RB,RB9,1,61,23.2,0.3,3.02,Peacock eel,Macrognathus siamensis,Macrognathus,100,invasive,1,C,0,18.9,320,NA,2010
2009-11-19T00:00:00Z,6,2009,11,19,RB,RB9,1,61,23.2,0.3,3.02,Peacock eel,Macrognathus siamensis,Macrognathus,100,invasive,1,C,0,22.7,320,NA,2010
2009-11-19T00:00:00Z,6,2009,11,19,RB,RB9,1,61,23.2,0.3,3.02,Peacock eel,Macrognathus siamensis,Macrognathus,100,invasive,1,C,0,25,320,NA,2010
2009-11-19T00:00:00Z,6,2009,11,19,RB,RB9,1,61,23.2,0.3,3.02,Peacock eel,Macrognathus siamensis,Macrognathus,100,invasive,1,C,0,25.5,320,NA,2010
2009-11-19T00:00:00Z,6,2009,11,19,RB,RB9,1,61,23.2,0.3,3.02,Peacock eel,Macrognathus siamensis,Macrognathus,100,invasive,1,C,0,22.4,320,NA,2010
2009-11-19T00:00:00Z,6,2009,11,19,RB,RB9,1,61,23.2,0.3,3.02,Peacock eel,Macrognathus siamensis,Macrognathus,100,invasive,1,C,0,16.9,320,NA,2010
2009-11-19T00:00:00Z,6,2009,11,19,RB,RB9,1,61,23.2,0.3,3.02,Peacock eel,Macrognathus siamensis,Macrognathus,100,invasive,1,C,0,19.6,320,NA,2010
2009-11-19T00:00:00Z,6,2009,11,19,RB,RB9,2,41,23.6,0.3,3.08,Peacock eel,Macrognathus siamensis,Macrognathus,100,invasive,1,S,0,21.32857142857143,320,NA,2010
2009-11-19T00:00:00Z,6,2009,11,19,RB,RB9,2,41,23.6,0.3,3.08,Peacock eel,Macrognathus siamensis,Macrognathus,100,invasive,1,S,0,21.32857142857143,320,NA,2010
2009-11-19T00:00:00Z,6,2009,11,19,RB,RB9,2,41,23.6,0.3,3.08,Peacock eel,Macrognathus siamensis,Macrognathus,100,invasive,1,S,0,21.32857142857143,320,NA,2010
2009-11-19T00:00:00Z,6,2009,11,19,RB,RB9,2,41,23.6,0.3,3.08,Peacock eel,Macrognathus siamensis,Macrognathus,100,invasive,1,S,0,21.32857142857143,320,NA,2010
2009-11-19T00:00:00Z,6,2009,11,19,RB,RB9,2,41,23.6,0.3,3.08,Peacock eel,Macrognathus siamensis,Macrognathus,100,invasive,1,S,0,21.32857142857143,320,NA,2010
2009-11-19T00:00:00Z,6,2009,11,19,RB,RB9,2,41,23.6,0.3,3.08,Peacock eel,Macrognathus siamensis,Macrognathus,100,invasive,1,S,0,21.32857142857143,320,NA,2010
2009-11-19T00:00:00Z,6,2009,11,19,RB,RB9,2,41,23.6,0.3,3.08,Peacock eel,Macrognathus siamensis,Macrognathus,100,invasive,1,S,0,21.32857142857143,320,NA,2010
2009-11-19T00:00:00Z,6,2009,11,19,RB,RB9,2,41,23.6,0.3,3.08,Peacock eel,Macrognathus siamensis,Macrognathus,100,invasive,1,S,0,21.32857142857143,320,NA,2010
2009-11-19T00:00:00Z,6,2009,11,19,RB,RB9,2,41,23.6,0.3,3.08,Peacock eel,Macrognathus siamensis,Macrognathus,100,invasive,1,S,0,21.32857142857143,320,NA,2010
2009-11-19T00:00:00Z,6,2009,11,19,RB,RB9,2,41,23.6,0.3,3.08,Peacock eel,Macrognathus siamensis,Macrognathus,100,invasive,1,S,0,21.32857142857143,320,NA,2010
2009-11-19T00:00:00Z,6,2009,11,19,RB,RB9,2,41,23.6,0.3,3.08,Peacock eel,Macrognathus siamensis,Macrognathus,100,invasive,1,S,0,21.32857142857143,320,NA,2010
2009-11-19T00:00:00Z,6,2009,11,19,RB,RB9,2,41,23.6,0.3,3.08,Peacock eel,Macrognathus siamensis,Macrognathus,100,invasive,1,S,0,21.32857142857143,320,NA,2010
2009-11-19T00:00:00Z,6,2009,11,19,RB,RB9,2,41,23.6,0.3,3.08,Peacock eel,Macrognathus siamensis,Macrognathus,100,invasive,1,S,0,21.32857142857143,320,NA,2010
2009-11-19T00:00:00Z,6,2009,11,19,RB,RB9,2,41,23.6,0.3,3.08,Peacock eel,Macrognathus siamensis,Macrognathus,100,invasive,1,S,0,21.32857142857143,320,NA,2010
2009-11-19T00:00:00Z,6,2009,11,19,RB,RB9,2,41,23.6,0.3,3.08,Peacock eel,Macrognathus siamensis,Macrognathus,100,invasive,1,S,0,21.32857142857143,320,NA,2010
2009-11-19T00:00:00Z,6,2009,11,19,RB,RB9,2,41,23.6,0.3,3.08,Peacock eel,Macrognathus siamensis,Macrognathus,100,invasive,1,C,0,24.8,320,NA,2010
2009-11-19T00:00:00Z,6,2009,11,19,RB,RB9,2,41,23.6,0.3,3.08,Peacock eel,Macrognathus siamensis,Macrognathus,100,invasive,1,C,0,23.2,320,NA,2010
2009-11-19T00:00:00Z,6,2009,11,19,RB,RB9,2,41,23.6,0.3,3.08,Peacock eel,Macrognathus siamensis,Macrognathus,100,invasive,1,C,0,21.32857142857143,320,NA,2010
2009-11-19T00:00:00Z,6,2009,11,19,RB,RB9,2,41,23.6,0.3,3.08,Peacock eel,Macrognathus siamensis,Macrognathus,100,invasive,1,C,0,20,320,NA,2010
2009-11-19T00:00:00Z,6,2009,11,19,RB,RB9,2,41,23.6,0.3,3.08,Peacock eel,Macrognathus siamensis,Macrognathus,100,invasive,1,C,0,19.2,320,NA,2010
2009-11-19T00:00:00Z,6,2009,11,19,RB,RB9,2,41,23.6,0.3,3.08,Peacock eel,Macrognathus siamensis,Macrognathus,100,invasive,1,C,0,25,320,NA,2010
2009-11-19T00:00:00Z,6,2009,11,19,RB,RB9,2,41,23.6,0.3,3.08,Peacock eel,Macrognathus siamensis,Macrognathus,100,invasive,1,C,0,19.6,320,NA,2010
2009-11-19T00:00:00Z,6,2009,11,19,RB,RB9,2,41,23.6,0.3,3.08,Peacock eel,Macrognathus siamensis,Macrognathus,100,invasive,1,C,0,20.9,320,NA,2010
2009-11-19T00:00:00Z,6,2009,11,19,RB,RB9,2,41,23.6,0.3,3.08,Peacock eel,Macrognathus siamensis,Macrognathus,100,invasive,1,C,0,26,320,NA,2010
2009-11-19T00:00:00Z,6,2009,11,19,RB,RB9,2,41,23.6,0.3,3.08,Peacock eel,Macrognathus siamensis,Macrognathus,100,invasive,1,C,0,20.2,320,NA,2010
2009-11-19T00:00:00Z,6,2009,11,19,RB,RB9,2,41,23.6,0.3,3.08,Peacock eel,Macrognathus siamensis,Macrognathus,100,invasive,1,C,0,22.6,320,NA,2010
2009-11-19T00:00:00Z,6,2009,11,19,RB,RB9,2,41,23.6,0.3,3.08,Peacock eel,Macrognathus siamensis,Macrognathus,100,invasive,1,C,0,23.5,320,NA,2010
2009-11-19T00:00:00Z,6,2009,11,19,RB,RB9,2,41,23.6,0.3,3.08,Peacock eel,Macrognathus siamensis,Macrognathus,100,invasive,1,C,0,20,320,NA,2010
2009-11-19T00:00:00Z,6,2009,11,19,RB,RB9,2,41,23.6,0.3,3.08,Peacock eel,Macrognathus siamensis,Macrognathus,100,invasive,1,C,0,24.5,320,NA,2010
2009-11-19T00:00:00Z,6,2009,11,19,RB,RB9,2,41,23.6,0.3,3.08,Peacock eel,Macrognathus siamensis,Macrognathus,100,invasive,1,C,0,19.4,320,NA,2010
2009-11-19T00:00:00Z,6,2009,11,19,RB,RB9,2,41,23.6,0.3,3.08,Peacock eel,Macrognathus siamensis,Macrognathus,100,invasive,1,C,0,23.5,320,NA,2010
2009-11-19T00:00:00Z,6,2009,11,19,RB,RB9,2,41,23.6,0.3,3.08,Peacock eel,Macrognathus siamensis,Macrognathus,100,invasive,1,C,0,20.7,320,NA,2010
2009-11-19T00:00:00Z,6,2009,11,19,RB,RB9,2,41,23.6,0.3,3.08,Peacock eel,Macrognathus siamensis,Macrognathus,100,invasive,1,C,0,24,320,NA,2010
2009-11-19T00:00:00Z,6,2009,11,19,RB,RB9,2,41,23.6,0.3,3.08,Peacock eel,Macrognathus siamensis,Macrognathus,100,invasive,1,C,0,21.3,320,NA,2010
2009-11-19T00:00:00Z,6,2009,11,19,RB,RB9,2,41,23.6,0.3,3.08,Peacock eel,Macrognathus siamensis,Macrognathus,100,invasive,1,C,0,21.4,320,NA,2010
2009-11-19T00:00:00Z,6,2009,11,19,RB,RB9,2,41,23.6,0.3,3.08,Peacock eel,Macrognathus siamensis,Macrognathus,100,invasive,1,C,0,20.1,320,NA,2010
2009-11-19T00:00:00Z,6,2009,11,19,RB,RB9,2,41,23.6,0.3,3.08,Peacock eel,Macrognathus siamensis,Macrognathus,100,invasive,1,C,0,19,320,NA,2010
2009-11-19T00:00:00Z,6,2009,11,19,RB,RB9,2,41,23.6,0.3,3.08,Peacock eel,Macrognathus siamensis,Macrognathus,100,invasive,1,C,0,21.3,320,NA,2010
2009-11-19T00:00:00Z,6,2009,11,19,RB,RB9,2,41,23.6,0.3,3.08,Peacock eel,Macrognathus siamensis,Macrognathus,100,invasive,1,C,0,21.6,320,NA,2010
2009-11-19T00:00:00Z,6,2009,11,19,RB,RB9,2,41,23.6,0.3,3.08,Peacock eel,Macrognathus siamensis,Macrognathus,100,invasive,1,C,0,19.9,320,NA,2010
2009-11-19T00:00:00Z,6,2009,11,19,RB,RB9,2,41,23.6,0.3,3.08,Peacock eel,Macrognathus siamensis,Macrognathus,100,invasive,1,C,0,18.5,320,NA,2010
2009-11-19T00:00:00Z,6,2009,11,19,RB,RB9,2,41,23.6,0.3,3.08,Peacock eel,Macrognathus siamensis,Macrognathus,100,invasive,1,C,0,19.5,320,NA,2010
2009-11-19T00:00:00Z,6,2009,11,19,RB,RB9,2,41,23.6,0.3,3.08,Peacock eel,Macrognathus siamensis,Macrognathus,100,invasive,1,C,0,19.1,320,NA,2010
2009-11-19T00:00:00Z,6,2009,11,19,RB,RB9,2,41,23.6,0.3,3.08,Peacock eel,Macrognathus siamensis,Macrognathus,100,invasive,1,C,0,18.3,320,NA,2010
2009-11-19T00:00:00Z,6,2009,11,19,RB,RB9,3,70,23.9,0.3,3.75,Peacock eel,Macrognathus siamensis,Macrognathus,100,invasive,1,S,0,21.32857142857143,320,NA,2010
2009-11-19T00:00:00Z,6,2009,11,19,RB,RB9,3,70,23.9,0.3,3.75,Peacock eel,Macrognathus siamensis,Macrognathus,100,invasive,1,S,0,21.32857142857143,320,NA,2010
2009-11-19T00:00:00Z,6,2009,11,19,RB,RB9,3,70,23.9,0.3,3.75,Peacock eel,Macrognathus siamensis,Macrognathus,100,invasive,1,S,0,21.32857142857143,320,NA,2010
2009-11-19T00:00:00Z,6,2009,11,19,RB,RB9,3,70,23.9,0.3,3.75,Peacock eel,Macrognathus siamensis,Macrognathus,100,invasive,1,C,0,24,320,NA,2010
2009-11-19T00:00:00Z,6,2009,11,19,RB,RB9,3,70,23.9,0.3,3.75,Peacock eel,Macrognathus siamensis,Macrognathus,100,invasive,1,C,0,20.7,320,NA,2010
2009-11-19T00:00:00Z,6,2009,11,19,RB,RB9,3,70,23.9,0.3,3.75,Peacock eel,Macrognathus siamensis,Macrognathus,100,invasive,1,C,0,23.6,320,NA,2010
2009-11-19T00:00:00Z,6,2009,11,19,RB,RB9,3,70,23.9,0.3,3.75,Peacock eel,Macrognathus siamensis,Macrognathus,100,invasive,1,C,0,22.5,320,NA,2010
2009-11-19T00:00:00Z,6,2009,11,19,RB,RB9,3,70,23.9,0.3,3.75,Peacock eel,Macrognathus siamensis,Macrognathus,100,invasive,1,C,0,20,320,NA,2010
2009-11-19T00:00:00Z,6,2009,11,19,RB,RB9,3,70,23.9,0.3,3.75,Peacock eel,Macrognathus siamensis,Macrognathus,100,invasive,1,C,0,22.2,320,NA,2010
2010-02-16T00:00:00Z,6,2010,2,16,RB,RB10,1,62,17.4,0.3,5.22,Peacock eel,Macrognathus siamensis,Macrognathus,100,invasive,0,ZERO,0,0,0,NA,2010
2010-02-16T00:00:00Z,6,2010,2,16,RB,RB10,2,61,18.1,0.3,6.11,Peacock eel,Macrognathus siamensis,Macrognathus,100,invasive,1,C,0,20,320,NA,2010
2010-02-16T00:00:00Z,6,2010,2,16,RB,RB10,3,79,18,0.3,5.84,Peacock eel,Macrognathus siamensis,Macrognathus,100,invasive,0,ZERO,0,0,0,NA,2010
2010-02-16T00:00:00Z,6,2010,2,16,RB,RB11,1,41,18.2,0.3,5.36,Peacock eel,Macrognathus siamensis,Macrognathus,100,invasive,0,ZERO,0,0,0,NA,2010
2010-02-16T00:00:00Z,6,2010,2,16,RB,RB11,2,60,19.4,0.3,6.08,Peacock eel,Macrognathus siamensis,Macrognathus,100,invasive,0,ZERO,0,0,0,NA,2010
2010-02-16T00:00:00Z,6,2010,2,16,RB,RB11,3,64,19,0.3,5.54,Peacock eel,Macrognathus siamensis,Macrognathus,100,invasive,0,ZERO,0,0,0,NA,2010
2010-02-17T00:00:00Z,6,2010,2,17,RB,RB12,1,97,15.2,0.5,4.17,Peacock eel,Macrognathus siamensis,Macrognathus,100,invasive,0,ZERO,0,0,0,NA,2010
2010-02-17T00:00:00Z,6,2010,2,17,RB,RB12,2,75,14.7,0.5,4.45,Peacock eel,Macrognathus siamensis,Macrognathus,100,invasive,0,ZERO,0,0,0,NA,2010
2010-02-17T00:00:00Z,6,2010,2,17,RB,RB12,3,86,15,0.5,4.43,Peacock eel,Macrognathus siamensis,Macrognathus,100,invasive,0,ZERO,0,0,0,NA,2010
2010-02-16T00:00:00Z,6,2010,2,16,RB,RB13,1,79,15.5,0.3,6.42,Peacock eel,Macrognathus siamensis,Macrognathus,100,invasive,0,ZERO,0,0,0,NA,2010
2010-02-16T00:00:00Z,6,2010,2,16,RB,RB13,2,71,15.4,0.3,6.19,Peacock eel,Macrognathus siamensis,Macrognathus,100,invasive,0,ZERO,0,0,0,NA,2010
2010-02-16T00:00:00Z,6,2010,2,16,RB,RB13,3,64,16.5,0.3,6.5,Peacock eel,Macrognathus siamensis,Macrognathus,100,invasive,0,ZERO,0,0,0,NA,2010
2010-02-18T00:00:00Z,6,2010,2,18,RB,RB14,1,66,17.7,0.6,4.64,Peacock eel,Macrognathus siamensis,Macrognathus,100,invasive,0,ZERO,0,0,0,NA,2010
2010-02-18T00:00:00Z,6,2010,2,18,RB,RB14,2,100,17.7,0.5,4.71,Peacock eel,Macrognathus siamensis,Macrognathus,100,invasive,1,S,0,20.85,320,NA,2010
2010-02-18T00:00:00Z,6,2010,2,18,RB,RB14,3,80,17.9,0.5,4.61,Peacock eel,Macrognathus siamensis,Macrognathus,100,invasive,0,ZERO,0,0,0,NA,2010
2010-02-17T00:00:00Z,6,2010,2,17,RB,RB15,1,90,16.2,1,2.78,Peacock eel,Macrognathus siamensis,Macrognathus,100,invasive,0,ZERO,0,0,0,NA,2010
2010-02-17T00:00:00Z,6,2010,2,17,RB,RB15,2,93,15.8,1,2.78,Peacock eel,Macrognathus siamensis,Macrognathus,100,invasive,0,ZERO,0,0,0,NA,2010
2010-02-17T00:00:00Z,6,2010,2,17,RB,RB15,3,130,16.2,1,2.72,Peacock eel,Macrognathus siamensis,Macrognathus,100,invasive,0,ZERO,0,0,0,NA,2010
2010-02-17T00:00:00Z,6,2010,2,17,RB,RB16,1,88,15.1,1.5,4.59,Peacock eel,Macrognathus siamensis,Macrognathus,100,invasive,0,ZERO,0,0,0,NA,2010
2010-02-17T00:00:00Z,6,2010,2,17,RB,RB7,1,101,16.4,0.6,3.76,Peacock eel,Macrognathus siamensis,Macrognathus,100,invasive,0,ZERO,0,0,0,NA,2010
2010-02-17T00:00:00Z,6,2010,2,17,RB,RB7,3,95,16.2,0.5,3.94,Peacock eel,Macrognathus siamensis,Macrognathus,100,invasive,0,ZERO,0,0,0,NA,2010
2010-02-15T00:00:00Z,6,2010,2,15,RB,RB8,1,55,14.7,0.3,5.78,Peacock eel,Macrognathus siamensis,Macrognathus,100,invasive,0,ZERO,0,0,0,NA,2010
2010-02-15T00:00:00Z,6,2010,2,15,RB,RB8,2,30,14.4,0.3,6.25,Peacock eel,Macrognathus siamensis,Macrognathus,100,invasive,0,ZERO,0,0,0,NA,2010
2010-02-15T00:00:00Z,6,2010,2,15,RB,RB8,3,46,15.2,0.3,6.49,Peacock eel,Macrognathus siamensis,Macrognathus,100,invasive,0,ZERO,0,0,0,NA,2010
2010-02-15T00:00:00Z,6,2010,2,15,RB,RB9,1,68,16.1,0.3,6.47,Peacock eel,Macrognathus siamensis,Macrognathus,100,invasive,0,ZERO,0,0,0,NA,2010
2010-02-15T00:00:00Z,6,2010,2,15,RB,RB9,2,52,16.6,0.3,6.53,Peacock eel,Macrognathus siamensis,Macrognathus,100,invasive,1,S,0,20.85,320,NA,2010
2010-02-15T00:00:00Z,6,2010,2,15,RB,RB9,2,52,16.6,0.3,6.53,Peacock eel,Macrognathus siamensis,Macrognathus,100,invasive,1,C,0,21.7,320,NA,2010
2010-02-15T00:00:00Z,6,2010,2,15,RB,RB9,3,43,17.3,0.3,6.5,Peacock eel,Macrognathus siamensis,Macrognathus,100,invasive,0,ZERO,0,0,0,NA,2010
2010-03-13T00:00:00Z,6,2010,3,13,RB,RB10,1,103,22.37,0.35,3.86,Peacock eel,Macrognathus siamensis,Macrognathus,100,invasive,0,ZERO,0,0,0,NA,2010
2010-03-13T00:00:00Z,6,2010,3,13,RB,RB10,2,133,22.98,0.35,3.67,Peacock eel,Macrognathus siamensis,Macrognathus,100,invasive,1,C,0,23.9,320,NA,2010
2010-03-13T00:00:00Z,6,2010,3,13,RB,RB10,3,99,22.74,0.33,4.54,Peacock eel,Macrognathus siamensis,Macrognathus,100,invasive,0,ZERO,0,0,0,NA,2010
2010-03-12T00:00:00Z,6,2010,3,12,RB,RB11,1,72,23.22,0.37,3.14,Peacock eel,Macrognathus siamensis,Macrognathus,100,invasive,0,ZERO,0,0,0,NA,2010
2010-03-12T00:00:00Z,6,2010,3,12,RB,RB11,2,87,23.62,0.38,3.15,Peacock eel,Macrognathus siamensis,Macrognathus,100,invasive,0,ZERO,0,0,0,NA,2010
2010-03-12T00:00:00Z,6,2010,3,12,RB,RB11,3,101,23.84,0.37,3.51,Peacock eel,Macrognathus siamensis,Macrognathus,100,invasive,0,ZERO,0,0,0,NA,2010
2010-03-11T00:00:00Z,6,2010,3,11,RB,RB12,1,86,20.82,1.03,2.26,Peacock eel,Macrognathus siamensis,Macrognathus,100,invasive,0,ZERO,0,0,0,NA,2010
2010-03-11T00:00:00Z,6,2010,3,11,RB,RB12,2,96,21.01,0.96,2.79,Peacock eel,Macrognathus siamensis,Macrognathus,100,invasive,0,ZERO,0,0,0,NA,2010
2010-03-11T00:00:00Z,6,2010,3,11,RB,RB12,3,95,21.33,0.86,2.6,Peacock eel,Macrognathus siamensis,Macrognathus,100,invasive,0,ZERO,0,0,0,NA,2010
2010-03-12T00:00:00Z,6,2010,3,12,RB,RB13,1,76,21.64,0.49,5.98,Peacock eel,Macrognathus siamensis,Macrognathus,100,invasive,0,ZERO,0,0,0,NA,2010
2010-03-12T00:00:00Z,6,2010,3,12,RB,RB13,2,88,21.92,0.51,5.45,Peacock eel,Macrognathus siamensis,Macrognathus,100,invasive,0,ZERO,0,0,0,NA,2010
2010-03-12T00:00:00Z,6,2010,3,12,RB,RB13,3,83,22.27,0.47,6.01,Peacock eel,Macrognathus siamensis,Macrognathus,100,invasive,1,S,0,23.9,320,NA,2010
2010-03-11T00:00:00Z,6,2010,3,11,RB,RB14,1,77,22.27,1.28,1.58,Peacock eel,Macrognathus siamensis,Macrognathus,100,invasive,0,ZERO,0,0,0,NA,2010
2010-03-11T00:00:00Z,6,2010,3,11,RB,RB14,2,113,22.4,1.23,1.53,Peacock eel,Macrognathus siamensis,Macrognathus,100,invasive,0,ZERO,0,0,0,NA,2010
2010-03-11T00:00:00Z,6,2010,3,11,RB,RB14,3,81,22,1.25,1.26,Peacock eel,Macrognathus siamensis,Macrognathus,100,invasive,0,ZERO,0,0,0,NA,2010
2010-03-10T00:00:00Z,6,2010,3,10,RB,RB15,2,102,19.56,1.75,0.45,Peacock eel,Macrognathus siamensis,Macrognathus,100,invasive,0,ZERO,0,0,0,NA,2010
2010-03-10T00:00:00Z,6,2010,3,10,RB,RB15,3,133,19.47,1.61,0.28,Peacock eel,Macrognathus siamensis,Macrognathus,100,invasive,0,ZERO,0,0,0,NA,2010
2010-03-11T00:00:00Z,6,2010,3,11,RB,RB16,1,127,20.73,1.96,4.46,Peacock eel,Macrognathus siamensis,Macrognathus,100,invasive,0,ZERO,0,0,0,NA,2010
2010-03-11T00:00:00Z,6,2010,3,11,RB,RB16,2,92,21.36,1.41,4.92,Peacock eel,Macrognathus siamensis,Macrognathus,100,invasive,0,ZERO,0,0,0,NA,2010
2010-03-11T00:00:00Z,6,2010,3,11,RB,RB16,3,137,21.88,1.24,4.45,Peacock eel,Macrognathus siamensis,Macrognathus,100,invasive,0,ZERO,0,0,0,NA,2010
2010-03-09T00:00:00Z,6,2010,3,9,RB,RB7,1,78,19.5,1.07,1.83,Peacock eel,Macrognathus siamensis,Macrognathus,100,invasive,0,ZERO,0,0,0,NA,2010
2010-03-09T00:00:00Z,6,2010,3,9,RB,RB7,2,94,19.2,1.02,2.09,Peacock eel,Macrognathus siamensis,Macrognathus,100,invasive,0,ZERO,0,0,0,NA,2010
2010-03-09T00:00:00Z,6,2010,3,9,RB,RB7,3,86,19.02,0.87,2.44,Peacock eel,Macrognathus siamensis,Macrognathus,100,invasive,0,ZERO,0,0,0,NA,2010
2010-03-13T00:00:00Z,6,2010,3,13,RB,RB8,1,69,22.62,0.44,3.99,Peacock eel,Macrognathus siamensis,Macrognathus,100,invasive,0,ZERO,0,0,0,NA,2010
2010-03-12T00:00:00Z,6,2010,3,12,RB,RB8,2,56,23.74,0.43,4.43,Peacock eel,Macrognathus siamensis,Macrognathus,100,invasive,0,ZERO,0,0,0,NA,2010
2010-03-12T00:00:00Z,6,2010,3,12,RB,RB8,3,83,23.97,0.42,5.09,Peacock eel,Macrognathus siamensis,Macrognathus,100,invasive,0,ZERO,0,0,0,NA,2010
2010-03-13T00:00:00Z,6,2010,3,13,RB,RB9,1,79,22.19,0.32,2.32,Peacock eel,Macrognathus siamensis,Macrognathus,100,invasive,0,ZERO,0,0,0,NA,2010
2010-03-13T00:00:00Z,6,2010,3,13,RB,RB9,2,76,21.94,0.32,2.34,Peacock eel,Macrognathus siamensis,Macrognathus,100,invasive,1,S,0,23.9,320,NA,2010
2010-03-13T00:00:00Z,6,2010,3,13,RB,RB9,2,76,21.94,0.32,2.34,Peacock eel,Macrognathus siamensis,Macrognathus,100,invasive,1,S,0,23.9,320,NA,2010
2010-03-13T00:00:00Z,6,2010,3,13,RB,RB9,3,82,21.8,0.32,2.58,Peacock eel,Macrognathus siamensis,Macrognathus,100,invasive,0,ZERO,0,0,0,NA,2010
2010-05-06T00:00:00Z,6,2010,5,6,RB,RB10,1,63,29.9,0.5,1.68,Peacock eel,Macrognathus siamensis,Macrognathus,100,invasive,0,ZERO,0,0,0,NA,2010
2010-05-06T00:00:00Z,6,2010,5,6,RB,RB10,2,82,29.3,0.5,1.43,Peacock eel,Macrognathus siamensis,Macrognathus,100,invasive,0,ZERO,0,0,0,NA,2010
2010-05-07T00:00:00Z,6,2010,5,7,RB,RB10,3,78,25.02,0.33,2.49,Peacock eel,Macrognathus siamensis,Macrognathus,100,invasive,0,ZERO,0,0,0,NA,2010
2010-05-07T00:00:00Z,6,2010,5,7,RB,RB11,1,82,25.58,0.38,1.99,Peacock eel,Macrognathus siamensis,Macrognathus,100,invasive,0,ZERO,0,0,0,NA,2010
2010-05-07T00:00:00Z,6,2010,5,7,RB,RB11,2,92,25.42,0.38,2.12,Peacock eel,Macrognathus siamensis,Macrognathus,100,invasive,0,ZERO,0,0,0,NA,2010
2010-05-07T00:00:00Z,6,2010,5,7,RB,RB11,3,84,25.48,0.36,2.18,Peacock eel,Macrognathus siamensis,Macrognathus,100,invasive,0,ZERO,0,0,0,NA,2010
2010-05-10T00:00:00Z,6,2010,5,10,RB,RB12,1,131,27.53,0.97,0.87,Peacock eel,Macrognathus siamensis,Macrognathus,100,invasive,0,ZERO,0,0,0,NA,2010
2010-05-10T00:00:00Z,6,2010,5,10,RB,RB12,2,129,27.43,1.04,0.99,Peacock eel,Macrognathus siamensis,Macrognathus,100,invasive,0,ZERO,0,0,0,NA,2010
2010-05-10T00:00:00Z,6,2010,5,10,RB,RB12,3,106,28.12,0.82,1.33,Peacock eel,Macrognathus siamensis,Macrognathus,100,invasive,0,ZERO,0,0,0,NA,2010
2010-05-06T00:00:00Z,6,2010,5,6,RB,RB13,1,59,28.8,0.5,1.5,Peacock eel,Macrognathus siamensis,Macrognathus,100,invasive,0,ZERO,0,0,0,NA,2010
2010-05-06T00:00:00Z,6,2010,5,6,RB,RB13,2,109,29,0.5,2.09,Peacock eel,Macrognathus siamensis,Macrognathus,100,invasive,0,ZERO,0,0,0,NA,2010
2010-05-06T00:00:00Z,6,2010,5,6,RB,RB13,3,78,29.2,0.5,1.69,Peacock eel,Macrognathus siamensis,Macrognathus,100,invasive,0,ZERO,0,0,0,NA,2010
2010-05-10T00:00:00Z,6,2010,5,10,RB,RB14,1,128,28.18,0.72,2.3,Peacock eel,Macrognathus siamensis,Macrognathus,100,invasive,0,ZERO,0,0,0,NA,2010
2010-05-10T00:00:00Z,6,2010,5,10,RB,RB14,2,126,28.33,0.65,2.31,Peacock eel,Macrognathus siamensis,Macrognathus,100,invasive,0,ZERO,0,0,0,NA,2010
2010-05-10T00:00:00Z,6,2010,5,10,RB,RB14,3,78,28.49,0.66,2.44,Peacock eel,Macrognathus siamensis,Macrognathus,100,invasive,0,ZERO,0,0,0,NA,2010
2010-05-06T00:00:00Z,6,2010,5,6,RB,RB15,1,165,29.5,2,0.38,Peacock eel,Macrognathus siamensis,Macrognathus,100,invasive,0,ZERO,0,0,0,NA,2010
2010-05-06T00:00:00Z,6,2010,5,6,RB,RB15,2,89,29.5,1.9,0.64,Peacock eel,Macrognathus siamensis,Macrognathus,100,invasive,0,ZERO,0,0,0,NA,2010
2010-05-06T00:00:00Z,6,2010,5,6,RB,RB15,3,65,29.2,1.9,0.68,Peacock eel,Macrognathus siamensis,Macrognathus,100,invasive,0,ZERO,0,0,0,NA,2010
2010-05-10T00:00:00Z,6,2010,5,10,RB,RB16,1,118,28.75,2.12,2.98,Peacock eel,Macrognathus siamensis,Macrognathus,100,invasive,0,ZERO,0,0,0,NA,2010
2010-05-10T00:00:00Z,6,2010,5,10,RB,RB16,2,137,28.99,1.97,3,Peacock eel,Macrognathus siamensis,Macrognathus,100,invasive,0,ZERO,0,0,0,NA,2010
2010-05-10T00:00:00Z,6,2010,5,10,RB,RB16,3,137,27.89,2.25,2,Peacock eel,Macrognathus siamensis,Macrognathus,100,invasive,0,ZERO,0,0,0,NA,2010
2010-05-10T00:00:00Z,6,2010,5,10,RB,RB7,1,94,26.57,1.37,0.23,Peacock eel,Macrognathus siamensis,Macrognathus,100,invasive,0,ZERO,0,0,0,NA,2010
2010-05-10T00:00:00Z,6,2010,5,10,RB,RB7,2,103,26.76,1.02,0.37,Peacock eel,Macrognathus siamensis,Macrognathus,100,invasive,0,ZERO,0,0,0,NA,2010
2010-05-10T00:00:00Z,6,2010,5,10,RB,RB7,3,99,27.02,0.84,0.35,Peacock eel,Macrognathus siamensis,Macrognathus,100,invasive,0,ZERO,0,0,0,NA,2010
2010-05-05T00:00:00Z,6,2010,5,5,RB,RB8,1,89,27.89,0.51,1.32,Peacock eel,Macrognathus siamensis,Macrognathus,100,invasive,0,ZERO,0,0,0,NA,2010
2010-05-05T00:00:00Z,6,2010,5,5,RB,RB8,2,87,28.22,0.5,1.63,Peacock eel,Macrognathus siamensis,Macrognathus,100,invasive,0,ZERO,0,0,0,NA,2010
2010-05-05T00:00:00Z,6,2010,5,5,RB,RB8,3,78,29.28,0.49,1.89,Peacock eel,Macrognathus siamensis,Macrognathus,100,invasive,0,ZERO,0,0,0,NA,2010
2010-05-05T00:00:00Z,6,2010,5,5,RB,RB9,1,62,28.79,0.42,1.62,Peacock eel,Macrognathus siamensis,Macrognathus,100,invasive,0,ZERO,0,0,0,NA,2010
2010-05-05T00:00:00Z,6,2010,5,5,RB,RB9,2,65,28.98,0.39,1.56,Peacock eel,Macrognathus siamensis,Macrognathus,100,invasive,0,ZERO,0,0,0,NA,2010
2010-05-05T00:00:00Z,6,2010,5,5,RB,RB9,3,100,29.43,0.37,1.75,Peacock eel,Macrognathus siamensis,Macrognathus,100,invasive,0,ZERO,0,0,0,NA,2010
2010-12-17T00:00:00Z,7,2010,12,17,RB,RB10,1,108,13.32,0.3,7.1,Peacock eel,Macrognathus siamensis,Macrognathus,100,invasive,0,ZERO,0,0,0,NA,2011
2010-12-17T00:00:00Z,7,2010,12,17,RB,RB10,2,149,13.81,0.29,7.46,Peacock eel,Macrognathus siamensis,Macrognathus,100,invasive,0,ZERO,0,0,0,NA,2011
2010-12-17T00:00:00Z,7,2010,12,17,RB,RB10,3,138,14.22,0.29,7.46,Peacock eel,Macrognathus siamensis,Macrognathus,100,invasive,0,ZERO,0,0,0,NA,2011
2010-12-17T00:00:00Z,7,2010,12,17,RB,RB11,1,163,12.46,0.29,7.27,Peacock eel,Macrognathus siamensis,Macrognathus,100,invasive,0,ZERO,0,0,0,NA,2011
2010-12-17T00:00:00Z,7,2010,12,17,RB,RB11,2,124,12.4,0.29,7.19,Peacock eel,Macrognathus siamensis,Macrognathus,100,invasive,0,ZERO,0,0,0,NA,2011
2010-12-17T00:00:00Z,7,2010,12,17,RB,RB11,3,114,12.57,0.29,7.28,Peacock eel,Macrognathus siamensis,Macrognathus,100,invasive,0,ZERO,0,0,0,NA,2011
2010-12-16T00:00:00Z,7,2010,12,16,RB,RB12,1,154,9.4,0.48,6.25,Peacock eel,Macrognathus siamensis,Macrognathus,100,invasive,0,ZERO,0,0,0,NA,2011
2010-12-16T00:00:00Z,7,2010,12,16,RB,RB12,2,97,9.42,0.54,6.91,Peacock eel,Macrognathus siamensis,Macrognathus,100,invasive,0,ZERO,0,0,0,NA,2011
2010-12-16T00:00:00Z,7,2010,12,16,RB,RB12,3,151,9.43,0.57,6.04,Peacock eel,Macrognathus siamensis,Macrognathus,100,invasive,0,ZERO,0,0,0,NA,2011
2010-12-18T00:00:00Z,7,2010,12,18,RB,RB13,1,82,15.57,0.31,7.23,Peacock eel,Macrognathus siamensis,Macrognathus,100,invasive,0,ZERO,0,0,0,NA,2011
2010-12-18T00:00:00Z,7,2010,12,18,RB,RB13,2,88,15.75,0.31,7.32,Peacock eel,Macrognathus siamensis,Macrognathus,100,invasive,0,ZERO,0,0,0,NA,2011
2010-12-18T00:00:00Z,7,2010,12,18,RB,RB13,3,75,15.91,0.32,7.22,Peacock eel,Macrognathus siamensis,Macrognathus,100,invasive,0,ZERO,0,0,0,NA,2011
2010-12-16T00:00:00Z,7,2010,12,16,RB,RB14,1,100,13.08,0.56,5.82,Peacock eel,Macrognathus siamensis,Macrognathus,100,invasive,0,ZERO,0,0,0,NA,2011
2010-12-16T00:00:00Z,7,2010,12,16,RB,RB14,2,114,12.46,0.55,6.05,Peacock eel,Macrognathus siamensis,Macrognathus,100,invasive,0,ZERO,0,0,0,NA,2011
2010-12-16T00:00:00Z,7,2010,12,16,RB,RB14,3,113,12.6,0.51,6.4,Peacock eel,Macrognathus siamensis,Macrognathus,100,invasive,0,ZERO,0,0,0,NA,2011
2010-12-16T00:00:00Z,7,2010,12,16,RB,RB15,2,139,13.68,1,2.19,Peacock eel,Macrognathus siamensis,Macrognathus,100,invasive,0,ZERO,0,0,0,NA,2011
2010-12-16T00:00:00Z,7,2010,12,16,RB,RB15,3,148,13.65,1.01,2.21,Peacock eel,Macrognathus siamensis,Macrognathus,100,invasive,0,ZERO,0,0,0,NA,2011
2010-12-16T00:00:00Z,7,2010,12,16,RB,RB16,1,77,12.04,1.23,4.62,Peacock eel,Macrognathus siamensis,Macrognathus,100,invasive,0,ZERO,0,0,0,NA,2011
2010-12-16T00:00:00Z,7,2010,12,16,RB,RB16,2,135,11.39,0.93,5.3,Peacock eel,Macrognathus siamensis,Macrognathus,100,invasive,0,ZERO,0,0,0,NA,2011
2010-12-16T00:00:00Z,7,2010,12,16,RB,RB16,3,130,11.66,0.85,6.43,Peacock eel,Macrognathus siamensis,Macrognathus,100,invasive,0,ZERO,0,0,0,NA,2011
2010-12-16T00:00:00Z,7,2010,12,16,RB,RB7,1,128,12.34,0.79,4.67,Peacock eel,Macrognathus siamensis,Macrognathus,100,invasive,0,ZERO,0,0,0,NA,2011
2010-12-16T00:00:00Z,7,2010,12,16,RB,RB7,2,130,11.65,0.65,4.74,Peacock eel,Macrognathus siamensis,Macrognathus,100,invasive,0,ZERO,0,0,0,NA,2011
2010-12-16T00:00:00Z,7,2010,12,16,RB,RB7,3,120,10.87,0.53,5.83,Peacock eel,Macrognathus siamensis,Macrognathus,100,invasive,0,ZERO,0,0,0,NA,2011
2010-12-17T00:00:00Z,7,2010,12,17,RB,RB8,1,69,12.7,0.29,7.48,Peacock eel,Macrognathus siamensis,Macrognathus,100,invasive,0,ZERO,0,0,0,NA,2011
2010-12-17T00:00:00Z,7,2010,12,17,RB,RB8,2,75,12.6,0.29,7.43,Peacock eel,Macrognathus siamensis,Macrognathus,100,invasive,0,ZERO,0,0,0,NA,2011
2010-12-17T00:00:00Z,7,2010,12,17,RB,RB8,3,52,12.65,0.29,7.9,Peacock eel,Macrognathus siamensis,Macrognathus,100,invasive,1,C,23.2,24.2,56,NA,2011
2010-12-17T00:00:00Z,7,2010,12,17,RB,RB9,1,181,14.02,0.3,6.83,Peacock eel,Macrognathus siamensis,Macrognathus,100,invasive,0,ZERO,0,0,0,NA,2011
2010-12-17T00:00:00Z,7,2010,12,17,RB,RB9,2,87,14.38,0.3,7.49,Peacock eel,Macrognathus siamensis,Macrognathus,100,invasive,0,ZERO,0,0,0,NA,2011
2010-12-17T00:00:00Z,7,2010,12,17,RB,RB9,3,114,14.73,0.29,7.43,Peacock eel,Macrognathus siamensis,Macrognathus,100,invasive,0,ZERO,0,0,0,NA,2011
2011-01-22T00:00:00Z,7,2011,1,22,RB,RB10,1,106,21.04,0.29,4.56,Peacock eel,Macrognathus siamensis,Macrognathus,100,invasive,0,ZERO,0,0,0,NA,2011
2011-01-22T00:00:00Z,7,2011,1,22,RB,RB10,2,175,20.95,0.29,4.67,Peacock eel,Macrognathus siamensis,Macrognathus,100,invasive,0,ZERO,0,0,0,NA,2011
2011-01-22T00:00:00Z,7,2011,1,22,RB,RB10,3,131,20.96,0.29,4.65,Peacock eel,Macrognathus siamensis,Macrognathus,100,invasive,0,ZERO,0,0,0,NA,2011
2011-01-22T00:00:00Z,7,2011,1,22,RB,RB11,1,115,21.15,0.2,3.4,Peacock eel,Macrognathus siamensis,Macrognathus,100,invasive,0,ZERO,0,0,0,NA,2011
2011-01-22T00:00:00Z,7,2011,1,22,RB,RB11,2,100,20.81,0.29,3.2,Peacock eel,Macrognathus siamensis,Macrognathus,100,invasive,0,ZERO,0,0,0,NA,2011
2011-01-22T00:00:00Z,7,2011,1,22,RB,RB11,3,100,20.86,0.29,4.62,Peacock eel,Macrognathus siamensis,Macrognathus,100,invasive,0,ZERO,0,0,0,NA,2011
2011-01-23T00:00:00Z,7,2011,1,23,RB,RB13,1,56,17.75,0.3,4.52,Peacock eel,Macrognathus siamensis,Macrognathus,100,invasive,0,ZERO,0,0,0,NA,2011
2011-01-23T00:00:00Z,7,2011,1,23,RB,RB13,2,61,17.76,0.31,4.62,Peacock eel,Macrognathus siamensis,Macrognathus,100,invasive,0,ZERO,0,0,0,NA,2011
2011-01-23T00:00:00Z,7,2011,1,23,RB,RB13,3,85,16.86,0.31,5.37,Peacock eel,Macrognathus siamensis,Macrognathus,100,invasive,0,ZERO,0,0,0,NA,2011
2011-01-22T00:00:00Z,7,2011,1,22,RB,RB8,1,96,21.89,0.3,3.69,Peacock eel,Macrognathus siamensis,Macrognathus,100,invasive,0,ZERO,0,0,0,NA,2011
2011-01-22T00:00:00Z,7,2011,1,22,RB,RB8,2,126,21.91,0.3,4.27,Peacock eel,Macrognathus siamensis,Macrognathus,100,invasive,0,ZERO,0,0,0,NA,2011
2011-01-22T00:00:00Z,7,2011,1,22,RB,RB8,3,108,21.83,0.3,3.83,Peacock eel,Macrognathus siamensis,Macrognathus,100,invasive,0,ZERO,0,0,0,NA,2011
2011-01-23T00:00:00Z,7,2011,1,23,RB,RB9,1,180,14.8,0.3,5.63,Peacock eel,Macrognathus siamensis,Macrognathus,100,invasive,0,ZERO,0,0,0,NA,2011
2011-01-23T00:00:00Z,7,2011,1,23,RB,RB9,2,145,14.87,0.3,5.96,Peacock eel,Macrognathus siamensis,Macrognathus,100,invasive,0,ZERO,0,0,0,NA,2011
2011-01-23T00:00:00Z,7,2011,1,23,RB,RB9,3,92,15.47,0.3,6.64,Peacock eel,Macrognathus siamensis,Macrognathus,100,invasive,1,S,0,24.2,56,NA,2011
2011-02-10T00:00:00Z,7,2011,2,10,RB,RB10,1,174,27.98,0.36,3.9,Peacock eel,Macrognathus siamensis,Macrognathus,100,invasive,0,ZERO,0,0,0,NA,2011
2011-02-10T00:00:00Z,7,2011,2,10,RB,RB10,2,115,23.3,0.36,3.6,Peacock eel,Macrognathus siamensis,Macrognathus,100,invasive,0,ZERO,0,0,0,NA,2011
2011-02-10T00:00:00Z,7,2011,2,10,RB,RB10,3,162,19.47,0.42,6.33,Peacock eel,Macrognathus siamensis,Macrognathus,100,invasive,0,ZERO,0,0,0,NA,2011
2011-02-12T00:00:00Z,7,2011,2,12,RB,RB11,1,101,17.41,0.39,5.65,Peacock eel,Macrognathus siamensis,Macrognathus,100,invasive,0,ZERO,0,0,0,NA,2011
2011-02-12T00:00:00Z,7,2011,2,12,RB,RB11,2,79,17.73,0.45,5.65,Peacock eel,Macrognathus siamensis,Macrognathus,100,invasive,0,ZERO,0,0,0,NA,2011
2011-02-13T00:00:00Z,7,2011,2,13,RB,RB11,3,116,16.28,0.36,6.24,Peacock eel,Macrognathus siamensis,Macrognathus,100,invasive,0,ZERO,0,0,0,NA,2011
2011-02-26T00:00:00Z,7,2011,2,26,RB,RB12,1,101,21.6,0.86,5.68,Peacock eel,Macrognathus siamensis,Macrognathus,100,invasive,0,ZERO,0,0,0,NA,2011
2011-02-26T00:00:00Z,7,2011,2,26,RB,RB12,2,115,20.9,0.77,6.11,Peacock eel,Macrognathus siamensis,Macrognathus,100,invasive,0,ZERO,0,0,0,NA,2011
2011-02-26T00:00:00Z,7,2011,2,26,RB,RB12,3,111,21.13,0.74,6.13,Peacock eel,Macrognathus siamensis,Macrognathus,100,invasive,0,ZERO,0,0,0,NA,2011
2011-02-11T00:00:00Z,7,2011,2,11,RB,RB13,1,115,22.2,0.43,3.62,Peacock eel,Macrognathus siamensis,Macrognathus,100,invasive,0,ZERO,0,0,0,NA,2011
2011-02-11T00:00:00Z,7,2011,2,11,RB,RB13,2,130,22.22,0.43,4.16,Peacock eel,Macrognathus siamensis,Macrognathus,100,invasive,0,ZERO,0,0,0,NA,2011
2011-02-11T00:00:00Z,7,2011,2,11,RB,RB13,3,115,22.27,0.42,3.35,Peacock eel,Macrognathus siamensis,Macrognathus,100,invasive,0,ZERO,0,0,0,NA,2011
2011-02-13T00:00:00Z,7,2011,2,13,RB,RB14,1,164,18.8,1.29,1.48,Peacock eel,Macrognathus siamensis,Macrognathus,100,invasive,0,ZERO,0,0,0,NA,2011
2011-02-13T00:00:00Z,7,2011,2,13,RB,RB14,2,163,19.02,1.06,2.43,Peacock eel,Macrognathus siamensis,Macrognathus,100,invasive,0,ZERO,0,0,0,NA,2011
2011-02-13T00:00:00Z,7,2011,2,13,RB,RB14,3,118,18.2,0.97,2.38,Peacock eel,Macrognathus siamensis,Macrognathus,100,invasive,0,ZERO,0,0,0,NA,2011
2011-02-25T00:00:00Z,7,2011,2,25,RB,RB15,1,122,23.9,1.49,0.92,Peacock eel,Macrognathus siamensis,Macrognathus,100,invasive,0,ZERO,0,0,0,NA,2011
2011-02-25T00:00:00Z,7,2011,2,25,RB,RB15,2,152,23.86,1.77,0.32,Peacock eel,Macrognathus siamensis,Macrognathus,100,invasive,0,ZERO,0,0,0,NA,2011
2011-02-25T00:00:00Z,7,2011,2,25,RB,RB15,3,177,23.9,1.93,0.92,Peacock eel,Macrognathus siamensis,Macrognathus,100,invasive,0,ZERO,0,0,0,NA,2011
2011-02-26T00:00:00Z,7,2011,2,26,RB,RB16,1,121,21.84,2.31,5.35,Peacock eel,Macrognathus siamensis,Macrognathus,100,invasive,0,ZERO,0,0,0,NA,2011
2011-02-26T00:00:00Z,7,2011,2,26,RB,RB16,2,97,22.56,2,5.3,Peacock eel,Macrognathus siamensis,Macrognathus,100,invasive,0,ZERO,0,0,0,NA,2011
2011-02-26T00:00:00Z,7,2011,2,26,RB,RB16,3,106,22.3,2.21,4.9,Peacock eel,Macrognathus siamensis,Macrognathus,100,invasive,0,ZERO,0,0,0,NA,2011
2011-02-25T00:00:00Z,7,2011,2,25,RB,RB7,1,94,23.11,1.18,1.13,Peacock eel,Macrognathus siamensis,Macrognathus,100,invasive,0,ZERO,0,0,0,NA,2011
2011-02-25T00:00:00Z,7,2011,2,25,RB,RB7,2,128,22.93,1.12,1.28,Peacock eel,Macrognathus siamensis,Macrognathus,100,invasive,0,ZERO,0,0,0,NA,2011
2011-02-25T00:00:00Z,7,2011,2,25,RB,RB7,3,104,22.8,1.01,1.45,Peacock eel,Macrognathus siamensis,Macrognathus,100,invasive,0,ZERO,0,0,0,NA,2011
2011-02-10T00:00:00Z,7,2011,2,10,RB,RB8,1,115,21.57,0.41,4.01,Peacock eel,Macrognathus siamensis,Macrognathus,100,invasive,0,ZERO,0,0,0,NA,2011
2011-02-10T00:00:00Z,7,2011,2,10,RB,RB8,2,129,21.8,0.39,4.6,Peacock eel,Macrognathus siamensis,Macrognathus,100,invasive,0,ZERO,0,0,0,NA,2011
2011-02-10T00:00:00Z,7,2011,2,10,RB,RB8,3,122,22.28,0.37,4.15,Peacock eel,Macrognathus siamensis,Macrognathus,100,invasive,0,ZERO,0,0,0,NA,2011
2011-02-11T00:00:00Z,7,2011,2,11,RB,RB9,1,123,22.06,0.36,2.96,Peacock eel,Macrognathus siamensis,Macrognathus,100,invasive,0,ZERO,0,0,0,NA,2011
2011-02-11T00:00:00Z,7,2011,2,11,RB,RB9,2,102,21.94,0.35,2.89,Peacock eel,Macrognathus siamensis,Macrognathus,100,invasive,0,ZERO,0,0,0,NA,2011
2011-02-11T00:00:00Z,7,2011,2,11,RB,RB9,3,97,22.09,0.34,2.97,Peacock eel,Macrognathus siamensis,Macrognathus,100,invasive,0,ZERO,0,0,0,NA,2011
2011-03-05T00:00:00Z,7,2011,3,5,RB,RB10,1,119,21.3,0.3,3.2,Peacock eel,Macrognathus siamensis,Macrognathus,100,invasive,0,ZERO,0,0,0,NA,2011
2011-03-28T00:00:00Z,7,2011,3,28,RB,RB10,1,96,24.2,1.2,3.1,Peacock eel,Macrognathus siamensis,Macrognathus,100,invasive,0,ZERO,0,0,0,NA,2011
2011-03-05T00:00:00Z,7,2011,3,5,RB,RB10,2,88,22.7,0.5,3.9,Peacock eel,Macrognathus siamensis,Macrognathus,100,invasive,0,ZERO,0,0,0,NA,2011
2011-03-28T00:00:00Z,7,2011,3,28,RB,RB10,2,93,24.8,1.1,3.7,Peacock eel,Macrognathus siamensis,Macrognathus,100,invasive,0,ZERO,0,0,0,NA,2011
2011-03-05T00:00:00Z,7,2011,3,5,RB,RB10,3,125,22.7,0.54,4,Peacock eel,Macrognathus siamensis,Macrognathus,100,invasive,0,ZERO,0,0,0,NA,2011
2011-03-28T00:00:00Z,7,2011,3,28,RB,RB10,3,93,25.2,1.2,4.4,Peacock eel,Macrognathus siamensis,Macrognathus,100,invasive,0,ZERO,0,0,0,NA,2011
2011-03-06T00:00:00Z,7,2011,3,6,RB,RB11,1,114,21.41,0.56,3.2,Peacock eel,Macrognathus siamensis,Macrognathus,100,invasive,0,ZERO,0,0,0,NA,2011
2011-03-24T00:00:00Z,7,2011,3,24,RB,RB11,1,88,25.2,0.9,7.2,Peacock eel,Macrognathus siamensis,Macrognathus,100,invasive,0,ZERO,0,0,0,NA,2011
2011-03-06T00:00:00Z,7,2011,3,6,RB,RB11,2,97,21.25,0.43,7.87,Peacock eel,Macrognathus siamensis,Macrognathus,100,invasive,0,ZERO,0,0,0,NA,2011
2011-03-27T00:00:00Z,7,2011,3,27,RB,RB11,2,108,24.6,1.3,4.9,Peacock eel,Macrognathus siamensis,Macrognathus,100,invasive,0,ZERO,0,0,0,NA,2011
2011-03-06T00:00:00Z,7,2011,3,6,RB,RB11,3,111,20.98,0.38,2.92,Peacock eel,Macrognathus siamensis,Macrognathus,100,invasive,0,ZERO,0,0,0,NA,2011
2011-03-27T00:00:00Z,7,2011,3,27,RB,RB11,3,102,25.9,1.4,5.9,Peacock eel,Macrognathus siamensis,Macrognathus,100,invasive,0,ZERO,0,0,0,NA,2011
2011-03-06T00:00:00Z,7,2011,3,6,RB,RB13,1,85,22.96,0.66,4.89,Peacock eel,Macrognathus siamensis,Macrognathus,100,invasive,0,ZERO,0,0,0,NA,2011
2011-03-25T00:00:00Z,7,2011,3,25,RB,RB13,1,98,24.1,4,5,Peacock eel,Macrognathus siamensis,Macrognathus,100,invasive,0,ZERO,0,0,0,NA,2011
2011-03-06T00:00:00Z,7,2011,3,6,RB,RB13,2,94,23.51,0.67,5.51,Peacock eel,Macrognathus siamensis,Macrognathus,100,invasive,0,ZERO,0,0,0,NA,2011
2011-03-25T00:00:00Z,7,2011,3,25,RB,RB13,2,130,24.6,4.6,4.6,Peacock eel,Macrognathus siamensis,Macrognathus,100,invasive,0,ZERO,0,0,0,NA,2011
2011-03-06T00:00:00Z,7,2011,3,6,RB,RB13,3,83,23.47,0.67,5.47,Peacock eel,Macrognathus siamensis,Macrognathus,100,invasive,0,ZERO,0,0,0,NA,2011
2011-03-25T00:00:00Z,7,2011,3,25,RB,RB13,3,101,24.8,4.6,4.8,Peacock eel,Macrognathus siamensis,Macrognathus,100,invasive,0,ZERO,0,0,0,NA,2011
2011-03-05T00:00:00Z,7,2011,3,5,RB,RB8,1,70,21.2,0.66,4.5,Peacock eel,Macrognathus siamensis,Macrognathus,100,invasive,0,ZERO,0,0,0,NA,2011
2011-03-25T00:00:00Z,7,2011,3,25,RB,RB8,1,96,24.6,2.4,4.9,Peacock eel,Macrognathus siamensis,Macrognathus,100,invasive,0,ZERO,0,0,0,NA,2011
2011-03-05T00:00:00Z,7,2011,3,5,RB,RB8,2,78,21.1,0.65,4.3,Peacock eel,Macrognathus siamensis,Macrognathus,100,invasive,0,ZERO,0,0,0,NA,2011
2011-03-25T00:00:00Z,7,2011,3,25,RB,RB8,2,100,25,1.9,5.2,Peacock eel,Macrognathus siamensis,Macrognathus,100,invasive,0,ZERO,0,0,0,NA,2011
2011-03-05T00:00:00Z,7,2011,3,5,RB,RB8,3,135,21.3,0.64,4.2,Peacock eel,Macrognathus siamensis,Macrognathus,100,invasive,0,ZERO,0,0,0,NA,2011
2011-03-25T00:00:00Z,7,2011,3,25,RB,RB8,3,98,25.4,1.4,6,Peacock eel,Macrognathus siamensis,Macrognathus,100,invasive,0,ZERO,0,0,0,NA,2011
2011-03-04T00:00:00Z,7,2011,3,4,RB,RB9,1,130,20.66,0.44,2.81,Peacock eel,Macrognathus siamensis,Macrognathus,100,invasive,0,ZERO,0,0,0,NA,2011
2011-03-24T00:00:00Z,7,2011,3,24,RB,RB9,1,94,23,0.9,5.7,Peacock eel,Macrognathus siamensis,Macrognathus,100,invasive,0,ZERO,0,0,0,NA,2011
2011-03-04T00:00:00Z,7,2011,3,4,RB,RB9,2,139,21.9,0.51,2.81,Peacock eel,Macrognathus siamensis,Macrognathus,100,invasive,0,ZERO,0,0,0,NA,2011
2011-03-24T00:00:00Z,7,2011,3,24,RB,RB9,2,106,23.1,0.8,5.8,Peacock eel,Macrognathus siamensis,Macrognathus,100,invasive,0,ZERO,0,0,0,NA,2011
2011-03-04T00:00:00Z,7,2011,3,4,RB,RB9,3,107,21.77,0.5,3.06,Peacock eel,Macrognathus siamensis,Macrognathus,100,invasive,0,ZERO,0,0,0,NA,2011
2011-03-24T00:00:00Z,7,2011,3,24,RB,RB9,3,112,23.5,0.7,4.9,Peacock eel,Macrognathus siamensis,Macrognathus,100,invasive,0,ZERO,0,0,0,NA,2011
2011-04-22T00:00:00Z,7,2011,4,22,RB,RB10,1,165,24.3,4.8,2.4,Peacock eel,Macrognathus siamensis,Macrognathus,100,invasive,0,ZERO,0,0,0,NA,2011
2011-04-22T00:00:00Z,7,2011,4,22,RB,RB10,2,115,24.6,4.9,2.6,Peacock eel,Macrognathus siamensis,Macrognathus,100,invasive,0,ZERO,0,0,0,NA,2011
2011-04-22T00:00:00Z,7,2011,4,22,RB,RB10,3,109,24.8,4.3,2.8,Peacock eel,Macrognathus siamensis,Macrognathus,100,invasive,0,ZERO,0,0,0,NA,2011
2011-04-15T00:00:00Z,7,2011,4,15,RB,RB11,1,126,27.6,7.5,5.6,Peacock eel,Macrognathus siamensis,Macrognathus,100,invasive,0,ZERO,0,0,0,NA,2011
2011-04-21T00:00:00Z,7,2011,4,21,RB,RB11,2,106,26.5,6.1,4.5,Peacock eel,Macrognathus siamensis,Macrognathus,100,invasive,0,ZERO,0,0,0,NA,2011
2011-04-21T00:00:00Z,7,2011,4,21,RB,RB11,3,111,27.1,5.2,4.8,Peacock eel,Macrognathus siamensis,Macrognathus,100,invasive,0,ZERO,0,0,0,NA,2011
2011-04-16T00:00:00Z,7,2011,4,16,RB,RB13,1,119,27.6,10.7,4.7,Peacock eel,Macrognathus siamensis,Macrognathus,100,invasive,0,ZERO,0,0,0,NA,2011
2011-04-16T00:00:00Z,7,2011,4,16,RB,RB13,2,150,27.6,10.2,4.9,Peacock eel,Macrognathus siamensis,Macrognathus,100,invasive,0,ZERO,0,0,0,NA,2011
2011-04-16T00:00:00Z,7,2011,4,16,RB,RB13,3,150,28.1,10.3,5.2,Peacock eel,Macrognathus siamensis,Macrognathus,100,invasive,0,ZERO,0,0,0,NA,2011
2011-04-21T00:00:00Z,7,2011,4,21,RB,RB8,1,95,26.7,7.4,4.6,Peacock eel,Macrognathus siamensis,Macrognathus,100,invasive,0,ZERO,0,0,0,NA,2011
2011-04-21T00:00:00Z,7,2011,4,21,RB,RB8,2,134,26.7,6.7,2.9,Peacock eel,Macrognathus siamensis,Macrognathus,100,invasive,0,ZERO,0,0,0,NA,2011
2011-04-21T00:00:00Z,7,2011,4,21,RB,RB8,3,166,27.2,6,4,Peacock eel,Macrognathus siamensis,Macrognathus,100,invasive,0,ZERO,0,0,0,NA,2011
2011-04-15T00:00:00Z,7,2011,4,15,RB,RB9,1,112,24.1,4.7,2.8,Peacock eel,Macrognathus siamensis,Macrognathus,100,invasive,0,ZERO,0,0,0,NA,2011
2011-04-15T00:00:00Z,7,2011,4,15,RB,RB9,2,117,25,4.6,3.6,Peacock eel,Macrognathus siamensis,Macrognathus,100,invasive,0,ZERO,0,0,0,NA,2011
2011-04-15T00:00:00Z,7,2011,4,15,RB,RB9,3,148,25.3,4.8,4,Peacock eel,Macrognathus siamensis,Macrognathus,100,invasive,0,ZERO,0,0,0,NA,2011
2011-05-10T00:00:00Z,7,2011,5,10,RB,RB10,1,127,28.5,9.1,3.7,Peacock eel,Macrognathus siamensis,Macrognathus,100,invasive,0,ZERO,0,0,0,NA,2011
2011-05-10T00:00:00Z,7,2011,5,10,RB,RB10,2,132,28.2,8.5,3.2,Peacock eel,Macrognathus siamensis,Macrognathus,100,invasive,0,ZERO,0,0,0,NA,2011
2011-05-10T00:00:00Z,7,2011,5,10,RB,RB10,3,102,28.4,7.9,4.3,Peacock eel,Macrognathus siamensis,Macrognathus,100,invasive,0,ZERO,0,0,0,NA,2011
2011-05-10T00:00:00Z,7,2011,5,10,RB,RB11,1,95,28.4,10.7,3.6,Peacock eel,Macrognathus siamensis,Macrognathus,100,invasive,0,ZERO,0,0,0,NA,2011
2011-05-10T00:00:00Z,7,2011,5,10,RB,RB11,2,98,28.7,10.1,4.2,Peacock eel,Macrognathus siamensis,Macrognathus,100,invasive,0,ZERO,0,0,0,NA,2011
2011-05-10T00:00:00Z,7,2011,5,10,RB,RB11,3,101,28.1,9.5,3.3,Peacock eel,Macrognathus siamensis,Macrognathus,100,invasive,0,ZERO,0,0,0,NA,2011
2011-05-04T00:00:00Z,7,2011,5,4,RB,RB12,1,139,27.3,10.71,0.56,Peacock eel,Macrognathus siamensis,Macrognathus,100,invasive,0,ZERO,0,0,0,NA,2011
2011-05-04T00:00:00Z,7,2011,5,4,RB,RB12,2,163,27.42,10.46,1.51,Peacock eel,Macrognathus siamensis,Macrognathus,100,invasive,0,ZERO,0,0,0,NA,2011
2011-05-04T00:00:00Z,7,2011,5,4,RB,RB12,3,150,27.54,10.09,1.33,Peacock eel,Macrognathus siamensis,Macrognathus,100,invasive,0,ZERO,0,0,0,NA,2011
2011-05-12T00:00:00Z,7,2011,5,12,RB,RB13,1,96,28.6,13.6,4.5,Peacock eel,Macrognathus siamensis,Macrognathus,100,invasive,0,ZERO,0,0,0,NA,2011
2011-05-12T00:00:00Z,7,2011,5,12,RB,RB13,2,100,28.6,13.5,4.7,Peacock eel,Macrognathus siamensis,Macrognathus,100,invasive,0,ZERO,0,0,0,NA,2011
2011-05-12T00:00:00Z,7,2011,5,12,RB,RB13,3,68,28.7,13.4,4.4,Peacock eel,Macrognathus siamensis,Macrognathus,100,invasive,0,ZERO,0,0,0,NA,2011
2011-05-11T00:00:00Z,7,2011,5,11,RB,RB8,1,92,26.9,10.6,2.8,Peacock eel,Macrognathus siamensis,Macrognathus,100,invasive,0,ZERO,0,0,0,NA,2011
2011-05-11T00:00:00Z,7,2011,5,11,RB,RB8,2,112,26.9,10.3,2.8,Peacock eel,Macrognathus siamensis,Macrognathus,100,invasive,0,ZERO,0,0,0,NA,2011
2011-05-11T00:00:00Z,7,2011,5,11,RB,RB8,3,117,26.9,10.3,3,Peacock eel,Macrognathus siamensis,Macrognathus,100,invasive,0,ZERO,0,0,0,NA,2011
2011-05-11T00:00:00Z,7,2011,5,11,RB,RB9,1,108,26.7,8.7,1.1,Peacock eel,Macrognathus siamensis,Macrognathus,100,invasive,0,ZERO,0,0,0,NA,2011
2011-05-11T00:00:00Z,7,2011,5,11,RB,RB9,2,99,26.8,8.6,3.2,Peacock eel,Macrognathus siamensis,Macrognathus,100,invasive,0,ZERO,0,0,0,NA,2011
2011-05-11T00:00:00Z,7,2011,5,11,RB,RB9,3,146,27.3,8.8,3.4,Peacock eel,Macrognathus siamensis,Macrognathus,100,invasive,0,ZERO,0,0,0,NA,2011
2011-06-05T00:00:00Z,7,2011,6,5,RB,RB10,1,112,28.2,5,4.7,Peacock eel,Macrognathus siamensis,Macrognathus,100,invasive,0,ZERO,0,0,0,NA,2011
2011-06-05T00:00:00Z,7,2011,6,5,RB,RB10,2,115,29,5,5.4,Peacock eel,Macrognathus siamensis,Macrognathus,100,invasive,0,ZERO,0,0,0,NA,2011
2011-06-05T00:00:00Z,7,2011,6,5,RB,RB10,3,148,28.9,5,6.3,Peacock eel,Macrognathus siamensis,Macrognathus,100,invasive,0,ZERO,0,0,0,NA,2011
2011-06-05T00:00:00Z,7,2011,6,5,RB,RB11,1,97,28.8,5.6,6,Peacock eel,Macrognathus siamensis,Macrognathus,100,invasive,0,ZERO,0,0,0,NA,2011
2011-06-05T00:00:00Z,7,2011,6,5,RB,RB11,2,139,28.3,5.6,5.1,Peacock eel,Macrognathus siamensis,Macrognathus,100,invasive,0,ZERO,0,0,0,NA,2011
2011-06-05T00:00:00Z,7,2011,6,5,RB,RB11,3,96,28.5,5.5,5,Peacock eel,Macrognathus siamensis,Macrognathus,100,invasive,0,ZERO,0,0,0,NA,2011
2011-06-06T00:00:00Z,7,2011,6,6,RB,RB13,1,104,28.7,7.9,3.81,Peacock eel,Macrognathus siamensis,Macrognathus,100,invasive,0,ZERO,0,0,0,NA,2011
2011-06-06T00:00:00Z,7,2011,6,6,RB,RB13,2,69,28.7,7.8,4.4,Peacock eel,Macrognathus siamensis,Macrognathus,100,invasive,0,ZERO,0,0,0,NA,2011
2011-06-06T00:00:00Z,7,2011,6,6,RB,RB13,3,81,28.9,7.5,4.9,Peacock eel,Macrognathus siamensis,Macrognathus,100,invasive,0,ZERO,0,0,0,NA,2011
2011-06-06T00:00:00Z,7,2011,6,6,RB,RB8,1,85,28.2,6.4,4.5,Peacock eel,Macrognathus siamensis,Macrognathus,100,invasive,0,ZERO,0,0,0,NA,2011
2011-06-06T00:00:00Z,7,2011,6,6,RB,RB8,2,100,28.5,6.1,5,Peacock eel,Macrognathus siamensis,Macrognathus,100,invasive,0,ZERO,0,0,0,NA,2011
2011-06-06T00:00:00Z,7,2011,6,6,RB,RB8,3,108,29.1,5.9,4.8,Peacock eel,Macrognathus siamensis,Macrognathus,100,invasive,0,ZERO,0,0,0,NA,2011
2011-06-05T00:00:00Z,7,2011,6,5,RB,RB9,1,107,26.5,5.1,3.5,Peacock eel,Macrognathus siamensis,Macrognathus,100,invasive,0,ZERO,0,0,0,NA,2011
2011-06-05T00:00:00Z,7,2011,6,5,RB,RB9,2,104,26.8,5,3.4,Peacock eel,Macrognathus siamensis,Macrognathus,100,invasive,0,ZERO,0,0,0,NA,2011
2011-06-05T00:00:00Z,7,2011,6,5,RB,RB9,3,85,27,5,4,Peacock eel,Macrognathus siamensis,Macrognathus,100,invasive,0,ZERO,0,0,0,NA,2011
2011-12-06T00:00:00Z,8,2011,12,6,RB,RB10,1,124,22.7,0.2,5.3,Peacock eel,Macrognathus siamensis,Macrognathus,100,invasive,0,ZERO,0,0,0,NA,2012
2011-12-06T00:00:00Z,8,2011,12,6,RB,RB10,2,122,23,0.2,5.6,Peacock eel,Macrognathus siamensis,Macrognathus,100,invasive,0,ZERO,0,0,0,NA,2012
2011-12-06T00:00:00Z,8,2011,12,6,RB,RB10,3,174,23.1,0.2,5.6,Peacock eel,Macrognathus siamensis,Macrognathus,100,invasive,0,ZERO,0,0,0,NA,2012
2011-12-06T00:00:00Z,8,2011,12,6,RB,RB11,1,127,21.5,0.2,4.4,Peacock eel,Macrognathus siamensis,Macrognathus,100,invasive,0,ZERO,0,0,0,NA,2012
2011-12-06T00:00:00Z,8,2011,12,6,RB,RB11,2,100,21.7,0.2,4.1,Peacock eel,Macrognathus siamensis,Macrognathus,100,invasive,0,ZERO,0,0,0,NA,2012
2011-12-06T00:00:00Z,8,2011,12,6,RB,RB11,3,117,21.9,0.2,5.1,Peacock eel,Macrognathus siamensis,Macrognathus,100,invasive,0,ZERO,0,0,0,NA,2012
2011-12-05T00:00:00Z,8,2011,12,5,RB,RB12,2,118,22,0.4,5,Peacock eel,Macrognathus siamensis,Macrognathus,100,invasive,0,ZERO,0,0,0,NA,2012
2011-12-05T00:00:00Z,8,2011,12,5,RB,RB12,3,113,21.9,0.3,4,Peacock eel,Macrognathus siamensis,Macrognathus,100,invasive,0,ZERO,0,0,0,NA,2012
2011-12-06T00:00:00Z,8,2011,12,6,RB,RB13,1,80,21.7,0.2,4.3,Peacock eel,Macrognathus siamensis,Macrognathus,100,invasive,0,ZERO,0,0,0,NA,2012
2011-12-06T00:00:00Z,8,2011,12,6,RB,RB13,2,103,21.3,0.3,4.6,Peacock eel,Macrognathus siamensis,Macrognathus,100,invasive,0,ZERO,0,0,0,NA,2012
2011-12-06T00:00:00Z,8,2011,12,6,RB,RB13,3,117,21.7,0.2,4.2,Peacock eel,Macrognathus siamensis,Macrognathus,100,invasive,0,ZERO,0,0,0,NA,2012
2011-12-07T00:00:00Z,8,2011,12,7,RB,RB14,1,117,21.8,0.3,4.4,Peacock eel,Macrognathus siamensis,Macrognathus,100,invasive,0,ZERO,0,0,0,NA,2012
2011-12-07T00:00:00Z,8,2011,12,7,RB,RB14,2,86,21.9,0.3,4.4,Peacock eel,Macrognathus siamensis,Macrognathus,100,invasive,0,ZERO,0,0,0,NA,2012
2011-12-07T00:00:00Z,8,2011,12,7,RB,RB14,3,81,21.9,0.3,4.3,Peacock eel,Macrognathus siamensis,Macrognathus,100,invasive,0,ZERO,0,0,0,NA,2012
2011-12-08T00:00:00Z,8,2011,12,8,RB,RB15,1,112,21.4,0.5,3.9,Peacock eel,Macrognathus siamensis,Macrognathus,100,invasive,0,ZERO,0,0,0,NA,2012
2011-12-08T00:00:00Z,8,2011,12,8,RB,RB15,2,134,21.4,0.4,4.2,Peacock eel,Macrognathus siamensis,Macrognathus,100,invasive,0,ZERO,0,0,0,NA,2012
2011-12-08T00:00:00Z,8,2011,12,8,RB,RB15,3,132,21.5,0.4,4.6,Peacock eel,Macrognathus siamensis,Macrognathus,100,invasive,0,ZERO,0,0,0,NA,2012
2011-12-05T00:00:00Z,8,2011,12,5,RB,RB16,1,151,22.4,1.3,3.3,Peacock eel,Macrognathus siamensis,Macrognathus,100,invasive,0,ZERO,0,0,0,NA,2012
2011-12-05T00:00:00Z,8,2011,12,5,RB,RB16,2,127,22,0.9,3.8,Peacock eel,Macrognathus siamensis,Macrognathus,100,invasive,0,ZERO,0,0,0,NA,2012
2011-12-05T00:00:00Z,8,2011,12,5,RB,RB16,3,141,22.2,0.8,4.1,Peacock eel,Macrognathus siamensis,Macrognathus,100,invasive,0,ZERO,0,0,0,NA,2012
2011-12-07T00:00:00Z,8,2011,12,7,RB,RB7,1,122,20.6,0.4,4.2,Peacock eel,Macrognathus siamensis,Macrognathus,100,invasive,0,ZERO,0,0,0,NA,2012
2011-12-07T00:00:00Z,8,2011,12,7,RB,RB7,2,98,20.5,0.4,4.2,Peacock eel,Macrognathus siamensis,Macrognathus,100,invasive,0,ZERO,0,0,0,NA,2012
2011-12-07T00:00:00Z,8,2011,12,7,RB,RB7,3,76,20.6,0.4,4.3,Peacock eel,Macrognathus siamensis,Macrognathus,100,invasive,0,ZERO,0,0,0,NA,2012
2011-12-06T00:00:00Z,8,2011,12,6,RB,RB8,1,78,22.5,0.2,4.7,Peacock eel,Macrognathus siamensis,Macrognathus,100,invasive,0,ZERO,0,0,0,NA,2012
2011-12-06T00:00:00Z,8,2011,12,6,RB,RB8,2,99,22.6,0.2,4.9,Peacock eel,Macrognathus siamensis,Macrognathus,100,invasive,0,ZERO,0,0,0,NA,2012
2011-12-07T00:00:00Z,8,2011,12,7,RB,RB8,3,93,21.6,0.2,4.5,Peacock eel,Macrognathus siamensis,Macrognathus,100,invasive,1,C,0,23.1,64,NA,2012
2011-12-07T00:00:00Z,8,2011,12,7,RB,RB9,1,139,21.4,0.2,3.9,Peacock eel,Macrognathus siamensis,Macrognathus,100,invasive,0,ZERO,0,0,0,NA,2012
2011-12-07T00:00:00Z,8,2011,12,7,RB,RB9,2,118,22,0.2,4,Peacock eel,Macrognathus siamensis,Macrognathus,100,invasive,0,ZERO,0,0,0,NA,2012
2011-12-07T00:00:00Z,8,2011,12,7,RB,RB9,3,139,22.2,0.2,4.1,Peacock eel,Macrognathus siamensis,Macrognathus,100,invasive,0,ZERO,0,0,0,NA,2012
2012-02-19T00:00:00Z,8,2012,2,19,RB,RB10,1,131,23,0.4,4.9,Peacock eel,Macrognathus siamensis,Macrognathus,100,invasive,0,ZERO,0,0,0,NA,2012
2012-02-19T00:00:00Z,8,2012,2,19,RB,RB10,2,106,23,0.3,5.5,Peacock eel,Macrognathus siamensis,Macrognathus,100,invasive,0,ZERO,0,0,0,NA,2012
2012-02-19T00:00:00Z,8,2012,2,19,RB,RB10,3,114,23.2,0.3,5.3,Peacock eel,Macrognathus siamensis,Macrognathus,100,invasive,0,ZERO,0,0,0,NA,2012
2012-02-19T00:00:00Z,8,2012,2,19,RB,RB11,1,81,21.9,0.3,4.2,Peacock eel,Macrognathus siamensis,Macrognathus,100,invasive,0,ZERO,0,0,0,NA,2012
2012-02-19T00:00:00Z,8,2012,2,19,RB,RB11,2,97,22.2,0.3,4.3,Peacock eel,Macrognathus siamensis,Macrognathus,100,invasive,0,ZERO,0,0,0,NA,2012
2012-02-19T00:00:00Z,8,2012,2,19,RB,RB11,3,98,22.6,0.3,4.6,Peacock eel,Macrognathus siamensis,Macrognathus,100,invasive,1,C,0,19.5,635,NA,2012
2012-02-19T00:00:00Z,8,2012,2,19,RB,RB11,3,98,22.6,0.3,4.6,Peacock eel,Macrognathus siamensis,Macrognathus,100,invasive,1,C,0,21.6,49,NA,2012
2012-02-19T00:00:00Z,8,2012,2,19,RB,RB11,3,98,22.6,0.3,4.6,Peacock eel,Macrognathus siamensis,Macrognathus,100,invasive,1,C,0,21.5,48,NA,2012
2012-02-25T00:00:00Z,8,2012,2,25,RB,RB12,1,131,22.9,0.7,3.2,Peacock eel,Macrognathus siamensis,Macrognathus,100,invasive,0,ZERO,0,0,0,NA,2012
2012-02-25T00:00:00Z,8,2012,2,25,RB,RB12,2,102,23.2,0.6,3.3,Peacock eel,Macrognathus siamensis,Macrognathus,100,invasive,0,ZERO,0,0,0,NA,2012
2012-02-25T00:00:00Z,8,2012,2,25,RB,RB12,3,93,23.7,0.6,3.5,Peacock eel,Macrognathus siamensis,Macrognathus,100,invasive,0,ZERO,0,0,0,NA,2012
2012-02-20T00:00:00Z,8,2012,2,20,RB,RB13,1,83,22.9,0.4,5.2,Peacock eel,Macrognathus siamensis,Macrognathus,100,invasive,1,C,0,20.6,35,NA,2012
2012-02-20T00:00:00Z,8,2012,2,20,RB,RB13,2,108,22.9,0.4,5.1,Peacock eel,Macrognathus siamensis,Macrognathus,100,invasive,0,ZERO,0,0,0,NA,2012
2012-02-20T00:00:00Z,8,2012,2,20,RB,RB13,3,97,22.9,0.4,4.8,Peacock eel,Macrognathus siamensis,Macrognathus,100,invasive,1,C,0,23.5,56,NA,2012
2012-02-19T00:00:00Z,8,2012,2,19,RB,RB14,1,101,22.3,0.7,3.8,Peacock eel,Macrognathus siamensis,Macrognathus,100,invasive,0,ZERO,0,0,0,NA,2012
2012-02-19T00:00:00Z,8,2012,2,19,RB,RB14,2,77,22.4,0.6,4.3,Peacock eel,Macrognathus siamensis,Macrognathus,100,invasive,0,ZERO,0,0,0,NA,2012
2012-02-19T00:00:00Z,8,2012,2,19,RB,RB14,2,77,22.5,0.5,4.6,Peacock eel,Macrognathus siamensis,Macrognathus,100,invasive,0,ZERO,0,0,0,NA,2012
2012-02-19T00:00:00Z,8,2012,2,19,RB,RB14,3,90,22.6,0.5,4.4,Peacock eel,Macrognathus siamensis,Macrognathus,100,invasive,0,ZERO,0,0,0,NA,2012
2012-02-26T00:00:00Z,8,2012,2,26,RB,RB15,1,134,24,1.4,2.3,Peacock eel,Macrognathus siamensis,Macrognathus,100,invasive,0,ZERO,0,0,0,NA,2012
2012-02-26T00:00:00Z,8,2012,2,26,RB,RB15,2,167,24.5,1.4,1.9,Peacock eel,Macrognathus siamensis,Macrognathus,100,invasive,0,ZERO,0,0,0,NA,2012
2012-02-26T00:00:00Z,8,2012,2,26,RB,RB15,3,128,24.4,1.4,1.8,Peacock eel,Macrognathus siamensis,Macrognathus,100,invasive,0,ZERO,0,0,0,NA,2012
2012-02-26T00:00:00Z,8,2012,2,26,RB,RB16,1,112,22.3,1.7,3.2,Peacock eel,Macrognathus siamensis,Macrognathus,100,invasive,0,ZERO,0,0,0,NA,2012
2012-02-26T00:00:00Z,8,2012,2,26,RB,RB16,2,127,22.7,1.3,2.8,Peacock eel,Macrognathus siamensis,Macrognathus,100,invasive,0,ZERO,0,0,0,NA,2012
2012-02-25T00:00:00Z,8,2012,2,25,RB,RB16,3,150,23.9,2.3,4.2,Peacock eel,Macrognathus siamensis,Macrognathus,100,invasive,0,ZERO,0,0,0,NA,2012
2012-02-19T00:00:00Z,8,2012,2,19,RB,RB7,1,138,23.2,1.1,2.1,Peacock eel,Macrognathus siamensis,Macrognathus,100,invasive,0,ZERO,0,0,0,NA,2012
2012-02-19T00:00:00Z,8,2012,2,19,RB,RB7,2,153,23.1,1,2,Peacock eel,Macrognathus siamensis,Macrognathus,100,invasive,0,ZERO,0,0,0,NA,2012
2012-02-19T00:00:00Z,8,2012,2,19,RB,RB7,3,153,23.1,1,2.2,Peacock eel,Macrognathus siamensis,Macrognathus,100,invasive,0,ZERO,0,0,0,NA,2012
2012-02-20T00:00:00Z,8,2012,2,20,RB,RB8,1,56,23.1,0.3,4.2,Peacock eel,Macrognathus siamensis,Macrognathus,100,invasive,0,ZERO,0,0,0,NA,2012
2012-02-20T00:00:00Z,8,2012,2,20,RB,RB8,2,86,22.9,0.3,4.2,Peacock eel,Macrognathus siamensis,Macrognathus,100,invasive,0,ZERO,0,0,0,NA,2012
2012-02-20T00:00:00Z,8,2012,2,20,RB,RB8,3,133,22.6,0.3,4.5,Peacock eel,Macrognathus siamensis,Macrognathus,100,invasive,0,ZERO,0,0,0,NA,2012
2012-02-25T00:00:00Z,8,2012,2,25,RB,RB9,1,122,23.5,0.4,4.7,Peacock eel,Macrognathus siamensis,Macrognathus,100,invasive,0,ZERO,0,0,0,NA,2012
2012-02-25T00:00:00Z,8,2012,2,25,RB,RB9,2,91,23.6,0.4,3.9,Peacock eel,Macrognathus siamensis,Macrognathus,100,invasive,1,C,0,18.5,30,NA,2012
2012-02-25T00:00:00Z,8,2012,2,25,RB,RB9,2,91,23.6,0.4,3.9,Peacock eel,Macrognathus siamensis,Macrognathus,100,invasive,1,C,0,19.4,31,NA,2012
2012-02-25T00:00:00Z,8,2012,2,25,RB,RB9,2,91,23.6,0.4,3.9,Peacock eel,Macrognathus siamensis,Macrognathus,100,invasive,1,C,0,21.7,49,NA,2012
2012-02-25T00:00:00Z,8,2012,2,25,RB,RB9,3,118,23.8,0.4,4,Peacock eel,Macrognathus siamensis,Macrognathus,100,invasive,0,ZERO,0,0,0,NA,2012
2012-03-18T00:00:00Z,8,2012,3,18,RB,RB10,1,115,24.5,0.6,5.3,Peacock eel,Macrognathus siamensis,Macrognathus,100,invasive,0,ZERO,0,0,0,NA,2012
2012-03-18T00:00:00Z,8,2012,3,18,RB,RB10,2,101,24.4,0.6,4.7,Peacock eel,Macrognathus siamensis,Macrognathus,100,invasive,0,ZERO,0,0,0,NA,2012
2012-03-18T00:00:00Z,8,2012,3,18,RB,RB10,3,127,24.6,0.6,4.7,Peacock eel,Macrognathus siamensis,Macrognathus,100,invasive,1,S,0,20.99,53,NA,2012
2012-03-18T00:00:00Z,8,2012,3,18,RB,RB10,3,127,24.6,0.6,4.7,Peacock eel,Macrognathus siamensis,Macrognathus,100,invasive,1,C,21.8,20.99,52,NA,2012
2012-03-18T00:00:00Z,8,2012,3,18,RB,RB10,3,127,24.6,0.6,4.7,Peacock eel,Macrognathus siamensis,Macrognathus,100,invasive,1,C,21.7,20.99,54,NA,2012
2012-03-18T00:00:00Z,8,2012,3,18,RB,RB10,3,127,24.6,0.6,4.7,Peacock eel,Macrognathus siamensis,Macrognathus,100,invasive,1,S,0,20.99,53,NA,2012
2012-03-18T00:00:00Z,8,2012,3,18,RB,RB11,1,100,23,0.5,4.2,Peacock eel,Macrognathus siamensis,Macrognathus,100,invasive,0,ZERO,0,0,0,NA,2012
2012-03-18T00:00:00Z,8,2012,3,18,RB,RB11,2,70,23,0.5,3.6,Peacock eel,Macrognathus siamensis,Macrognathus,100,invasive,0,ZERO,0,0,0,NA,2012
2012-03-18T00:00:00Z,8,2012,3,18,RB,RB11,3,114,24.1,0.5,4.2,Peacock eel,Macrognathus siamensis,Macrognathus,100,invasive,0,ZERO,0,0,0,NA,2012
2012-03-19T00:00:00Z,8,2012,3,19,RB,RB13,1,96,23.4,0.7,4.7,Peacock eel,Macrognathus siamensis,Macrognathus,100,invasive,0,ZERO,0,0,0,NA,2012
2012-03-19T00:00:00Z,8,2012,3,19,RB,RB13,2,129,23.6,0.7,4.7,Peacock eel,Macrognathus siamensis,Macrognathus,100,invasive,0,ZERO,0,0,0,NA,2012
2012-03-19T00:00:00Z,8,2012,3,19,RB,RB13,3,76,24,0.7,4.4,Peacock eel,Macrognathus siamensis,Macrognathus,100,invasive,0,ZERO,0,0,0,NA,2012
2012-03-24T00:00:00Z,8,2012,3,24,RB,RB16,1,116,25.8,5.4,3.4,Peacock eel,Macrognathus siamensis,Macrognathus,100,invasive,0,ZERO,0,0,0,NA,2012
2012-03-24T00:00:00Z,8,2012,3,24,RB,RB16,2,96,24.9,4.8,3.3,Peacock eel,Macrognathus siamensis,Macrognathus,100,invasive,0,ZERO,0,0,0,NA,2012
2012-03-24T00:00:00Z,8,2012,3,24,RB,RB16,3,95,24,4.3,3.5,Peacock eel,Macrognathus siamensis,Macrognathus,100,invasive,0,ZERO,0,0,0,NA,2012
2012-03-18T00:00:00Z,8,2012,3,18,RB,RB8,1,103,23,0.6,4.1,Peacock eel,Macrognathus siamensis,Macrognathus,100,invasive,0,ZERO,0,0,0,NA,2012
2012-03-19T00:00:00Z,8,2012,3,19,RB,RB8,2,122,23.5,0.6,3.6,Peacock eel,Macrognathus siamensis,Macrognathus,100,invasive,0,ZERO,0,0,0,NA,2012
2012-03-19T00:00:00Z,8,2012,3,19,RB,RB8,3,112,24.5,0.7,3.6,Peacock eel,Macrognathus siamensis,Macrognathus,100,invasive,0,ZERO,0,0,0,NA,2012
2012-03-19T00:00:00Z,8,2012,3,19,RB,RB9,1,112,24.1,0.6,3.7,Peacock eel,Macrognathus siamensis,Macrognathus,100,invasive,1,S,0,20.99,53,NA,2012
2012-03-19T00:00:00Z,8,2012,3,19,RB,RB9,2,116,23.9,0.6,3.7,Peacock eel,Macrognathus siamensis,Macrognathus,100,invasive,0,ZERO,0,0,0,NA,2012
2012-03-19T00:00:00Z,8,2012,3,19,RB,RB9,3,129,24,0.6,4,Peacock eel,Macrognathus siamensis,Macrognathus,100,invasive,0,ZERO,0,0,0,NA,2012
2012-04-13T00:00:00Z,8,2012,4,13,RB,RB10,1,101,25.1,4.9,3.7,Peacock eel,Macrognathus siamensis,Macrognathus,100,invasive,0,ZERO,0,0,0,NA,2012
2012-04-13T00:00:00Z,8,2012,4,13,RB,RB10,2,87,25.3,4.5,3.8,Peacock eel,Macrognathus siamensis,Macrognathus,100,invasive,0,ZERO,0,0,0,NA,2012
2012-04-13T00:00:00Z,8,2012,4,13,RB,RB10,3,88.4,25.2,4.1,3.3,Peacock eel,Macrognathus siamensis,Macrognathus,100,invasive,0,ZERO,0,0,0,NA,2012
2012-04-13T00:00:00Z,8,2012,4,13,RB,RB11,1,86.8,26.1,5.1,5.1,Peacock eel,Macrognathus siamensis,Macrognathus,100,invasive,0,ZERO,0,0,0,NA,2012
2012-04-13T00:00:00Z,8,2012,4,13,RB,RB11,2,70.6,26,4.5,4.4,Peacock eel,Macrognathus siamensis,Macrognathus,100,invasive,0,ZERO,0,0,0,NA,2012
2012-04-13T00:00:00Z,8,2012,4,13,RB,RB11,3,70.6,25.2,3.9,3.7,Peacock eel,Macrognathus siamensis,Macrognathus,100,invasive,0,ZERO,0,0,0,NA,2012
2012-04-14T00:00:00Z,8,2012,4,14,RB,RB13,1,80.7,25.2,8.2,4,Peacock eel,Macrognathus siamensis,Macrognathus,100,invasive,0,ZERO,0,0,0,NA,2012
2012-04-14T00:00:00Z,8,2012,4,14,RB,RB13,2,105,25.3,7.8,3.8,Peacock eel,Macrognathus siamensis,Macrognathus,100,invasive,0,ZERO,0,0,0,NA,2012
2012-04-14T00:00:00Z,8,2012,4,14,RB,RB13,3,81.5,25.2,7.5,3.9,Peacock eel,Macrognathus siamensis,Macrognathus,100,invasive,0,ZERO,0,0,0,NA,2012
2012-04-15T00:00:00Z,8,2012,4,15,RB,RB14,1,66,23.8,9.8,3,Peacock eel,Macrognathus siamensis,Macrognathus,100,invasive,0,ZERO,0,0,0,NA,2012
2012-04-15T00:00:00Z,8,2012,4,15,RB,RB14,2,98,23.8,9.7,2.7,Peacock eel,Macrognathus siamensis,Macrognathus,100,invasive,0,ZERO,0,0,0,NA,2012
2012-04-15T00:00:00Z,8,2012,4,15,RB,RB14,3,98.4,24,9.6,2.6,Peacock eel,Macrognathus siamensis,Macrognathus,100,invasive,0,ZERO,0,0,0,NA,2012
2012-04-27T00:00:00Z,8,2012,4,27,RB,RB16,1,103,22.7,8.7,2.5,Peacock eel,Macrognathus siamensis,Macrognathus,100,invasive,0,ZERO,0,0,0,NA,2012
2012-04-27T00:00:00Z,8,2012,4,27,RB,RB16,2,94,22.4,7,2.1,Peacock eel,Macrognathus siamensis,Macrognathus,100,invasive,0,ZERO,0,0,0,NA,2012
2012-04-14T00:00:00Z,8,2012,4,14,RB,RB8,1,100,24.3,5.3,3.6,Peacock eel,Macrognathus siamensis,Macrognathus,100,invasive,0,ZERO,0,0,0,NA,2012
2012-04-14T00:00:00Z,8,2012,4,14,RB,RB8,2,100,24.3,4.6,4.1,Peacock eel,Macrognathus siamensis,Macrognathus,100,invasive,0,ZERO,0,0,0,NA,2012
2012-04-14T00:00:00Z,8,2012,4,14,RB,RB8,3,107,23.9,3.9,4.3,Peacock eel,Macrognathus siamensis,Macrognathus,100,invasive,1,C,0,20.5,46,NA,2012
2012-04-14T00:00:00Z,8,2012,4,14,RB,RB9,1,84,23.1,2.7,3.2,Peacock eel,Macrognathus siamensis,Macrognathus,100,invasive,0,ZERO,0,0,0,NA,2012
2012-04-14T00:00:00Z,8,2012,4,14,RB,RB9,2,90,23.1,2.5,3.5,Peacock eel,Macrognathus siamensis,Macrognathus,100,invasive,0,ZERO,0,0,0,NA,2012
2012-04-14T00:00:00Z,8,2012,4,14,RB,RB9,3,88,23.1,2.5,3.4,Peacock eel,Macrognathus siamensis,Macrognathus,100,invasive,0,ZERO,0,0,0,NA,2012
2012-05-05T00:00:00Z,8,2012,5,5,RB,RB12,1,93,24.9,0.7,2.6,Peacock eel,Macrognathus siamensis,Macrognathus,100,invasive,0,ZERO,0,0,0,NA,2012
2012-05-05T00:00:00Z,8,2012,5,5,RB,RB12,2,98,24.8,0.6,3.1,Peacock eel,Macrognathus siamensis,Macrognathus,100,invasive,0,ZERO,0,0,0,NA,2012
2012-05-05T00:00:00Z,8,2012,5,5,RB,RB12,3,100,24.6,0.6,3.1,Peacock eel,Macrognathus siamensis,Macrognathus,100,invasive,0,ZERO,0,0,0,NA,2012
2012-05-31T00:00:00Z,8,2012,5,31,RB,RB16,1,118,29.6,1,4,Peacock eel,Macrognathus siamensis,Macrognathus,100,invasive,0,ZERO,0,0,0,NA,2012
2012-05-31T00:00:00Z,8,2012,5,31,RB,RB16,3,102,29.4,1.3,3.6,Peacock eel,Macrognathus siamensis,Macrognathus,100,invasive,0,ZERO,0,0,0,NA,2012
2012-05-05T00:00:00Z,8,2012,5,5,RB,RB7,1,116,26.3,0.9,2.6,Peacock eel,Macrognathus siamensis,Macrognathus,100,invasive,0,ZERO,0,0,0,NA,2012
2012-05-05T00:00:00Z,8,2012,5,5,RB,RB7,2,110,26.3,0.9,2.5,Peacock eel,Macrognathus siamensis,Macrognathus,100,invasive,0,ZERO,0,0,0,NA,2012
2012-05-05T00:00:00Z,8,2012,5,5,RB,RB7,3,120,26.8,0.7,2.6,Peacock eel,Macrognathus siamensis,Macrognathus,100,invasive,0,ZERO,0,0,0,NA,2012
2012-06-26T00:00:00Z,8,2012,6,26,RB,RB10,1,97,28.1,0.2,3.1,Peacock eel,Macrognathus siamensis,Macrognathus,100,invasive,0,ZERO,0,0,0,NA,2012
2012-06-26T00:00:00Z,8,2012,6,26,RB,RB10,2,120,28.2,0.2,3.1,Peacock eel,Macrognathus siamensis,Macrognathus,100,invasive,0,ZERO,0,0,0,NA,2012
2012-06-26T00:00:00Z,8,2012,6,26,RB,RB10,3,126,28.5,0.2,3.5,Peacock eel,Macrognathus siamensis,Macrognathus,100,invasive,0,ZERO,0,0,0,NA,2012
2012-06-26T00:00:00Z,8,2012,6,26,RB,RB11,1,136,27.5,0.2,2.5,Peacock eel,Macrognathus siamensis,Macrognathus,100,invasive,0,ZERO,0,0,0,NA,2012
2012-06-26T00:00:00Z,8,2012,6,26,RB,RB11,2,97.1,27.9,0.2,3.3,Peacock eel,Macrognathus siamensis,Macrognathus,100,invasive,0,ZERO,0,0,0,NA,2012
2012-06-26T00:00:00Z,8,2012,6,26,RB,RB11,3,100,27.9,0.2,3,Peacock eel,Macrognathus siamensis,Macrognathus,100,invasive,0,ZERO,0,0,0,NA,2012
2012-06-26T00:00:00Z,8,2012,6,26,RB,RB13,1,92,28.6,0.2,4.4,Peacock eel,Macrognathus siamensis,Macrognathus,100,invasive,0,ZERO,0,0,0,NA,2012
2012-06-26T00:00:00Z,8,2012,6,26,RB,RB13,2,132,28.5,0.2,4.1,Peacock eel,Macrognathus siamensis,Macrognathus,100,invasive,0,ZERO,0,0,0,NA,2012
2012-06-26T00:00:00Z,8,2012,6,26,RB,RB13,3,130,28.4,0.2,3.3,Peacock eel,Macrognathus siamensis,Macrognathus,100,invasive,0,ZERO,0,0,0,NA,2012
2012-06-28T00:00:00Z,8,2012,6,28,RB,RB16,1,107,28.4,3.3,1.2,Peacock eel,Macrognathus siamensis,Macrognathus,100,invasive,0,ZERO,0,0,0,NA,2012
2012-06-28T00:00:00Z,8,2012,6,28,RB,RB16,2,100,28.3,3.3,1.1,Peacock eel,Macrognathus siamensis,Macrognathus,100,invasive,0,ZERO,0,0,0,NA,2012
2012-06-26T00:00:00Z,8,2012,6,26,RB,RB8,1,99,28.5,0.2,3.4,Peacock eel,Macrognathus siamensis,Macrognathus,100,invasive,0,ZERO,0,0,0,NA,2012
2012-06-26T00:00:00Z,8,2012,6,26,RB,RB8,2,114,28.7,0.2,3.2,Peacock eel,Macrognathus siamensis,Macrognathus,100,invasive,0,ZERO,0,0,0,NA,2012
2012-06-26T00:00:00Z,8,2012,6,26,RB,RB8,3,97,28.6,0.2,3.2,Peacock eel,Macrognathus siamensis,Macrognathus,100,invasive,0,ZERO,0,0,0,NA,2012
2012-06-26T00:00:00Z,8,2012,6,26,RB,RB9,1,127,28.1,0.2,2.1,Peacock eel,Macrognathus siamensis,Macrognathus,100,invasive,0,ZERO,0,0,0,NA,2012
2012-06-26T00:00:00Z,8,2012,6,26,RB,RB9,2,110,28.2,0.2,2.2,Peacock eel,Macrognathus siamensis,Macrognathus,100,invasive,0,ZERO,0,0,0,NA,2012
2012-07-26T00:00:00Z,8,2012,7,26,RB,RB10,1,111,31.4,0.2,2.4,Peacock eel,Macrognathus siamensis,Macrognathus,100,invasive,0,ZERO,0,0,0,NA,2012
2012-07-26T00:00:00Z,8,2012,7,26,RB,RB10,2,99,32,0.2,3.2,Peacock eel,Macrognathus siamensis,Macrognathus,100,invasive,0,ZERO,0,0,0,NA,2012
2012-07-26T00:00:00Z,8,2012,7,26,RB,RB11,1,110,31.6,0.2,2.5,Peacock eel,Macrognathus siamensis,Macrognathus,100,invasive,0,ZERO,0,0,0,NA,2012
2012-07-26T00:00:00Z,8,2012,7,26,RB,RB11,2,123,31.5,0.2,3.4,Peacock eel,Macrognathus siamensis,Macrognathus,100,invasive,0,ZERO,0,0,0,NA,2012
2012-07-26T00:00:00Z,8,2012,7,26,RB,RB11,3,95,31.8,0.2,4.9,Peacock eel,Macrognathus siamensis,Macrognathus,100,invasive,0,ZERO,0,0,0,NA,2012
2012-07-27T00:00:00Z,8,2012,7,27,RB,RB13,1,103,31.3,0.2,3,Peacock eel,Macrognathus siamensis,Macrognathus,100,invasive,0,ZERO,0,0,0,NA,2012
2012-07-27T00:00:00Z,8,2012,7,27,RB,RB13,2,130,31.3,0.2,3.5,Peacock eel,Macrognathus siamensis,Macrognathus,100,invasive,0,ZERO,0,0,0,NA,2012
2012-07-27T00:00:00Z,8,2012,7,27,RB,RB13,3,140,31.2,0.2,3.1,Peacock eel,Macrognathus siamensis,Macrognathus,100,invasive,0,ZERO,0,0,0,NA,2012
2012-07-31T00:00:00Z,8,2012,7,31,RB,RB16,1,105,27,0.4,2.5,Peacock eel,Macrognathus siamensis,Macrognathus,100,invasive,0,ZERO,0,0,0,NA,2012
2012-07-31T00:00:00Z,8,2012,7,31,RB,RB16,2,96,27.1,0.4,2.8,Peacock eel,Macrognathus siamensis,Macrognathus,100,invasive,0,ZERO,0,0,0,NA,2012
2012-07-31T00:00:00Z,8,2012,7,31,RB,RB16,3,121,27.2,0.4,2.7,Peacock eel,Macrognathus siamensis,Macrognathus,100,invasive,0,ZERO,0,0,0,NA,2012
2012-07-27T00:00:00Z,8,2012,7,27,RB,RB8,1,100,31.6,0.2,3.8,Peacock eel,Macrognathus siamensis,Macrognathus,100,invasive,0,ZERO,0,0,0,NA,2012
2012-07-27T00:00:00Z,8,2012,7,27,RB,RB8,2,134,31.3,0.2,2.3,Peacock eel,Macrognathus siamensis,Macrognathus,100,invasive,0,ZERO,0,0,0,NA,2012
2012-07-27T00:00:00Z,8,2012,7,27,RB,RB8,3,126,30.9,0.2,3.7,Peacock eel,Macrognathus siamensis,Macrognathus,100,invasive,0,ZERO,0,0,0,NA,2012
2012-07-26T00:00:00Z,8,2012,7,26,RB,RB9,1,100,31,0.2,1.5,Peacock eel,Macrognathus siamensis,Macrognathus,100,invasive,0,ZERO,0,0,0,NA,2012
2012-07-26T00:00:00Z,8,2012,7,26,RB,RB9,2,85,31,0.2,1.6,Peacock eel,Macrognathus siamensis,Macrognathus,100,invasive,0,ZERO,0,0,0,NA,2012
2012-08-23T00:00:00Z,8,2012,8,23,RB,RB10,1,110,30.16,0.411,2.92,Peacock eel,Macrognathus siamensis,Macrognathus,100,invasive,0,ZERO,0,0,0,NA,2012
2012-08-23T00:00:00Z,8,2012,8,23,RB,RB10,2,87,30.59,0.19,2.97,Peacock eel,Macrognathus siamensis,Macrognathus,100,invasive,0,ZERO,0,0,0,NA,2012
2012-08-23T00:00:00Z,8,2012,8,23,RB,RB10,3,101,31.18,0.19,3.65,Peacock eel,Macrognathus siamensis,Macrognathus,100,invasive,0,ZERO,0,0,0,NA,2012
2012-08-23T00:00:00Z,8,2012,8,23,RB,RB11,1,111,29.3,0.17,1.84,Peacock eel,Macrognathus siamensis,Macrognathus,100,invasive,0,ZERO,0,0,0,NA,2012
2012-08-23T00:00:00Z,8,2012,8,23,RB,RB11,2,97,29.5,0.16,1.99,Peacock eel,Macrognathus siamensis,Macrognathus,100,invasive,0,ZERO,0,0,0,NA,2012
2012-08-23T00:00:00Z,8,2012,8,23,RB,RB11,3,114,29.6,0.16,2.57,Peacock eel,Macrognathus siamensis,Macrognathus,100,invasive,0,ZERO,0,0,0,NA,2012
2012-08-23T00:00:00Z,8,2012,8,23,RB,RB13,1,93,36.74,0.21,2.71,Peacock eel,Macrognathus siamensis,Macrognathus,100,invasive,0,ZERO,0,0,0,NA,2012
2012-08-23T00:00:00Z,8,2012,8,23,RB,RB13,2,83,30.42,0.21,2.81,Peacock eel,Macrognathus siamensis,Macrognathus,100,invasive,0,ZERO,0,0,0,NA,2012
2012-08-23T00:00:00Z,8,2012,8,23,RB,RB13,3,101,30.8,0.21,2.73,Peacock eel,Macrognathus siamensis,Macrognathus,100,invasive,0,ZERO,0,0,0,NA,2012
2012-08-22T00:00:00Z,8,2012,8,22,RB,RB16,1,109,29.2,0.4,2.4,Peacock eel,Macrognathus siamensis,Macrognathus,100,invasive,0,ZERO,0,0,0,NA,2012
2012-08-22T00:00:00Z,8,2012,8,22,RB,RB16,2,102,28.9,0.4,2.3,Peacock eel,Macrognathus siamensis,Macrognathus,100,invasive,0,ZERO,0,0,0,NA,2012
2012-08-22T00:00:00Z,8,2012,8,22,RB,RB16,3,98,29,0.4,2.1,Peacock eel,Macrognathus siamensis,Macrognathus,100,invasive,0,ZERO,0,0,0,NA,2012
2012-08-23T00:00:00Z,8,2012,8,23,RB,RB8,1,84.3,30.75,0.21,2.87,Peacock eel,Macrognathus siamensis,Macrognathus,100,invasive,0,ZERO,0,0,0,NA,2012
2012-08-23T00:00:00Z,8,2012,8,23,RB,RB8,2,90.3,30.67,0.18,2.66,Peacock eel,Macrognathus siamensis,Macrognathus,100,invasive,0,ZERO,0,0,0,NA,2012
2012-08-23T00:00:00Z,8,2012,8,23,RB,RB8,3,121,30.98,0.21,2.86,Peacock eel,Macrognathus siamensis,Macrognathus,100,invasive,0,ZERO,0,0,0,NA,2012
2012-08-23T00:00:00Z,8,2012,8,23,RB,RB9,1,107,30.46,0.2,2.52,Peacock eel,Macrognathus siamensis,Macrognathus,100,invasive,0,ZERO,0,0,0,NA,2012
2012-08-23T00:00:00Z,8,2012,8,23,RB,RB9,2,105,30.87,0.2,2.65,Peacock eel,Macrognathus siamensis,Macrognathus,100,invasive,0,ZERO,0,0,0,NA,2012
2012-09-29T00:00:00Z,8,2012,9,29,RB,RB10,1,121,28.8,0.2,2.3,Peacock eel,Macrognathus siamensis,Macrognathus,100,invasive,0,ZERO,0,0,0,NA,2012
2012-09-29T00:00:00Z,8,2012,9,29,RB,RB10,2,89,29.9,0.2,2.5,Peacock eel,Macrognathus siamensis,Macrognathus,100,invasive,0,ZERO,0,0,0,NA,2012
2012-09-29T00:00:00Z,8,2012,9,29,RB,RB10,3,106,29.2,0.2,2.5,Peacock eel,Macrognathus siamensis,Macrognathus,100,invasive,0,ZERO,0,0,0,NA,2012
2012-09-29T00:00:00Z,8,2012,9,29,RB,RB11,1,100,29,0.2,2.2,Peacock eel,Macrognathus siamensis,Macrognathus,100,invasive,0,ZERO,0,0,0,NA,2012
2012-09-29T00:00:00Z,8,2012,9,29,RB,RB11,2,105,29.2,0.2,2.5,Peacock eel,Macrognathus siamensis,Macrognathus,100,invasive,0,ZERO,0,0,0,NA,2012
2012-09-29T00:00:00Z,8,2012,9,29,RB,RB11,3,110,29.6,0.2,3.4,Peacock eel,Macrognathus siamensis,Macrognathus,100,invasive,0,ZERO,0,0,0,NA,2012
2012-09-26T00:00:00Z,8,2012,9,26,RB,RB13,1,132,29.7,0.2,3.2,Peacock eel,Macrognathus siamensis,Macrognathus,100,invasive,0,ZERO,0,0,0,NA,2012
2012-09-26T00:00:00Z,8,2012,9,26,RB,RB13,2,94.4,29.7,0.2,3.6,Peacock eel,Macrognathus siamensis,Macrognathus,100,invasive,0,ZERO,0,0,0,NA,2012
2012-09-26T00:00:00Z,8,2012,9,26,RB,RB13,3,99.7,29.7,0.2,2.4,Peacock eel,Macrognathus siamensis,Macrognathus,100,invasive,0,ZERO,0,0,0,NA,2012
2012-09-25T00:00:00Z,8,2012,9,25,RB,RB16,1,108,26.5,0.4,3.4,Peacock eel,Macrognathus siamensis,Macrognathus,100,invasive,0,ZERO,0,0,0,NA,2012
2012-09-25T00:00:00Z,8,2012,9,25,RB,RB16,2,100,26.6,0.4,3.2,Peacock eel,Macrognathus siamensis,Macrognathus,100,invasive,0,ZERO,0,0,0,NA,2012
2012-09-25T00:00:00Z,8,2012,9,25,RB,RB16,3,100,26.3,0.3,3.4,Peacock eel,Macrognathus siamensis,Macrognathus,100,invasive,0,ZERO,0,0,0,NA,2012
2012-09-29T00:00:00Z,8,2012,9,29,RB,RB8,1,138,29.3,0.2,2.3,Peacock eel,Macrognathus siamensis,Macrognathus,100,invasive,0,ZERO,0,0,0,NA,2012
2012-09-29T00:00:00Z,8,2012,9,29,RB,RB8,2,125,29.5,0.2,2.6,Peacock eel,Macrognathus siamensis,Macrognathus,100,invasive,0,ZERO,0,0,0,NA,2012
2012-09-29T00:00:00Z,8,2012,9,29,RB,RB8,3,131,29.6,0.2,2.5,Peacock eel,Macrognathus siamensis,Macrognathus,100,invasive,0,ZERO,0,0,0,NA,2012
2012-09-29T00:00:00Z,8,2012,9,29,RB,RB9,1,118,28.9,0.2,1.7,Peacock eel,Macrognathus siamensis,Macrognathus,100,invasive,0,ZERO,0,0,0,NA,2012
2012-09-29T00:00:00Z,8,2012,9,29,RB,RB9,2,85,28.9,0.2,1.9,Peacock eel,Macrognathus siamensis,Macrognathus,100,invasive,0,ZERO,0,0,0,NA,2012
2012-11-11T00:00:00Z,9,2012,11,11,RB,RB10,1,102,21.3,0.2,3.9,Peacock eel,Macrognathus siamensis,Macrognathus,100,invasive,0,ZERO,0,0,0,NA,2012
2012-11-11T00:00:00Z,9,2012,11,11,RB,RB10,2,93,21.7,0.2,4,Peacock eel,Macrognathus siamensis,Macrognathus,100,invasive,0,ZERO,0,0,0,NA,2012
2012-11-11T00:00:00Z,9,2012,11,11,RB,RB10,3,90,21.8,0.2,4.7,Peacock eel,Macrognathus siamensis,Macrognathus,100,invasive,0,ZERO,0,0,0,NA,2012
2012-11-11T00:00:00Z,9,2012,11,11,RB,RB11,1,97,22,0.2,5,Peacock eel,Macrognathus siamensis,Macrognathus,100,invasive,0,ZERO,0,0,0,NA,2012
2012-11-11T00:00:00Z,9,2012,11,11,RB,RB11,2,112,22.1,0.2,5.5,Peacock eel,Macrognathus siamensis,Macrognathus,100,invasive,0,ZERO,0,0,0,NA,2012
2012-11-12T00:00:00Z,9,2012,11,12,RB,RB13,1,101,21.2,0.2,4.5,Peacock eel,Macrognathus siamensis,Macrognathus,100,invasive,0,ZERO,0,0,0,NA,2012
2012-11-12T00:00:00Z,9,2012,11,12,RB,RB13,2,76,21.2,0.2,4.8,Peacock eel,Macrognathus siamensis,Macrognathus,100,invasive,0,ZERO,0,0,0,NA,2012
2012-11-12T00:00:00Z,9,2012,11,12,RB,RB13,3,100,21.2,0.2,4.4,Peacock eel,Macrognathus siamensis,Macrognathus,100,invasive,0,ZERO,0,0,0,NA,2012
2012-11-12T00:00:00Z,9,2012,11,12,RB,RB16,1,107,19.8,0.4,5.4,Peacock eel,Macrognathus siamensis,Macrognathus,100,invasive,0,ZERO,0,0,0,NA,2012
2012-11-12T00:00:00Z,9,2012,11,12,RB,RB16,2,106,20,0.4,5.9,Peacock eel,Macrognathus siamensis,Macrognathus,100,invasive,0,ZERO,0,0,0,NA,2012
2012-11-12T00:00:00Z,9,2012,11,12,RB,RB16,3,110,19.9,0.3,5.6,Peacock eel,Macrognathus siamensis,Macrognathus,100,invasive,0,ZERO,0,0,0,NA,2012
2012-11-11T00:00:00Z,9,2012,11,11,RB,RB8,1,151,21.7,0.2,5.3,Peacock eel,Macrognathus siamensis,Macrognathus,100,invasive,0,ZERO,0,0,0,NA,2012
2012-11-11T00:00:00Z,9,2012,11,11,RB,RB8,2,103,21.8,0.2,4.8,Peacock eel,Macrognathus siamensis,Macrognathus,100,invasive,0,ZERO,0,0,0,NA,2012
2012-11-11T00:00:00Z,9,2012,11,11,RB,RB8,3,97,22,0.2,5.7,Peacock eel,Macrognathus siamensis,Macrognathus,100,invasive,0,ZERO,0,0,0,NA,2012
2012-11-11T00:00:00Z,9,2012,11,11,RB,RB9,1,114,21.7,0.2,4.3,Peacock eel,Macrognathus siamensis,Macrognathus,100,invasive,0,ZERO,0,0,0,NA,2012
2012-11-11T00:00:00Z,9,2012,11,11,RB,RB9,2,101,21.8,0.2,4.2,Peacock eel,Macrognathus siamensis,Macrognathus,100,invasive,0,ZERO,0,0,0,NA,2012
2012-12-09T00:00:00Z,9,2012,12,9,RB,RB10,1,125,22.7,0.2,3.6,Peacock eel,Macrognathus siamensis,Macrognathus,100,invasive,0,ZERO,0,0,0,NA,2013
2012-12-09T00:00:00Z,9,2012,12,9,RB,RB10,2,84,22.8,0.2,4,Peacock eel,Macrognathus siamensis,Macrognathus,100,invasive,0,ZERO,0,0,0,NA,2013
2012-12-09T00:00:00Z,9,2012,12,9,RB,RB10,3,98,23.1,0.2,4.6,Peacock eel,Macrognathus siamensis,Macrognathus,100,invasive,0,ZERO,0,0,0,NA,2013
2012-12-09T00:00:00Z,9,2012,12,9,RB,RB11,1,93,22.8,0.2,3.5,Peacock eel,Macrognathus siamensis,Macrognathus,100,invasive,0,ZERO,0,0,0,NA,2013
2012-12-09T00:00:00Z,9,2012,12,9,RB,RB11,2,69,22.9,0.2,3.9,Peacock eel,Macrognathus siamensis,Macrognathus,100,invasive,0,ZERO,0,0,0,NA,2013
2012-12-09T00:00:00Z,9,2012,12,9,RB,RB11,3,112,23.2,0.2,4.6,Peacock eel,Macrognathus siamensis,Macrognathus,100,invasive,1,C,0,21,55,NA,2013
2012-12-08T00:00:00Z,9,2012,12,8,RB,RB12,1,115,25.6,0.2,3.8,Peacock eel,Macrognathus siamensis,Macrognathus,100,invasive,0,ZERO,0,0,0,NA,2013
2012-12-08T00:00:00Z,9,2012,12,8,RB,RB12,2,100,24.1,0.3,4.3,Peacock eel,Macrognathus siamensis,Macrognathus,100,invasive,0,ZERO,0,0,0,NA,2013
2012-12-08T00:00:00Z,9,2012,12,8,RB,RB12,3,89,25,0.2,4,Peacock eel,Macrognathus siamensis,Macrognathus,100,invasive,0,ZERO,0,0,0,NA,2013
2012-12-09T00:00:00Z,9,2012,12,9,RB,RB13,1,67.7,22,0.2,3.9,Peacock eel,Macrognathus siamensis,Macrognathus,100,invasive,0,ZERO,0,0,0,NA,2013
2012-12-09T00:00:00Z,9,2012,12,9,RB,RB13,2,93.4,21.5,0.3,4.1,Peacock eel,Macrognathus siamensis,Macrognathus,100,invasive,0,ZERO,0,0,0,NA,2013
2012-12-09T00:00:00Z,9,2012,12,9,RB,RB13,3,69.1,22.2,0.2,3.5,Peacock eel,Macrognathus siamensis,Macrognathus,100,invasive,1,C,23,23.5,45,NA,2013
2012-12-09T00:00:00Z,9,2012,12,9,RB,RB14,1,55,23.5,0.3,3.8,Peacock eel,Macrognathus siamensis,Macrognathus,100,invasive,0,ZERO,0,0,0,NA,2013
2012-12-10T00:00:00Z,9,2012,12,10,RB,RB14,2,86,22.7,0.3,3.6,Peacock eel,Macrognathus siamensis,Macrognathus,100,invasive,0,ZERO,0,0,0,NA,2013
2012-12-10T00:00:00Z,9,2012,12,10,RB,RB14,3,77,22.8,0.3,3.8,Peacock eel,Macrognathus siamensis,Macrognathus,100,invasive,0,ZERO,0,0,0,NA,2013
2012-12-09T00:00:00Z,9,2012,12,9,RB,RB15,1,105,22.9,0.3,3.3,Peacock eel,Macrognathus siamensis,Macrognathus,100,invasive,0,ZERO,0,0,0,NA,2013
2012-12-09T00:00:00Z,9,2012,12,9,RB,RB15,2,119,23,0.3,3.8,Peacock eel,Macrognathus siamensis,Macrognathus,100,invasive,0,ZERO,0,0,0,NA,2013
2012-12-09T00:00:00Z,9,2012,12,9,RB,RB15,3,108,23.2,0.3,3.5,Peacock eel,Macrognathus siamensis,Macrognathus,100,invasive,0,ZERO,0,0,0,NA,2013
2012-12-08T00:00:00Z,9,2012,12,8,RB,RB16,1,111,21.3,0.5,5.3,Peacock eel,Macrognathus siamensis,Macrognathus,100,invasive,0,ZERO,0,0,0,NA,2013
2012-12-08T00:00:00Z,9,2012,12,8,RB,RB16,2,96.5,21.2,0.5,5,Peacock eel,Macrognathus siamensis,Macrognathus,100,invasive,0,ZERO,0,0,0,NA,2013
2012-12-08T00:00:00Z,9,2012,12,8,RB,RB16,3,87,21,0.4,5.7,Peacock eel,Macrognathus siamensis,Macrognathus,100,invasive,1,C,0,21,46,NA,2013
2012-12-10T00:00:00Z,9,2012,12,10,RB,RB7,1,106,22.5,0.3,2.7,Peacock eel,Macrognathus siamensis,Macrognathus,100,invasive,0,ZERO,0,0,0,NA,2013
2012-12-10T00:00:00Z,9,2012,12,10,RB,RB7,2,119,22.5,0.3,2.5,Peacock eel,Macrognathus siamensis,Macrognathus,100,invasive,0,ZERO,0,0,0,NA,2013
2012-12-10T00:00:00Z,9,2012,12,10,RB,RB7,3,144,22.7,0.3,2.9,Peacock eel,Macrognathus siamensis,Macrognathus,100,invasive,0,ZERO,0,0,0,NA,2013
2012-12-09T00:00:00Z,9,2012,12,9,RB,RB8,1,75,23.1,0.2,3.6,Peacock eel,Macrognathus siamensis,Macrognathus,100,invasive,0,ZERO,0,0,0,NA,2013
2012-12-09T00:00:00Z,9,2012,12,9,RB,RB8,2,86,23.2,0.3,3.7,Peacock eel,Macrognathus siamensis,Macrognathus,100,invasive,0,ZERO,0,0,0,NA,2013
2012-12-09T00:00:00Z,9,2012,12,9,RB,RB8,3,72.8,23.2,0.2,3.9,Peacock eel,Macrognathus siamensis,Macrognathus,100,invasive,1,C,23.9,25.1,62,NA,2013
2012-12-09T00:00:00Z,9,2012,12,9,RB,RB9,1,115,22.5,0.3,2.9,Peacock eel,Macrognathus siamensis,Macrognathus,100,invasive,0,ZERO,0,0,0,NA,2013
2012-12-09T00:00:00Z,9,2012,12,9,RB,RB9,2,60,22.6,0.3,2.7,Peacock eel,Macrognathus siamensis,Macrognathus,100,invasive,0,ZERO,0,0,0,NA,2013
2012-12-09T00:00:00Z,9,2012,12,9,RB,RB9,3,108,22.8,0.3,2.9,Peacock eel,Macrognathus siamensis,Macrognathus,100,invasive,0,ZERO,0,0,0,NA,2013
2013-01-21T00:00:00Z,9,2013,1,21,RB,RB10,1,116,22.2,0.3,7.3,Peacock eel,Macrognathus siamensis,Macrognathus,100,invasive,0,ZERO,0,0,0,NA,2013
2013-01-21T00:00:00Z,9,2013,1,21,RB,RB10,2,114,22.5,0.3,4.4,Peacock eel,Macrognathus siamensis,Macrognathus,100,invasive,0,ZERO,0,0,0,NA,2013
2013-01-21T00:00:00Z,9,2013,1,21,RB,RB10,3,112,22.6,0.3,4.6,Peacock eel,Macrognathus siamensis,Macrognathus,100,invasive,0,ZERO,0,0,0,NA,2013
2013-01-21T00:00:00Z,9,2013,1,21,RB,RB11,1,100,22.9,0.3,5,Peacock eel,Macrognathus siamensis,Macrognathus,100,invasive,0,ZERO,0,0,0,NA,2013
2013-01-21T00:00:00Z,9,2013,1,21,RB,RB11,2,97,22.7,0.3,4.7,Peacock eel,Macrognathus siamensis,Macrognathus,100,invasive,0,ZERO,0,0,0,NA,2013
2013-01-21T00:00:00Z,9,2013,1,21,RB,RB11,3,87,23.1,0.3,5.2,Peacock eel,Macrognathus siamensis,Macrognathus,100,invasive,0,ZERO,0,0,0,NA,2013
2013-01-21T00:00:00Z,9,2013,1,21,RB,RB13,1,115,21.9,0.3,4.4,Peacock eel,Macrognathus siamensis,Macrognathus,100,invasive,0,ZERO,0,0,0,NA,2013
2013-01-21T00:00:00Z,9,2013,1,21,RB,RB13,2,113,21.8,0.3,4.3,Peacock eel,Macrognathus siamensis,Macrognathus,100,invasive,1,S,0,21.740440207703635,83,NA,2013
2013-01-21T00:00:00Z,9,2013,1,21,RB,RB13,3,107,21.8,0.2,4.5,Peacock eel,Macrognathus siamensis,Macrognathus,100,invasive,0,ZERO,0,0,0,NA,2013
2013-01-20T00:00:00Z,9,2013,1,20,RB,RB16,1,116,20.6,1.1,3.4,Peacock eel,Macrognathus siamensis,Macrognathus,100,invasive,0,ZERO,0,0,0,NA,2013
2013-01-20T00:00:00Z,9,2013,1,20,RB,RB16,2,115,21,0.8,3.9,Peacock eel,Macrognathus siamensis,Macrognathus,100,invasive,0,ZERO,0,0,0,NA,2013
2013-01-20T00:00:00Z,9,2013,1,20,RB,RB16,3,101,21,0.7,4.4,Peacock eel,Macrognathus siamensis,Macrognathus,100,invasive,0,ZERO,0,0,0,NA,2013
2013-01-21T00:00:00Z,9,2013,1,21,RB,RB8,1,121,22.8,0.3,4.8,Peacock eel,Macrognathus siamensis,Macrognathus,100,invasive,0,ZERO,0,0,0,NA,2013
2013-01-26T00:00:00Z,9,2013,1,26,RB,RB8,2,44,19.3,0.4,4.2,Peacock eel,Macrognathus siamensis,Macrognathus,100,invasive,0,ZERO,0,0,0,NA,2013
2013-01-26T00:00:00Z,9,2013,1,26,RB,RB8,3,80,19.2,0.3,5.7,Peacock eel,Macrognathus siamensis,Macrognathus,100,invasive,0,ZERO,0,0,0,NA,2013
2013-01-21T00:00:00Z,9,2013,1,21,RB,RB9,1,117,21.8,0.3,3,Peacock eel,Macrognathus siamensis,Macrognathus,100,invasive,1,C,25,21.740440207703635,83,NA,2013
2013-01-21T00:00:00Z,9,2013,1,21,RB,RB9,2,79.9,21.8,0.3,3.4,Peacock eel,Macrognathus siamensis,Macrognathus,100,invasive,0,ZERO,0,0,0,NA,2013
2013-01-21T00:00:00Z,9,2013,1,21,RB,RB9,3,100,21.9,0.3,3.9,Peacock eel,Macrognathus siamensis,Macrognathus,100,invasive,0,ZERO,0,0,0,NA,2013
2013-02-24T00:00:00Z,9,2013,2,24,RB,RB10,1,82,22.7,0.3,3.4,Peacock eel,Macrognathus siamensis,Macrognathus,100,invasive,1,S,0,23.01818181818182,71.00000000000001,NA,2013
2013-02-24T00:00:00Z,9,2013,2,24,RB,RB10,2,77,23,0.3,4,Peacock eel,Macrognathus siamensis,Macrognathus,100,invasive,1,C,0,23,80,NA,2013
2013-02-24T00:00:00Z,9,2013,2,24,RB,RB10,2,77,23,0.3,4,Peacock eel,Macrognathus siamensis,Macrognathus,100,invasive,1,C,0,25,86,NA,2013
2013-02-24T00:00:00Z,9,2013,2,24,RB,RB10,3,71,23.2,0.3,3.8,Peacock eel,Macrognathus siamensis,Macrognathus,100,invasive,1,C,0,23,70,NA,2013
2013-02-24T00:00:00Z,9,2013,2,24,RB,RB10,3,71,23.2,0.3,3.8,Peacock eel,Macrognathus siamensis,Macrognathus,100,invasive,1,C,0,24,98,NA,2013
2013-02-24T00:00:00Z,9,2013,2,24,RB,RB10,3,71,23.2,0.3,3.8,Peacock eel,Macrognathus siamensis,Macrognathus,100,invasive,1,C,0,27,129,NA,2013
2013-02-24T00:00:00Z,9,2013,2,24,RB,RB11,1,93,24,0.3,3.7,Peacock eel,Macrognathus siamensis,Macrognathus,100,invasive,0,ZERO,0,0,0,NA,2013
2013-02-24T00:00:00Z,9,2013,2,24,RB,RB11,2,90.4,24.4,0.3,3.7,Peacock eel,Macrognathus siamensis,Macrognathus,100,invasive,1,C,0,25,75,NA,2013
2013-02-24T00:00:00Z,9,2013,2,24,RB,RB11,2,90.4,24.4,0.3,3.7,Peacock eel,Macrognathus siamensis,Macrognathus,100,invasive,1,S,0,23.01818181818182,71.00000000000001,NA,2013
2013-02-24T00:00:00Z,9,2013,2,24,RB,RB11,2,90.4,24.4,0.3,3.7,Peacock eel,Macrognathus siamensis,Macrognathus,100,invasive,1,C,0,24,80,NA,2013
2013-02-24T00:00:00Z,9,2013,2,24,RB,RB11,2,90.4,24.4,0.3,3.7,Peacock eel,Macrognathus siamensis,Macrognathus,100,invasive,1,C,0,21,55,NA,2013
2013-02-24T00:00:00Z,9,2013,2,24,RB,RB11,3,89,25.2,0.3,4.6,Peacock eel,Macrognathus siamensis,Macrognathus,100,invasive,1,S,0,23.01818181818182,71.00000000000001,NA,2013
2013-02-24T00:00:00Z,9,2013,2,24,RB,RB11,3,89,25.2,0.3,4.6,Peacock eel,Macrognathus siamensis,Macrognathus,100,invasive,1,C,0,24,90,NA,2013
2013-02-24T00:00:00Z,9,2013,2,24,RB,RB11,3,89,25.2,0.3,4.6,Peacock eel,Macrognathus siamensis,Macrognathus,100,invasive,1,C,0,26,111,NA,2013
2013-02-24T00:00:00Z,9,2013,2,24,RB,RB11,3,89,25.2,0.3,4.6,Peacock eel,Macrognathus siamensis,Macrognathus,100,invasive,1,C,0,22,45,NA,2013
2013-02-24T00:00:00Z,9,2013,2,24,RB,RB11,3,89,25.2,0.3,4.6,Peacock eel,Macrognathus siamensis,Macrognathus,100,invasive,1,C,0,24,65,NA,2013
2013-02-22T00:00:00Z,9,2013,2,22,RB,RB12,1,108,21.5,0.6,2.9,Peacock eel,Macrognathus siamensis,Macrognathus,100,invasive,0,ZERO,0,0,0,NA,2013
2013-02-22T00:00:00Z,9,2013,2,22,RB,RB12,2,104,22.4,0.6,3.3,Peacock eel,Macrognathus siamensis,Macrognathus,100,invasive,0,ZERO,0,0,0,NA,2013
2013-02-22T00:00:00Z,9,2013,2,22,RB,RB12,3,104,21.4,0.7,2.6,Peacock eel,Macrognathus siamensis,Macrognathus,100,invasive,0,ZERO,0,0,0,NA,2013
2013-02-24T00:00:00Z,9,2013,2,24,RB,RB13,1,68.5,23.5,0.4,4,Peacock eel,Macrognathus siamensis,Macrognathus,100,invasive,1,C,0,24,91,NA,2013
2013-02-24T00:00:00Z,9,2013,2,24,RB,RB13,2,88,23.6,0.4,4.2,Peacock eel,Macrognathus siamensis,Macrognathus,100,invasive,1,C,0,26,103,NA,2013
2013-02-24T00:00:00Z,9,2013,2,24,RB,RB13,2,88,23.6,0.4,4.2,Peacock eel,Macrognathus siamensis,Macrognathus,100,invasive,1,C,0,21,50,NA,2013
2013-02-24T00:00:00Z,9,2013,2,24,RB,RB13,2,88,23.6,0.4,4.2,Peacock eel,Macrognathus siamensis,Macrognathus,100,invasive,1,C,0,19,43,NA,2013
2013-02-24T00:00:00Z,9,2013,2,24,RB,RB13,3,78,24.1,0.4,7.8,Peacock eel,Macrognathus siamensis,Macrognathus,100,invasive,1,C,0,26,75,NA,2013
2013-02-24T00:00:00Z,9,2013,2,24,RB,RB13,3,78,24.1,0.4,7.8,Peacock eel,Macrognathus siamensis,Macrognathus,100,invasive,1,C,0,19,20,NA,2013
2013-02-24T00:00:00Z,9,2013,2,24,RB,RB13,3,78,24.1,0.4,7.8,Peacock eel,Macrognathus siamensis,Macrognathus,100,invasive,1,C,0,18,21,NA,2013
2013-02-24T00:00:00Z,9,2013,2,24,RB,RB13,3,100,24.1,0.4,7.8,Peacock eel,Macrognathus siamensis,Macrognathus,100,invasive,0,ZERO,0,0,0,NA,2013
2013-02-23T00:00:00Z,9,2013,2,23,RB,RB14,1,96,24.2,0.7,3.4,Peacock eel,Macrognathus siamensis,Macrognathus,100,invasive,0,ZERO,0,0,0,NA,2013
2013-02-23T00:00:00Z,9,2013,2,23,RB,RB14,2,79.4,24.5,0.8,2.5,Peacock eel,Macrognathus siamensis,Macrognathus,100,invasive,0,ZERO,0,0,0,NA,2013
2013-02-23T00:00:00Z,9,2013,2,23,RB,RB14,3,96,24.7,0.8,2.6,Peacock eel,Macrognathus siamensis,Macrognathus,100,invasive,0,ZERO,0,0,0,NA,2013
2013-02-24T00:00:00Z,9,2013,2,24,RB,RB15,1,134,26.9,1.3,2.1,Peacock eel,Macrognathus siamensis,Macrognathus,100,invasive,0,ZERO,0,0,0,NA,2013
2013-02-24T00:00:00Z,9,2013,2,24,RB,RB15,2,98.2,26.5,1.2,1.8,Peacock eel,Macrognathus siamensis,Macrognathus,100,invasive,0,ZERO,0,0,0,NA,2013
2013-02-24T00:00:00Z,9,2013,2,24,RB,RB15,3,94.5,25.4,1.1,1.6,Peacock eel,Macrognathus siamensis,Macrognathus,100,invasive,0,ZERO,0,0,0,NA,2013
2013-02-22T00:00:00Z,9,2013,2,22,RB,RB16,1,120,22.7,1.9,1.6,Peacock eel,Macrognathus siamensis,Macrognathus,100,invasive,0,ZERO,0,0,0,NA,2013
2013-02-22T00:00:00Z,9,2013,2,22,RB,RB16,2,140,23.9,1.8,2.7,Peacock eel,Macrognathus siamensis,Macrognathus,100,invasive,0,ZERO,0,0,0,NA,2013
2013-02-22T00:00:00Z,9,2013,2,22,RB,RB16,3,114,22.9,1.4,2,Peacock eel,Macrognathus siamensis,Macrognathus,100,invasive,0,ZERO,0,0,0,NA,2013
2013-02-25T00:00:00Z,9,2013,2,25,RB,RB7,1,103,25.2,0.9,1.4,Peacock eel,Macrognathus siamensis,Macrognathus,100,invasive,0,ZERO,0,0,0,NA,2013
2013-02-25T00:00:00Z,9,2013,2,25,RB,RB7,2,98,25,0.6,1.2,Peacock eel,Macrognathus siamensis,Macrognathus,100,invasive,0,ZERO,0,0,0,NA,2013
2013-02-25T00:00:00Z,9,2013,2,25,RB,RB7,3,75,25.1,0.8,1.6,Peacock eel,Macrognathus siamensis,Macrognathus,100,invasive,0,ZERO,0,0,0,NA,2013
2013-02-23T00:00:00Z,9,2013,2,23,RB,RB8,1,63,23.2,0.3,3.6,Peacock eel,Macrognathus siamensis,Macrognathus,100,invasive,0,ZERO,0,0,0,NA,2013
2013-02-23T00:00:00Z,9,2013,2,23,RB,RB8,2,112,23.4,0.3,3.9,Peacock eel,Macrognathus siamensis,Macrognathus,100,invasive,1,C,0,27.4,90,NA,2013
2013-02-23T00:00:00Z,9,2013,2,23,RB,RB8,3,75,23,0.3,4.1,Peacock eel,Macrognathus siamensis,Macrognathus,100,invasive,0,ZERO,0,0,0,NA,2013
2013-02-23T00:00:00Z,9,2013,2,23,RB,RB9,1,88,22.8,0.4,3.8,Peacock eel,Macrognathus siamensis,Macrognathus,100,invasive,1,S,0,23.01818181818182,71.00000000000001,NA,2013
2013-02-23T00:00:00Z,9,2013,2,23,RB,RB9,2,69,23.4,0.4,4.1,Peacock eel,Macrognathus siamensis,Macrognathus,100,invasive,0,ZERO,0,0,0,NA,2013
2013-02-23T00:00:00Z,9,2013,2,23,RB,RB9,3,84,23.8,0.4,4,Peacock eel,Macrognathus siamensis,Macrognathus,100,invasive,1,C,0,18,48,NA,2013
2013-02-23T00:00:00Z,9,2013,2,23,RB,RB9,3,84,23.8,0.4,4,Peacock eel,Macrognathus siamensis,Macrognathus,100,invasive,1,C,0,20,37,NA,2013
2013-03-17T00:00:00Z,9,2013,3,17,RB,RB10,1,70,19.5,0.3,3,Peacock eel,Macrognathus siamensis,Macrognathus,100,invasive,0,ZERO,0,0,0,NA,2013
2013-03-17T00:00:00Z,9,2013,3,17,RB,RB10,2,93,19.6,0.4,3.9,Peacock eel,Macrognathus siamensis,Macrognathus,100,invasive,0,ZERO,0,0,0,NA,2013
2013-03-17T00:00:00Z,9,2013,3,17,RB,RB10,3,88,19.5,0.4,3.9,Peacock eel,Macrognathus siamensis,Macrognathus,100,invasive,1,C,0,22,90,NA,2013
2013-03-17T00:00:00Z,9,2013,3,17,RB,RB11,1,70,20,0.4,4.7,Peacock eel,Macrognathus siamensis,Macrognathus,100,invasive,0,ZERO,0,0,0,NA,2013
2013-03-17T00:00:00Z,9,2013,3,17,RB,RB11,2,87,20.3,0.3,4.9,Peacock eel,Macrognathus siamensis,Macrognathus,100,invasive,1,C,0,19,80,NA,2013
2013-03-17T00:00:00Z,9,2013,3,17,RB,RB11,3,89,20.9,0.4,5,Peacock eel,Macrognathus siamensis,Macrognathus,100,invasive,1,C,0,17,43,NA,2013
2013-03-15T00:00:00Z,9,2013,3,15,RB,RB13,1,72,17.8,0.4,5.3,Peacock eel,Macrognathus siamensis,Macrognathus,100,invasive,1,C,0,21.5,72,NA,2013
2013-03-15T00:00:00Z,9,2013,3,15,RB,RB13,2,80,17.8,0.3,5.8,Peacock eel,Macrognathus siamensis,Macrognathus,100,invasive,0,ZERO,0,0,0,NA,2013
2013-03-15T00:00:00Z,9,2013,3,15,RB,RB13,3,60,18,0.4,5.8,Peacock eel,Macrognathus siamensis,Macrognathus,100,invasive,1,S,0,20.041176470588237,66,NA,2013
2013-03-15T00:00:00Z,9,2013,3,15,RB,RB13,3,60,18,0.4,5.8,Peacock eel,Macrognathus siamensis,Macrognathus,100,invasive,1,C,0,20.2,52,NA,2013
2013-03-17T00:00:00Z,9,2013,3,17,RB,RB14,1,88,19.8,0.7,2.2,Peacock eel,Macrognathus siamensis,Macrognathus,100,invasive,0,ZERO,0,0,0,NA,2013
2013-03-15T00:00:00Z,9,2013,3,15,RB,RB14,2,75,20.6,0.6,3.2,Peacock eel,Macrognathus siamensis,Macrognathus,100,invasive,0,ZERO,0,0,0,NA,2013
2013-03-15T00:00:00Z,9,2013,3,15,RB,RB14,3,92,20.7,0.6,4.2,Peacock eel,Macrognathus siamensis,Macrognathus,100,invasive,0,ZERO,0,0,0,NA,2013
2013-03-14T00:00:00Z,9,2013,3,14,RB,RB16,1,107,19.1,1.8,5.8,Peacock eel,Macrognathus siamensis,Macrognathus,100,invasive,0,ZERO,0,0,0,NA,2013
2013-03-14T00:00:00Z,9,2013,3,14,RB,RB16,2,136,19,1.8,5.8,Peacock eel,Macrognathus siamensis,Macrognathus,100,invasive,0,ZERO,0,0,0,NA,2013
2013-03-14T00:00:00Z,9,2013,3,14,RB,RB16,3,129,18.6,1.5,6.1,Peacock eel,Macrognathus siamensis,Macrognathus,100,invasive,0,ZERO,0,0,0,NA,2013
2013-03-01T00:00:00Z,9,2013,3,1,RB,RB18,1,89,21.71,0.37,4.47,Peacock eel,Macrognathus siamensis,Macrognathus,100,invasive,0,ZERO,0,0,0,NA,2013
2013-03-15T00:00:00Z,9,2013,3,15,RB,RB18,1,77,18.6,0.5,6,Peacock eel,Macrognathus siamensis,Macrognathus,100,invasive,0,ZERO,0,0,0,NA,2013
2013-03-01T00:00:00Z,9,2013,3,1,RB,RB18,2,99,21.7,0.37,4.1,Peacock eel,Macrognathus siamensis,Macrognathus,100,invasive,0,ZERO,0,0,0,NA,2013
2013-03-17T00:00:00Z,9,2013,3,17,RB,RB18,2,87,19.5,0.5,5.2,Peacock eel,Macrognathus siamensis,Macrognathus,100,invasive,0,ZERO,0,0,0,NA,2013
2013-03-01T00:00:00Z,9,2013,3,1,RB,RB18,3,98,21.56,0.37,3.99,Peacock eel,Macrognathus siamensis,Macrognathus,100,invasive,0,ZERO,0,0,0,NA,2013
2013-03-17T00:00:00Z,9,2013,3,17,RB,RB18,3,68,19.3,0.4,5.2,Peacock eel,Macrognathus siamensis,Macrognathus,100,invasive,0,ZERO,0,0,0,NA,2013
2013-03-16T00:00:00Z,9,2013,3,16,RB,RB8,1,71,18,0.4,4.5,Peacock eel,Macrognathus siamensis,Macrognathus,100,invasive,1,C,0,21.5,68,NA,2013
2013-03-16T00:00:00Z,9,2013,3,16,RB,RB8,1,71,18,0.4,4.5,Peacock eel,Macrognathus siamensis,Macrognathus,100,invasive,1,C,0,21,60,NA,2013
2013-03-16T00:00:00Z,9,2013,3,16,RB,RB8,2,63,18.1,0.4,5.1,Peacock eel,Macrognathus siamensis,Macrognathus,100,invasive,1,S,0,20.041176470588237,66,NA,2013
2013-03-16T00:00:00Z,9,2013,3,16,RB,RB8,2,63,18.1,0.4,5.1,Peacock eel,Macrognathus siamensis,Macrognathus,100,invasive,1,C,0,20,53,NA,2013
2013-03-16T00:00:00Z,9,2013,3,16,RB,RB8,2,63,18.1,0.4,5.1,Peacock eel,Macrognathus siamensis,Macrognathus,100,invasive,1,C,0,19,86,NA,2013
2013-03-16T00:00:00Z,9,2013,3,16,RB,RB8,2,63,18.1,0.4,5.1,Peacock eel,Macrognathus siamensis,Macrognathus,100,invasive,1,C,0,19,54,NA,2013
2013-03-16T00:00:00Z,9,2013,3,16,RB,RB8,3,73,18.6,0.5,5.1,Peacock eel,Macrognathus siamensis,Macrognathus,100,invasive,1,C,0,26,94,NA,2013
2013-03-16T00:00:00Z,9,2013,3,16,RB,RB8,3,73,18.6,0.5,5.1,Peacock eel,Macrognathus siamensis,Macrognathus,100,invasive,1,C,0,21,60,NA,2013
2013-03-16T00:00:00Z,9,2013,3,16,RB,RB8,3,73,18.6,0.5,5.1,Peacock eel,Macrognathus siamensis,Macrognathus,100,invasive,1,C,0,20,48,NA,2013
2013-03-16T00:00:00Z,9,2013,3,16,RB,RB9,1,116,18.1,0.4,4.3,Peacock eel,Macrognathus siamensis,Macrognathus,100,invasive,0,ZERO,0,0,0,NA,2013
2013-03-16T00:00:00Z,9,2013,3,16,RB,RB9,2,62,18.3,0.3,4.8,Peacock eel,Macrognathus siamensis,Macrognathus,100,invasive,1,C,0,17,41,NA,2013
2013-03-16T00:00:00Z,9,2013,3,16,RB,RB9,2,62,18.3,0.3,4.8,Peacock eel,Macrognathus siamensis,Macrognathus,100,invasive,1,C,0,20.5,56,NA,2013
2013-03-16T00:00:00Z,9,2013,3,16,RB,RB9,3,75,18.5,0.3,4.6,Peacock eel,Macrognathus siamensis,Macrognathus,100,invasive,1,C,0,16,84,NA,2013
2013-03-16T00:00:00Z,9,2013,3,16,RB,RB9,3,75,18.5,0.3,4.6,Peacock eel,Macrognathus siamensis,Macrognathus,100,invasive,1,C,0,20,81,NA,2013
2013-04-21T00:00:00Z,9,2013,4,21,RB,RB10,1,63,26.3,0.5,2.11,Peacock eel,Macrognathus siamensis,Macrognathus,100,invasive,1,C,0,25.8,84,NA,2013
2013-04-21T00:00:00Z,9,2013,4,21,RB,RB10,2,78,26.8,0.6,2.4,Peacock eel,Macrognathus siamensis,Macrognathus,100,invasive,1,C,0,25,72,NA,2013
2013-04-21T00:00:00Z,9,2013,4,21,RB,RB10,3,100,27.4,0.5,2.54,Peacock eel,Macrognathus siamensis,Macrognathus,100,invasive,1,C,0,23.2,57,NA,2013
2013-04-19T00:00:00Z,9,2013,4,19,RB,RB11,1,89,27.1,0.6,3.36,Peacock eel,Macrognathus siamensis,Macrognathus,100,invasive,1,C,0,20.4,40,NA,2013
2013-04-19T00:00:00Z,9,2013,4,19,RB,RB11,2,81,27.3,0.6,3.38,Peacock eel,Macrognathus siamensis,Macrognathus,100,invasive,1,C,0,26.2,81,NA,2013
2013-04-19T00:00:00Z,9,2013,4,19,RB,RB11,3,20,27,0.4,2.61,Peacock eel,Macrognathus siamensis,Macrognathus,100,invasive,0,ZERO,0,0,0,NA,2013
2013-04-20T00:00:00Z,9,2013,4,20,RB,RB12,1,75,26,0.9,0.17,Peacock eel,Macrognathus siamensis,Macrognathus,100,invasive,0,ZERO,0,0,0,NA,2013
2013-04-20T00:00:00Z,9,2013,4,20,RB,RB12,2,85,26.7,0.8,0.32,Peacock eel,Macrognathus siamensis,Macrognathus,100,invasive,0,ZERO,0,0,0,NA,2013
2013-04-20T00:00:00Z,9,2013,4,20,RB,RB12,3,95,27,0.7,0.23,Peacock eel,Macrognathus siamensis,Macrognathus,100,invasive,0,ZERO,0,0,0,NA,2013
2013-04-16T00:00:00Z,9,2013,4,16,RB,RB13,1,70,27.2,0.5,2.94,Peacock eel,Macrognathus siamensis,Macrognathus,100,invasive,1,C,0,21,50,NA,2013
2013-04-16T00:00:00Z,9,2013,4,16,RB,RB13,2,74,27.7,0.7,3.65,Peacock eel,Macrognathus siamensis,Macrognathus,100,invasive,1,S,0,21.511764705882353,55.0625,NA,2013
2013-04-16T00:00:00Z,9,2013,4,16,RB,RB13,2,74,27.7,0.7,3.65,Peacock eel,Macrognathus siamensis,Macrognathus,100,invasive,1,C,0,19,30,NA,2013
2013-04-16T00:00:00Z,9,2013,4,16,RB,RB13,3,58.1,27.8,0.7,3.74,Peacock eel,Macrognathus siamensis,Macrognathus,100,invasive,1,S,0,21.511764705882353,55.0625,NA,2013
2013-04-17T00:00:00Z,9,2013,4,17,RB,RB14,1,95,27,1.4,0.85,Peacock eel,Macrognathus siamensis,Macrognathus,100,invasive,0,ZERO,0,0,0,NA,2013
2013-04-17T00:00:00Z,9,2013,4,17,RB,RB14,2,87,27,1.4,0.8,Peacock eel,Macrognathus siamensis,Macrognathus,100,invasive,0,ZERO,0,0,0,NA,2013
2013-04-17T00:00:00Z,9,2013,4,17,RB,RB14,3,92,26.9,1.3,1.16,Peacock eel,Macrognathus siamensis,Macrognathus,100,invasive,0,ZERO,0,0,0,NA,2013
2013-04-16T00:00:00Z,9,2013,4,16,RB,RB15,1,108,29.1,3.8,1.87,Peacock eel,Macrognathus siamensis,Macrognathus,100,invasive,0,ZERO,0,0,0,NA,2013
2013-04-16T00:00:00Z,9,2013,4,16,RB,RB15,2,100,26.8,3,0.5,Peacock eel,Macrognathus siamensis,Macrognathus,100,invasive,0,ZERO,0,0,0,NA,2013
2013-04-16T00:00:00Z,9,2013,4,16,RB,RB15,3,70,28.1,2.3,0.14,Peacock eel,Macrognathus siamensis,Macrognathus,100,invasive,0,ZERO,0,0,0,NA,2013
2013-04-15T00:00:00Z,9,2013,4,15,RB,RB16,1,111,27.7,2.9,0.48,Peacock eel,Macrognathus siamensis,Macrognathus,100,invasive,0,ZERO,0,0,0,NA,2013
2013-04-15T00:00:00Z,9,2013,4,15,RB,RB16,2,130,28.3,2.1,2.08,Peacock eel,Macrognathus siamensis,Macrognathus,100,invasive,0,ZERO,0,0,0,NA,2013
2013-04-15T00:00:00Z,9,2013,4,15,RB,RB16,3,106,27.4,2.4,2.53,Peacock eel,Macrognathus siamensis,Macrognathus,100,invasive,0,ZERO,0,0,0,NA,2013
2013-04-20T00:00:00Z,9,2013,4,20,RB,RB18,1,63.7,29.7,1,6.62,Peacock eel,Macrognathus siamensis,Macrognathus,100,invasive,0,ZERO,0,0,0,NA,2013
2013-04-20T00:00:00Z,9,2013,4,20,RB,RB18,2,71,29.4,1,5.83,Peacock eel,Macrognathus siamensis,Macrognathus,100,invasive,0,ZERO,0,0,0,NA,2013
2013-04-20T00:00:00Z,9,2013,4,20,RB,RB18,3,75,29.6,0.7,5.81,Peacock eel,Macrognathus siamensis,Macrognathus,100,invasive,0,ZERO,0,0,0,NA,2013
2013-04-17T00:00:00Z,9,2013,4,17,RB,RB7,1,97,25.5,1.3,0.25,Peacock eel,Macrognathus siamensis,Macrognathus,100,invasive,0,ZERO,0,0,0,NA,2013
2013-04-17T00:00:00Z,9,2013,4,17,RB,RB7,2,92,25.5,1.3,0.24,Peacock eel,Macrognathus siamensis,Macrognathus,100,invasive,0,ZERO,0,0,0,NA,2013
2013-04-17T00:00:00Z,9,2013,4,17,RB,RB7,3,90,25.4,1,0.2,Peacock eel,Macrognathus siamensis,Macrognathus,100,invasive,0,ZERO,0,0,0,NA,2013
2013-04-17T00:00:00Z,9,2013,4,17,RB,RB8,1,70,26.5,0.7,2.81,Peacock eel,Macrognathus siamensis,Macrognathus,100,invasive,1,C,0,22,55.0625,NA,2013
2013-04-19T00:00:00Z,9,2013,4,19,RB,RB8,2,72,28.1,0.5,3.83,Peacock eel,Macrognathus siamensis,Macrognathus,100,invasive,1,C,0,26.9,83,NA,2013
2013-04-19T00:00:00Z,9,2013,4,19,RB,RB8,2,72,28.1,0.5,3.83,Peacock eel,Macrognathus siamensis,Macrognathus,100,invasive,1,C,0,21.5,41,NA,2013
2013-04-19T00:00:00Z,9,2013,4,19,RB,RB8,3,66,27.9,0.6,4.04,Peacock eel,Macrognathus siamensis,Macrognathus,100,invasive,1,C,0,26.7,67,NA,2013
2013-04-17T00:00:00Z,9,2013,4,17,RB,RB9,1,67,26.3,0.7,1.51,Peacock eel,Macrognathus siamensis,Macrognathus,100,invasive,1,C,0,17,50,NA,2013
2013-04-17T00:00:00Z,9,2013,4,17,RB,RB9,1,67,26.3,0.7,1.51,Peacock eel,Macrognathus siamensis,Macrognathus,100,invasive,1,C,0,15,40,NA,2013
2013-04-17T00:00:00Z,9,2013,4,17,RB,RB9,2,64,21,0.6,1.95,Peacock eel,Macrognathus siamensis,Macrognathus,100,invasive,1,C,0,22,66,NA,2013
2013-04-17T00:00:00Z,9,2013,4,17,RB,RB9,2,64,21,0.6,1.95,Peacock eel,Macrognathus siamensis,Macrognathus,100,invasive,1,C,0,22,45,NA,2013
2013-04-17T00:00:00Z,9,2013,4,17,RB,RB9,2,64,21,0.6,1.95,Peacock eel,Macrognathus siamensis,Macrognathus,100,invasive,1,C,0,15,34,NA,2013
2013-04-17T00:00:00Z,9,2013,4,17,RB,RB9,2,64,21,0.6,1.95,Peacock eel,Macrognathus siamensis,Macrognathus,100,invasive,1,S,0,21.511764705882353,55.0625,NA,2013
2013-04-17T00:00:00Z,9,2013,4,17,RB,RB9,3,68,25.8,0.5,2.21,Peacock eel,Macrognathus siamensis,Macrognathus,100,invasive,1,C,0,17,41,NA,2013
2013-05-28T00:00:00Z,9,2013,5,28,RB,RB10,1,100,26.5,0.1,3.06,Peacock eel,Macrognathus siamensis,Macrognathus,100,invasive,0,ZERO,0,0,0,NA,2013
2013-05-28T00:00:00Z,9,2013,5,28,RB,RB10,2,114,26.9,0.2,3.8,Peacock eel,Macrognathus siamensis,Macrognathus,100,invasive,0,ZERO,0,0,0,NA,2013
2013-05-28T00:00:00Z,9,2013,5,28,RB,RB10,3,113,27.3,0.1,4.65,Peacock eel,Macrognathus siamensis,Macrognathus,100,invasive,0,ZERO,0,0,0,NA,2013
2013-05-28T00:00:00Z,9,2013,5,28,RB,RB11,1,70.5,26.9,0.1,4.08,Peacock eel,Macrognathus siamensis,Macrognathus,100,invasive,0,ZERO,0,0,0,NA,2013
2013-05-28T00:00:00Z,9,2013,5,28,RB,RB11,2,64.6,27.8,0.1,5.21,Peacock eel,Macrognathus siamensis,Macrognathus,100,invasive,0,ZERO,0,0,0,NA,2013
2013-05-28T00:00:00Z,9,2013,5,28,RB,RB11,3,88,27.8,0.1,5.59,Peacock eel,Macrognathus siamensis,Macrognathus,100,invasive,0,ZERO,0,0,0,NA,2013
2013-05-29T00:00:00Z,9,2013,5,29,RB,RB13,1,94,25.5,0.1,4.58,Peacock eel,Macrognathus siamensis,Macrognathus,100,invasive,0,ZERO,0,0,0,NA,2013
2013-05-29T00:00:00Z,9,2013,5,29,RB,RB13,2,80,25.5,0.1,4.89,Peacock eel,Macrognathus siamensis,Macrognathus,100,invasive,0,ZERO,0,0,0,NA,2013
2013-05-29T00:00:00Z,9,2013,5,29,RB,RB13,3,87.5,25.5,0.2,5.1,Peacock eel,Macrognathus siamensis,Macrognathus,100,invasive,0,ZERO,0,0,0,NA,2013
2013-05-29T00:00:00Z,9,2013,5,29,RB,RB14,1,114,25.8,0.2,4.14,Peacock eel,Macrognathus siamensis,Macrognathus,100,invasive,0,ZERO,0,0,0,NA,2013
2013-05-29T00:00:00Z,9,2013,5,29,RB,RB14,2,135,25.9,0.2,4.71,Peacock eel,Macrognathus siamensis,Macrognathus,100,invasive,0,ZERO,0,0,0,NA,2013
2013-05-31T00:00:00Z,9,2013,5,31,RB,RB16,1,79.7,26.1,0.4,3.18,Peacock eel,Macrognathus siamensis,Macrognathus,100,invasive,0,ZERO,0,0,0,NA,2013
2013-05-31T00:00:00Z,9,2013,5,31,RB,RB16,2,113,26.1,0.3,3.54,Peacock eel,Macrognathus siamensis,Macrognathus,100,invasive,0,ZERO,0,0,0,NA,2013
2013-05-31T00:00:00Z,9,2013,5,31,RB,RB16,3,109,26.4,0.4,4.05,Peacock eel,Macrognathus siamensis,Macrognathus,100,invasive,0,ZERO,0,0,0,NA,2013
2013-05-28T00:00:00Z,9,2013,5,28,RB,RB8,1,82.5,27,0.1,3.85,Peacock eel,Macrognathus siamensis,Macrognathus,100,invasive,0,ZERO,0,0,0,NA,2013
2013-05-28T00:00:00Z,9,2013,5,28,RB,RB8,2,90,27.1,0.1,4.1,Peacock eel,Macrognathus siamensis,Macrognathus,100,invasive,0,ZERO,0,0,0,NA,2013
2013-05-29T00:00:00Z,9,2013,5,29,RB,RB8,3,127,24.8,0.1,5.41,Peacock eel,Macrognathus siamensis,Macrognathus,100,invasive,0,ZERO,0,0,0,NA,2013
2013-05-28T00:00:00Z,9,2013,5,28,RB,RB9,1,109,26,0.1,2.55,Peacock eel,Macrognathus siamensis,Macrognathus,100,invasive,0,ZERO,0,0,0,NA,2013
2013-05-28T00:00:00Z,9,2013,5,28,RB,RB9,2,96.6,26.4,0.2,2.79,Peacock eel,Macrognathus siamensis,Macrognathus,100,invasive,0,ZERO,0,0,0,NA,2013
2013-05-28T00:00:00Z,9,2013,5,28,RB,RB9,3,113,26.2,0.2,2.91,Peacock eel,Macrognathus siamensis,Macrognathus,100,invasive,0,ZERO,0,0,0,NA,2013
2013-06-26T00:00:00Z,9,2013,6,26,RB,RB13,1,115,28.6,0.1,2.86,Peacock eel,Macrognathus siamensis,Macrognathus,100,invasive,0,ZERO,0,0,0,NA,2013
2013-06-26T00:00:00Z,9,2013,6,26,RB,RB13,2,103,28.8,0.1,3.2,Peacock eel,Macrognathus siamensis,Macrognathus,100,invasive,0,ZERO,0,0,0,NA,2013
2013-06-26T00:00:00Z,9,2013,6,26,RB,RB13,3,98,28.5,0.1,3.05,Peacock eel,Macrognathus siamensis,Macrognathus,100,invasive,0,ZERO,0,0,0,NA,2013
2013-06-26T00:00:00Z,9,2013,6,26,RB,RB14,1,79,28.1,0.2,2.17,Peacock eel,Macrognathus siamensis,Macrognathus,100,invasive,0,ZERO,0,0,0,NA,2013
2013-06-26T00:00:00Z,9,2013,6,26,RB,RB14,2,86,28.4,0.2,3.39,Peacock eel,Macrognathus siamensis,Macrognathus,100,invasive,0,ZERO,0,0,0,NA,2013
2013-06-07T00:00:00Z,9,2013,6,7,RB,RB14,3,81,27.6,0.1,3.71,Peacock eel,Macrognathus siamensis,Macrognathus,100,invasive,0,ZERO,0,0,0,NA,2013
2013-06-26T00:00:00Z,9,2013,6,26,RB,RB14,3,83,28.7,0.1,3.24,Peacock eel,Macrognathus siamensis,Macrognathus,100,invasive,0,ZERO,0,0,0,NA,2013
2013-06-27T00:00:00Z,9,2013,6,27,RB,RB16,1,103,27.2,0.2,3.48,Peacock eel,Macrognathus siamensis,Macrognathus,100,invasive,0,ZERO,0,0,0,NA,2013
2013-06-27T00:00:00Z,9,2013,6,27,RB,RB16,2,107,26.9,0.2,3.73,Peacock eel,Macrognathus siamensis,Macrognathus,100,invasive,0,ZERO,0,0,0,NA,2013
2013-06-27T00:00:00Z,9,2013,6,27,RB,RB16,3,70.8,26.8,0.2,3.89,Peacock eel,Macrognathus siamensis,Macrognathus,100,invasive,0,ZERO,0,0,0,NA,2013
2013-06-07T00:00:00Z,9,2013,6,7,RB,RB18,1,140,27.8,0.1,3.83,Peacock eel,Macrognathus siamensis,Macrognathus,100,invasive,0,ZERO,0,0,0,NA,2013
2013-06-26T00:00:00Z,9,2013,6,26,RB,RB18,1,89,28.9,0.1,3.47,Peacock eel,Macrognathus siamensis,Macrognathus,100,invasive,0,ZERO,0,0,0,NA,2013
2013-06-07T00:00:00Z,9,2013,6,7,RB,RB18,2,134,27.6,0.1,3.79,Peacock eel,Macrognathus siamensis,Macrognathus,100,invasive,0,ZERO,0,0,0,NA,2013
2013-06-26T00:00:00Z,9,2013,6,26,RB,RB18,2,87,29.1,0.1,3.14,Peacock eel,Macrognathus siamensis,Macrognathus,100,invasive,0,ZERO,0,0,0,NA,2013
2013-06-07T00:00:00Z,9,2013,6,7,RB,RB18,3,135,27.5,0.1,3.66,Peacock eel,Macrognathus siamensis,Macrognathus,100,invasive,0,ZERO,0,0,0,NA,2013
2013-06-26T00:00:00Z,9,2013,6,26,RB,RB18,3,98,28.6,0.1,2.92,Peacock eel,Macrognathus siamensis,Macrognathus,100,invasive,0,ZERO,0,0,0,NA,2013
2013-07-01T00:00:00Z,9,2013,7,1,RB,RB10,1,109,28.6,0.1,2.47,Peacock eel,Macrognathus siamensis,Macrognathus,100,invasive,0,ZERO,0,0,0,NA,2013
2013-07-29T00:00:00Z,9,2013,7,29,RB,RB10,1,124,29.7,0.1,2.18,Peacock eel,Macrognathus siamensis,Macrognathus,100,invasive,0,ZERO,0,0,0,NA,2013
2013-07-01T00:00:00Z,9,2013,7,1,RB,RB10,2,96,28.7,0.1,2.64,Peacock eel,Macrognathus siamensis,Macrognathus,100,invasive,0,ZERO,0,0,0,NA,2013
2013-07-29T00:00:00Z,9,2013,7,29,RB,RB10,2,96.3,29.8,0.1,2.43,Peacock eel,Macrognathus siamensis,Macrognathus,100,invasive,0,ZERO,0,0,0,NA,2013
2013-07-01T00:00:00Z,9,2013,7,1,RB,RB10,3,98,28.9,0.1,2.49,Peacock eel,Macrognathus siamensis,Macrognathus,100,invasive,0,ZERO,0,0,0,NA,2013
2013-07-29T00:00:00Z,9,2013,7,29,RB,RB10,3,76,29.9,0.1,2.35,Peacock eel,Macrognathus siamensis,Macrognathus,100,invasive,0,ZERO,0,0,0,NA,2013
2013-07-29T00:00:00Z,9,2013,7,29,RB,RB11,1,97,29.4,0.2,2.05,Peacock eel,Macrognathus siamensis,Macrognathus,100,invasive,0,ZERO,0,0,0,NA,2013
2013-07-01T00:00:00Z,9,2013,7,1,RB,RB11,2,118,29,0.1,3.21,Peacock eel,Macrognathus siamensis,Macrognathus,100,invasive,0,ZERO,0,0,0,NA,2013
2013-07-29T00:00:00Z,9,2013,7,29,RB,RB11,2,98,29.6,0.1,2.03,Peacock eel,Macrognathus siamensis,Macrognathus,100,invasive,0,ZERO,0,0,0,NA,2013
2013-07-01T00:00:00Z,9,2013,7,1,RB,RB11,3,112,29.5,0.1,3.93,Peacock eel,Macrognathus siamensis,Macrognathus,100,invasive,0,ZERO,0,0,0,NA,2013
2013-07-29T00:00:00Z,9,2013,7,29,RB,RB11,3,100,29.9,0.1,2.83,Peacock eel,Macrognathus siamensis,Macrognathus,100,invasive,0,ZERO,0,0,0,NA,2013
2013-07-29T00:00:00Z,9,2013,7,29,RB,RB13,1,87.5,30.2,0.1,2.58,Peacock eel,Macrognathus siamensis,Macrognathus,100,invasive,0,ZERO,0,0,0,NA,2013
2013-07-29T00:00:00Z,9,2013,7,29,RB,RB13,2,108,30.2,0.2,2.55,Peacock eel,Macrognathus siamensis,Macrognathus,100,invasive,0,ZERO,0,0,0,NA,2013
2013-07-29T00:00:00Z,9,2013,7,29,RB,RB13,3,108,30.3,0.2,2.71,Peacock eel,Macrognathus siamensis,Macrognathus,100,invasive,0,ZERO,0,0,0,NA,2013
2013-07-23T00:00:00Z,9,2013,7,23,RB,RB14,1,101,30.8,0.1,2.62,Peacock eel,Macrognathus siamensis,Macrognathus,100,invasive,0,ZERO,0,0,0,NA,2013
2013-07-23T00:00:00Z,9,2013,7,23,RB,RB14,2,100,31.4,0.2,3.08,Peacock eel,Macrognathus siamensis,Macrognathus,100,invasive,0,ZERO,0,0,0,NA,2013
2013-07-23T00:00:00Z,9,2013,7,23,RB,RB14,3,87,31.4,0.2,2.99,Peacock eel,Macrognathus siamensis,Macrognathus,100,invasive,0,ZERO,0,0,0,NA,2013
2013-07-30T00:00:00Z,9,2013,7,30,RB,RB16,1,115,28.4,0.2,2.42,Peacock eel,Macrognathus siamensis,Macrognathus,100,invasive,0,ZERO,0,0,0,NA,2013
2013-07-30T00:00:00Z,9,2013,7,30,RB,RB16,2,102,28.2,0.2,2.69,Peacock eel,Macrognathus siamensis,Macrognathus,100,invasive,0,ZERO,0,0,0,NA,2013
2013-07-30T00:00:00Z,9,2013,7,30,RB,RB16,3,80,28.4,0.2,2.72,Peacock eel,Macrognathus siamensis,Macrognathus,100,invasive,0,ZERO,0,0,0,NA,2013
2013-07-23T00:00:00Z,9,2013,7,23,RB,RB18,1,117,31.4,0.1,2.5,Peacock eel,Macrognathus siamensis,Macrognathus,100,invasive,0,ZERO,0,0,0,NA,2013
2013-07-23T00:00:00Z,9,2013,7,23,RB,RB18,2,102,31.3,0.1,2.31,Peacock eel,Macrognathus siamensis,Macrognathus,100,invasive,0,ZERO,0,0,0,NA,2013
2013-07-23T00:00:00Z,9,2013,7,23,RB,RB18,3,104,31.2,0.1,2.28,Peacock eel,Macrognathus siamensis,Macrognathus,100,invasive,0,ZERO,0,0,0,NA,2013
2013-07-01T00:00:00Z,9,2013,7,1,RB,RB8,1,99.8,28.8,0.1,2.86,Peacock eel,Macrognathus siamensis,Macrognathus,100,invasive,0,ZERO,0,0,0,NA,2013
2013-07-29T00:00:00Z,9,2013,7,29,RB,RB8,1,114,30.1,0.1,2.42,Peacock eel,Macrognathus siamensis,Macrognathus,100,invasive,0,ZERO,0,0,0,NA,2013
2013-07-01T00:00:00Z,9,2013,7,1,RB,RB8,2,92,28.9,0.1,2.7,Peacock eel,Macrognathus siamensis,Macrognathus,100,invasive,0,ZERO,0,0,0,NA,2013
2013-07-01T00:00:00Z,9,2013,7,1,RB,RB8,3,89,29,0.1,2.85,Peacock eel,Macrognathus siamensis,Macrognathus,100,invasive,0,ZERO,0,0,0,NA,2013
2013-07-29T00:00:00Z,9,2013,7,29,RB,RB8,3,103,30.1,0.1,2.25,Peacock eel,Macrognathus siamensis,Macrognathus,100,invasive,0,ZERO,0,0,0,NA,2013
2013-07-01T00:00:00Z,9,2013,7,1,RB,RB9,1,99,28.5,0.1,2.08,Peacock eel,Macrognathus siamensis,Macrognathus,100,invasive,0,ZERO,0,0,0,NA,2013
2013-07-29T00:00:00Z,9,2013,7,29,RB,RB9,1,70.4,29.5,0.1,1.5,Peacock eel,Macrognathus siamensis,Macrognathus,100,invasive,0,ZERO,0,0,0,NA,2013
2013-07-29T00:00:00Z,9,2013,7,29,RB,RB9,2,92.6,29.6,0.1,1.54,Peacock eel,Macrognathus siamensis,Macrognathus,100,invasive,0,ZERO,0,0,0,NA,2013
2013-07-01T00:00:00Z,9,2013,7,1,RB,RB9,3,90,28.8,0.1,2.34,Peacock eel,Macrognathus siamensis,Macrognathus,100,invasive,0,ZERO,0,0,0,NA,2013
2013-07-29T00:00:00Z,9,2013,7,29,RB,RB9,3,100,29.9,0.1,1.63,Peacock eel,Macrognathus siamensis,Macrognathus,100,invasive,0,ZERO,0,0,0,NA,2013
2013-11-17T00:00:00Z,10,2013,11,17,RB,RB10,1,132,24.8,0.2,3.93,Peacock eel,Macrognathus siamensis,Macrognathus,100,invasive,0,ZERO,0,0,0,NA,2013
2013-11-17T00:00:00Z,10,2013,11,17,RB,RB10,2,101,25,0.2,4.17,Peacock eel,Macrognathus siamensis,Macrognathus,100,invasive,1,S,0,21.86428571428571,83.29761904761904,NA,2013
2013-11-17T00:00:00Z,10,2013,11,17,RB,RB10,2,101,25,0.2,4.17,Peacock eel,Macrognathus siamensis,Macrognathus,100,invasive,1,S,0,21.86428571428571,83.29761904761904,NA,2013
2013-11-17T00:00:00Z,10,2013,11,17,RB,RB10,3,108,25.2,0.2,4.55,Peacock eel,Macrognathus siamensis,Macrognathus,100,invasive,0,ZERO,0,0,0,NA,2013
2013-11-18T00:00:00Z,10,2013,11,18,RB,RB11,1,98,24,0.2,2.96,Peacock eel,Macrognathus siamensis,Macrognathus,100,invasive,0,ZERO,0,0,0,NA,2013
2013-11-18T00:00:00Z,10,2013,11,18,RB,RB11,2,93,24,0.2,3.13,Peacock eel,Macrognathus siamensis,Macrognathus,100,invasive,0,ZERO,0,0,0,NA,2013
2013-11-18T00:00:00Z,10,2013,11,18,RB,RB11,3,95,23.9,0.2,3.15,Peacock eel,Macrognathus siamensis,Macrognathus,100,invasive,0,ZERO,0,0,0,NA,2013
2013-11-17T00:00:00Z,10,2013,11,17,RB,RB13,1,94.6,25.1,0.3,4.26,Peacock eel,Macrognathus siamensis,Macrognathus,100,invasive,0,ZERO,0,0,0,NA,2013
2013-11-17T00:00:00Z,10,2013,11,17,RB,RB13,2,79.2,25,0.3,4.18,Peacock eel,Macrognathus siamensis,Macrognathus,100,invasive,0,ZERO,0,0,0,NA,2013
2013-11-18T00:00:00Z,10,2013,11,18,RB,RB13,3,80,25,0.2,3.57,Peacock eel,Macrognathus siamensis,Macrognathus,100,invasive,0,ZERO,0,0,0,NA,2013
2013-11-18T00:00:00Z,10,2013,11,18,RB,RB14,1,96,28.1,0.3,3.73,Peacock eel,Macrognathus siamensis,Macrognathus,100,invasive,0,ZERO,0,0,0,NA,2013
2013-11-18T00:00:00Z,10,2013,11,18,RB,RB14,2,70,25.3,0.3,3.68,Peacock eel,Macrognathus siamensis,Macrognathus,100,invasive,0,ZERO,0,0,0,NA,2013
2013-11-18T00:00:00Z,10,2013,11,18,RB,RB14,3,87,25.3,0.3,3.79,Peacock eel,Macrognathus siamensis,Macrognathus,100,invasive,0,ZERO,0,0,0,NA,2013
2013-11-18T00:00:00Z,10,2013,11,18,RB,RB18,1,89.4,25.6,0.3,4.14,Peacock eel,Macrognathus siamensis,Macrognathus,100,invasive,0,ZERO,0,0,0,NA,2013
2013-11-18T00:00:00Z,10,2013,11,18,RB,RB18,2,81.5,25.5,0.3,3.55,Peacock eel,Macrognathus siamensis,Macrognathus,100,invasive,0,ZERO,0,0,0,NA,2013
2013-11-18T00:00:00Z,10,2013,11,18,RB,RB18,3,90.2,25.5,0.3,3.79,Peacock eel,Macrognathus siamensis,Macrognathus,100,invasive,0,ZERO,0,0,0,NA,2013
2013-11-18T00:00:00Z,10,2013,11,18,RB,RB8,1,80,24.2,0.2,3.34,Peacock eel,Macrognathus siamensis,Macrognathus,100,invasive,0,ZERO,0,0,0,NA,2013
2013-11-18T00:00:00Z,10,2013,11,18,RB,RB8,2,70,24.3,0.2,3.58,Peacock eel,Macrognathus siamensis,Macrognathus,100,invasive,0,ZERO,0,0,0,NA,2013
2013-11-18T00:00:00Z,10,2013,11,18,RB,RB8,3,78,24.2,0.2,3.13,Peacock eel,Macrognathus siamensis,Macrognathus,100,invasive,0,ZERO,0,0,0,NA,2013
2013-11-17T00:00:00Z,10,2013,11,17,RB,RB9,1,106,23.9,0.3,2.84,Peacock eel,Macrognathus siamensis,Macrognathus,100,invasive,0,ZERO,0,0,0,NA,2013
2013-11-17T00:00:00Z,10,2013,11,17,RB,RB9,2,90,24.1,0.3,3.06,Peacock eel,Macrognathus siamensis,Macrognathus,100,invasive,0,ZERO,0,0,0,NA,2013
2013-11-17T00:00:00Z,10,2013,11,17,RB,RB9,3,103,24.3,0.3,2.94,Peacock eel,Macrognathus siamensis,Macrognathus,100,invasive,0,ZERO,0,0,0,NA,2013
2013-12-20T00:00:00Z,10,2013,12,20,RB,RB10,1,111,20.7,0.2,4.87,Peacock eel,Macrognathus siamensis,Macrognathus,100,invasive,0,ZERO,0,0,0,NA,2014
2013-12-20T00:00:00Z,10,2013,12,20,RB,RB10,2,105,20.8,0.3,4.9,Peacock eel,Macrognathus siamensis,Macrognathus,100,invasive,0,ZERO,0,0,0,NA,2014
2013-12-20T00:00:00Z,10,2013,12,20,RB,RB10,3,98.4,21,0.3,5.07,Peacock eel,Macrognathus siamensis,Macrognathus,100,invasive,0,ZERO,0,0,0,NA,2014
2013-12-16T00:00:00Z,10,2013,12,16,RB,RB11,1,77,22.7,0.2,3.35,Peacock eel,Macrognathus siamensis,Macrognathus,100,invasive,1,C,26,19,93,NA,2014
2013-12-16T00:00:00Z,10,2013,12,16,RB,RB11,2,95,22.8,0.2,3.44,Peacock eel,Macrognathus siamensis,Macrognathus,100,invasive,0,ZERO,0,0,0,NA,2014
2013-12-16T00:00:00Z,10,2013,12,16,RB,RB11,3,93,22.5,0.2,3.74,Peacock eel,Macrognathus siamensis,Macrognathus,100,invasive,0,ZERO,0,0,0,NA,2014
2013-12-18T00:00:00Z,10,2013,12,18,RB,RB12,1,113,19.8,0.4,4.47,Peacock eel,Macrognathus siamensis,Macrognathus,100,invasive,0,ZERO,0,0,0,NA,2014
2013-12-18T00:00:00Z,10,2013,12,18,RB,RB12,2,96,20.2,0.4,4.41,Peacock eel,Macrognathus siamensis,Macrognathus,100,invasive,0,ZERO,0,0,0,NA,2014
2013-12-18T00:00:00Z,10,2013,12,18,RB,RB12,3,63,20.3,0.4,4.7,Peacock eel,Macrognathus siamensis,Macrognathus,100,invasive,0,ZERO,0,0,0,NA,2014
2013-12-20T00:00:00Z,10,2013,12,20,RB,RB13,1,61.5,21,0.3,5.49,Peacock eel,Macrognathus siamensis,Macrognathus,100,invasive,0,ZERO,0,0,0,NA,2014
2013-12-20T00:00:00Z,10,2013,12,20,RB,RB13,2,121,21.2,0.3,5.93,Peacock eel,Macrognathus siamensis,Macrognathus,100,invasive,0,ZERO,0,0,0,NA,2014
2013-12-20T00:00:00Z,10,2013,12,20,RB,RB13,3,111,21.8,0.3,6.08,Peacock eel,Macrognathus siamensis,Macrognathus,100,invasive,0,ZERO,0,0,0,NA,2014
2013-12-20T00:00:00Z,10,2013,12,20,RB,RB14,1,130,20.1,0.4,4.77,Peacock eel,Macrognathus siamensis,Macrognathus,100,invasive,0,ZERO,0,0,0,NA,2014
2013-12-20T00:00:00Z,10,2013,12,20,RB,RB14,2,84.8,20.2,0.4,5.32,Peacock eel,Macrognathus siamensis,Macrognathus,100,invasive,0,ZERO,0,0,0,NA,2014
2013-12-20T00:00:00Z,10,2013,12,20,RB,RB14,3,96.4,20.4,0.3,5.44,Peacock eel,Macrognathus siamensis,Macrognathus,100,invasive,0,ZERO,0,0,0,NA,2014
2013-12-16T00:00:00Z,10,2013,12,16,RB,RB15,1,101,23.7,0.3,3.59,Peacock eel,Macrognathus siamensis,Macrognathus,100,invasive,0,ZERO,0,0,0,NA,2014
2013-12-16T00:00:00Z,10,2013,12,16,RB,RB15,2,95,23.7,0.3,3.48,Peacock eel,Macrognathus siamensis,Macrognathus,100,invasive,0,ZERO,0,0,0,NA,2014
2013-12-16T00:00:00Z,10,2013,12,16,RB,RB15,3,101,23.8,0.3,3.48,Peacock eel,Macrognathus siamensis,Macrognathus,100,invasive,0,ZERO,0,0,0,NA,2014
2013-12-02T00:00:00Z,10,2013,12,2,RB,RB16,1,97,21,0.6,4.6,Peacock eel,Macrognathus siamensis,Macrognathus,100,invasive,0,ZERO,0,0,0,NA,2013
2013-12-18T00:00:00Z,10,2013,12,18,RB,RB16,1,97,20.8,0.7,4.44,Peacock eel,Macrognathus siamensis,Macrognathus,100,invasive,0,ZERO,0,0,0,NA,2014
2013-12-18T00:00:00Z,10,2013,12,18,RB,RB16,2,92,20.7,0.7,4.2,Peacock eel,Macrognathus siamensis,Macrognathus,100,invasive,0,ZERO,0,0,0,NA,2014
2013-12-02T00:00:00Z,10,2013,12,2,RB,RB16,3,100,21.1,0.5,5.15,Peacock eel,Macrognathus siamensis,Macrognathus,100,invasive,0,ZERO,0,0,0,NA,2013
2013-12-18T00:00:00Z,10,2013,12,18,RB,RB16,3,100,20.5,0.7,4.16,Peacock eel,Macrognathus siamensis,Macrognathus,100,invasive,0,ZERO,0,0,0,NA,2014
2013-12-15T00:00:00Z,10,2013,12,15,RB,RB18,1,96,24.6,0.3,4.48,Peacock eel,Macrognathus siamensis,Macrognathus,100,invasive,0,ZERO,0,0,0,NA,2014
2013-12-15T00:00:00Z,10,2013,12,15,RB,RB18,2,91,24.6,0.3,4.71,Peacock eel,Macrognathus siamensis,Macrognathus,100,invasive,0,ZERO,0,0,0,NA,2014
2013-12-15T00:00:00Z,10,2013,12,15,RB,RB18,3,91,24.5,0.3,4.4,Peacock eel,Macrognathus siamensis,Macrognathus,100,invasive,0,ZERO,0,0,0,NA,2014
2013-12-15T00:00:00Z,10,2013,12,15,RB,RB7,1,103,23.5,0.3,2.84,Peacock eel,Macrognathus siamensis,Macrognathus,100,invasive,0,ZERO,0,0,0,NA,2014
2013-12-15T00:00:00Z,10,2013,12,15,RB,RB7,2,101,23.5,0.3,2.88,Peacock eel,Macrognathus siamensis,Macrognathus,100,invasive,0,ZERO,0,0,0,NA,2014
2013-12-15T00:00:00Z,10,2013,12,15,RB,RB7,3,83,23.4,0.3,2.9,Peacock eel,Macrognathus siamensis,Macrognathus,100,invasive,0,ZERO,0,0,0,NA,2014
2013-12-16T00:00:00Z,10,2013,12,16,RB,RB8,1,89,23.1,0.2,3.37,Peacock eel,Macrognathus siamensis,Macrognathus,100,invasive,0,ZERO,0,0,0,NA,2014
2013-12-16T00:00:00Z,10,2013,12,16,RB,RB8,2,83.5,23,0.2,3.38,Peacock eel,Macrognathus siamensis,Macrognathus,100,invasive,0,ZERO,0,0,0,NA,2014
2013-12-16T00:00:00Z,10,2013,12,16,RB,RB8,3,87.5,22.9,0.2,3.28,Peacock eel,Macrognathus siamensis,Macrognathus,100,invasive,0,ZERO,0,0,0,NA,2014
2013-12-16T00:00:00Z,10,2013,12,16,RB,RB9,1,87.4,22.9,0.3,3.42,Peacock eel,Macrognathus siamensis,Macrognathus,100,invasive,0,ZERO,0,0,0,NA,2014
2013-12-16T00:00:00Z,10,2013,12,16,RB,RB9,2,82.6,22.9,0.3,3.42,Peacock eel,Macrognathus siamensis,Macrognathus,100,invasive,0,ZERO,0,0,0,NA,2014
2013-12-16T00:00:00Z,10,2013,12,16,RB,RB9,3,93,23,0.3,3.56,Peacock eel,Macrognathus siamensis,Macrognathus,100,invasive,1,S,0,19,64.5,NA,2014
2013-12-16T00:00:00Z,10,2013,12,16,RB,RB9,3,93,23,0.3,3.56,Peacock eel,Macrognathus siamensis,Macrognathus,100,invasive,1,C,0,19,36,NA,2014
2014-01-21T00:00:00Z,10,2014,1,21,RB,RB10,1,121,16.95,0.27,6.45,Peacock eel,Macrognathus siamensis,Macrognathus,100,invasive,0,ZERO,0,0,0,NA,2014
2014-01-21T00:00:00Z,10,2014,1,21,RB,RB10,2,99,17.16,0.27,6.71,Peacock eel,Macrognathus siamensis,Macrognathus,100,invasive,0,ZERO,0,0,0,NA,2014
2014-01-21T00:00:00Z,10,2014,1,21,RB,RB10,3,121,17.32,0.27,6.43,Peacock eel,Macrognathus siamensis,Macrognathus,100,invasive,0,ZERO,0,0,0,NA,2014
2014-01-23T00:00:00Z,10,2014,1,23,RB,RB11,1,104,14.19,0.26,6.83,Peacock eel,Macrognathus siamensis,Macrognathus,100,invasive,0,ZERO,0,0,0,NA,2014
2014-01-23T00:00:00Z,10,2014,1,23,RB,RB11,2,100,13.05,0.26,7.58,Peacock eel,Macrognathus siamensis,Macrognathus,100,invasive,0,ZERO,0,0,0,NA,2014
2014-01-23T00:00:00Z,10,2014,1,23,RB,RB11,3,106,13.46,0.26,7.53,Peacock eel,Macrognathus siamensis,Macrognathus,100,invasive,0,ZERO,0,0,0,NA,2014
2014-01-23T00:00:00Z,10,2014,1,23,RB,RB13,1,73,14.72,0.32,6.29,Peacock eel,Macrognathus siamensis,Macrognathus,100,invasive,0,ZERO,0,0,0,NA,2014
2014-01-23T00:00:00Z,10,2014,1,23,RB,RB13,2,93,14.06,0.3,6.65,Peacock eel,Macrognathus siamensis,Macrognathus,100,invasive,0,ZERO,0,0,0,NA,2014
2014-01-23T00:00:00Z,10,2014,1,23,RB,RB13,3,89,14.66,0.31,6.56,Peacock eel,Macrognathus siamensis,Macrognathus,100,invasive,0,ZERO,0,0,0,NA,2014
2014-01-23T00:00:00Z,10,2014,1,23,RB,RB14,1,100,16.84,0.44,5.51,Peacock eel,Macrognathus siamensis,Macrognathus,100,invasive,0,ZERO,0,0,0,NA,2014
2014-01-23T00:00:00Z,10,2014,1,23,RB,RB14,2,100,16.83,0.42,5.44,Peacock eel,Macrognathus siamensis,Macrognathus,100,invasive,0,ZERO,0,0,0,NA,2014
2014-01-22T00:00:00Z,10,2014,1,22,RB,RB14,3,101,17.71,0.36,5.78,Peacock eel,Macrognathus siamensis,Macrognathus,100,invasive,0,ZERO,0,0,0,NA,2014
2014-01-23T00:00:00Z,10,2014,1,23,RB,RB18,1,100,16.42,0.34,6.52,Peacock eel,Macrognathus siamensis,Macrognathus,100,invasive,0,ZERO,0,0,0,NA,2014
2014-01-23T00:00:00Z,10,2014,1,23,RB,RB18,2,80,15.86,0.33,6.98,Peacock eel,Macrognathus siamensis,Macrognathus,100,invasive,0,ZERO,0,0,0,NA,2014
2014-01-23T00:00:00Z,10,2014,1,23,RB,RB18,3,109,15.52,0.33,6.89,Peacock eel,Macrognathus siamensis,Macrognathus,100,invasive,0,ZERO,0,0,0,NA,2014
2014-01-21T00:00:00Z,10,2014,1,21,RB,RB8,1,114,17.1,0.27,6.33,Peacock eel,Macrognathus siamensis,Macrognathus,100,invasive,0,ZERO,0,0,0,NA,2014
2014-01-21T00:00:00Z,10,2014,1,21,RB,RB8,1,118,17.1,0.27,6.33,Peacock eel,Macrognathus siamensis,Macrognathus,100,invasive,0,ZERO,0,0,0,NA,2014
2014-01-23T00:00:00Z,10,2014,1,23,RB,RB8,2,104,14.11,0.27,7.26,Peacock eel,Macrognathus siamensis,Macrognathus,100,invasive,0,ZERO,0,0,0,NA,2014
2014-01-21T00:00:00Z,10,2014,1,21,RB,RB9,1,104,16.53,0.29,5.37,Peacock eel,Macrognathus siamensis,Macrognathus,100,invasive,0,ZERO,0,0,0,NA,2014
2014-01-21T00:00:00Z,10,2014,1,21,RB,RB9,2,85,16.68,0.29,5.73,Peacock eel,Macrognathus siamensis,Macrognathus,100,invasive,0,ZERO,0,0,0,NA,2014
2014-01-21T00:00:00Z,10,2014,1,21,RB,RB9,3,91,16.82,0.29,6.03,Peacock eel,Macrognathus siamensis,Macrognathus,100,invasive,0,ZERO,0,0,0,NA,2014
2014-02-23T00:00:00Z,10,2014,2,23,RB,RB10,1,97,24.2,0.3,4.48,Peacock eel,Macrognathus siamensis,Macrognathus,100,invasive,0,ZERO,0,0,0,NA,2014
2014-02-23T00:00:00Z,10,2014,2,23,RB,RB10,2,95.4,25.5,0.3,5.44,Peacock eel,Macrognathus siamensis,Macrognathus,100,invasive,0,ZERO,0,0,0,NA,2014
2014-02-23T00:00:00Z,10,2014,2,23,RB,RB10,3,76,25.9,0.3,5.83,Peacock eel,Macrognathus siamensis,Macrognathus,100,invasive,0,ZERO,0,0,0,NA,2014
2014-02-22T00:00:00Z,10,2014,2,22,RB,RB12,1,110,23.3,0.5,3.25,Peacock eel,Macrognathus siamensis,Macrognathus,100,invasive,0,ZERO,0,0,0,NA,2014
2014-02-22T00:00:00Z,10,2014,2,22,RB,RB12,2,110,23.2,0.4,3.38,Peacock eel,Macrognathus siamensis,Macrognathus,100,invasive,0,ZERO,0,0,0,NA,2014
2014-02-22T00:00:00Z,10,2014,2,22,RB,RB12,3,108,23.2,0.4,3.32,Peacock eel,Macrognathus siamensis,Macrognathus,100,invasive,0,ZERO,0,0,0,NA,2014
2014-02-22T00:00:00Z,10,2014,2,22,RB,RB16,1,105,24,0.3,4.11,Peacock eel,Macrognathus siamensis,Macrognathus,100,invasive,0,ZERO,0,0,0,NA,2014
2014-02-22T00:00:00Z,10,2014,2,22,RB,RB16,2,108,23.9,0.6,4.22,Peacock eel,Macrognathus siamensis,Macrognathus,100,invasive,0,ZERO,0,0,0,NA,2014
2014-02-22T00:00:00Z,10,2014,2,22,RB,RB16,3,99,24.1,0.6,4.51,Peacock eel,Macrognathus siamensis,Macrognathus,100,invasive,0,ZERO,0,0,0,NA,2014
2014-02-23T00:00:00Z,10,2014,2,23,RB,RB8,1,77,22.7,0.3,3.68,Peacock eel,Macrognathus siamensis,Macrognathus,100,invasive,0,ZERO,0,0,0,NA,2014
2014-02-23T00:00:00Z,10,2014,2,23,RB,RB8,2,78,22.9,0.3,3.68,Peacock eel,Macrognathus siamensis,Macrognathus,100,invasive,0,ZERO,0,0,0,NA,2014
2014-02-23T00:00:00Z,10,2014,2,23,RB,RB8,3,81,23.1,0.3,3.54,Peacock eel,Macrognathus siamensis,Macrognathus,100,invasive,1,C,0,19,45,NA,2014
2014-02-23T00:00:00Z,10,2014,2,23,RB,RB9,1,78.5,22.9,0.3,3.39,Peacock eel,Macrognathus siamensis,Macrognathus,100,invasive,0,ZERO,0,0,0,NA,2014
2014-02-23T00:00:00Z,10,2014,2,23,RB,RB9,2,70,23.3,0.3,3.2,Peacock eel,Macrognathus siamensis,Macrognathus,100,invasive,0,ZERO,0,0,0,NA,2014
2014-02-23T00:00:00Z,10,2014,2,23,RB,RB9,3,90,23.8,0.3,3.53,Peacock eel,Macrognathus siamensis,Macrognathus,100,invasive,0,ZERO,0,0,0,NA,2014
2014-03-23T00:00:00Z,10,2014,3,23,RB,RB10,1,87,24.7,0.4,3.75,Peacock eel,Macrognathus siamensis,Macrognathus,100,invasive,0,ZERO,0,0,0,NA,2014
2014-03-23T00:00:00Z,10,2014,3,23,RB,RB10,2,85,25.6,0.4,3.46,Peacock eel,Macrognathus siamensis,Macrognathus,100,invasive,0,ZERO,0,0,0,NA,2014
2014-03-23T00:00:00Z,10,2014,3,23,RB,RB10,3,87,26.4,0.4,3.49,Peacock eel,Macrognathus siamensis,Macrognathus,100,invasive,0,ZERO,0,0,0,NA,2014
2014-03-03T00:00:00Z,10,2014,3,3,RB,RB11,1,87,28.3,0.28,4.02,Peacock eel,Macrognathus siamensis,Macrognathus,100,invasive,0,ZERO,0,0,0,NA,2014
2014-03-31T00:00:00Z,10,2014,3,31,RB,RB11,1,103,21.1,0.3,NA,Peacock eel,Macrognathus siamensis,Macrognathus,100,invasive,0,ZERO,0,0,0,NA,2014
2014-03-03T00:00:00Z,10,2014,3,3,RB,RB11,2,90,20.95,0.29,4.11,Peacock eel,Macrognathus siamensis,Macrognathus,100,invasive,0,ZERO,0,0,0,NA,2014
2014-03-31T00:00:00Z,10,2014,3,31,RB,RB11,2,60,20.3,0.3,NA,Peacock eel,Macrognathus siamensis,Macrognathus,100,invasive,1,C,0,24.5,65,NA,2014
2014-03-03T00:00:00Z,10,2014,3,3,RB,RB11,3,71,22.21,0.29,5.1,Peacock eel,Macrognathus siamensis,Macrognathus,100,invasive,1,C,0,23,91,NA,2014
2014-03-31T00:00:00Z,10,2014,3,31,RB,RB11,3,70,20.5,0.3,NA,Peacock eel,Macrognathus siamensis,Macrognathus,100,invasive,0,ZERO,0,0,0,NA,2014
2014-03-03T00:00:00Z,10,2014,3,3,RB,RB13,1,85,22.87,0.33,4.86,Peacock eel,Macrognathus siamensis,Macrognathus,100,invasive,1,S,0,23,74.66666666666666,NA,2014
2014-03-31T00:00:00Z,10,2014,3,31,RB,RB13,1,64,23.1,0.5,NA,Peacock eel,Macrognathus siamensis,Macrognathus,100,invasive,0,ZERO,0,0,0,NA,2014
2014-03-03T00:00:00Z,10,2014,3,3,RB,RB13,2,110,22.7,0.33,4.67,Peacock eel,Macrognathus siamensis,Macrognathus,100,invasive,1,C,0,27,88,NA,2014
2014-03-23T00:00:00Z,10,2014,3,23,RB,RB13,2,80,25.4,0.4,4.78,Peacock eel,Macrognathus siamensis,Macrognathus,100,invasive,0,ZERO,0,0,0,NA,2014
2014-03-03T00:00:00Z,10,2014,3,3,RB,RB13,3,105,23.06,0.33,4.5,Peacock eel,Macrognathus siamensis,Macrognathus,100,invasive,0,ZERO,0,0,0,NA,2014
2014-03-23T00:00:00Z,10,2014,3,23,RB,RB13,3,72,25.3,0.4,4.66,Peacock eel,Macrognathus siamensis,Macrognathus,100,invasive,0,ZERO,0,0,0,NA,2014
2014-03-04T00:00:00Z,10,2014,3,4,RB,RB14,1,87,22.07,0.49,2.84,Peacock eel,Macrognathus siamensis,Macrognathus,100,invasive,0,ZERO,0,0,0,NA,2014
2014-03-31T00:00:00Z,10,2014,3,31,RB,RB14,1,80,24.1,0.9,NA,Peacock eel,Macrognathus siamensis,Macrognathus,100,invasive,0,ZERO,0,0,0,NA,2014
2014-03-04T00:00:00Z,10,2014,3,4,RB,RB14,2,90,22.21,0.47,3.68,Peacock eel,Macrognathus siamensis,Macrognathus,100,invasive,0,ZERO,0,0,0,NA,2014
2014-03-31T00:00:00Z,10,2014,3,31,RB,RB14,2,85,23.9,0.9,NA,Peacock eel,Macrognathus siamensis,Macrognathus,100,invasive,0,ZERO,0,0,0,NA,2014
2014-03-03T00:00:00Z,10,2014,3,3,RB,RB14,3,125,23.08,0.44,4.2,Peacock eel,Macrognathus siamensis,Macrognathus,100,invasive,0,ZERO,0,0,0,NA,2014
2014-03-22T00:00:00Z,10,2014,3,22,RB,RB14,3,70,25.9,0.6,3.55,Peacock eel,Macrognathus siamensis,Macrognathus,100,invasive,0,ZERO,0,0,0,NA,2014
2014-03-04T00:00:00Z,10,2014,3,4,RB,RB15,1,96,23.43,0.67,2.11,Peacock eel,Macrognathus siamensis,Macrognathus,100,invasive,0,ZERO,0,0,0,NA,2014
2014-03-04T00:00:00Z,10,2014,3,4,RB,RB15,2,87,23.48,0.65,2.13,Peacock eel,Macrognathus siamensis,Macrognathus,100,invasive,0,ZERO,0,0,0,NA,2014
2014-03-04T00:00:00Z,10,2014,3,4,RB,RB15,3,97,23.52,0.57,2.65,Peacock eel,Macrognathus siamensis,Macrognathus,100,invasive,0,ZERO,0,0,0,NA,2014
2014-03-24T00:00:00Z,10,2014,3,24,RB,RB16,1,110,24.1,1.8,3.22,Peacock eel,Macrognathus siamensis,Macrognathus,100,invasive,0,ZERO,0,0,0,NA,2014
2014-03-24T00:00:00Z,10,2014,3,24,RB,RB16,2,121,24.2,1.8,3.64,Peacock eel,Macrognathus siamensis,Macrognathus,100,invasive,0,ZERO,0,0,0,NA,2014
2014-03-24T00:00:00Z,10,2014,3,24,RB,RB16,3,87.5,24.1,1.5,3.29,Peacock eel,Macrognathus siamensis,Macrognathus,100,invasive,0,ZERO,0,0,0,NA,2014
2014-03-04T00:00:00Z,10,2014,3,4,RB,RB18,1,95,22.19,0.36,4.22,Peacock eel,Macrognathus siamensis,Macrognathus,100,invasive,0,ZERO,0,0,0,NA,2014
2014-03-22T00:00:00Z,10,2014,3,22,RB,RB18,1,101,26.2,0.5,4.79,Peacock eel,Macrognathus siamensis,Macrognathus,100,invasive,0,ZERO,0,0,0,NA,2014
2014-03-04T00:00:00Z,10,2014,3,4,RB,RB18,2,100,22.51,0.35,4.2,Peacock eel,Macrognathus siamensis,Macrognathus,100,invasive,0,ZERO,0,0,0,NA,2014
2014-03-22T00:00:00Z,10,2014,3,22,RB,RB18,2,91.5,25.8,0.5,4.76,Peacock eel,Macrognathus siamensis,Macrognathus,100,invasive,0,ZERO,0,0,0,NA,2014
2014-03-04T00:00:00Z,10,2014,3,4,RB,RB18,3,80,22.99,0.35,4.21,Peacock eel,Macrognathus siamensis,Macrognathus,100,invasive,0,ZERO,0,0,0,NA,2014
2014-03-22T00:00:00Z,10,2014,3,22,RB,RB18,3,84,25.5,0.5,3.84,Peacock eel,Macrognathus siamensis,Macrognathus,100,invasive,0,ZERO,0,0,0,NA,2014
2014-03-04T00:00:00Z,10,2014,3,4,RB,RB7,1,95,21.82,0.48,3.25,Peacock eel,Macrognathus siamensis,Macrognathus,100,invasive,0,ZERO,0,0,0,NA,2014
2014-03-04T00:00:00Z,10,2014,3,4,RB,RB7,2,99,26.26,0.5,3.45,Peacock eel,Macrognathus siamensis,Macrognathus,100,invasive,0,ZERO,0,0,0,NA,2014
2014-03-04T00:00:00Z,10,2014,3,4,RB,RB7,3,85,22.4,0.43,3.41,Peacock eel,Macrognathus siamensis,Macrognathus,100,invasive,0,ZERO,0,0,0,NA,2014
2014-03-22T00:00:00Z,10,2014,3,22,RB,RB8,1,100,22.9,0.4,3.02,Peacock eel,Macrognathus siamensis,Macrognathus,100,invasive,1,C,0,18,54,NA,2014
2014-03-22T00:00:00Z,10,2014,3,22,RB,RB8,2,98,23.3,0.4,3.7,Peacock eel,Macrognathus siamensis,Macrognathus,100,invasive,0,ZERO,0,0,0,NA,2014
2014-03-22T00:00:00Z,10,2014,3,22,RB,RB8,3,100,23.4,0.4,4.23,Peacock eel,Macrognathus siamensis,Macrognathus,100,invasive,1,C,0,19,91,NA,2014
2014-03-23T00:00:00Z,10,2014,3,23,RB,RB9,1,86,23.4,0.4,2.49,Peacock eel,Macrognathus siamensis,Macrognathus,100,invasive,0,ZERO,0,0,0,NA,2014
2014-03-23T00:00:00Z,10,2014,3,23,RB,RB9,2,67.2,23.5,0.4,2.56,Peacock eel,Macrognathus siamensis,Macrognathus,100,invasive,0,ZERO,0,0,0,NA,2014
2014-03-23T00:00:00Z,10,2014,3,23,RB,RB9,3,68,23.6,0.4,2.92,Peacock eel,Macrognathus siamensis,Macrognathus,100,invasive,0,ZERO,0,0,0,NA,2014
2014-04-28T00:00:00Z,10,2014,4,28,RB,RB11,1,60,27,0.7,4.32,Peacock eel,Macrognathus siamensis,Macrognathus,100,invasive,0,ZERO,0,0,0,NA,2014
2014-04-28T00:00:00Z,10,2014,4,28,RB,RB11,2,60,27.3,0.6,4.44,Peacock eel,Macrognathus siamensis,Macrognathus,100,invasive,0,ZERO,0,0,0,NA,2014
2014-04-28T00:00:00Z,10,2014,4,28,RB,RB11,3,70,27.7,0.6,5.33,Peacock eel,Macrognathus siamensis,Macrognathus,100,invasive,1,C,0,22.1,154,NA,2014
2014-04-27T00:00:00Z,10,2014,4,27,RB,RB12,1,85,24.7,3,2.52,Peacock eel,Macrognathus siamensis,Macrognathus,100,invasive,0,ZERO,0,0,0,NA,2014
2014-04-27T00:00:00Z,10,2014,4,27,RB,RB12,2,92,24.8,2.9,2.37,Peacock eel,Macrognathus siamensis,Macrognathus,100,invasive,0,ZERO,0,0,0,NA,2014
2014-04-27T00:00:00Z,10,2014,4,27,RB,RB12,3,85,25.2,2.8,2.55,Peacock eel,Macrognathus siamensis,Macrognathus,100,invasive,0,ZERO,0,0,0,NA,2014
2014-04-28T00:00:00Z,10,2014,4,28,RB,RB13,1,64,27.6,2.5,4.34,Peacock eel,Macrognathus siamensis,Macrognathus,100,invasive,0,ZERO,0,0,0,NA,2014
2014-04-28T00:00:00Z,10,2014,4,28,RB,RB13,2,70,27.6,1.2,4.61,Peacock eel,Macrognathus siamensis,Macrognathus,100,invasive,0,ZERO,0,0,0,NA,2014
2014-04-28T00:00:00Z,10,2014,4,28,RB,RB13,3,77.4,27.9,1.5,5.12,Peacock eel,Macrognathus siamensis,Macrognathus,100,invasive,0,ZERO,0,0,0,NA,2014
2014-04-27T00:00:00Z,10,2014,4,27,RB,RB14,1,92,28.2,4.9,1.9,Peacock eel,Macrognathus siamensis,Macrognathus,100,invasive,0,ZERO,0,0,0,NA,2014
2014-04-27T00:00:00Z,10,2014,4,27,RB,RB14,2,100,28.1,4.5,2.03,Peacock eel,Macrognathus siamensis,Macrognathus,100,invasive,0,ZERO,0,0,0,NA,2014
2014-04-27T00:00:00Z,10,2014,4,27,RB,RB14,3,82,26.3,5.1,1.74,Peacock eel,Macrognathus siamensis,Macrognathus,100,invasive,0,ZERO,0,0,0,NA,2014
2014-04-29T00:00:00Z,10,2014,4,29,RB,RB16,1,97,26.6,8,2.55,Peacock eel,Macrognathus siamensis,Macrognathus,100,invasive,0,ZERO,0,0,0,NA,2014
2014-04-29T00:00:00Z,10,2014,4,29,RB,RB16,2,90,26.2,7.4,2.51,Peacock eel,Macrognathus siamensis,Macrognathus,100,invasive,0,ZERO,0,0,0,NA,2014
2014-04-29T00:00:00Z,10,2014,4,29,RB,RB16,3,80,25.7,6.9,2.81,Peacock eel,Macrognathus siamensis,Macrognathus,100,invasive,0,ZERO,0,0,0,NA,2014
2014-04-27T00:00:00Z,10,2014,4,27,RB,RB18,1,100,29.8,2.2,5.36,Peacock eel,Macrognathus siamensis,Macrognathus,100,invasive,0,ZERO,0,0,0,NA,2014
2014-04-27T00:00:00Z,10,2014,4,27,RB,RB18,2,105,28.6,2.33,4.8,Peacock eel,Macrognathus siamensis,Macrognathus,100,invasive,0,ZERO,0,0,0,NA,2014
2014-04-27T00:00:00Z,10,2014,4,27,RB,RB18,3,82,29.3,2.1,5.01,Peacock eel,Macrognathus siamensis,Macrognathus,100,invasive,0,ZERO,0,0,0,NA,2014
2014-04-28T00:00:00Z,10,2014,4,28,RB,RB7,1,126,27.8,1.9,1.8,Peacock eel,Macrognathus siamensis,Macrognathus,100,invasive,0,ZERO,0,0,0,NA,2014
2014-04-28T00:00:00Z,10,2014,4,28,RB,RB7,2,85.6,27.8,1.8,2.04,Peacock eel,Macrognathus siamensis,Macrognathus,100,invasive,0,ZERO,0,0,0,NA,2014
2014-04-28T00:00:00Z,10,2014,4,28,RB,RB7,3,76.3,27.8,1.7,1.77,Peacock eel,Macrognathus siamensis,Macrognathus,100,invasive,0,ZERO,0,0,0,NA,2014
2014-05-05T00:00:00Z,10,2014,5,5,RB,RB10,1,68,24.6,1.5,3.04,Peacock eel,Macrognathus siamensis,Macrognathus,100,invasive,0,ZERO,0,0,0,NA,2014
2014-05-31T00:00:00Z,10,2014,5,31,RB,RB10,1,79.8,26,3.1,3.5,Peacock eel,Macrognathus siamensis,Macrognathus,100,invasive,0,ZERO,0,0,0,NA,2014
2014-05-05T00:00:00Z,10,2014,5,5,RB,RB10,2,68,25.4,1.2,4.06,Peacock eel,Macrognathus siamensis,Macrognathus,100,invasive,0,ZERO,0,0,0,NA,2014
2014-05-31T00:00:00Z,10,2014,5,31,RB,RB10,2,92,26.2,3.1,3.9,Peacock eel,Macrognathus siamensis,Macrognathus,100,invasive,0,ZERO,0,0,0,NA,2014
2014-05-05T00:00:00Z,10,2014,5,5,RB,RB10,3,59,25.6,1.1,3.89,Peacock eel,Macrognathus siamensis,Macrognathus,100,invasive,0,ZERO,0,0,0,NA,2014
2014-05-31T00:00:00Z,10,2014,5,31,RB,RB10,3,74,26.5,3,4.02,Peacock eel,Macrognathus siamensis,Macrognathus,100,invasive,0,ZERO,0,0,0,NA,2014
2014-05-31T00:00:00Z,10,2014,5,31,RB,RB13,1,87,27.7,7,4.35,Peacock eel,Macrognathus siamensis,Macrognathus,100,invasive,0,ZERO,0,0,0,NA,2014
2014-05-31T00:00:00Z,10,2014,5,31,RB,RB13,2,71,27.6,7,4,Peacock eel,Macrognathus siamensis,Macrognathus,100,invasive,0,ZERO,0,0,0,NA,2014
2014-05-31T00:00:00Z,10,2014,5,31,RB,RB13,3,78,28.4,6.6,4.7,Peacock eel,Macrognathus siamensis,Macrognathus,100,invasive,0,ZERO,0,0,0,NA,2014
2014-05-05T00:00:00Z,10,2014,5,5,RB,RB15,2,112,28.3,10.4,2.06,Peacock eel,Macrognathus siamensis,Macrognathus,100,invasive,0,ZERO,0,0,0,NA,2014
2014-05-05T00:00:00Z,10,2014,5,5,RB,RB15,3,135,28.3,10.2,2.14,Peacock eel,Macrognathus siamensis,Macrognathus,100,invasive,0,ZERO,0,0,0,NA,2014
2014-05-04T00:00:00Z,10,2014,5,4,RB,RB8,1,70,28.9,5.8,4.28,Peacock eel,Macrognathus siamensis,Macrognathus,100,invasive,0,ZERO,0,0,0,NA,2014
2014-05-31T00:00:00Z,10,2014,5,31,RB,RB8,1,81,27.4,4.9,4.39,Peacock eel,Macrognathus siamensis,Macrognathus,100,invasive,0,ZERO,0,0,0,NA,2014
2014-05-04T00:00:00Z,10,2014,5,4,RB,RB8,2,72.6,28.7,5,4.03,Peacock eel,Macrognathus siamensis,Macrognathus,100,invasive,0,ZERO,0,0,0,NA,2014
2014-05-31T00:00:00Z,10,2014,5,31,RB,RB8,2,78.1,27,4.4,4.16,Peacock eel,Macrognathus siamensis,Macrognathus,100,invasive,0,ZERO,0,0,0,NA,2014
2014-05-04T00:00:00Z,10,2014,5,4,RB,RB8,3,68,28.9,4.7,4.43,Peacock eel,Macrognathus siamensis,Macrognathus,100,invasive,0,ZERO,0,0,0,NA,2014
2014-05-31T00:00:00Z,10,2014,5,31,RB,RB8,3,80.9,26.8,4.1,3.72,Peacock eel,Macrognathus siamensis,Macrognathus,100,invasive,0,ZERO,0,0,0,NA,2014
2014-05-05T00:00:00Z,10,2014,5,5,RB,RB9,1,70,23.3,1.1,2.58,Peacock eel,Macrognathus siamensis,Macrognathus,100,invasive,0,ZERO,0,0,0,NA,2014
2014-05-31T00:00:00Z,10,2014,5,31,RB,RB9,1,64.6,26.9,3.5,4.31,Peacock eel,Macrognathus siamensis,Macrognathus,100,invasive,0,ZERO,0,0,0,NA,2014
2014-05-05T00:00:00Z,10,2014,5,5,RB,RB9,2,62.1,23.4,1,2.57,Peacock eel,Macrognathus siamensis,Macrognathus,100,invasive,0,ZERO,0,0,0,NA,2014
2014-05-05T00:00:00Z,10,2014,5,5,RB,RB9,3,60,23.7,1,2.67,Peacock eel,Macrognathus siamensis,Macrognathus,100,invasive,1,S,0,23.9,116,NA,2014
2014-05-05T00:00:00Z,10,2014,5,5,RB,RB9,3,60,23.7,1,2.67,Peacock eel,Macrognathus siamensis,Macrognathus,100,invasive,1,S,0,23.9,116,NA,2014
2014-05-05T00:00:00Z,10,2014,5,5,RB,RB9,3,60,23.7,1,2.67,Peacock eel,Macrognathus siamensis,Macrognathus,100,invasive,1,C,0,25.7,78,NA,2014
2014-06-02T00:00:00Z,10,2014,6,2,RB,RB11,1,82,24.7,1.3,5.57,Peacock eel,Macrognathus siamensis,Macrognathus,100,invasive,0,ZERO,0,0,0,NA,2014
2014-06-02T00:00:00Z,10,2014,6,2,RB,RB11,2,71,24.5,1.1,5.68,Peacock eel,Macrognathus siamensis,Macrognathus,100,invasive,0,ZERO,0,0,0,NA,2014
2014-06-02T00:00:00Z,10,2014,6,2,RB,RB9,2,53,25.9,2.5,2.15,Peacock eel,Macrognathus siamensis,Macrognathus,100,invasive,0,ZERO,0,0,0,NA,2014
2014-06-02T00:00:00Z,10,2014,6,2,RB,RB9,3,80,24.5,1.1,2.15,Peacock eel,Macrognathus siamensis,Macrognathus,100,invasive,0,ZERO,0,0,0,NA,2014
2014-07-09T00:00:00Z,10,2014,7,9,RB,RB10,1,83,29,0.2,2.79,Peacock eel,Macrognathus siamensis,Macrognathus,100,invasive,0,ZERO,0,0,0,NA,2014
2014-07-09T00:00:00Z,10,2014,7,9,RB,RB10,2,89,29.3,0.2,3.24,Peacock eel,Macrognathus siamensis,Macrognathus,100,invasive,0,ZERO,0,0,0,NA,2014
2014-07-09T00:00:00Z,10,2014,7,9,RB,RB10,3,89,29.5,0.2,3.68,Peacock eel,Macrognathus siamensis,Macrognathus,100,invasive,0,ZERO,0,0,0,NA,2014
2014-07-09T00:00:00Z,10,2014,7,9,RB,RB13,1,65.2,29.8,0.2,3.12,Peacock eel,Macrognathus siamensis,Macrognathus,100,invasive,0,ZERO,0,0,0,NA,2014
2014-07-09T00:00:00Z,10,2014,7,9,RB,RB13,2,102,29.1,0.2,2.75,Peacock eel,Macrognathus siamensis,Macrognathus,100,invasive,0,ZERO,0,0,0,NA,2014
2014-07-09T00:00:00Z,10,2014,7,9,RB,RB13,3,87,29,0.2,2.88,Peacock eel,Macrognathus siamensis,Macrognathus,100,invasive,0,ZERO,0,0,0,NA,2014
2014-07-09T00:00:00Z,10,2014,7,9,RB,RB8,1,92,28.6,0.2,2.95,Peacock eel,Macrognathus siamensis,Macrognathus,100,invasive,0,ZERO,0,0,0,NA,2014
2014-07-09T00:00:00Z,10,2014,7,9,RB,RB8,2,93,28.5,0.2,3.06,Peacock eel,Macrognathus siamensis,Macrognathus,100,invasive,0,ZERO,0,0,0,NA,2014
2014-07-09T00:00:00Z,10,2014,7,9,RB,RB8,3,96,28.6,0.2,2.93,Peacock eel,Macrognathus siamensis,Macrognathus,100,invasive,0,ZERO,0,0,0,NA,2014
2014-07-09T00:00:00Z,10,2014,7,9,RB,RB9,1,80,28.5,0.2,1.98,Peacock eel,Macrognathus siamensis,Macrognathus,100,invasive,0,ZERO,0,0,0,NA,2014
2014-07-09T00:00:00Z,10,2014,7,9,RB,RB9,2,92.9,28.8,0.2,1.98,Peacock eel,Macrognathus siamensis,Macrognathus,100,invasive,0,ZERO,0,0,0,NA,2014
2014-07-09T00:00:00Z,10,2014,7,9,RB,RB9,3,82,28.9,0.2,2.05,Peacock eel,Macrognathus siamensis,Macrognathus,100,invasive,0,ZERO,0,0,0,NA,2014
2014-12-13T00:00:00Z,11,2014,12,13,RB,RB10,1,113,15.91,0.28,NA,Peacock eel,Macrognathus siamensis,Macrognathus,100,invasive,0,ZERO,0,0,0,NA,2015
2014-12-13T00:00:00Z,11,2014,12,13,RB,RB10,2,102,16.15,0.28,NA,Peacock eel,Macrognathus siamensis,Macrognathus,100,invasive,0,ZERO,0,0,0,NA,2015
2014-12-13T00:00:00Z,11,2014,12,13,RB,RB10,3,94,16.4,0.28,NA,Peacock eel,Macrognathus siamensis,Macrognathus,100,invasive,0,ZERO,0,0,0,NA,2015
2014-12-13T00:00:00Z,11,2014,12,13,RB,RB11,1,82,15.38,0.26,NA,Peacock eel,Macrognathus siamensis,Macrognathus,100,invasive,0,ZERO,0,0,0,NA,2015
2014-12-13T00:00:00Z,11,2014,12,13,RB,RB11,2,96,15.05,0.26,NA,Peacock eel,Macrognathus siamensis,Macrognathus,100,invasive,0,ZERO,0,0,0,NA,2015
2014-12-13T00:00:00Z,11,2014,12,13,RB,RB11,3,95,14.85,0.26,NA,Peacock eel,Macrognathus siamensis,Macrognathus,100,invasive,0,ZERO,0,0,0,NA,2015
2014-12-11T00:00:00Z,11,2014,12,11,RB,RB12,1,99,14.46,0.27,NA,Peacock eel,Macrognathus siamensis,Macrognathus,100,invasive,0,ZERO,0,0,0,NA,2015
2014-12-11T00:00:00Z,11,2014,12,11,RB,RB12,2,96,14.35,0.27,NA,Peacock eel,Macrognathus siamensis,Macrognathus,100,invasive,0,ZERO,0,0,0,NA,2015
2014-12-11T00:00:00Z,11,2014,12,11,RB,RB12,3,77,14.51,0.27,NA,Peacock eel,Macrognathus siamensis,Macrognathus,100,invasive,0,ZERO,0,0,0,NA,2015
2014-12-15T00:00:00Z,11,2014,12,15,RB,RB13,1,80.8,16.12,0.29,NA,Peacock eel,Macrognathus siamensis,Macrognathus,100,invasive,0,ZERO,0,0,0,NA,2015
2014-12-15T00:00:00Z,11,2014,12,15,RB,RB13,2,89.5,16.26,0.28,NA,Peacock eel,Macrognathus siamensis,Macrognathus,100,invasive,0,ZERO,0,0,0,NA,2015
2014-12-15T00:00:00Z,11,2014,12,15,RB,RB13,3,89.5,16.1,0.28,NA,Peacock eel,Macrognathus siamensis,Macrognathus,100,invasive,0,ZERO,0,0,0,NA,2015
2014-12-13T00:00:00Z,11,2014,12,13,RB,RB14,1,105,15.9,0.3,NA,Peacock eel,Macrognathus siamensis,Macrognathus,100,invasive,0,ZERO,0,0,0,NA,2015
2014-12-13T00:00:00Z,11,2014,12,13,RB,RB14,2,78.1,15.93,0.29,NA,Peacock eel,Macrognathus siamensis,Macrognathus,100,invasive,0,ZERO,0,0,0,NA,2015
2014-12-13T00:00:00Z,11,2014,12,13,RB,RB14,3,100,16.11,0.29,NA,Peacock eel,Macrognathus siamensis,Macrognathus,100,invasive,0,ZERO,0,0,0,NA,2015
2014-12-14T00:00:00Z,11,2014,12,14,RB,RB15,1,98.4,16.9,0.33,NA,Peacock eel,Macrognathus siamensis,Macrognathus,100,invasive,0,ZERO,0,0,0,NA,2015
2014-12-14T00:00:00Z,11,2014,12,14,RB,RB15,3,109,17.05,0.33,NA,Peacock eel,Macrognathus siamensis,Macrognathus,100,invasive,0,ZERO,0,0,0,NA,2015
2014-12-11T00:00:00Z,11,2014,12,11,RB,RB16,1,75,15.61,0.54,NA,Peacock eel,Macrognathus siamensis,Macrognathus,100,invasive,0,ZERO,0,0,0,NA,2015
2014-12-12T00:00:00Z,11,2014,12,12,RB,RB16,2,105,15.64,0.67,NA,Peacock eel,Macrognathus siamensis,Macrognathus,100,invasive,0,ZERO,0,0,0,NA,2015
2014-12-12T00:00:00Z,11,2014,12,12,RB,RB16,3,100,15.39,0.64,NA,Peacock eel,Macrognathus siamensis,Macrognathus,100,invasive,0,ZERO,0,0,0,NA,2015
2014-12-14T00:00:00Z,11,2014,12,14,RB,RB18,1,103,16.92,0.3,NA,Peacock eel,Macrognathus siamensis,Macrognathus,100,invasive,0,ZERO,0,0,0,NA,2015
2014-12-14T00:00:00Z,11,2014,12,14,RB,RB18,2,79,17.04,0.29,NA,Peacock eel,Macrognathus siamensis,Macrognathus,100,invasive,0,ZERO,0,0,0,NA,2015
2014-12-14T00:00:00Z,11,2014,12,14,RB,RB18,3,102,17.11,0.29,NA,Peacock eel,Macrognathus siamensis,Macrognathus,100,invasive,0,ZERO,0,0,0,NA,2015
2014-12-13T00:00:00Z,11,2014,12,13,RB,RB7,1,95.6,16.11,0.34,NA,Peacock eel,Macrognathus siamensis,Macrognathus,100,invasive,0,ZERO,0,0,0,NA,2015
2014-12-13T00:00:00Z,11,2014,12,13,RB,RB7,2,100,16.26,0.33,NA,Peacock eel,Macrognathus siamensis,Macrognathus,100,invasive,0,ZERO,0,0,0,NA,2015
2014-12-13T00:00:00Z,11,2014,12,13,RB,RB7,3,89.5,16.3,0.33,NA,Peacock eel,Macrognathus siamensis,Macrognathus,100,invasive,0,ZERO,0,0,0,NA,2015
2014-12-14T00:00:00Z,11,2014,12,14,RB,RB8,1,101,15.89,0.27,NA,Peacock eel,Macrognathus siamensis,Macrognathus,100,invasive,0,ZERO,0,0,0,NA,2015
2014-12-14T00:00:00Z,11,2014,12,14,RB,RB8,2,114,16.05,0.27,NA,Peacock eel,Macrognathus siamensis,Macrognathus,100,invasive,0,ZERO,0,0,0,NA,2015
2014-12-14T00:00:00Z,11,2014,12,14,RB,RB8,3,110,15.96,0.27,NA,Peacock eel,Macrognathus siamensis,Macrognathus,100,invasive,0,ZERO,0,0,0,NA,2015
2014-12-13T00:00:00Z,11,2014,12,13,RB,RB9,1,115,16.04,0.29,NA,Peacock eel,Macrognathus siamensis,Macrognathus,100,invasive,1,C,0,24.4,76,NA,2015
2014-12-13T00:00:00Z,11,2014,12,13,RB,RB9,2,90,16.17,0.29,NA,Peacock eel,Macrognathus siamensis,Macrognathus,100,invasive,0,ZERO,0,0,0,NA,2015
2014-12-13T00:00:00Z,11,2014,12,13,RB,RB9,3,95,16.36,0.29,NA,Peacock eel,Macrognathus siamensis,Macrognathus,100,invasive,0,ZERO,0,0,0,NA,2015
2015-03-03T00:00:00Z,11,2015,3,3,RB,RB10,1,79.7,22.8,0.5,2.55,Peacock eel,Macrognathus siamensis,Macrognathus,100,invasive,0,ZERO,0,0,0,NA,2015
2015-03-03T00:00:00Z,11,2015,3,3,RB,RB10,2,55,23.4,0.5,2.7,Peacock eel,Macrognathus siamensis,Macrognathus,100,invasive,0,ZERO,0,0,0,NA,2015
2015-03-03T00:00:00Z,11,2015,3,3,RB,RB10,3,64,23.7,0.5,3.18,Peacock eel,Macrognathus siamensis,Macrognathus,100,invasive,0,ZERO,0,0,0,NA,2015
2015-03-08T00:00:00Z,11,2015,3,8,RB,RB11,1,45,23.5,0.4,2.67,Peacock eel,Macrognathus siamensis,Macrognathus,100,invasive,0,ZERO,0,0,0,NA,2015
2015-03-08T00:00:00Z,11,2015,3,8,RB,RB11,2,60,23.6,0.4,3.5,Peacock eel,Macrognathus siamensis,Macrognathus,100,invasive,0,ZERO,0,0,0,NA,2015
2015-03-08T00:00:00Z,11,2015,3,8,RB,RB11,3,50,23,0.4,3.06,Peacock eel,Macrognathus siamensis,Macrognathus,100,invasive,1,S,0,22.88,66.8,NA,2015
2015-03-08T00:00:00Z,11,2015,3,8,RB,RB11,3,50,23,0.4,3.06,Peacock eel,Macrognathus siamensis,Macrognathus,100,invasive,1,C,0,23.4,69,NA,2015
2015-03-08T00:00:00Z,11,2015,3,8,RB,RB11,3,50,23,0.4,3.06,Peacock eel,Macrognathus siamensis,Macrognathus,100,invasive,1,C,0,21.6,38,NA,2015
2015-03-08T00:00:00Z,11,2015,3,8,RB,RB11,3,50,23,0.4,3.06,Peacock eel,Macrognathus siamensis,Macrognathus,100,invasive,1,C,0,24.4,79,NA,2015
2015-03-02T00:00:00Z,11,2015,3,2,RB,RB12,1,70,23.5,1.1,0.43,Peacock eel,Macrognathus siamensis,Macrognathus,100,invasive,0,ZERO,0,0,0,NA,2015
2015-03-02T00:00:00Z,11,2015,3,2,RB,RB12,2,68.1,23.6,0.9,0.85,Peacock eel,Macrognathus siamensis,Macrognathus,100,invasive,1,C,0,22,86,NA,2015
2015-03-02T00:00:00Z,11,2015,3,2,RB,RB12,2,68.1,23.6,0.9,0.85,Peacock eel,Macrognathus siamensis,Macrognathus,100,invasive,1,C,0,23,62,NA,2015
2015-03-02T00:00:00Z,11,2015,3,2,RB,RB12,3,86,23.4,0.8,0.43,Peacock eel,Macrognathus siamensis,Macrognathus,100,invasive,0,ZERO,0,0,0,NA,2015
2015-03-05T00:00:00Z,11,2015,3,5,RB,RB13,1,69,25.1,0.6,4.1,Peacock eel,Macrognathus siamensis,Macrognathus,100,invasive,0,ZERO,0,0,0,NA,2015
2015-03-05T00:00:00Z,11,2015,3,5,RB,RB13,2,117,25.1,0.6,5.38,Peacock eel,Macrognathus siamensis,Macrognathus,100,invasive,0,ZERO,0,0,0,NA,2015
2015-03-05T00:00:00Z,11,2015,3,5,RB,RB13,3,93,25.1,0.6,5.2,Peacock eel,Macrognathus siamensis,Macrognathus,100,invasive,0,ZERO,0,0,0,NA,2015
2015-03-05T00:00:00Z,11,2015,3,5,RB,RB13,3,100,25.1,0.6,5.2,Peacock eel,Macrognathus siamensis,Macrognathus,100,invasive,0,ZERO,0,0,0,NA,2015
2015-03-08T00:00:00Z,11,2015,3,8,RB,RB14,1,90,24.2,1.4,0.35,Peacock eel,Macrognathus siamensis,Macrognathus,100,invasive,0,ZERO,0,0,0,NA,2015
2015-03-08T00:00:00Z,11,2015,3,8,RB,RB14,2,90,24.3,1.4,0.28,Peacock eel,Macrognathus siamensis,Macrognathus,100,invasive,0,ZERO,0,0,0,NA,2015
2015-03-08T00:00:00Z,11,2015,3,8,RB,RB14,3,97.5,24.3,1.3,0.28,Peacock eel,Macrognathus siamensis,Macrognathus,100,invasive,0,ZERO,0,0,0,NA,2015
2015-03-02T00:00:00Z,11,2015,3,2,RB,RB16,3,109,23.1,2.7,0.24,Peacock eel,Macrognathus siamensis,Macrognathus,100,invasive,0,ZERO,0,0,0,NA,2015
2015-03-08T00:00:00Z,11,2015,3,8,RB,RB18,1,95,25.3,0.9,5.71,Peacock eel,Macrognathus siamensis,Macrognathus,100,invasive,0,ZERO,0,0,0,NA,2015
2015-03-08T00:00:00Z,11,2015,3,8,RB,RB18,2,90,25.3,0.8,5.86,Peacock eel,Macrognathus siamensis,Macrognathus,100,invasive,0,ZERO,0,0,0,NA,2015
2015-03-08T00:00:00Z,11,2015,3,8,RB,RB18,3,60,24.8,0.7,5.69,Peacock eel,Macrognathus siamensis,Macrognathus,100,invasive,0,ZERO,0,0,0,NA,2015
2015-03-02T00:00:00Z,11,2015,3,2,RB,RB7,1,117,23.4,1.5,2.1,Peacock eel,Macrognathus siamensis,Macrognathus,100,invasive,0,ZERO,0,0,0,NA,2015
2015-03-02T00:00:00Z,11,2015,3,2,RB,RB7,2,101,23.1,1.2,0.28,Peacock eel,Macrognathus siamensis,Macrognathus,100,invasive,0,ZERO,0,0,0,NA,2015
2015-03-02T00:00:00Z,11,2015,3,2,RB,RB7,3,86,22.8,1,0.26,Peacock eel,Macrognathus siamensis,Macrognathus,100,invasive,0,ZERO,0,0,0,NA,2015
2015-03-03T00:00:00Z,11,2015,3,3,RB,RB8,1,83,24.5,0.5,4.46,Peacock eel,Macrognathus siamensis,Macrognathus,100,invasive,0,ZERO,0,0,0,NA,2015
2015-03-03T00:00:00Z,11,2015,3,3,RB,RB8,2,71,24.6,0.5,4.9,Peacock eel,Macrognathus siamensis,Macrognathus,100,invasive,0,ZERO,0,0,0,NA,2015
2015-03-03T00:00:00Z,11,2015,3,3,RB,RB8,3,54,24.3,0.5,4.15,Peacock eel,Macrognathus siamensis,Macrognathus,100,invasive,0,ZERO,0,0,0,NA,2015
2015-03-04T00:00:00Z,11,2015,3,4,RB,RB9,1,65,22.1,0.5,2.1,Peacock eel,Macrognathus siamensis,Macrognathus,100,invasive,0,ZERO,0,0,0,NA,2015
2015-03-04T00:00:00Z,11,2015,3,4,RB,RB9,2,70,22.4,0.4,2.32,Peacock eel,Macrognathus siamensis,Macrognathus,100,invasive,0,ZERO,0,0,0,NA,2015
2015-03-04T00:00:00Z,11,2015,3,4,RB,RB9,3,60,22.6,0.4,2.8,Peacock eel,Macrognathus siamensis,Macrognathus,100,invasive,0,ZERO,0,0,0,NA,2015
2015-04-12T00:00:00Z,11,2015,4,12,RB,RB10,1,77,25.2,1,2.7,Peacock eel,Macrognathus siamensis,Macrognathus,100,invasive,0,ZERO,0,0,0,NA,2015
2015-04-12T00:00:00Z,11,2015,4,12,RB,RB10,2,88,25.4,1,2.93,Peacock eel,Macrognathus siamensis,Macrognathus,100,invasive,0,ZERO,0,0,0,NA,2015
2015-04-12T00:00:00Z,11,2015,4,12,RB,RB10,3,80.6,26,1,3.52,Peacock eel,Macrognathus siamensis,Macrognathus,100,invasive,1,OFF,0,28.3,79,NA,2015
2015-04-12T00:00:00Z,11,2015,4,12,RB,RB10,3,80.6,26,1,3.52,Peacock eel,Macrognathus siamensis,Macrognathus,100,invasive,1,OFF,0,25.1,64,NA,2015
2015-04-12T00:00:00Z,11,2015,4,12,RB,RB10,3,80.6,26,1,3.52,Peacock eel,Macrognathus siamensis,Macrognathus,100,invasive,1,OFF,0,22.8,44,NA,2015
2015-04-12T00:00:00Z,11,2015,4,12,RB,RB10,3,80.6,26,1,3.52,Peacock eel,Macrognathus siamensis,Macrognathus,100,invasive,1,OFF,0,23.8,38,NA,2015
2015-04-12T00:00:00Z,11,2015,4,12,RB,RB10,3,80.6,26,1,3.52,Peacock eel,Macrognathus siamensis,Macrognathus,100,invasive,1,C,0,20.5,23,NA,2015
2015-04-12T00:00:00Z,11,2015,4,12,RB,RB10,3,80.6,26,1,3.52,Peacock eel,Macrognathus siamensis,Macrognathus,100,invasive,1,C,0,23.3,53,NA,2015
2015-04-12T00:00:00Z,11,2015,4,12,RB,RB11,1,64,27.5,1.1,5.26,Peacock eel,Macrognathus siamensis,Macrognathus,100,invasive,0,ZERO,0,0,0,NA,2015
2015-04-12T00:00:00Z,11,2015,4,12,RB,RB11,2,60,27.7,1,5.92,Peacock eel,Macrognathus siamensis,Macrognathus,100,invasive,0,ZERO,0,0,0,NA,2015
2015-04-12T00:00:00Z,11,2015,4,12,RB,RB11,3,50,26.3,0.8,3.32,Peacock eel,Macrognathus siamensis,Macrognathus,100,invasive,0,ZERO,0,0,0,NA,2015
2015-04-11T00:00:00Z,11,2015,4,11,RB,RB12,1,80,25.3,4.7,0.35,Peacock eel,Macrognathus siamensis,Macrognathus,100,invasive,0,ZERO,0,0,0,NA,2015
2015-04-11T00:00:00Z,11,2015,4,11,RB,RB12,2,79.8,26.3,3.8,1.18,Peacock eel,Macrognathus siamensis,Macrognathus,100,invasive,0,ZERO,0,0,0,NA,2015
2015-04-11T00:00:00Z,11,2015,4,11,RB,RB12,3,63.4,26.3,3.4,1.09,Peacock eel,Macrognathus siamensis,Macrognathus,100,invasive,0,ZERO,0,0,0,NA,2015
2015-04-13T00:00:00Z,11,2015,4,13,RB,RB13,1,101,29.2,2.7,5.35,Peacock eel,Macrognathus siamensis,Macrognathus,100,invasive,0,ZERO,0,0,0,NA,2015
2015-04-13T00:00:00Z,11,2015,4,13,RB,RB13,2,75,29.9,2.9,5.12,Peacock eel,Macrognathus siamensis,Macrognathus,100,invasive,0,ZERO,0,0,0,NA,2015
2015-04-13T00:00:00Z,11,2015,4,13,RB,RB13,3,109,29.2,2.5,5.61,Peacock eel,Macrognathus siamensis,Macrognathus,100,invasive,0,ZERO,0,0,0,NA,2015
2015-04-14T00:00:00Z,11,2015,4,14,RB,RB14,1,131,27.2,3.5,2.13,Peacock eel,Macrognathus siamensis,Macrognathus,100,invasive,0,ZERO,0,0,0,NA,2015
2015-04-14T00:00:00Z,11,2015,4,14,RB,RB14,2,136,27.1,3.5,2.02,Peacock eel,Macrognathus siamensis,Macrognathus,100,invasive,0,ZERO,0,0,0,NA,2015
2015-04-14T00:00:00Z,11,2015,4,14,RB,RB14,3,97,27.2,3.5,1.74,Peacock eel,Macrognathus siamensis,Macrognathus,100,invasive,0,ZERO,0,0,0,NA,2015
2015-04-14T00:00:00Z,11,2015,4,14,RB,RB15,2,101,27.1,7.7,1.18,Peacock eel,Macrognathus siamensis,Macrognathus,100,invasive,0,ZERO,0,0,0,NA,2015
2015-04-14T00:00:00Z,11,2015,4,14,RB,RB15,3,118,27.1,7.3,1.05,Peacock eel,Macrognathus siamensis,Macrognathus,100,invasive,0,ZERO,0,0,0,NA,2015
2015-04-11T00:00:00Z,11,2015,4,11,RB,RB16,1,96,27.9,7.2,2.32,Peacock eel,Macrognathus siamensis,Macrognathus,100,invasive,0,ZERO,0,0,0,NA,2015
2015-04-11T00:00:00Z,11,2015,4,11,RB,RB16,2,120,27.7,6.7,1.18,Peacock eel,Macrognathus siamensis,Macrognathus,100,invasive,0,ZERO,0,0,0,NA,2015
2015-04-14T00:00:00Z,11,2015,4,14,RB,RB18,1,90.3,28.7,3.5,4.01,Peacock eel,Macrognathus siamensis,Macrognathus,100,invasive,0,ZERO,0,0,0,NA,2015
2015-04-14T00:00:00Z,11,2015,4,14,RB,RB18,2,76.7,29.3,3.5,4.84,Peacock eel,Macrognathus siamensis,Macrognathus,100,invasive,0,ZERO,0,0,0,NA,2015
2015-04-14T00:00:00Z,11,2015,4,14,RB,RB18,3,80,28.7,3.5,4.38,Peacock eel,Macrognathus siamensis,Macrognathus,100,invasive,0,ZERO,0,0,0,NA,2015
2015-04-14T00:00:00Z,11,2015,4,14,RB,RB7,1,103,25.2,2.2,0.2,Peacock eel,Macrognathus siamensis,Macrognathus,100,invasive,0,ZERO,0,0,0,NA,2015
2015-04-14T00:00:00Z,11,2015,4,14,RB,RB7,2,118,25.2,2.2,0.87,Peacock eel,Macrognathus siamensis,Macrognathus,100,invasive,0,ZERO,0,0,0,NA,2015
2015-04-14T00:00:00Z,11,2015,4,14,RB,RB7,3,170,25.5,2.2,0.36,Peacock eel,Macrognathus siamensis,Macrognathus,100,invasive,0,ZERO,0,0,0,NA,2015
2015-04-13T00:00:00Z,11,2015,4,13,RB,RB8,1,81,26.7,1.2,4.13,Peacock eel,Macrognathus siamensis,Macrognathus,100,invasive,0,ZERO,0,0,0,NA,2015
2015-04-13T00:00:00Z,11,2015,4,13,RB,RB8,2,101,27,1.1,4.41,Peacock eel,Macrognathus siamensis,Macrognathus,100,invasive,0,ZERO,0,0,0,NA,2015
2015-04-13T00:00:00Z,11,2015,4,13,RB,RB8,3,92,26.7,1.2,4.13,Peacock eel,Macrognathus siamensis,Macrognathus,100,invasive,0,ZERO,0,0,0,NA,2015
2015-04-13T00:00:00Z,11,2015,4,13,RB,RB9,1,107,26.5,1.1,2.22,Peacock eel,Macrognathus siamensis,Macrognathus,100,invasive,0,ZERO,0,0,0,NA,2015
2015-04-13T00:00:00Z,11,2015,4,13,RB,RB9,2,99,27.6,1.1,4.58,Peacock eel,Macrognathus siamensis,Macrognathus,100,invasive,0,ZERO,0,0,0,NA,2015
2015-04-13T00:00:00Z,11,2015,4,13,RB,RB9,3,87,26.7,1.1,1.53,Peacock eel,Macrognathus siamensis,Macrognathus,100,invasive,0,ZERO,0,0,0,NA,2015
2015-12-15T00:00:00Z,12,2015,12,15,RB,RB10,1,119,24.7,0.2,3.34,Peacock eel,Macrognathus siamensis,Macrognathus,100,invasive,0,ZERO,0,0,0,NA,2016
2015-12-15T00:00:00Z,12,2015,12,15,RB,RB10,2,99,25.1,0.2,3.2,Peacock eel,Macrognathus siamensis,Macrognathus,100,invasive,0,ZERO,0,0,0,NA,2016
2015-12-15T00:00:00Z,12,2015,12,15,RB,RB10,3,134,25.2,0.2,4.5,Peacock eel,Macrognathus siamensis,Macrognathus,100,invasive,0,ZERO,0,0,0,NA,2016
2015-12-15T00:00:00Z,12,2015,12,15,RB,RB11,1,89,25,2,3.4,Peacock eel,Macrognathus siamensis,Macrognathus,100,invasive,0,ZERO,0,0,0,NA,2016
2015-12-15T00:00:00Z,12,2015,12,15,RB,RB11,2,80,25.3,0.2,3.5,Peacock eel,Macrognathus siamensis,Macrognathus,100,invasive,0,ZERO,0,0,0,NA,2016
2015-12-15T00:00:00Z,12,2015,12,15,RB,RB11,3,59,25.6,0.2,4.04,Peacock eel,Macrognathus siamensis,Macrognathus,100,invasive,0,ZERO,0,0,0,NA,2016
2015-12-14T00:00:00Z,12,2015,12,14,RB,RB12,1,78,23.1,0.2,2.82,Peacock eel,Macrognathus siamensis,Macrognathus,100,invasive,0,ZERO,0,0,0,NA,2016
2015-12-14T00:00:00Z,12,2015,12,14,RB,RB12,2,123,23.4,0.2,3.31,Peacock eel,Macrognathus siamensis,Macrognathus,100,invasive,0,ZERO,0,0,0,NA,2016
2015-12-14T00:00:00Z,12,2015,12,14,RB,RB12,3,76,23.3,0.2,3.31,Peacock eel,Macrognathus siamensis,Macrognathus,100,invasive,0,ZERO,0,0,0,NA,2016
2015-12-17T00:00:00Z,12,2015,12,17,RB,RB13,1,67,25.5,0.2,3.11,Peacock eel,Macrognathus siamensis,Macrognathus,100,invasive,0,ZERO,0,0,0,NA,2016
2015-12-17T00:00:00Z,12,2015,12,17,RB,RB13,2,66,25.5,0.2,3.33,Peacock eel,Macrognathus siamensis,Macrognathus,100,invasive,0,ZERO,0,0,0,NA,2016
2015-12-17T00:00:00Z,12,2015,12,17,RB,RB13,3,75,25.6,0.2,3.13,Peacock eel,Macrognathus siamensis,Macrognathus,100,invasive,0,ZERO,0,0,0,NA,2016
2015-12-17T00:00:00Z,12,2015,12,17,RB,RB14,1,98.7,24.7,0.2,2.93,Peacock eel,Macrognathus siamensis,Macrognathus,100,invasive,0,ZERO,0,0,0,NA,2016
2015-12-17T00:00:00Z,12,2015,12,17,RB,RB14,2,88,24.8,0.2,3.11,Peacock eel,Macrognathus siamensis,Macrognathus,100,invasive,0,ZERO,0,0,0,NA,2016
2015-12-17T00:00:00Z,12,2015,12,17,RB,RB14,3,86,24.8,0.2,2.58,Peacock eel,Macrognathus siamensis,Macrognathus,100,invasive,0,ZERO,0,0,0,NA,2016
2015-12-17T00:00:00Z,12,2015,12,17,RB,RB15,1,73.6,25.4,0.2,3.22,Peacock eel,Macrognathus siamensis,Macrognathus,100,invasive,0,ZERO,0,0,0,NA,2016
2015-12-17T00:00:00Z,12,2015,12,17,RB,RB15,2,97.2,25.5,0.2,3.01,Peacock eel,Macrognathus siamensis,Macrognathus,100,invasive,0,ZERO,0,0,0,NA,2016
2015-12-17T00:00:00Z,12,2015,12,17,RB,RB15,3,94,25.6,0.2,3.11,Peacock eel,Macrognathus siamensis,Macrognathus,100,invasive,0,ZERO,0,0,0,NA,2016
2015-12-14T00:00:00Z,12,2015,12,14,RB,RB16,1,117,23.9,0.5,4.35,Peacock eel,Macrognathus siamensis,Macrognathus,100,invasive,0,ZERO,0,0,0,NA,2016
2015-12-14T00:00:00Z,12,2015,12,14,RB,RB16,2,120,23.7,0.4,4.6,Peacock eel,Macrognathus siamensis,Macrognathus,100,invasive,0,ZERO,0,0,0,NA,2016
2015-12-14T00:00:00Z,12,2015,12,14,RB,RB16,3,97,23.7,0.4,4.16,Peacock eel,Macrognathus siamensis,Macrognathus,100,invasive,0,ZERO,0,0,0,NA,2016
2015-12-17T00:00:00Z,12,2015,12,17,RB,RB18,1,132,25.5,0.2,3.16,Peacock eel,Macrognathus siamensis,Macrognathus,100,invasive,0,ZERO,0,0,0,NA,2016
2015-12-17T00:00:00Z,12,2015,12,17,RB,RB18,2,133,26.2,0.2,3.6,Peacock eel,Macrognathus siamensis,Macrognathus,100,invasive,0,ZERO,0,0,0,NA,2016
2015-12-17T00:00:00Z,12,2015,12,17,RB,RB7,1,123,24.2,0.2,2.79,Peacock eel,Macrognathus siamensis,Macrognathus,100,invasive,0,ZERO,0,0,0,NA,2016
2015-12-17T00:00:00Z,12,2015,12,17,RB,RB7,2,134,24.2,0.2,2.36,Peacock eel,Macrognathus siamensis,Macrognathus,100,invasive,0,ZERO,0,0,0,NA,2016
2015-12-17T00:00:00Z,12,2015,12,17,RB,RB7,3,100,24.2,0.2,2.6,Peacock eel,Macrognathus siamensis,Macrognathus,100,invasive,0,ZERO,0,0,0,NA,2016
2015-12-15T00:00:00Z,12,2015,12,15,RB,RB8,1,70.2,24.2,0.2,3.04,Peacock eel,Macrognathus siamensis,Macrognathus,100,invasive,0,ZERO,0,0,0,NA,2016
2015-12-15T00:00:00Z,12,2015,12,15,RB,RB8,2,64,24.3,0.2,3.2,Peacock eel,Macrognathus siamensis,Macrognathus,100,invasive,0,ZERO,0,0,0,NA,2016
2015-12-15T00:00:00Z,12,2015,12,15,RB,RB8,3,65,24.4,0.2,3.11,Peacock eel,Macrognathus siamensis,Macrognathus,100,invasive,0,ZERO,0,0,0,NA,2016
2015-12-15T00:00:00Z,12,2015,12,15,RB,RB9,1,111,24.5,0.2,3.96,Peacock eel,Macrognathus siamensis,Macrognathus,100,invasive,0,ZERO,0,0,0,NA,2016
2015-12-15T00:00:00Z,12,2015,12,15,RB,RB9,2,89,25.3,0.2,2.8,Peacock eel,Macrognathus siamensis,Macrognathus,100,invasive,1,C,0,23.4,61,NA,2016
2015-12-15T00:00:00Z,12,2015,12,15,RB,RB9,3,99,25.5,0.2,2.81,Peacock eel,Macrognathus siamensis,Macrognathus,100,invasive,1,C,22.2,23.4,51,NA,2016
2016-02-22T00:00:00Z,12,2016,2,22,RB,RB10,1,120,22,0.2,4.92,Peacock eel,Macrognathus siamensis,Macrognathus,100,invasive,0,ZERO,0,0,0,NA,2016
2016-02-22T00:00:00Z,12,2016,2,22,RB,RB10,2,101,22.4,0.2,5.05,Peacock eel,Macrognathus siamensis,Macrognathus,100,invasive,0,ZERO,0,0,0,NA,2016
2016-02-22T00:00:00Z,12,2016,2,22,RB,RB10,3,123,22.7,0.2,3.9,Peacock eel,Macrognathus siamensis,Macrognathus,100,invasive,0,ZERO,0,0,0,NA,2016
2016-02-22T00:00:00Z,12,2016,2,22,RB,RB11,1,92,22.5,0.2,4.75,Peacock eel,Macrognathus siamensis,Macrognathus,100,invasive,0,ZERO,0,0,0,NA,2016
2016-02-22T00:00:00Z,12,2016,2,22,RB,RB11,2,90,23.2,0.2,4.53,Peacock eel,Macrognathus siamensis,Macrognathus,100,invasive,0,ZERO,0,0,0,NA,2016
2016-02-22T00:00:00Z,12,2016,2,22,RB,RB11,3,95,23.6,0.2,5.68,Peacock eel,Macrognathus siamensis,Macrognathus,100,invasive,0,ZERO,0,0,0,NA,2016
2016-02-21T00:00:00Z,12,2016,2,21,RB,RB12,1,78,19.2,0.3,4.87,Peacock eel,Macrognathus siamensis,Macrognathus,100,invasive,0,ZERO,0,0,0,NA,2016
2016-02-21T00:00:00Z,12,2016,2,21,RB,RB12,2,83,19.6,0.3,4.99,Peacock eel,Macrognathus siamensis,Macrognathus,100,invasive,0,ZERO,0,0,0,NA,2016
2016-02-21T00:00:00Z,12,2016,2,21,RB,RB12,3,115,19.8,0.2,5.22,Peacock eel,Macrognathus siamensis,Macrognathus,100,invasive,0,ZERO,0,0,0,NA,2016
2016-02-22T00:00:00Z,12,2016,2,22,RB,RB13,1,85,22.4,0.2,5.64,Peacock eel,Macrognathus siamensis,Macrognathus,100,invasive,0,ZERO,0,0,0,NA,2016
2016-02-22T00:00:00Z,12,2016,2,22,RB,RB13,2,75,22.5,0.2,5.47,Peacock eel,Macrognathus siamensis,Macrognathus,100,invasive,0,ZERO,0,0,0,NA,2016
2016-02-23T00:00:00Z,12,2016,2,23,RB,RB13,3,82,22.5,0.2,4.4,Peacock eel,Macrognathus siamensis,Macrognathus,100,invasive,0,ZERO,0,0,0,NA,2016
2016-02-23T00:00:00Z,12,2016,2,23,RB,RB14,1,80,22.7,0.2,4.35,Peacock eel,Macrognathus siamensis,Macrognathus,100,invasive,0,ZERO,0,0,0,NA,2016
2016-02-23T00:00:00Z,12,2016,2,23,RB,RB14,2,85,23.1,0.2,5.17,Peacock eel,Macrognathus siamensis,Macrognathus,100,invasive,0,ZERO,0,0,0,NA,2016
2016-02-23T00:00:00Z,12,2016,2,23,RB,RB14,3,99.7,23.5,0.2,4.65,Peacock eel,Macrognathus siamensis,Macrognathus,100,invasive,0,ZERO,0,0,0,NA,2016
2016-02-23T00:00:00Z,12,2016,2,23,RB,RB15,1,100,23.1,0.3,4.5,Peacock eel,Macrognathus siamensis,Macrognathus,100,invasive,0,ZERO,0,0,0,NA,2016
2016-02-23T00:00:00Z,12,2016,2,23,RB,RB15,2,129,23,0.3,4.89,Peacock eel,Macrognathus siamensis,Macrognathus,100,invasive,0,ZERO,0,0,0,NA,2016
2016-02-23T00:00:00Z,12,2016,2,23,RB,RB15,3,121,23.1,0.3,4.51,Peacock eel,Macrognathus siamensis,Macrognathus,100,invasive,0,ZERO,0,0,0,NA,2016
2016-02-21T00:00:00Z,12,2016,2,21,RB,RB16,1,106,20.1,0.6,4.5,Peacock eel,Macrognathus siamensis,Macrognathus,100,invasive,0,ZERO,0,0,0,NA,2016
2016-02-21T00:00:00Z,12,2016,2,21,RB,RB16,2,123,21,0.7,4.82,Peacock eel,Macrognathus siamensis,Macrognathus,100,invasive,0,ZERO,0,0,0,NA,2016
2016-02-21T00:00:00Z,12,2016,2,21,RB,RB16,3,110,20.5,0.7,4.47,Peacock eel,Macrognathus siamensis,Macrognathus,100,invasive,0,ZERO,0,0,0,NA,2016
2016-02-23T00:00:00Z,12,2016,2,23,RB,RB18,1,60,22.9,0.2,4.84,Peacock eel,Macrognathus siamensis,Macrognathus,100,invasive,0,ZERO,0,0,0,NA,2016
2016-02-23T00:00:00Z,12,2016,2,23,RB,RB18,2,115,22.9,0.2,4.22,Peacock eel,Macrognathus siamensis,Macrognathus,100,invasive,0,ZERO,0,0,0,NA,2016
2016-02-23T00:00:00Z,12,2016,2,23,RB,RB18,3,121,22.8,0.2,4.76,Peacock eel,Macrognathus siamensis,Macrognathus,100,invasive,0,ZERO,0,0,0,NA,2016
2016-02-23T00:00:00Z,12,2016,2,23,RB,RB7,1,104,22.9,0.3,3.55,Peacock eel,Macrognathus siamensis,Macrognathus,100,invasive,0,ZERO,0,0,0,NA,2016
2016-02-23T00:00:00Z,12,2016,2,23,RB,RB7,2,128,23,0.3,3.92,Peacock eel,Macrognathus siamensis,Macrognathus,100,invasive,0,ZERO,0,0,0,NA,2016
2016-02-23T00:00:00Z,12,2016,2,23,RB,RB7,3,90,23.2,0.2,4.74,Peacock eel,Macrognathus siamensis,Macrognathus,100,invasive,0,ZERO,0,0,0,NA,2016
2016-02-22T00:00:00Z,12,2016,2,22,RB,RB8,1,94,20.8,0.2,4.59,Peacock eel,Macrognathus siamensis,Macrognathus,100,invasive,0,ZERO,0,0,0,NA,2016
2016-02-22T00:00:00Z,12,2016,2,22,RB,RB8,2,84,20.9,0.2,4.48,Peacock eel,Macrognathus siamensis,Macrognathus,100,invasive,0,ZERO,0,0,0,NA,2016
2016-02-22T00:00:00Z,12,2016,2,22,RB,RB8,3,103,20.9,0.2,4.48,Peacock eel,Macrognathus siamensis,Macrognathus,100,invasive,0,ZERO,0,0,0,NA,2016
2016-02-22T00:00:00Z,12,2016,2,22,RB,RB9,1,140,20.4,0.2,5,Peacock eel,Macrognathus siamensis,Macrognathus,100,invasive,0,ZERO,0,0,0,NA,2016
2016-02-22T00:00:00Z,12,2016,2,22,RB,RB9,2,107,21.3,0.2,3.94,Peacock eel,Macrognathus siamensis,Macrognathus,100,invasive,0,ZERO,0,0,0,NA,2016
2016-02-22T00:00:00Z,12,2016,2,22,RB,RB9,3,120,21.5,0.2,3.98,Peacock eel,Macrognathus siamensis,Macrognathus,100,invasive,0,ZERO,0,0,0,NA,2016
2016-04-18T00:00:00Z,12,2016,4,18,RB,RB10,1,126,23.4,0.3,4.34,Peacock eel,Macrognathus siamensis,Macrognathus,100,invasive,0,ZERO,0,0,0,NA,2016
2016-04-18T00:00:00Z,12,2016,4,18,RB,RB10,2,137,24.3,0.3,4.83,Peacock eel,Macrognathus siamensis,Macrognathus,100,invasive,0,ZERO,0,0,0,NA,2016
2016-04-18T00:00:00Z,12,2016,4,18,RB,RB10,3,104,24.9,0.3,6.18,Peacock eel,Macrognathus siamensis,Macrognathus,100,invasive,0,ZERO,0,0,0,NA,2016
2016-04-18T00:00:00Z,12,2016,4,18,RB,RB11,1,131,23.9,0.3,4.75,Peacock eel,Macrognathus siamensis,Macrognathus,100,invasive,0,ZERO,0,0,0,NA,2016
2016-04-18T00:00:00Z,12,2016,4,18,RB,RB11,2,119,24.7,0.3,5.3,Peacock eel,Macrognathus siamensis,Macrognathus,100,invasive,0,ZERO,0,0,0,NA,2016
2016-04-18T00:00:00Z,12,2016,4,18,RB,RB11,3,96,25.5,0.2,5.34,Peacock eel,Macrognathus siamensis,Macrognathus,100,invasive,0,ZERO,0,0,0,NA,2016
2016-04-17T00:00:00Z,12,2016,4,17,RB,RB13,1,89,25.7,0.3,4.36,Peacock eel,Macrognathus siamensis,Macrognathus,100,invasive,0,ZERO,0,0,0,NA,2016
2016-04-17T00:00:00Z,12,2016,4,17,RB,RB13,2,80,25.5,0.3,3.96,Peacock eel,Macrognathus siamensis,Macrognathus,100,invasive,0,ZERO,0,0,0,NA,2016
2016-04-17T00:00:00Z,12,2016,4,17,RB,RB13,3,81,25.5,0.3,4.18,Peacock eel,Macrognathus siamensis,Macrognathus,100,invasive,0,ZERO,0,0,0,NA,2016
2016-04-17T00:00:00Z,12,2016,4,17,RB,RB8,1,117,25.7,0.3,4.11,Peacock eel,Macrognathus siamensis,Macrognathus,100,invasive,0,ZERO,0,0,0,NA,2016
2016-04-17T00:00:00Z,12,2016,4,17,RB,RB8,2,79,25.4,0.3,3.93,Peacock eel,Macrognathus siamensis,Macrognathus,100,invasive,0,ZERO,0,0,0,NA,2016
2016-04-17T00:00:00Z,12,2016,4,17,RB,RB8,3,79,25.4,0.3,4.02,Peacock eel,Macrognathus siamensis,Macrognathus,100,invasive,0,ZERO,0,0,0,NA,2016
2016-04-18T00:00:00Z,12,2016,4,18,RB,RB9,1,85,22.8,0.3,3.82,Peacock eel,Macrognathus siamensis,Macrognathus,100,invasive,0,ZERO,0,0,0,NA,2016
2016-04-18T00:00:00Z,12,2016,4,18,RB,RB9,2,110,22.7,0.3,3.89,Peacock eel,Macrognathus siamensis,Macrognathus,100,invasive,0,ZERO,0,0,0,NA,2016
2016-04-18T00:00:00Z,12,2016,4,18,RB,RB9,3,100,22.8,0.3,3.85,Peacock eel,Macrognathus siamensis,Macrognathus,100,invasive,0,ZERO,0,0,0,NA,2016
2016-05-13T00:00:00Z,12,2016,5,13,RB,RB10,1,118,26.5,0.3,2.66,Peacock eel,Macrognathus siamensis,Macrognathus,100,invasive,0,ZERO,0,0,0,NA,2016
2016-05-13T00:00:00Z,12,2016,5,13,RB,RB10,2,96.8,27.2,0.3,2.89,Peacock eel,Macrognathus siamensis,Macrognathus,100,invasive,0,ZERO,0,0,0,NA,2016
2016-05-13T00:00:00Z,12,2016,5,13,RB,RB10,3,105,27.7,0.3,3.22,Peacock eel,Macrognathus siamensis,Macrognathus,100,invasive,0,ZERO,0,0,0,NA,2016
2016-05-13T00:00:00Z,12,2016,5,13,RB,RB11,1,89,26.6,0.3,2.69,Peacock eel,Macrognathus siamensis,Macrognathus,100,invasive,0,ZERO,0,0,0,NA,2016
2016-05-13T00:00:00Z,12,2016,5,13,RB,RB11,2,103,26.9,0.3,2.75,Peacock eel,Macrognathus siamensis,Macrognathus,100,invasive,0,ZERO,0,0,0,NA,2016
2016-05-13T00:00:00Z,12,2016,5,13,RB,RB11,3,89,28.5,0.3,3.66,Peacock eel,Macrognathus siamensis,Macrognathus,100,invasive,0,ZERO,0,0,0,NA,2016
2016-05-25T00:00:00Z,12,2016,5,25,RB,RB12,1,153,26.7,0.3,2.31,Peacock eel,Macrognathus siamensis,Macrognathus,100,invasive,0,ZERO,0,0,0,NA,2016
2016-05-25T00:00:00Z,12,2016,5,25,RB,RB12,2,130,26.8,0.3,2.37,Peacock eel,Macrognathus siamensis,Macrognathus,100,invasive,0,ZERO,0,0,0,NA,2016
2016-05-25T00:00:00Z,12,2016,5,25,RB,RB12,3,152,27,0.3,2.52,Peacock eel,Macrognathus siamensis,Macrognathus,100,invasive,0,ZERO,0,0,0,NA,2016
2016-05-12T00:00:00Z,12,2016,5,12,RB,RB13,1,70,26.7,0.3,2.7,Peacock eel,Macrognathus siamensis,Macrognathus,100,invasive,0,ZERO,0,0,0,NA,2016
2016-05-12T00:00:00Z,12,2016,5,12,RB,RB13,2,72,27,0.3,3.57,Peacock eel,Macrognathus siamensis,Macrognathus,100,invasive,0,ZERO,0,0,0,NA,2016
2016-05-12T00:00:00Z,12,2016,5,12,RB,RB13,3,78,26.9,0.3,3.39,Peacock eel,Macrognathus siamensis,Macrognathus,100,invasive,0,ZERO,0,0,0,NA,2016
2016-05-26T00:00:00Z,12,2016,5,26,RB,RB14,1,88,27.4,0.5,1.95,Peacock eel,Macrognathus siamensis,Macrognathus,100,invasive,0,ZERO,0,0,0,NA,2016
2016-05-26T00:00:00Z,12,2016,5,26,RB,RB14,2,78,27.8,0.4,2.93,Peacock eel,Macrognathus siamensis,Macrognathus,100,invasive,0,ZERO,0,0,0,NA,2016
2016-05-26T00:00:00Z,12,2016,5,26,RB,RB14,3,170,28.1,0.4,2.95,Peacock eel,Macrognathus siamensis,Macrognathus,100,invasive,0,ZERO,0,0,0,NA,2016
2016-05-27T00:00:00Z,12,2016,5,27,RB,RB15,1,140,27.8,0.7,0.52,Peacock eel,Macrognathus siamensis,Macrognathus,100,invasive,0,ZERO,0,0,0,NA,2016
2016-05-27T00:00:00Z,12,2016,5,27,RB,RB15,2,136,27.8,0.7,0.5,Peacock eel,Macrognathus siamensis,Macrognathus,100,invasive,0,ZERO,0,0,0,NA,2016
2016-05-25T00:00:00Z,12,2016,5,25,RB,RB16,1,132,26.8,0.8,2.76,Peacock eel,Macrognathus siamensis,Macrognathus,100,invasive,0,ZERO,0,0,0,NA,2016
2016-05-25T00:00:00Z,12,2016,5,25,RB,RB16,2,127,27.2,0.7,3.03,Peacock eel,Macrognathus siamensis,Macrognathus,100,invasive,0,ZERO,0,0,0,NA,2016
2016-05-25T00:00:00Z,12,2016,5,25,RB,RB16,3,111,27.1,0.6,3.03,Peacock eel,Macrognathus siamensis,Macrognathus,100,invasive,0,ZERO,0,0,0,NA,2016
2016-05-26T00:00:00Z,12,2016,5,26,RB,RB7,1,118,25.4,0.5,1.06,Peacock eel,Macrognathus siamensis,Macrognathus,100,invasive,0,ZERO,0,0,0,NA,2016
2016-05-26T00:00:00Z,12,2016,5,26,RB,RB7,2,114,25.2,0.4,1.72,Peacock eel,Macrognathus siamensis,Macrognathus,100,invasive,0,ZERO,0,0,0,NA,2016
2016-05-26T00:00:00Z,12,2016,5,26,RB,RB7,3,140,25.4,0.4,1.78,Peacock eel,Macrognathus siamensis,Macrognathus,100,invasive,0,ZERO,0,0,0,NA,2016
2016-05-12T00:00:00Z,12,2016,5,12,RB,RB8,2,120,26.7,0.3,3.23,Peacock eel,Macrognathus siamensis,Macrognathus,100,invasive,0,ZERO,0,0,0,NA,2016
2016-05-12T00:00:00Z,12,2016,5,12,RB,RB8,3,120,27.1,0.3,3.17,Peacock eel,Macrognathus siamensis,Macrognathus,100,invasive,0,ZERO,0,0,0,NA,2016
2016-05-13T00:00:00Z,12,2016,5,13,RB,RB9,1,110,25.2,0.3,2.5,Peacock eel,Macrognathus siamensis,Macrognathus,100,invasive,0,ZERO,0,0,0,NA,2016
2016-05-13T00:00:00Z,12,2016,5,13,RB,RB9,2,98,25.6,0.3,2.33,Peacock eel,Macrognathus siamensis,Macrognathus,100,invasive,0,ZERO,0,0,0,NA,2016
2016-05-13T00:00:00Z,12,2016,5,13,RB,RB9,3,98,25.6,0.3,2.4,Peacock eel,Macrognathus siamensis,Macrognathus,100,invasive,0,ZERO,0,0,0,NA,2016
2016-12-13T00:00:00Z,13,2016,12,13,RB,RB10,1,93.9,23.7,0.2,4.3,Peacock eel,Macrognathus siamensis,Macrognathus,100,invasive,0,ZERO,0,0,0,NA,2017
2016-12-13T00:00:00Z,13,2016,12,13,RB,RB10,2,107,24,0.2,4.61,Peacock eel,Macrognathus siamensis,Macrognathus,100,invasive,0,ZERO,0,0,0,NA,2017
2016-12-13T00:00:00Z,13,2016,12,13,RB,RB10,3,124,24.3,0.2,5.16,Peacock eel,Macrognathus siamensis,Macrognathus,100,invasive,0,ZERO,0,0,0,NA,2017
2016-12-13T00:00:00Z,13,2016,12,13,RB,RB11,1,164,22.7,0.2,4.37,Peacock eel,Macrognathus siamensis,Macrognathus,100,invasive,0,ZERO,0,0,0,NA,2017
2016-12-13T00:00:00Z,13,2016,12,13,RB,RB11,2,130,22.7,0.2,4.44,Peacock eel,Macrognathus siamensis,Macrognathus,100,invasive,0,ZERO,0,0,0,NA,2017
2016-12-13T00:00:00Z,13,2016,12,13,RB,RB11,3,69,22.9,0.2,4.8,Peacock eel,Macrognathus siamensis,Macrognathus,100,invasive,0,ZERO,0,0,0,NA,2017
2016-12-12T00:00:00Z,13,2016,12,12,RB,RB12,1,144,22.9,0.4,3.46,Peacock eel,Macrognathus siamensis,Macrognathus,100,invasive,0,ZERO,0,0,0,NA,2017
2016-12-12T00:00:00Z,13,2016,12,12,RB,RB12,2,135,22.8,0.3,3.69,Peacock eel,Macrognathus siamensis,Macrognathus,100,invasive,0,ZERO,0,0,0,NA,2017
2016-12-12T00:00:00Z,13,2016,12,12,RB,RB12,3,127,22.5,0.3,3.7,Peacock eel,Macrognathus siamensis,Macrognathus,100,invasive,0,ZERO,0,0,0,NA,2017
2016-12-13T00:00:00Z,13,2016,12,13,RB,RB13,1,70.8,23.4,0.2,4.54,Peacock eel,Macrognathus siamensis,Macrognathus,100,invasive,0,ZERO,0,0,0,NA,2017
2016-12-13T00:00:00Z,13,2016,12,13,RB,RB13,2,73,23.5,0.2,5.14,Peacock eel,Macrognathus siamensis,Macrognathus,100,invasive,0,ZERO,0,0,0,NA,2017
2016-12-13T00:00:00Z,13,2016,12,13,RB,RB13,3,105,23.6,0.2,4.79,Peacock eel,Macrognathus siamensis,Macrognathus,100,invasive,0,ZERO,0,0,0,NA,2017
2016-12-14T00:00:00Z,13,2016,12,14,RB,RB14,1,159,24,0.3,4.19,Peacock eel,Macrognathus siamensis,Macrognathus,100,invasive,0,ZERO,0,0,0,NA,2017
2016-12-14T00:00:00Z,13,2016,12,14,RB,RB14,2,125,24.2,0.2,4.72,Peacock eel,Macrognathus siamensis,Macrognathus,100,invasive,0,ZERO,0,0,0,NA,2017
2016-12-14T00:00:00Z,13,2016,12,14,RB,RB14,3,120,24.3,0.2,4.55,Peacock eel,Macrognathus siamensis,Macrognathus,100,invasive,0,ZERO,0,0,0,NA,2017
2016-12-15T00:00:00Z,13,2016,12,15,RB,RB15,1,182,24,0.3,3.47,Peacock eel,Macrognathus siamensis,Macrognathus,100,invasive,0,ZERO,0,0,0,NA,2017
2016-12-15T00:00:00Z,13,2016,12,15,RB,RB15,2,122,24,0.3,3.64,Peacock eel,Macrognathus siamensis,Macrognathus,100,invasive,0,ZERO,0,0,0,NA,2017
2016-12-15T00:00:00Z,13,2016,12,15,RB,RB15,3,199,24.1,0.3,3.77,Peacock eel,Macrognathus siamensis,Macrognathus,100,invasive,0,ZERO,0,0,0,NA,2017
2016-12-12T00:00:00Z,13,2016,12,12,RB,RB16,1,147,23.5,1,2.67,Peacock eel,Macrognathus siamensis,Macrognathus,100,invasive,0,ZERO,0,0,0,NA,2017
2016-12-12T00:00:00Z,13,2016,12,12,RB,RB16,2,159,23.6,1,2.54,Peacock eel,Macrognathus siamensis,Macrognathus,100,invasive,0,ZERO,0,0,0,NA,2017
2016-12-12T00:00:00Z,13,2016,12,12,RB,RB16,3,128,23.3,1,2.63,Peacock eel,Macrognathus siamensis,Macrognathus,100,invasive,0,ZERO,0,0,0,NA,2017
2016-12-14T00:00:00Z,13,2016,12,14,RB,RB18,1,147,24.7,0.2,4.68,Peacock eel,Macrognathus siamensis,Macrognathus,100,invasive,0,ZERO,0,0,0,NA,2017
2016-12-14T00:00:00Z,13,2016,12,14,RB,RB18,2,121,24.9,0.2,4.33,Peacock eel,Macrognathus siamensis,Macrognathus,100,invasive,0,ZERO,0,0,0,NA,2017
2016-12-14T00:00:00Z,13,2016,12,14,RB,RB18,3,126,24.5,0.2,4.8,Peacock eel,Macrognathus siamensis,Macrognathus,100,invasive,0,ZERO,0,0,0,NA,2017
2016-12-14T00:00:00Z,13,2016,12,14,RB,RB7,1,152,23.1,0.3,2.81,Peacock eel,Macrognathus siamensis,Macrognathus,100,invasive,0,ZERO,0,0,0,NA,2017
2016-12-14T00:00:00Z,13,2016,12,14,RB,RB7,2,134,23.1,0.3,3.22,Peacock eel,Macrognathus siamensis,Macrognathus,100,invasive,0,ZERO,0,0,0,NA,2017
2016-12-14T00:00:00Z,13,2016,12,14,RB,RB7,3,82,23.1,0.3,3.45,Peacock eel,Macrognathus siamensis,Macrognathus,100,invasive,0,ZERO,0,0,0,NA,2017
2016-12-14T00:00:00Z,13,2016,12,14,RB,RB8,1,59,23.4,0.2,3.67,Peacock eel,Macrognathus siamensis,Macrognathus,100,invasive,0,ZERO,0,0,0,NA,2017
2016-12-14T00:00:00Z,13,2016,12,14,RB,RB8,2,95,23.3,0.2,4.54,Peacock eel,Macrognathus siamensis,Macrognathus,100,invasive,0,ZERO,0,0,0,NA,2017
2016-12-14T00:00:00Z,13,2016,12,14,RB,RB8,3,70,23.2,0.2,4.27,Peacock eel,Macrognathus siamensis,Macrognathus,100,invasive,0,ZERO,0,0,0,NA,2017
2016-12-13T00:00:00Z,13,2016,12,13,RB,RB9,1,127,23.7,0.2,4.47,Peacock eel,Macrognathus siamensis,Macrognathus,100,invasive,0,ZERO,0,0,0,NA,2017
2016-12-13T00:00:00Z,13,2016,12,13,RB,RB9,2,106,23.9,0.2,4.65,Peacock eel,Macrognathus siamensis,Macrognathus,100,invasive,0,ZERO,0,0,0,NA,2017
2016-12-13T00:00:00Z,13,2016,12,13,RB,RB9,3,136,24.1,0.2,4.75,Peacock eel,Macrognathus siamensis,Macrognathus,100,invasive,0,ZERO,0,0,0,NA,2017
2017-01-27T00:00:00Z,13,2017,1,27,RB,RB10,1,76.5,20.4,0.3,4.23,Peacock eel,Macrognathus siamensis,Macrognathus,100,invasive,0,ZERO,0,0,0,NA,2017
2017-01-27T00:00:00Z,13,2017,1,27,RB,RB10,2,95.5,20.8,0.3,5.02,Peacock eel,Macrognathus siamensis,Macrognathus,100,invasive,0,ZERO,0,0,0,NA,2017
2017-01-27T00:00:00Z,13,2017,1,27,RB,RB10,3,97.5,21.2,0.3,5.01,Peacock eel,Macrognathus siamensis,Macrognathus,100,invasive,0,ZERO,0,0,0,NA,2017
2017-01-28T00:00:00Z,13,2017,1,28,RB,RB11,1,126,18.7,0.3,4.24,Peacock eel,Macrognathus siamensis,Macrognathus,100,invasive,0,ZERO,0,0,0,NA,2017
2017-01-28T00:00:00Z,13,2017,1,28,RB,RB11,2,111,17.8,0.3,4.57,Peacock eel,Macrognathus siamensis,Macrognathus,100,invasive,0,ZERO,0,0,0,NA,2017
2017-01-28T00:00:00Z,13,2017,1,28,RB,RB11,3,80,17.9,0.3,4.9,Peacock eel,Macrognathus siamensis,Macrognathus,100,invasive,1,C,0,25.5,73,NA,2017
2017-01-28T00:00:00Z,13,2017,1,28,RB,RB11,3,80,17.9,0.3,4.9,Peacock eel,Macrognathus siamensis,Macrognathus,100,invasive,1,C,0,30.1,147,NA,2017
2017-01-28T00:00:00Z,13,2017,1,28,RB,RB13,1,99,20.7,0.3,4.66,Peacock eel,Macrognathus siamensis,Macrognathus,100,invasive,0,ZERO,0,0,0,NA,2017
2017-01-28T00:00:00Z,13,2017,1,28,RB,RB13,2,85,20.2,0.3,5.11,Peacock eel,Macrognathus siamensis,Macrognathus,100,invasive,0,ZERO,0,0,0,NA,2017
2017-01-28T00:00:00Z,13,2017,1,28,RB,RB13,3,127,20.2,0.3,4.98,Peacock eel,Macrognathus siamensis,Macrognathus,100,invasive,0,ZERO,0,0,0,NA,2017
2017-01-28T00:00:00Z,13,2017,1,28,RB,RB8,1,121,20.2,0.3,4.41,Peacock eel,Macrognathus siamensis,Macrognathus,100,invasive,0,ZERO,0,0,0,NA,2017
2017-01-28T00:00:00Z,13,2017,1,28,RB,RB8,2,61.2,20.5,0.3,4.24,Peacock eel,Macrognathus siamensis,Macrognathus,100,invasive,0,ZERO,0,0,0,NA,2017
2017-01-27T00:00:00Z,13,2017,1,27,RB,RB8,3,96.2,21.7,0.3,4.94,Peacock eel,Macrognathus siamensis,Macrognathus,100,invasive,0,ZERO,0,0,0,NA,2017
2017-01-27T00:00:00Z,13,2017,1,27,RB,RB9,1,127,20.9,0.3,4.82,Peacock eel,Macrognathus siamensis,Macrognathus,100,invasive,0,ZERO,0,0,0,NA,2017
2017-01-27T00:00:00Z,13,2017,1,27,RB,RB9,2,72.8,21.2,0.3,4.63,Peacock eel,Macrognathus siamensis,Macrognathus,100,invasive,0,ZERO,0,0,0,NA,2017
2017-01-27T00:00:00Z,13,2017,1,27,RB,RB9,3,83.9,21.3,0.3,4.71,Peacock eel,Macrognathus siamensis,Macrognathus,100,invasive,0,ZERO,0,0,0,NA,2017
2017-02-26T00:00:00Z,13,2017,2,26,RB,RB10,1,48.1,21.6,0.3,3.63,Peacock eel,Macrognathus siamensis,Macrognathus,100,invasive,0,ZERO,0,0,0,NA,2017
2017-02-26T00:00:00Z,13,2017,2,26,RB,RB10,2,64.6,22.2,0.3,4.04,Peacock eel,Macrognathus siamensis,Macrognathus,100,invasive,0,ZERO,0,0,0,NA,2017
2017-02-26T00:00:00Z,13,2017,2,26,RB,RB10,3,72.3,22.6,0.3,4.2,Peacock eel,Macrognathus siamensis,Macrognathus,100,invasive,0,ZERO,0,0,0,NA,2017
2017-02-26T00:00:00Z,13,2017,2,26,RB,RB11,1,70.6,21.3,0.3,3.52,Peacock eel,Macrognathus siamensis,Macrognathus,100,invasive,0,ZERO,0,0,0,NA,2017
2017-02-26T00:00:00Z,13,2017,2,26,RB,RB11,2,113,21.6,0.3,3.63,Peacock eel,Macrognathus siamensis,Macrognathus,100,invasive,0,ZERO,0,0,0,NA,2017
2017-02-26T00:00:00Z,13,2017,2,26,RB,RB11,3,70,21.1,0.3,3.48,Peacock eel,Macrognathus siamensis,Macrognathus,100,invasive,0,ZERO,0,0,0,NA,2017
2017-02-27T00:00:00Z,13,2017,2,27,RB,RB13,1,94.8,23.4,0.4,3.92,Peacock eel,Macrognathus siamensis,Macrognathus,100,invasive,0,ZERO,0,0,0,NA,2017
2017-02-27T00:00:00Z,13,2017,2,27,RB,RB13,2,118,23.7,0.4,4.27,Peacock eel,Macrognathus siamensis,Macrognathus,100,invasive,1,C,0,28.5,128,NA,2017
2017-02-27T00:00:00Z,13,2017,2,27,RB,RB13,3,90.3,23.9,0.4,4.34,Peacock eel,Macrognathus siamensis,Macrognathus,100,invasive,0,ZERO,0,0,0,NA,2017
2017-02-27T00:00:00Z,13,2017,2,27,RB,RB14,1,109,23.6,0.7,4.81,Peacock eel,Macrognathus siamensis,Macrognathus,100,invasive,0,ZERO,0,0,0,NA,2017
2017-02-27T00:00:00Z,13,2017,2,27,RB,RB14,2,83,23.8,0.6,5.07,Peacock eel,Macrognathus siamensis,Macrognathus,100,invasive,0,ZERO,0,0,0,NA,2017
2017-02-27T00:00:00Z,13,2017,2,27,RB,RB14,3,99.5,24.2,0.6,5.02,Peacock eel,Macrognathus siamensis,Macrognathus,100,invasive,0,ZERO,0,0,0,NA,2017
2017-02-26T00:00:00Z,13,2017,2,26,RB,RB8,1,90,23,0.3,4.94,Peacock eel,Macrognathus siamensis,Macrognathus,100,invasive,0,ZERO,0,0,0,NA,2017
2017-02-27T00:00:00Z,13,2017,2,27,RB,RB8,2,91.6,22.1,0.3,3.47,Peacock eel,Macrognathus siamensis,Macrognathus,100,invasive,0,ZERO,0,0,0,NA,2017
2017-02-27T00:00:00Z,13,2017,2,27,RB,RB8,3,70.5,20.4,0.3,3.26,Peacock eel,Macrognathus siamensis,Macrognathus,100,invasive,0,ZERO,0,0,0,NA,2017
2017-02-26T00:00:00Z,13,2017,2,26,RB,RB9,1,72.9,22,0.3,3.72,Peacock eel,Macrognathus siamensis,Macrognathus,100,invasive,0,ZERO,0,0,0,NA,2017
2017-02-26T00:00:00Z,13,2017,2,26,RB,RB9,2,53.6,22.2,0.3,3.53,Peacock eel,Macrognathus siamensis,Macrognathus,100,invasive,1,C,0,23.3,67,NA,2017
2017-02-26T00:00:00Z,13,2017,2,26,RB,RB9,3,63.8,22.4,0.3,3.9,Peacock eel,Macrognathus siamensis,Macrognathus,100,invasive,0,ZERO,0,0,0,NA,2017
2017-03-27T00:00:00Z,13,2017,3,27,RB,RB10,1,95.8,22.1,0.6,4.1,Peacock eel,Macrognathus siamensis,Macrognathus,100,invasive,0,ZERO,0,0,0,NA,2017
2017-03-27T00:00:00Z,13,2017,3,27,RB,RB10,2,135,23.5,0.6,4.27,Peacock eel,Macrognathus siamensis,Macrognathus,100,invasive,0,ZERO,0,0,0,NA,2017
2017-03-27T00:00:00Z,13,2017,3,27,RB,RB10,3,154,23.7,0.6,4.65,Peacock eel,Macrognathus siamensis,Macrognathus,100,invasive,0,ZERO,0,0,0,NA,2017
2017-03-29T00:00:00Z,13,2017,3,29,RB,RB11,1,131,23.7,0.8,5.05,Peacock eel,Macrognathus siamensis,Macrognathus,100,invasive,0,ZERO,0,0,0,NA,2017
2017-03-29T00:00:00Z,13,2017,3,29,RB,RB11,2,74.4,23.4,0.7,4.33,Peacock eel,Macrognathus siamensis,Macrognathus,100,invasive,0,ZERO,0,0,0,NA,2017
2017-03-29T00:00:00Z,13,2017,3,29,RB,RB11,3,37.8,23,0.6,4.21,Peacock eel,Macrognathus siamensis,Macrognathus,100,invasive,0,ZERO,0,0,0,NA,2017
2017-03-04T00:00:00Z,13,2017,3,4,RB,RB12,1,121,21.9,1.1,1.66,Peacock eel,Macrognathus siamensis,Macrognathus,100,invasive,0,ZERO,0,0,0,NA,2017
2017-03-04T00:00:00Z,13,2017,3,4,RB,RB12,2,109,22,1.1,1.9,Peacock eel,Macrognathus siamensis,Macrognathus,100,invasive,0,ZERO,0,0,0,NA,2017
2017-03-04T00:00:00Z,13,2017,3,4,RB,RB12,3,115,22,1,1.84,Peacock eel,Macrognathus siamensis,Macrognathus,100,invasive,0,ZERO,0,0,0,NA,2017
2017-03-29T00:00:00Z,13,2017,3,29,RB,RB13,1,129,25.6,1.8,5.33,Peacock eel,Macrognathus siamensis,Macrognathus,100,invasive,0,ZERO,0,0,0,NA,2017
2017-03-29T00:00:00Z,13,2017,3,29,RB,RB13,2,130,25.5,1.8,5.29,Peacock eel,Macrognathus siamensis,Macrognathus,100,invasive,0,ZERO,0,0,0,NA,2017
2017-03-29T00:00:00Z,13,2017,3,29,RB,RB13,3,58.9,25.2,1.3,5.22,Peacock eel,Macrognathus siamensis,Macrognathus,100,invasive,0,ZERO,0,0,0,NA,2017
2017-03-04T00:00:00Z,13,2017,3,4,RB,RB15,1,255,23.6,1.6,0.27,Peacock eel,Macrognathus siamensis,Macrognathus,100,invasive,0,ZERO,0,0,0,NA,2017
2017-03-04T00:00:00Z,13,2017,3,4,RB,RB15,2,124,23.6,1.5,0.48,Peacock eel,Macrognathus siamensis,Macrognathus,100,invasive,0,ZERO,0,0,0,NA,2017
2017-03-04T00:00:00Z,13,2017,3,4,RB,RB15,3,118,23.5,1.3,0.5,Peacock eel,Macrognathus siamensis,Macrognathus,100,invasive,0,ZERO,0,0,0,NA,2017
2017-03-03T00:00:00Z,13,2017,3,3,RB,RB16,1,159,23.7,2.2,3.5,Peacock eel,Macrognathus siamensis,Macrognathus,100,invasive,0,ZERO,0,0,0,NA,2017
2017-03-03T00:00:00Z,13,2017,3,3,RB,RB16,2,142,23.5,1.7,3.24,Peacock eel,Macrognathus siamensis,Macrognathus,100,invasive,0,ZERO,0,0,0,NA,2017
2017-03-03T00:00:00Z,13,2017,3,3,RB,RB16,3,125,23.6,1.3,2.7,Peacock eel,Macrognathus siamensis,Macrognathus,100,invasive,0,ZERO,0,0,0,NA,2017
2017-03-05T00:00:00Z,13,2017,3,5,RB,RB18,1,111,22,0.8,5.76,Peacock eel,Macrognathus siamensis,Macrognathus,100,invasive,0,ZERO,0,0,0,NA,2017
2017-03-05T00:00:00Z,13,2017,3,5,RB,RB18,2,109,21.8,0.7,5.12,Peacock eel,Macrognathus siamensis,Macrognathus,100,invasive,0,ZERO,0,0,0,NA,2017
2017-03-05T00:00:00Z,13,2017,3,5,RB,RB18,3,154,22,0.8,5.28,Peacock eel,Macrognathus siamensis,Macrognathus,100,invasive,0,ZERO,0,0,0,NA,2017
2017-03-05T00:00:00Z,13,2017,3,5,RB,RB7,1,154,21.7,1.6,0.55,Peacock eel,Macrognathus siamensis,Macrognathus,100,invasive,0,ZERO,0,0,0,NA,2017
2017-03-05T00:00:00Z,13,2017,3,5,RB,RB7,2,128,21.7,1.5,0.56,Peacock eel,Macrognathus siamensis,Macrognathus,100,invasive,0,ZERO,0,0,0,NA,2017
2017-03-05T00:00:00Z,13,2017,3,5,RB,RB7,3,126,21.6,1.4,0.99,Peacock eel,Macrognathus siamensis,Macrognathus,100,invasive,0,ZERO,0,0,0,NA,2017
2017-03-29T00:00:00Z,13,2017,3,29,RB,RB8,1,111,25.1,0.9,5.48,Peacock eel,Macrognathus siamensis,Macrognathus,100,invasive,0,ZERO,0,0,0,NA,2017
2017-03-29T00:00:00Z,13,2017,3,29,RB,RB8,2,110,25.3,0.8,5.65,Peacock eel,Macrognathus siamensis,Macrognathus,100,invasive,1,C,0,29.5,168,NA,2017
2017-03-29T00:00:00Z,13,2017,3,29,RB,RB8,3,37.8,25.3,0.8,5.42,Peacock eel,Macrognathus siamensis,Macrognathus,100,invasive,0,ZERO,0,0,0,NA,2017
2017-03-27T00:00:00Z,13,2017,3,27,RB,RB9,1,121,22.4,0.6,3.68,Peacock eel,Macrognathus siamensis,Macrognathus,100,invasive,0,ZERO,0,0,0,NA,2017
2017-03-27T00:00:00Z,13,2017,3,27,RB,RB9,2,72.4,22,0.5,3.3,Peacock eel,Macrognathus siamensis,Macrognathus,100,invasive,0,ZERO,0,0,0,NA,2017
2017-03-27T00:00:00Z,13,2017,3,27,RB,RB9,3,91.5,22.1,0.4,2.92,Peacock eel,Macrognathus siamensis,Macrognathus,100,invasive,0,ZERO,0,0,0,NA,2017
2017-04-25T00:00:00Z,13,2017,4,25,RB,RB10,1,88.4,24.8,4.1,3.97,Peacock eel,Macrognathus siamensis,Macrognathus,100,invasive,0,ZERO,0,0,0,NA,2017
2017-04-25T00:00:00Z,13,2017,4,25,RB,RB10,2,77.6,25.6,3.6,4.15,Peacock eel,Macrognathus siamensis,Macrognathus,100,invasive,0,ZERO,0,0,0,NA,2017
2017-04-25T00:00:00Z,13,2017,4,25,RB,RB10,3,100,25.8,3.5,4.4,Peacock eel,Macrognathus siamensis,Macrognathus,100,invasive,0,ZERO,0,0,0,NA,2017
2017-04-24T00:00:00Z,13,2017,4,24,RB,RB11,1,94.9,26.5,2.8,5.44,Peacock eel,Macrognathus siamensis,Macrognathus,100,invasive,0,ZERO,0,0,0,NA,2017
2017-04-24T00:00:00Z,13,2017,4,24,RB,RB11,2,52.4,26.5,2.6,5.22,Peacock eel,Macrognathus siamensis,Macrognathus,100,invasive,0,ZERO,0,0,0,NA,2017
2017-04-24T00:00:00Z,13,2017,4,24,RB,RB11,3,67.3,26.3,2.4,5.06,Peacock eel,Macrognathus siamensis,Macrognathus,100,invasive,0,ZERO,0,0,0,NA,2017
2017-04-24T00:00:00Z,13,2017,4,24,RB,RB12,1,149,24,6.9,2.2,Peacock eel,Macrognathus siamensis,Macrognathus,100,invasive,0,ZERO,0,0,0,NA,2017
2017-04-24T00:00:00Z,13,2017,4,24,RB,RB12,2,98.9,24.6,6.8,2.32,Peacock eel,Macrognathus siamensis,Macrognathus,100,invasive,0,ZERO,0,0,0,NA,2017
2017-04-24T00:00:00Z,13,2017,4,24,RB,RB12,3,82.6,25,6.8,2.3,Peacock eel,Macrognathus siamensis,Macrognathus,100,invasive,0,ZERO,0,0,0,NA,2017
2017-04-25T00:00:00Z,13,2017,4,25,RB,RB13,1,104,25.2,8.6,3.1,Peacock eel,Macrognathus siamensis,Macrognathus,100,invasive,0,ZERO,0,0,0,NA,2017
2017-04-25T00:00:00Z,13,2017,4,25,RB,RB13,2,109,25.1,8.3,3.8,Peacock eel,Macrognathus siamensis,Macrognathus,100,invasive,0,ZERO,0,0,0,NA,2017
2017-04-25T00:00:00Z,13,2017,4,25,RB,RB13,3,84,25.3,8.5,3.9,Peacock eel,Macrognathus siamensis,Macrognathus,100,invasive,0,ZERO,0,0,0,NA,2017
2017-04-26T00:00:00Z,13,2017,4,26,RB,RB8,1,87.4,25.1,8.4,4.15,Peacock eel,Macrognathus siamensis,Macrognathus,100,invasive,0,ZERO,0,0,0,NA,2017
2017-04-25T00:00:00Z,13,2017,4,25,RB,RB8,2,72.1,26.5,7.7,4.96,Peacock eel,Macrognathus siamensis,Macrognathus,100,invasive,0,ZERO,0,0,0,NA,2017
2017-04-25T00:00:00Z,13,2017,4,25,RB,RB8,3,60.1,26.7,7,5.22,Peacock eel,Macrognathus siamensis,Macrognathus,100,invasive,0,ZERO,0,0,0,NA,2017
2017-04-25T00:00:00Z,13,2017,4,25,RB,RB9,1,97.3,26.3,4.4,5.1,Peacock eel,Macrognathus siamensis,Macrognathus,100,invasive,0,ZERO,0,0,0,NA,2017
2017-04-25T00:00:00Z,13,2017,4,25,RB,RB9,2,93.3,26.4,4.3,4.97,Peacock eel,Macrognathus siamensis,Macrognathus,100,invasive,0,ZERO,0,0,0,NA,2017
2017-04-25T00:00:00Z,13,2017,4,25,RB,RB9,3,136,26.3,4.2,4.69,Peacock eel,Macrognathus siamensis,Macrognathus,100,invasive,0,ZERO,0,0,0,NA,2017
2017-05-31T00:00:00Z,13,2017,5,31,RB,RB10,1,86.7,28.5,2.8,2.29,Peacock eel,Macrognathus siamensis,Macrognathus,100,invasive,0,ZERO,0,0,0,NA,2017
2017-05-31T00:00:00Z,13,2017,5,31,RB,RB10,2,90.2,28.6,2.6,2.17,Peacock eel,Macrognathus siamensis,Macrognathus,100,invasive,0,ZERO,0,0,0,NA,2017
2017-05-31T00:00:00Z,13,2017,5,31,RB,RB10,3,56.2,28.7,2.3,2.42,Peacock eel,Macrognathus siamensis,Macrognathus,100,invasive,0,ZERO,0,0,0,NA,2017
2017-05-31T00:00:00Z,13,2017,5,31,RB,RB8,3,72.8,30,3.3,3.02,Peacock eel,Macrognathus siamensis,Macrognathus,100,invasive,0,ZERO,0,0,0,NA,2017
2017-05-31T00:00:00Z,13,2017,5,31,RB,RB9,1,77.6,28.7,2.2,2.25,Peacock eel,Macrognathus siamensis,Macrognathus,100,invasive,0,ZERO,0,0,0,NA,2017
2017-05-31T00:00:00Z,13,2017,5,31,RB,RB9,2,54.6,28.3,1.9,2,Peacock eel,Macrognathus siamensis,Macrognathus,100,invasive,0,ZERO,0,0,0,NA,2017
2017-05-31T00:00:00Z,13,2017,5,31,RB,RB9,3,72.3,28,1.7,1.91,Peacock eel,Macrognathus siamensis,Macrognathus,100,invasive,0,ZERO,0,0,0,NA,2017
2017-06-01T00:00:00Z,13,2017,6,1,RB,RB11,1,109,27.9,2.6,2.17,Peacock eel,Macrognathus siamensis,Macrognathus,100,invasive,0,ZERO,0,0,0,NA,2017
2017-06-01T00:00:00Z,13,2017,6,1,RB,RB11,2,77.4,27.8,2.4,2.25,Peacock eel,Macrognathus siamensis,Macrognathus,100,invasive,0,ZERO,0,0,0,NA,2017
2017-06-01T00:00:00Z,13,2017,6,1,RB,RB11,3,67.1,27.9,2.3,3.35,Peacock eel,Macrognathus siamensis,Macrognathus,100,invasive,0,ZERO,0,0,0,NA,2017
2017-06-01T00:00:00Z,13,2017,6,1,RB,RB13,1,94.3,30.5,6.7,3.4,Peacock eel,Macrognathus siamensis,Macrognathus,100,invasive,0,ZERO,0,0,0,NA,2017
2017-06-01T00:00:00Z,13,2017,6,1,RB,RB13,2,74.3,30.1,6.7,3.27,Peacock eel,Macrognathus siamensis,Macrognathus,100,invasive,0,ZERO,0,0,0,NA,2017
2017-06-01T00:00:00Z,13,2017,6,1,RB,RB13,3,76.4,30.5,6.1,3.98,Peacock eel,Macrognathus siamensis,Macrognathus,100,invasive,0,ZERO,0,0,0,NA,2017
2017-06-01T00:00:00Z,13,2017,6,1,RB,RB8,1,97.2,28.3,3.2,2.24,Peacock eel,Macrognathus siamensis,Macrognathus,100,invasive,0,ZERO,0,0,0,NA,2017
2017-06-01T00:00:00Z,13,2017,6,1,RB,RB8,2,104,28.4,3,2.34,Peacock eel,Macrognathus siamensis,Macrognathus,100,invasive,0,ZERO,0,0,0,NA,2017
2017-12-02T00:00:00Z,14,2017,12,2,RB,RB10,1,122,24,0.2,3.04,Peacock eel,Macrognathus siamensis,Macrognathus,100,invasive,0,ZERO,0,0,0,NA,2018
2017-12-02T00:00:00Z,14,2017,12,2,RB,RB10,2,95.7,24.1,0.2,3.21,Peacock eel,Macrognathus siamensis,Macrognathus,100,invasive,0,ZERO,0,0,0,NA,2018
2017-12-02T00:00:00Z,14,2017,12,2,RB,RB10,3,108,24.2,0.2,3.52,Peacock eel,Macrognathus siamensis,Macrognathus,100,invasive,0,ZERO,0,0,0,NA,2018
2017-12-02T00:00:00Z,14,2017,12,2,RB,RB11,2,81.2,23.9,0.1,2.63,Peacock eel,Macrognathus siamensis,Macrognathus,100,invasive,0,ZERO,0,0,0,NA,2018
2017-12-02T00:00:00Z,14,2017,12,2,RB,RB11,3,96.3,23.9,0.1,2.55,Peacock eel,Macrognathus siamensis,Macrognathus,100,invasive,0,ZERO,0,0,0,NA,2018
2017-12-03T00:00:00Z,14,2017,12,3,RB,RB12,1,141,23.4,0.2,2.63,Peacock eel,Macrognathus siamensis,Macrognathus,100,invasive,0,ZERO,0,0,0,NA,2018
2017-12-03T00:00:00Z,14,2017,12,3,RB,RB12,2,93.7,23.4,0.2,2.56,Peacock eel,Macrognathus siamensis,Macrognathus,100,invasive,0,ZERO,0,0,0,NA,2018
2017-12-03T00:00:00Z,14,2017,12,3,RB,RB12,3,117,23.6,0.2,2.49,Peacock eel,Macrognathus siamensis,Macrognathus,100,invasive,0,ZERO,0,0,0,NA,2018
2017-12-01T00:00:00Z,14,2017,12,1,RB,RB13,1,50,24.3,0.2,2.93,Peacock eel,Macrognathus siamensis,Macrognathus,100,invasive,0,ZERO,0,0,0,NA,2018
2017-12-01T00:00:00Z,14,2017,12,1,RB,RB13,2,80,24.5,0.2,3.72,Peacock eel,Macrognathus siamensis,Macrognathus,100,invasive,0,ZERO,0,0,0,NA,2018
2017-12-01T00:00:00Z,14,2017,12,1,RB,RB13,3,96,24.7,0.2,3.2,Peacock eel,Macrognathus siamensis,Macrognathus,100,invasive,0,ZERO,0,0,0,NA,2018
2017-12-02T00:00:00Z,14,2017,12,2,RB,RB14,1,94.3,24.6,0.2,3.51,Peacock eel,Macrognathus siamensis,Macrognathus,100,invasive,0,ZERO,0,0,0,NA,2018
2017-12-02T00:00:00Z,14,2017,12,2,RB,RB14,2,76.6,24.6,0.2,3.68,Peacock eel,Macrognathus siamensis,Macrognathus,100,invasive,0,ZERO,0,0,0,NA,2018
2017-12-02T00:00:00Z,14,2017,12,2,RB,RB14,3,91.2,24.6,0.2,3.68,Peacock eel,Macrognathus siamensis,Macrognathus,100,invasive,0,ZERO,0,0,0,NA,2018
2017-12-10T00:00:00Z,14,2017,12,10,RB,RB15,1,117,20.9,0.2,3.51,Peacock eel,Macrognathus siamensis,Macrognathus,100,invasive,0,ZERO,0,0,0,NA,2018
2017-12-10T00:00:00Z,14,2017,12,10,RB,RB15,2,81.1,20.9,0.2,3.87,Peacock eel,Macrognathus siamensis,Macrognathus,100,invasive,0,ZERO,0,0,0,NA,2018
2017-12-10T00:00:00Z,14,2017,12,10,RB,RB15,3,116,20.8,0.2,3.85,Peacock eel,Macrognathus siamensis,Macrognathus,100,invasive,0,ZERO,0,0,0,NA,2018
2017-12-11T00:00:00Z,14,2017,12,11,RB,RB16,1,101,15.5,0.2,7.18,Peacock eel,Macrognathus siamensis,Macrognathus,100,invasive,0,ZERO,0,0,0,NA,2018
2017-12-11T00:00:00Z,14,2017,12,11,RB,RB16,2,93.5,15.7,0.3,7.2,Peacock eel,Macrognathus siamensis,Macrognathus,100,invasive,0,ZERO,0,0,0,NA,2018
2017-12-11T00:00:00Z,14,2017,12,11,RB,RB16,3,81.5,15.9,0.3,8.12,Peacock eel,Macrognathus siamensis,Macrognathus,100,invasive,1,C,26.8,22.4,87,NA,2018
2017-12-03T00:00:00Z,14,2017,12,3,RB,RB18,1,86.4,23.9,0.2,3.16,Peacock eel,Macrognathus siamensis,Macrognathus,100,invasive,0,ZERO,0,0,0,NA,2018
2017-12-03T00:00:00Z,14,2017,12,3,RB,RB18,2,88.6,24.1,0.2,3.22,Peacock eel,Macrognathus siamensis,Macrognathus,100,invasive,1,C,21.3,22.4,60,NA,2018
2017-12-03T00:00:00Z,14,2017,12,3,RB,RB18,3,98.7,24.1,0.2,3.24,Peacock eel,Macrognathus siamensis,Macrognathus,100,invasive,0,ZERO,0,0,0,NA,2018
2017-12-03T00:00:00Z,14,2017,12,3,RB,RB7,1,101,23,0.2,2.45,Peacock eel,Macrognathus siamensis,Macrognathus,100,invasive,0,ZERO,0,0,0,NA,2018
2017-12-03T00:00:00Z,14,2017,12,3,RB,RB7,2,75.5,23,0.2,2.62,Peacock eel,Macrognathus siamensis,Macrognathus,100,invasive,0,ZERO,0,0,0,NA,2018
2017-12-03T00:00:00Z,14,2017,12,3,RB,RB7,3,94,23.1,0.2,2.87,Peacock eel,Macrognathus siamensis,Macrognathus,100,invasive,0,ZERO,0,0,0,NA,2018
2017-12-01T00:00:00Z,14,2017,12,1,RB,RB8,2,113,24.9,0.2,2.93,Peacock eel,Macrognathus siamensis,Macrognathus,100,invasive,0,ZERO,0,0,0,NA,2018
2017-12-01T00:00:00Z,14,2017,12,1,RB,RB8,3,97,25,0.2,3.59,Peacock eel,Macrognathus siamensis,Macrognathus,100,invasive,0,ZERO,0,0,0,NA,2018
2017-12-02T00:00:00Z,14,2017,12,2,RB,RB9,1,142,24.2,0.2,2.4,Peacock eel,Macrognathus siamensis,Macrognathus,100,invasive,0,ZERO,0,0,0,NA,2018
2017-12-02T00:00:00Z,14,2017,12,2,RB,RB9,3,96.4,24.7,0.2,2.58,Peacock eel,Macrognathus siamensis,Macrognathus,100,invasive,0,ZERO,0,0,0,NA,2018
2018-01-26T00:00:00Z,14,2018,1,26,RB,RB10,1,87.6,20,0.2,5.41,Peacock eel,Macrognathus siamensis,Macrognathus,100,invasive,2,S,0,25.08205128205128,81.30379746835443,NA,2018
2018-01-26T00:00:00Z,14,2018,1,26,RB,RB10,1,87.6,20,0.2,5.41,Peacock eel,Macrognathus siamensis,Macrognathus,100,invasive,1,C,23.6,24.9,59,NA,2018
2018-01-26T00:00:00Z,14,2018,1,26,RB,RB10,1,87.6,20,0.2,5.41,Peacock eel,Macrognathus siamensis,Macrognathus,100,invasive,1,C,25.2,25.08205128205128,74,NA,2018
2018-01-26T00:00:00Z,14,2018,1,26,RB,RB10,1,87.6,20,0.2,5.41,Peacock eel,Macrognathus siamensis,Macrognathus,100,invasive,1,C,26.5,27.7,92,NA,2018
2018-01-26T00:00:00Z,14,2018,1,26,RB,RB10,2,67.4,20.3,0.2,5.71,Peacock eel,Macrognathus siamensis,Macrognathus,100,invasive,1,C,25.5,27,108,NA,2018
2018-01-26T00:00:00Z,14,2018,1,26,RB,RB10,2,67.4,20.3,0.2,5.71,Peacock eel,Macrognathus siamensis,Macrognathus,100,invasive,1,C,25.5,27,104,NA,2018
2018-01-26T00:00:00Z,14,2018,1,26,RB,RB10,2,67.4,20.3,0.2,5.71,Peacock eel,Macrognathus siamensis,Macrognathus,100,invasive,1,C,25,26.5,78,NA,2018
2018-01-26T00:00:00Z,14,2018,1,26,RB,RB10,2,67.4,20.3,0.2,5.71,Peacock eel,Macrognathus siamensis,Macrognathus,100,invasive,1,C,25.5,26.5,86,NA,2018
2018-01-26T00:00:00Z,14,2018,1,26,RB,RB10,2,67.4,20.3,0.2,5.71,Peacock eel,Macrognathus siamensis,Macrognathus,100,invasive,1,C,24,25.1,65,NA,2018
2018-01-26T00:00:00Z,14,2018,1,26,RB,RB10,3,84.7,20.6,0.2,6.04,Peacock eel,Macrognathus siamensis,Macrognathus,100,invasive,1,C,24.8,25.9,99,NA,2018
2018-01-26T00:00:00Z,14,2018,1,26,RB,RB10,3,84.7,20.6,0.2,6.04,Peacock eel,Macrognathus siamensis,Macrognathus,100,invasive,1,C,27.3,28.4,102,NA,2018
2018-01-26T00:00:00Z,14,2018,1,26,RB,RB10,3,84.7,20.6,0.2,6.04,Peacock eel,Macrognathus siamensis,Macrognathus,100,invasive,1,C,19.9,21.1,45,NA,2018
2018-01-26T00:00:00Z,14,2018,1,26,RB,RB10,3,84.7,20.6,0.2,6.04,Peacock eel,Macrognathus siamensis,Macrognathus,100,invasive,1,C,22.6,23.5,65,NA,2018
2018-01-26T00:00:00Z,14,2018,1,26,RB,RB10,3,84.7,20.6,0.2,6.04,Peacock eel,Macrognathus siamensis,Macrognathus,100,invasive,1,C,20.8,25.08205128205128,54,NA,2018
2018-01-26T00:00:00Z,14,2018,1,26,RB,RB10,3,84.7,20.6,0.2,6.04,Peacock eel,Macrognathus siamensis,Macrognathus,100,invasive,1,C,22.7,23.6,62,NA,2018
2018-01-26T00:00:00Z,14,2018,1,26,RB,RB10,3,84.7,20.6,0.2,6.04,Peacock eel,Macrognathus siamensis,Macrognathus,100,invasive,1,C,27.7,28.8,138,NA,2018
2018-01-26T00:00:00Z,14,2018,1,26,RB,RB11,1,91,21,0.2,6.28,Peacock eel,Macrognathus siamensis,Macrognathus,100,invasive,1,C,25.5,26.5,83,NA,2018
2018-01-26T00:00:00Z,14,2018,1,26,RB,RB11,1,91,21,0.2,6.28,Peacock eel,Macrognathus siamensis,Macrognathus,100,invasive,1,C,23.7,24.7,71,NA,2018
2018-01-26T00:00:00Z,14,2018,1,26,RB,RB11,1,91,21,0.2,6.28,Peacock eel,Macrognathus siamensis,Macrognathus,100,invasive,1,C,25.5,24.2,74,NA,2018
2018-01-26T00:00:00Z,14,2018,1,26,RB,RB11,1,91,21,0.2,6.28,Peacock eel,Macrognathus siamensis,Macrognathus,100,invasive,1,C,26,27.8,100,NA,2018
2018-01-26T00:00:00Z,14,2018,1,26,RB,RB11,1,91,21,0.2,6.28,Peacock eel,Macrognathus siamensis,Macrognathus,100,invasive,1,C,21.4,22.3,57,NA,2018
2018-01-26T00:00:00Z,14,2018,1,26,RB,RB11,2,84.7,21.3,0.2,5.5,Peacock eel,Macrognathus siamensis,Macrognathus,100,invasive,3,S,0,25.08205128205128,81.30379746835443,NA,2018
2018-01-26T00:00:00Z,14,2018,1,26,RB,RB11,2,84.7,21.3,0.2,5.5,Peacock eel,Macrognathus siamensis,Macrognathus,100,invasive,1,C,25.5,27,98,NA,2018
2018-01-26T00:00:00Z,14,2018,1,26,RB,RB11,2,84.7,21.3,0.2,5.5,Peacock eel,Macrognathus siamensis,Macrognathus,100,invasive,1,C,24,25.2,74,NA,2018
2018-01-26T00:00:00Z,14,2018,1,26,RB,RB11,2,84.7,21.3,0.2,5.5,Peacock eel,Macrognathus siamensis,Macrognathus,100,invasive,1,C,24.5,25.6,103,NA,2018
2018-01-26T00:00:00Z,14,2018,1,26,RB,RB11,2,84.7,21.3,0.2,5.5,Peacock eel,Macrognathus siamensis,Macrognathus,100,invasive,1,C,24.5,25.7,92,NA,2018
2018-01-26T00:00:00Z,14,2018,1,26,RB,RB11,2,84.7,21.3,0.2,5.5,Peacock eel,Macrognathus siamensis,Macrognathus,100,invasive,1,C,22.5,23.5,70,NA,2018
2018-01-26T00:00:00Z,14,2018,1,26,RB,RB11,2,84.7,21.3,0.2,5.5,Peacock eel,Macrognathus siamensis,Macrognathus,100,invasive,1,C,24.2,25.1,99,NA,2018
2018-01-26T00:00:00Z,14,2018,1,26,RB,RB11,2,84.7,21.3,0.2,5.5,Peacock eel,Macrognathus siamensis,Macrognathus,100,invasive,1,C,24.3,25.5,89,NA,2018
2018-01-26T00:00:00Z,14,2018,1,26,RB,RB11,2,84.7,21.3,0.2,5.5,Peacock eel,Macrognathus siamensis,Macrognathus,100,invasive,1,C,25,26.7,101,NA,2018
2018-01-26T00:00:00Z,14,2018,1,26,RB,RB11,2,84.7,21.3,0.2,5.5,Peacock eel,Macrognathus siamensis,Macrognathus,100,invasive,1,C,21.5,22.7,66,NA,2018
2018-01-26T00:00:00Z,14,2018,1,26,RB,RB11,2,84.7,21.3,0.2,5.5,Peacock eel,Macrognathus siamensis,Macrognathus,100,invasive,1,C,21.5,22.7,63,NA,2018
2018-01-26T00:00:00Z,14,2018,1,26,RB,RB11,2,84.7,21.3,0.2,5.5,Peacock eel,Macrognathus siamensis,Macrognathus,100,invasive,1,C,21.6,23,68,NA,2018
2018-01-26T00:00:00Z,14,2018,1,26,RB,RB11,3,60.1,21.3,0.2,7.62,Peacock eel,Macrognathus siamensis,Macrognathus,100,invasive,5,S,0,25.08205128205128,81.30379746835443,NA,2018
2018-01-26T00:00:00Z,14,2018,1,26,RB,RB11,3,60.1,21.3,0.2,7.62,Peacock eel,Macrognathus siamensis,Macrognathus,100,invasive,1,C,0,27.3,106,NA,2018
2018-01-26T00:00:00Z,14,2018,1,26,RB,RB11,3,60.1,21.3,0.2,7.62,Peacock eel,Macrognathus siamensis,Macrognathus,100,invasive,1,C,0,26.4,80,NA,2018
2018-01-26T00:00:00Z,14,2018,1,26,RB,RB11,3,60.1,21.3,0.2,7.62,Peacock eel,Macrognathus siamensis,Macrognathus,100,invasive,1,C,0,25.5,76,NA,2018
2018-01-26T00:00:00Z,14,2018,1,26,RB,RB11,3,60.1,21.3,0.2,7.62,Peacock eel,Macrognathus siamensis,Macrognathus,100,invasive,1,C,0,25.2,80,NA,2018
2018-01-26T00:00:00Z,14,2018,1,26,RB,RB11,3,60.1,21.3,0.2,7.62,Peacock eel,Macrognathus siamensis,Macrognathus,100,invasive,1,C,0,28,109,NA,2018
2018-01-26T00:00:00Z,14,2018,1,26,RB,RB11,3,60.1,21.3,0.2,7.62,Peacock eel,Macrognathus siamensis,Macrognathus,100,invasive,1,C,0,26,98,NA,2018
2018-01-26T00:00:00Z,14,2018,1,26,RB,RB11,3,60.1,21.3,0.2,7.62,Peacock eel,Macrognathus siamensis,Macrognathus,100,invasive,1,C,0,23.2,50,NA,2018
2018-01-26T00:00:00Z,14,2018,1,26,RB,RB11,3,60.1,21.3,0.2,7.62,Peacock eel,Macrognathus siamensis,Macrognathus,100,invasive,1,C,0,22.2,42,NA,2018
2018-01-26T00:00:00Z,14,2018,1,26,RB,RB11,3,60.1,21.3,0.2,7.62,Peacock eel,Macrognathus siamensis,Macrognathus,100,invasive,1,C,0,24.6,81.30379746835443,NA,2018
2018-01-26T00:00:00Z,14,2018,1,26,RB,RB11,3,60.1,21.3,0.2,7.62,Peacock eel,Macrognathus siamensis,Macrognathus,100,invasive,1,C,0,23.8,60,NA,2018
2018-01-26T00:00:00Z,14,2018,1,26,RB,RB11,3,60.1,21.3,0.2,7.62,Peacock eel,Macrognathus siamensis,Macrognathus,100,invasive,1,C,0,25.2,68,NA,2018
2018-01-26T00:00:00Z,14,2018,1,26,RB,RB11,3,60.1,21.3,0.2,7.62,Peacock eel,Macrognathus siamensis,Macrognathus,100,invasive,1,C,0,23,73,NA,2018
2018-01-26T00:00:00Z,14,2018,1,26,RB,RB11,3,60.1,21.3,0.2,7.62,Peacock eel,Macrognathus siamensis,Macrognathus,100,invasive,1,C,0,24,68,NA,2018
2018-01-26T00:00:00Z,14,2018,1,26,RB,RB11,3,60.1,21.3,0.2,7.62,Peacock eel,Macrognathus siamensis,Macrognathus,100,invasive,1,C,0,23.2,64,NA,2018
2018-01-26T00:00:00Z,14,2018,1,26,RB,RB11,3,60.1,21.3,0.2,7.62,Peacock eel,Macrognathus siamensis,Macrognathus,100,invasive,1,C,0,22.5,54,NA,2018
2018-01-26T00:00:00Z,14,2018,1,26,RB,RB11,3,60.1,21.3,0.2,7.62,Peacock eel,Macrognathus siamensis,Macrognathus,100,invasive,1,C,0,21.5,53,NA,2018
2018-01-26T00:00:00Z,14,2018,1,26,RB,RB11,3,60.1,21.3,0.2,7.62,Peacock eel,Macrognathus siamensis,Macrognathus,100,invasive,1,C,0,24.3,86,NA,2018
2018-01-26T00:00:00Z,14,2018,1,26,RB,RB11,3,60.1,21.3,0.2,7.62,Peacock eel,Macrognathus siamensis,Macrognathus,100,invasive,1,C,0,26.7,103,NA,2018
2018-01-26T00:00:00Z,14,2018,1,26,RB,RB11,3,60.1,21.3,0.2,7.62,Peacock eel,Macrognathus siamensis,Macrognathus,100,invasive,1,C,0,25.2,73,NA,2018
2018-01-26T00:00:00Z,14,2018,1,26,RB,RB11,3,60.1,21.3,0.2,7.62,Peacock eel,Macrognathus siamensis,Macrognathus,100,invasive,1,C,0,24.5,76,NA,2018
2018-01-27T00:00:00Z,14,2018,1,27,RB,RB13,1,72.1,19.6,0.2,5.52,Peacock eel,Macrognathus siamensis,Macrognathus,100,invasive,1,S,0,25.08205128205128,81.30379746835443,NA,2018
2018-01-27T00:00:00Z,14,2018,1,27,RB,RB13,1,72.1,19.6,0.2,5.52,Peacock eel,Macrognathus siamensis,Macrognathus,100,invasive,1,C,0,24,78,NA,2018
2018-01-27T00:00:00Z,14,2018,1,27,RB,RB13,2,70.2,19.6,0.3,5.41,Peacock eel,Macrognathus siamensis,Macrognathus,100,invasive,1,C,0,26.3,96,NA,2018
2018-01-27T00:00:00Z,14,2018,1,27,RB,RB13,2,70.2,19.6,0.3,5.41,Peacock eel,Macrognathus siamensis,Macrognathus,100,invasive,1,C,0,26,99,NA,2018
2018-01-27T00:00:00Z,14,2018,1,27,RB,RB13,2,70.2,19.6,0.3,5.41,Peacock eel,Macrognathus siamensis,Macrognathus,100,invasive,1,C,0,25.2,83,NA,2018
2018-01-27T00:00:00Z,14,2018,1,27,RB,RB13,3,76.6,19.7,0.3,5.5,Peacock eel,Macrognathus siamensis,Macrognathus,100,invasive,1,C,0,25.5,76,NA,2018
2018-01-27T00:00:00Z,14,2018,1,27,RB,RB13,3,76.6,19.7,0.3,5.5,Peacock eel,Macrognathus siamensis,Macrognathus,100,invasive,1,C,0,26,79,NA,2018
2018-01-27T00:00:00Z,14,2018,1,27,RB,RB8,1,74.2,19.8,0.2,5.23,Peacock eel,Macrognathus siamensis,Macrognathus,100,invasive,0,ZERO,0,0,0,NA,2018
2018-01-27T00:00:00Z,14,2018,1,27,RB,RB8,2,82.4,20,0.3,4.88,Peacock eel,Macrognathus siamensis,Macrognathus,100,invasive,1,S,0,25.08205128205128,81.30379746835443,NA,2018
2018-01-27T00:00:00Z,14,2018,1,27,RB,RB8,2,82.4,20,0.3,4.88,Peacock eel,Macrognathus siamensis,Macrognathus,100,invasive,1,C,0,25.5,86,NA,2018
2018-01-27T00:00:00Z,14,2018,1,27,RB,RB8,2,82.4,20,0.3,4.88,Peacock eel,Macrognathus siamensis,Macrognathus,100,invasive,1,C,0,25.5,83,NA,2018
2018-01-27T00:00:00Z,14,2018,1,27,RB,RB8,3,62.4,20.3,0.3,5.07,Peacock eel,Macrognathus siamensis,Macrognathus,100,invasive,1,C,0,24.7,94,NA,2018
2018-01-27T00:00:00Z,14,2018,1,27,RB,RB8,3,62.4,20.3,0.3,5.07,Peacock eel,Macrognathus siamensis,Macrognathus,100,invasive,1,C,0,27.3,98,NA,2018
2018-01-27T00:00:00Z,14,2018,1,27,RB,RB8,3,62.4,20.3,0.3,5.07,Peacock eel,Macrognathus siamensis,Macrognathus,100,invasive,1,C,0,24.2,81,NA,2018
2018-01-27T00:00:00Z,14,2018,1,27,RB,RB9,1,98.2,20.6,0.3,5.16,Peacock eel,Macrognathus siamensis,Macrognathus,100,invasive,3,S,0,25.08205128205128,81.30379746835443,NA,2018
2018-01-27T00:00:00Z,14,2018,1,27,RB,RB9,1,98.2,20.6,0.3,5.16,Peacock eel,Macrognathus siamensis,Macrognathus,100,invasive,1,C,0,27,104,NA,2018
2018-01-27T00:00:00Z,14,2018,1,27,RB,RB9,1,98.2,20.6,0.3,5.16,Peacock eel,Macrognathus siamensis,Macrognathus,100,invasive,1,C,0,24.5,71,NA,2018
2018-01-27T00:00:00Z,14,2018,1,27,RB,RB9,1,98.2,20.6,0.3,5.16,Peacock eel,Macrognathus siamensis,Macrognathus,100,invasive,1,C,0,24.3,72,NA,2018
2018-01-27T00:00:00Z,14,2018,1,27,RB,RB9,1,98.2,20.6,0.3,5.16,Peacock eel,Macrognathus siamensis,Macrognathus,100,invasive,1,C,0,27,95,NA,2018
2018-01-27T00:00:00Z,14,2018,1,27,RB,RB9,1,98.2,20.6,0.3,5.16,Peacock eel,Macrognathus siamensis,Macrognathus,100,invasive,1,C,0,27.7,111,NA,2018
2018-01-27T00:00:00Z,14,2018,1,27,RB,RB9,1,98.2,20.6,0.3,5.16,Peacock eel,Macrognathus siamensis,Macrognathus,100,invasive,1,C,0,21.4,50,NA,2018
2018-01-27T00:00:00Z,14,2018,1,27,RB,RB9,1,98.2,20.6,0.3,5.16,Peacock eel,Macrognathus siamensis,Macrognathus,100,invasive,1,C,0,25,80,NA,2018
2018-01-27T00:00:00Z,14,2018,1,27,RB,RB9,1,98.2,20.6,0.3,5.16,Peacock eel,Macrognathus siamensis,Macrognathus,100,invasive,1,C,0,24.8,80,NA,2018
2018-01-27T00:00:00Z,14,2018,1,27,RB,RB9,2,68.4,20.8,0.3,5.54,Peacock eel,Macrognathus siamensis,Macrognathus,100,invasive,1,S,0,25.08205128205128,81.30379746835443,NA,2018
2018-01-27T00:00:00Z,14,2018,1,27,RB,RB9,2,68.4,20.8,0.3,5.54,Peacock eel,Macrognathus siamensis,Macrognathus,100,invasive,1,C,0,29.5,160,NA,2018
2018-01-27T00:00:00Z,14,2018,1,27,RB,RB9,2,68.4,20.8,0.3,5.54,Peacock eel,Macrognathus siamensis,Macrognathus,100,invasive,1,C,0,23.1,78,NA,2018
2018-01-27T00:00:00Z,14,2018,1,27,RB,RB9,2,68.4,20.8,0.3,5.54,Peacock eel,Macrognathus siamensis,Macrognathus,100,invasive,1,C,0,24,72,NA,2018
2018-01-27T00:00:00Z,14,2018,1,27,RB,RB9,2,68.4,20.8,0.3,5.54,Peacock eel,Macrognathus siamensis,Macrognathus,100,invasive,1,C,0,24,77,NA,2018
2018-01-27T00:00:00Z,14,2018,1,27,RB,RB9,2,68.4,20.8,0.3,5.54,Peacock eel,Macrognathus siamensis,Macrognathus,100,invasive,1,C,0,23,62,NA,2018
2018-01-27T00:00:00Z,14,2018,1,27,RB,RB9,3,94.2,21.1,0.2,5.25,Peacock eel,Macrognathus siamensis,Macrognathus,100,invasive,1,C,0,25.4,84,NA,2018
2018-01-27T00:00:00Z,14,2018,1,27,RB,RB9,3,94.2,21.1,0.2,5.25,Peacock eel,Macrognathus siamensis,Macrognathus,100,invasive,1,C,0,28,115,NA,2018
2018-01-27T00:00:00Z,14,2018,1,27,RB,RB9,3,94.2,21.1,0.2,5.25,Peacock eel,Macrognathus siamensis,Macrognathus,100,invasive,1,C,0,25.2,82,NA,2018
2018-01-27T00:00:00Z,14,2018,1,27,RB,RB9,3,94.2,21.1,0.2,5.25,Peacock eel,Macrognathus siamensis,Macrognathus,100,invasive,1,C,0,23,69,NA,2018
2018-01-27T00:00:00Z,14,2018,1,27,RB,RB9,3,94.2,21.1,0.2,5.25,Peacock eel,Macrognathus siamensis,Macrognathus,100,invasive,1,C,0,22.8,50,NA,2018
2018-02-17T00:00:00Z,14,2018,2,17,RB,RB10,1,102,22.4,0.3,2.96,Peacock eel,Macrognathus siamensis,Macrognathus,100,invasive,1,C,0,26.1,74,NA,2018
2018-02-17T00:00:00Z,14,2018,2,17,RB,RB10,2,96.7,22.6,0.3,2.98,Peacock eel,Macrognathus siamensis,Macrognathus,100,invasive,1,C,0,26.8,94,NA,2018
2018-02-17T00:00:00Z,14,2018,2,17,RB,RB10,2,96.7,22.6,0.3,2.98,Peacock eel,Macrognathus siamensis,Macrognathus,100,invasive,1,C,0,26,83,NA,2018
2018-02-17T00:00:00Z,14,2018,2,17,RB,RB10,3,104,22.9,0.3,3.38,Peacock eel,Macrognathus siamensis,Macrognathus,100,invasive,1,S,0,24.65714285714286,77.82926829268293,NA,2018
2018-02-17T00:00:00Z,14,2018,2,17,RB,RB11,1,97.1,24.6,0.2,4.1,Peacock eel,Macrognathus siamensis,Macrognathus,100,invasive,1,S,0,24.65714285714286,77.82926829268293,NA,2018
2018-02-17T00:00:00Z,14,2018,2,17,RB,RB11,1,97.1,24.6,0.2,4.1,Peacock eel,Macrognathus siamensis,Macrognathus,100,invasive,1,C,0,24.4,76,NA,2018
2018-02-17T00:00:00Z,14,2018,2,17,RB,RB11,1,97.1,24.6,0.2,4.1,Peacock eel,Macrognathus siamensis,Macrognathus,100,invasive,1,C,0,26.5,106,NA,2018
2018-02-17T00:00:00Z,14,2018,2,17,RB,RB11,1,97.1,24.6,0.2,4.1,Peacock eel,Macrognathus siamensis,Macrognathus,100,invasive,1,C,0,21.6,55,NA,2018
2018-02-17T00:00:00Z,14,2018,2,17,RB,RB11,1,97.1,24.6,0.2,4.1,Peacock eel,Macrognathus siamensis,Macrognathus,100,invasive,1,C,0,24.2,92,NA,2018
2018-02-17T00:00:00Z,14,2018,2,17,RB,RB11,2,92.6,25.2,0.2,4.77,Peacock eel,Macrognathus siamensis,Macrognathus,100,invasive,1,C,0,21.5,57,NA,2018
2018-02-17T00:00:00Z,14,2018,2,17,RB,RB11,3,69.9,25.7,0.2,4.9,Peacock eel,Macrognathus siamensis,Macrognathus,100,invasive,1,C,0,23.6,64,NA,2018
2018-02-17T00:00:00Z,14,2018,2,17,RB,RB11,3,69.9,25.7,0.2,4.9,Peacock eel,Macrognathus siamensis,Macrognathus,100,invasive,1,C,0,22.2,37,NA,2018
2018-02-17T00:00:00Z,14,2018,2,17,RB,RB11,3,69.9,25.7,0.2,4.9,Peacock eel,Macrognathus siamensis,Macrognathus,100,invasive,1,C,0,23.5,61,NA,2018
2018-02-17T00:00:00Z,14,2018,2,17,RB,RB11,3,69.9,25.7,0.2,4.9,Peacock eel,Macrognathus siamensis,Macrognathus,100,invasive,1,C,0,26.2,88,NA,2018
2018-02-21T00:00:00Z,14,2018,2,21,RB,RB12,1,78.9,24.2,0.3,2.74,Peacock eel,Macrognathus siamensis,Macrognathus,100,invasive,1,C,0,25.4,81,NA,2018
2018-02-21T00:00:00Z,14,2018,2,21,RB,RB12,1,78.9,24.2,0.3,2.74,Peacock eel,Macrognathus siamensis,Macrognathus,100,invasive,1,C,0,26,101,NA,2018
2018-02-21T00:00:00Z,14,2018,2,21,RB,RB12,2,104,24.5,0.3,2.93,Peacock eel,Macrognathus siamensis,Macrognathus,100,invasive,0,ZERO,0,0,0,NA,2018
2018-02-21T00:00:00Z,14,2018,2,21,RB,RB12,3,119,24.8,0.4,2.79,Peacock eel,Macrognathus siamensis,Macrognathus,100,invasive,1,C,0,26.8,97,NA,2018
2018-02-21T00:00:00Z,14,2018,2,21,RB,RB12,3,119,24.8,0.4,2.79,Peacock eel,Macrognathus siamensis,Macrognathus,100,invasive,1,C,0,24.9,82,NA,2018
2018-02-21T00:00:00Z,14,2018,2,21,RB,RB12,3,119,24.8,0.4,2.79,Peacock eel,Macrognathus siamensis,Macrognathus,100,invasive,1,C,0,24,61,NA,2018
2018-02-21T00:00:00Z,14,2018,2,21,RB,RB13,1,86.7,24.1,0.3,3.31,Peacock eel,Macrognathus siamensis,Macrognathus,100,invasive,1,C,0,22.7,63,NA,2018
2018-02-21T00:00:00Z,14,2018,2,21,RB,RB13,1,86.7,24.1,0.3,3.31,Peacock eel,Macrognathus siamensis,Macrognathus,100,invasive,1,C,0,25,63,NA,2018
2018-02-21T00:00:00Z,14,2018,2,21,RB,RB13,1,86.7,24.1,0.3,3.31,Peacock eel,Macrognathus siamensis,Macrognathus,100,invasive,1,C,0,23.4,74,NA,2018
2018-02-21T00:00:00Z,14,2018,2,21,RB,RB13,1,86.7,24.1,0.3,3.31,Peacock eel,Macrognathus siamensis,Macrognathus,100,invasive,1,C,0,24.7,61,NA,2018
2018-02-21T00:00:00Z,14,2018,2,21,RB,RB13,1,86.7,24.1,0.3,3.31,Peacock eel,Macrognathus siamensis,Macrognathus,100,invasive,1,C,0,23.3,56,NA,2018
2018-02-21T00:00:00Z,14,2018,2,21,RB,RB13,1,86.7,24.1,0.3,3.31,Peacock eel,Macrognathus siamensis,Macrognathus,100,invasive,1,C,0,23.9,77.82926829268293,NA,2018
2018-02-21T00:00:00Z,14,2018,2,21,RB,RB13,2,72.6,24.1,0.3,3.4,Peacock eel,Macrognathus siamensis,Macrognathus,100,invasive,0,ZERO,0,0,0,NA,2018
2018-02-21T00:00:00Z,14,2018,2,21,RB,RB13,3,92.6,24.1,0.3,3.25,Peacock eel,Macrognathus siamensis,Macrognathus,100,invasive,0,ZERO,0,0,0,NA,2018
2018-02-18T00:00:00Z,14,2018,2,18,RB,RB14,1,84.4,23.2,0.3,3.2,Peacock eel,Macrognathus siamensis,Macrognathus,100,invasive,1,S,0,24.65714285714286,77.82926829268293,NA,2018
2018-02-18T00:00:00Z,14,2018,2,18,RB,RB14,2,79.8,23.3,0.3,3.58,Peacock eel,Macrognathus siamensis,Macrognathus,100,invasive,0,ZERO,0,0,0,NA,2018
2018-02-18T00:00:00Z,14,2018,2,18,RB,RB14,3,72.6,23.8,0.3,3.84,Peacock eel,Macrognathus siamensis,Macrognathus,100,invasive,0,ZERO,0,0,0,NA,2018
2018-02-18T00:00:00Z,14,2018,2,18,RB,RB15,1,97.1,23.5,0.4,2.36,Peacock eel,Macrognathus siamensis,Macrognathus,100,invasive,0,ZERO,0,0,0,NA,2018
2018-02-18T00:00:00Z,14,2018,2,18,RB,RB15,2,84.6,23.5,0.4,2.61,Peacock eel,Macrognathus siamensis,Macrognathus,100,invasive,0,ZERO,0,0,0,NA,2018
2018-02-18T00:00:00Z,14,2018,2,18,RB,RB15,3,115,23.6,0.4,2.54,Peacock eel,Macrognathus siamensis,Macrognathus,100,invasive,0,ZERO,0,0,0,NA,2018
2018-02-21T00:00:00Z,14,2018,2,21,RB,RB16,1,142,24.9,0.9,2.3,Peacock eel,Macrognathus siamensis,Macrognathus,100,invasive,0,ZERO,0,0,0,NA,2018
2018-02-21T00:00:00Z,14,2018,2,21,RB,RB16,2,132,24.8,0.8,2.21,Peacock eel,Macrognathus siamensis,Macrognathus,100,invasive,0,ZERO,0,0,0,NA,2018
2018-02-21T00:00:00Z,14,2018,2,21,RB,RB16,3,112,25,0.7,2.19,Peacock eel,Macrognathus siamensis,Macrognathus,100,invasive,0,ZERO,0,0,0,NA,2018
2018-02-18T00:00:00Z,14,2018,2,18,RB,RB18,1,69.8,25.2,0.3,3.78,Peacock eel,Macrognathus siamensis,Macrognathus,100,invasive,1,C,0,22.2,49,NA,2018
2018-02-18T00:00:00Z,14,2018,2,18,RB,RB18,1,69.8,25.2,0.3,3.78,Peacock eel,Macrognathus siamensis,Macrognathus,100,invasive,1,C,0,25.9,76,NA,2018
2018-02-18T00:00:00Z,14,2018,2,18,RB,RB18,2,0,24.7,0.3,3.44,Peacock eel,Macrognathus siamensis,Macrognathus,100,invasive,0,ZERO,0,0,0,NA,2018
2018-02-21T00:00:00Z,14,2018,2,21,RB,RB18,2,77.2,25.1,0.3,3.9,Peacock eel,Macrognathus siamensis,Macrognathus,100,invasive,0,ZERO,0,0,0,NA,2018
2018-02-21T00:00:00Z,14,2018,2,21,RB,RB18,3,91.6,24.9,0.3,3.92,Peacock eel,Macrognathus siamensis,Macrognathus,100,invasive,0,ZERO,0,0,0,NA,2018
2018-02-18T00:00:00Z,14,2018,2,18,RB,RB7,1,84.7,22.8,0.4,2.52,Peacock eel,Macrognathus siamensis,Macrognathus,100,invasive,0,ZERO,0,0,0,NA,2018
2018-02-18T00:00:00Z,14,2018,2,18,RB,RB7,2,107,23,0.4,2.7,Peacock eel,Macrognathus siamensis,Macrognathus,100,invasive,0,ZERO,0,0,0,NA,2018
2018-02-18T00:00:00Z,14,2018,2,18,RB,RB7,3,84.9,23.2,0.4,2.65,Peacock eel,Macrognathus siamensis,Macrognathus,100,invasive,0,ZERO,0,0,0,NA,2018
2018-02-21T00:00:00Z,14,2018,2,21,RB,RB8,1,87.4,24,0.2,3.12,Peacock eel,Macrognathus siamensis,Macrognathus,100,invasive,1,S,0,24.65714285714286,77.82926829268293,NA,2018
2018-02-21T00:00:00Z,14,2018,2,21,RB,RB8,1,87.4,24,0.2,3.12,Peacock eel,Macrognathus siamensis,Macrognathus,100,invasive,1,C,0,24.3,68,NA,2018
2018-02-21T00:00:00Z,14,2018,2,21,RB,RB8,1,87.4,24,0.2,3.12,Peacock eel,Macrognathus siamensis,Macrognathus,100,invasive,1,C,0,24.6,75,NA,2018
2018-02-21T00:00:00Z,14,2018,2,21,RB,RB8,2,71.4,24,0.3,3.08,Peacock eel,Macrognathus siamensis,Macrognathus,100,invasive,1,C,0,27.8,98,NA,2018
2018-02-21T00:00:00Z,14,2018,2,21,RB,RB8,2,71.4,24,0.3,3.08,Peacock eel,Macrognathus siamensis,Macrognathus,100,invasive,1,C,0,28.2,104,NA,2018
2018-02-21T00:00:00Z,14,2018,2,21,RB,RB8,3,89.5,24.2,0.2,3.14,Peacock eel,Macrognathus siamensis,Macrognathus,100,invasive,1,S,0,24.65714285714286,77.82926829268293,NA,2018
2018-02-17T00:00:00Z,14,2018,2,17,RB,RB9,1,91.2,22.8,0.3,3.09,Peacock eel,Macrognathus siamensis,Macrognathus,100,invasive,1,S,0,24.65714285714286,77.82926829268293,NA,2018
2018-02-17T00:00:00Z,14,2018,2,17,RB,RB9,1,91.2,22.8,0.3,3.09,Peacock eel,Macrognathus siamensis,Macrognathus,100,invasive,1,C,0,26.4,122,NA,2018
2018-02-17T00:00:00Z,14,2018,2,17,RB,RB9,1,91.2,22.8,0.3,3.09,Peacock eel,Macrognathus siamensis,Macrognathus,100,invasive,1,C,0,25.5,90,NA,2018
2018-02-17T00:00:00Z,14,2018,2,17,RB,RB9,1,91.2,22.8,0.3,3.09,Peacock eel,Macrognathus siamensis,Macrognathus,100,invasive,1,C,0,24,67,NA,2018
2018-02-17T00:00:00Z,14,2018,2,17,RB,RB9,1,91.2,22.8,0.3,3.09,Peacock eel,Macrognathus siamensis,Macrognathus,100,invasive,1,C,0,27.1,112,NA,2018
2018-02-17T00:00:00Z,14,2018,2,17,RB,RB9,1,91.2,22.8,0.3,3.09,Peacock eel,Macrognathus siamensis,Macrognathus,100,invasive,1,C,0,27.1,109,NA,2018
2018-02-17T00:00:00Z,14,2018,2,17,RB,RB9,1,91.2,22.8,0.3,3.09,Peacock eel,Macrognathus siamensis,Macrognathus,100,invasive,1,C,0,27.1,93,NA,2018
2018-02-17T00:00:00Z,14,2018,2,17,RB,RB9,2,72.4,23.1,0.3,3.07,Peacock eel,Macrognathus siamensis,Macrognathus,100,invasive,1,C,0,26,82,NA,2018
2018-02-17T00:00:00Z,14,2018,2,17,RB,RB9,2,72.4,23.1,0.3,3.07,Peacock eel,Macrognathus siamensis,Macrognathus,100,invasive,1,C,0,23,59,NA,2018
2018-02-17T00:00:00Z,14,2018,2,17,RB,RB9,2,72.4,23.1,0.3,3.07,Peacock eel,Macrognathus siamensis,Macrognathus,100,invasive,1,C,0,23.4,51,NA,2018
2018-02-17T00:00:00Z,14,2018,2,17,RB,RB9,2,72.4,23.1,0.3,3.07,Peacock eel,Macrognathus siamensis,Macrognathus,100,invasive,1,C,0,23.4,73,NA,2018
2018-02-17T00:00:00Z,14,2018,2,17,RB,RB9,2,72.4,23.1,0.3,3.07,Peacock eel,Macrognathus siamensis,Macrognathus,100,invasive,1,C,0,26,92,NA,2018
2018-02-17T00:00:00Z,14,2018,2,17,RB,RB9,2,72.4,23.1,0.3,3.07,Peacock eel,Macrognathus siamensis,Macrognathus,100,invasive,1,C,0,21.1,101,NA,2018
2018-02-17T00:00:00Z,14,2018,2,17,RB,RB9,2,72.4,23.1,0.3,3.07,Peacock eel,Macrognathus siamensis,Macrognathus,100,invasive,1,C,0,19.8,44,NA,2018
2018-02-17T00:00:00Z,14,2018,2,17,RB,RB9,3,90.5,23.7,0.3,3.44,Peacock eel,Macrognathus siamensis,Macrognathus,100,invasive,0,ZERO,0,0,0,NA,2018
2018-03-13T00:00:00Z,14,2018,3,13,RB,RB10,1,110,18.1,0.2,4.01,Peacock eel,Macrognathus siamensis,Macrognathus,100,invasive,1,C,0,23.9,53,NA,2018
2018-03-13T00:00:00Z,14,2018,3,13,RB,RB10,2,93.2,18.3,0.2,4.55,Peacock eel,Macrognathus siamensis,Macrognathus,100,invasive,1,C,0,24.5,83,NA,2018
2018-03-13T00:00:00Z,14,2018,3,13,RB,RB10,3,119,18.8,0.3,4.66,Peacock eel,Macrognathus siamensis,Macrognathus,100,invasive,0,ZERO,0,0,0,NA,2018
2018-03-13T00:00:00Z,14,2018,3,13,RB,RB11,1,120,20.4,0.2,5.18,Peacock eel,Macrognathus siamensis,Macrognathus,100,invasive,0,ZERO,0,0,0,NA,2018
2018-03-13T00:00:00Z,14,2018,3,13,RB,RB11,2,126,21.1,0.2,5.21,Peacock eel,Macrognathus siamensis,Macrognathus,100,invasive,3,S,0,24.65882352941177,74.76470588235294,NA,2018
2018-03-13T00:00:00Z,14,2018,3,13,RB,RB11,2,126,21.1,0.2,5.21,Peacock eel,Macrognathus siamensis,Macrognathus,100,invasive,1,C,0,23.5,85,NA,2018
2018-03-13T00:00:00Z,14,2018,3,13,RB,RB11,2,126,21.1,0.2,5.21,Peacock eel,Macrognathus siamensis,Macrognathus,100,invasive,1,C,0,22,61,NA,2018
2018-03-13T00:00:00Z,14,2018,3,13,RB,RB11,2,126,21.1,0.2,5.21,Peacock eel,Macrognathus siamensis,Macrognathus,100,invasive,1,C,0,22,55,NA,2018
2018-03-13T00:00:00Z,14,2018,3,13,RB,RB11,2,126,21.1,0.2,5.21,Peacock eel,Macrognathus siamensis,Macrognathus,100,invasive,1,C,0,23.2,62,NA,2018
2018-03-13T00:00:00Z,14,2018,3,13,RB,RB11,3,75,21.5,0.2,5.72,Peacock eel,Macrognathus siamensis,Macrognathus,100,invasive,1,S,0,24.65882352941177,74.76470588235294,NA,2018
2018-03-13T00:00:00Z,14,2018,3,13,RB,RB11,3,75,21.5,0.2,5.72,Peacock eel,Macrognathus siamensis,Macrognathus,100,invasive,1,C,0,28.5,110,NA,2018
2018-03-13T00:00:00Z,14,2018,3,13,RB,RB11,3,75,21.5,0.2,5.72,Peacock eel,Macrognathus siamensis,Macrognathus,100,invasive,1,C,0,26.8,83,NA,2018
2018-03-14T00:00:00Z,14,2018,3,14,RB,RB13,1,81.7,19.2,0.2,4.69,Peacock eel,Macrognathus siamensis,Macrognathus,100,invasive,0,ZERO,0,0,0,NA,2018
2018-03-14T00:00:00Z,14,2018,3,14,RB,RB13,2,74.6,19,0.2,4.97,Peacock eel,Macrognathus siamensis,Macrognathus,100,invasive,1,S,0,24.65882352941177,74.76470588235294,NA,2018
2018-03-14T00:00:00Z,14,2018,3,14,RB,RB13,2,74.6,19,0.2,4.97,Peacock eel,Macrognathus siamensis,Macrognathus,100,invasive,1,C,0,27.1,82,NA,2018
2018-03-14T00:00:00Z,14,2018,3,14,RB,RB13,3,82.6,18.8,0.3,4.97,Peacock eel,Macrognathus siamensis,Macrognathus,100,invasive,0,ZERO,0,0,0,NA,2018
2018-03-14T00:00:00Z,14,2018,3,14,RB,RB8,1,102,17.9,0.2,4.43,Peacock eel,Macrognathus siamensis,Macrognathus,100,invasive,1,C,0,20.9,46,NA,2018
2018-03-14T00:00:00Z,14,2018,3,14,RB,RB8,2,90.5,17.7,0.3,4.62,Peacock eel,Macrognathus siamensis,Macrognathus,100,invasive,1,C,0,23.8,66,NA,2018
2018-03-14T00:00:00Z,14,2018,3,14,RB,RB8,3,98.7,18,0.2,4.49,Peacock eel,Macrognathus siamensis,Macrognathus,100,invasive,1,C,0,25,86,NA,2018
2018-03-14T00:00:00Z,14,2018,3,14,RB,RB8,3,98.7,18,0.2,4.49,Peacock eel,Macrognathus siamensis,Macrognathus,100,invasive,1,C,0,19.8,35,NA,2018
2018-03-13T00:00:00Z,14,2018,3,13,RB,RB9,1,94.3,18.9,0.3,4.2,Peacock eel,Macrognathus siamensis,Macrognathus,100,invasive,1,C,0,28.1,101,NA,2018
2018-03-13T00:00:00Z,14,2018,3,13,RB,RB9,1,94.3,18.9,0.3,4.2,Peacock eel,Macrognathus siamensis,Macrognathus,100,invasive,1,C,0,26.7,77,NA,2018
2018-03-13T00:00:00Z,14,2018,3,13,RB,RB9,2,86.6,19.4,0.3,4.54,Peacock eel,Macrognathus siamensis,Macrognathus,100,invasive,1,C,0,26.9,95,NA,2018
2018-03-13T00:00:00Z,14,2018,3,13,RB,RB9,3,108,19.9,0.3,4.67,Peacock eel,Macrognathus siamensis,Macrognathus,100,invasive,1,C,0,26.5,91,NA,2018
2018-04-28T00:00:00Z,14,2018,4,28,RB,RB10,1,56.5,24.4,0.4,2.44,Peacock eel,Macrognathus siamensis,Macrognathus,100,invasive,1,C,0,25.5,76,NA,2018
2018-04-28T00:00:00Z,14,2018,4,28,RB,RB10,2,76.4,24.5,0.4,2.81,Peacock eel,Macrognathus siamensis,Macrognathus,100,invasive,0,ZERO,0,0,0,NA,2018
2018-04-28T00:00:00Z,14,2018,4,28,RB,RB10,3,98.3,25.1,0.4,2.7,Peacock eel,Macrognathus siamensis,Macrognathus,100,invasive,0,ZERO,0,0,0,NA,2018
2018-04-28T00:00:00Z,14,2018,4,28,RB,RB11,1,155,26.9,0.4,4.3,Peacock eel,Macrognathus siamensis,Macrognathus,100,invasive,1,C,0,23.7,49,NA,2018
2018-04-28T00:00:00Z,14,2018,4,28,RB,RB11,1,155,26.9,0.4,4.3,Peacock eel,Macrognathus siamensis,Macrognathus,100,invasive,1,C,0,25.5,75,NA,2018
2018-04-28T00:00:00Z,14,2018,4,28,RB,RB11,1,155,26.9,0.4,4.3,Peacock eel,Macrognathus siamensis,Macrognathus,100,invasive,1,C,0,25.1,59,NA,2018
2018-04-28T00:00:00Z,14,2018,4,28,RB,RB11,1,155,26.9,0.4,4.3,Peacock eel,Macrognathus siamensis,Macrognathus,100,invasive,1,C,0,22.9,46,NA,2018
2018-04-28T00:00:00Z,14,2018,4,28,RB,RB11,2,136,26.9,0.4,4.03,Peacock eel,Macrognathus siamensis,Macrognathus,100,invasive,0,ZERO,0,0,0,NA,2018
2018-04-28T00:00:00Z,14,2018,4,28,RB,RB11,3,87.2,26.9,0.4,3.87,Peacock eel,Macrognathus siamensis,Macrognathus,100,invasive,2,S,0,24.31904761904762,63.61904761904761,NA,2018
2018-04-27T00:00:00Z,14,2018,4,27,RB,RB13,1,106,27.7,0.5,4.45,Peacock eel,Macrognathus siamensis,Macrognathus,100,invasive,0,ZERO,0,0,0,NA,2018
2018-04-27T00:00:00Z,14,2018,4,27,RB,RB13,2,88.1,27.7,0.5,5.57,Peacock eel,Macrognathus siamensis,Macrognathus,100,invasive,0,ZERO,0,0,0,NA,2018
2018-04-27T00:00:00Z,14,2018,4,27,RB,RB13,3,102,27.7,0.5,4.8,Peacock eel,Macrognathus siamensis,Macrognathus,100,invasive,0,ZERO,0,0,0,NA,2018
2018-04-28T00:00:00Z,14,2018,4,28,RB,RB13,3,102,26.4,0.5,4.18,Peacock eel,Macrognathus siamensis,Macrognathus,100,invasive,1,S,0,24.31904761904762,63.61904761904761,NA,2018
2018-04-28T00:00:00Z,14,2018,4,28,RB,RB13,3,102,26.4,0.5,4.18,Peacock eel,Macrognathus siamensis,Macrognathus,100,invasive,1,C,0,21.7,52,NA,2018
2018-04-29T00:00:00Z,14,2018,4,29,RB,RB8,1,80.4,25.2,0.4,3.52,Peacock eel,Macrognathus siamensis,Macrognathus,100,invasive,0,ZERO,0,0,0,NA,2018
2018-04-29T00:00:00Z,14,2018,4,29,RB,RB8,2,70.2,24.9,0.4,3.42,Peacock eel,Macrognathus siamensis,Macrognathus,100,invasive,1,C,0,22.2,48,NA,2018
2018-04-29T00:00:00Z,14,2018,4,29,RB,RB8,3,58.6,25,0.4,3.13,Peacock eel,Macrognathus siamensis,Macrognathus,100,invasive,2,S,0,24.31904761904762,63.61904761904761,NA,2018
2018-04-29T00:00:00Z,14,2018,4,29,RB,RB8,3,58.6,25,0.4,3.13,Peacock eel,Macrognathus siamensis,Macrognathus,100,invasive,1,C,0,23,67,NA,2018
2018-04-29T00:00:00Z,14,2018,4,29,RB,RB8,3,58.6,25,0.4,3.13,Peacock eel,Macrognathus siamensis,Macrognathus,100,invasive,1,C,0,26.1,92,NA,2018
2018-04-29T00:00:00Z,14,2018,4,29,RB,RB8,3,58.6,25,0.4,3.13,Peacock eel,Macrognathus siamensis,Macrognathus,100,invasive,1,C,0,26.7,65,NA,2018
2018-04-28T00:00:00Z,14,2018,4,28,RB,RB9,1,107,25.2,0.3,2.42,Peacock eel,Macrognathus siamensis,Macrognathus,100,invasive,1,C,0,24,54,NA,2018
2018-04-28T00:00:00Z,14,2018,4,28,RB,RB9,1,107,25.2,0.3,2.42,Peacock eel,Macrognathus siamensis,Macrognathus,100,invasive,1,C,0,25,55,NA,2018
2018-04-28T00:00:00Z,14,2018,4,28,RB,RB9,2,74,25.5,0.3,2.73,Peacock eel,Macrognathus siamensis,Macrognathus,100,invasive,1,S,0,24.31904761904762,63.61904761904761,NA,2018
2018-04-28T00:00:00Z,14,2018,4,28,RB,RB9,2,74,25.5,0.3,2.73,Peacock eel,Macrognathus siamensis,Macrognathus,100,invasive,1,C,0,20.9,45,NA,2018
2018-04-28T00:00:00Z,14,2018,4,28,RB,RB9,2,74,25.5,0.3,2.73,Peacock eel,Macrognathus siamensis,Macrognathus,100,invasive,1,C,0,22.4,50,NA,2018
2018-04-28T00:00:00Z,14,2018,4,28,RB,RB9,2,74,25.5,0.3,2.73,Peacock eel,Macrognathus siamensis,Macrognathus,100,invasive,1,C,0,22.4,50,NA,2018
2018-04-28T00:00:00Z,14,2018,4,28,RB,RB9,2,74,25.5,0.3,2.73,Peacock eel,Macrognathus siamensis,Macrognathus,100,invasive,1,C,0,22.8,53,NA,2018
2018-04-28T00:00:00Z,14,2018,4,28,RB,RB9,2,74,25.5,0.3,2.73,Peacock eel,Macrognathus siamensis,Macrognathus,100,invasive,1,C,0,23.5,56,NA,2018
2018-04-28T00:00:00Z,14,2018,4,28,RB,RB9,2,74,25.5,0.3,2.73,Peacock eel,Macrognathus siamensis,Macrognathus,100,invasive,1,C,0,25.4,85,NA,2018
2018-04-28T00:00:00Z,14,2018,4,28,RB,RB9,2,74,25.5,0.3,2.73,Peacock eel,Macrognathus siamensis,Macrognathus,100,invasive,1,C,0,27.7,94,NA,2018
2018-04-28T00:00:00Z,14,2018,4,28,RB,RB9,3,113,25.9,0.3,3.08,Peacock eel,Macrognathus siamensis,Macrognathus,100,invasive,3,S,0,24.31904761904762,63.61904761904761,NA,2018
2018-04-28T00:00:00Z,14,2018,4,28,RB,RB9,3,113,25.9,0.3,3.08,Peacock eel,Macrognathus siamensis,Macrognathus,100,invasive,1,C,0,27,88,NA,2018
2018-04-28T00:00:00Z,14,2018,4,28,RB,RB9,3,113,25.9,0.3,3.08,Peacock eel,Macrognathus siamensis,Macrognathus,100,invasive,1,C,0,27.2,77,NA,2018
2018-05-16T00:00:00Z,14,2018,5,16,RB,RB10,1,74,25.8,0.8,4.09,Peacock eel,Macrognathus siamensis,Macrognathus,100,invasive,1,C,0,25.6,89,NA,2018
2018-05-16T00:00:00Z,14,2018,5,16,RB,RB10,2,81,26.2,0.7,3.86,Peacock eel,Macrognathus siamensis,Macrognathus,100,invasive,0,ZERO,0,0,0,NA,2018
2018-05-16T00:00:00Z,14,2018,5,16,RB,RB10,3,109,27,0.7,3.81,Peacock eel,Macrognathus siamensis,Macrognathus,100,invasive,0,ZERO,0,0,0,NA,2018
2018-05-16T00:00:00Z,14,2018,5,16,RB,RB11,1,63,25.8,1,4.28,Peacock eel,Macrognathus siamensis,Macrognathus,100,invasive,1,S,0,25.397142857142857,73.77142857142857,NA,2018
2018-05-16T00:00:00Z,14,2018,5,16,RB,RB11,1,63,25.8,1,4.28,Peacock eel,Macrognathus siamensis,Macrognathus,100,invasive,1,C,0,26.1,92,NA,2018
2018-05-16T00:00:00Z,14,2018,5,16,RB,RB11,1,63,25.8,1,4.28,Peacock eel,Macrognathus siamensis,Macrognathus,100,invasive,1,C,0,23.6,65,NA,2018
2018-05-16T00:00:00Z,14,2018,5,16,RB,RB11,1,63,25.8,1,4.28,Peacock eel,Macrognathus siamensis,Macrognathus,100,invasive,1,C,0,24.2,78,NA,2018
2018-05-16T00:00:00Z,14,2018,5,16,RB,RB11,1,63,25.8,1,4.28,Peacock eel,Macrognathus siamensis,Macrognathus,100,invasive,1,C,0,26.3,73,NA,2018
2018-05-16T00:00:00Z,14,2018,5,16,RB,RB11,1,63,25.8,1,4.28,Peacock eel,Macrognathus siamensis,Macrognathus,100,invasive,1,C,0,26.5,72,NA,2018
2018-05-16T00:00:00Z,14,2018,5,16,RB,RB11,1,63,25.8,1,4.28,Peacock eel,Macrognathus siamensis,Macrognathus,100,invasive,1,C,0,26.3,74,NA,2018
2018-05-16T00:00:00Z,14,2018,5,16,RB,RB11,2,67,25.7,0.9,4.49,Peacock eel,Macrognathus siamensis,Macrognathus,100,invasive,2,S,0,25.397142857142857,73.77142857142857,NA,2018
2018-05-16T00:00:00Z,14,2018,5,16,RB,RB11,2,67,25.7,0.9,4.49,Peacock eel,Macrognathus siamensis,Macrognathus,100,invasive,1,C,0,23,43,NA,2018
2018-05-16T00:00:00Z,14,2018,5,16,RB,RB11,2,67,25.7,0.9,4.49,Peacock eel,Macrognathus siamensis,Macrognathus,100,invasive,1,C,0,24.9,66,NA,2018
2018-05-16T00:00:00Z,14,2018,5,16,RB,RB11,2,67,25.7,0.9,4.49,Peacock eel,Macrognathus siamensis,Macrognathus,100,invasive,1,C,0,25,63,NA,2018
2018-05-16T00:00:00Z,14,2018,5,16,RB,RB11,2,67,25.7,0.9,4.49,Peacock eel,Macrognathus siamensis,Macrognathus,100,invasive,1,C,0,26.5,80,NA,2018
2018-05-16T00:00:00Z,14,2018,5,16,RB,RB11,2,67,25.7,0.9,4.49,Peacock eel,Macrognathus siamensis,Macrognathus,100,invasive,1,C,0,26.1,88,NA,2018
2018-05-16T00:00:00Z,14,2018,5,16,RB,RB11,3,50,25.4,0.8,4.08,Peacock eel,Macrognathus siamensis,Macrognathus,100,invasive,1,S,0,25.397142857142857,73.77142857142857,NA,2018
2018-05-16T00:00:00Z,14,2018,5,16,RB,RB11,3,50,25.4,0.8,4.08,Peacock eel,Macrognathus siamensis,Macrognathus,100,invasive,1,C,0,22.5,40,NA,2018
2018-05-16T00:00:00Z,14,2018,5,16,RB,RB11,3,50,25.4,0.8,4.08,Peacock eel,Macrognathus siamensis,Macrognathus,100,invasive,1,C,0,28.2,82,NA,2018
2018-05-16T00:00:00Z,14,2018,5,16,RB,RB11,3,50,25.4,0.8,4.08,Peacock eel,Macrognathus siamensis,Macrognathus,100,invasive,1,C,0,24.9,68,NA,2018
2018-05-16T00:00:00Z,14,2018,5,16,RB,RB11,3,50,25.4,0.8,4.08,Peacock eel,Macrognathus siamensis,Macrognathus,100,invasive,1,C,0,26.5,74,NA,2018
2018-05-16T00:00:00Z,14,2018,5,16,RB,RB11,3,50,25.4,0.8,4.08,Peacock eel,Macrognathus siamensis,Macrognathus,100,invasive,1,C,0,27.5,88,NA,2018
2018-05-16T00:00:00Z,14,2018,5,16,RB,RB11,3,50,25.4,0.8,4.08,Peacock eel,Macrognathus siamensis,Macrognathus,100,invasive,1,C,0,23,44,NA,2018
2018-05-16T00:00:00Z,14,2018,5,16,RB,RB11,3,50,25.4,0.8,4.08,Peacock eel,Macrognathus siamensis,Macrognathus,100,invasive,1,C,0,24.4,51,NA,2018
2018-05-17T00:00:00Z,14,2018,5,17,RB,RB12,1,128,25.8,5.1,2.71,Peacock eel,Macrognathus siamensis,Macrognathus,100,invasive,0,ZERO,0,0,0,NA,2018
2018-05-17T00:00:00Z,14,2018,5,17,RB,RB12,2,109,25.9,4.9,2.32,Peacock eel,Macrognathus siamensis,Macrognathus,100,invasive,0,ZERO,0,0,0,NA,2018
2018-05-17T00:00:00Z,14,2018,5,17,RB,RB12,3,90,26.1,4.8,2.21,Peacock eel,Macrognathus siamensis,Macrognathus,100,invasive,0,ZERO,0,0,0,NA,2018
2018-05-15T00:00:00Z,14,2018,5,15,RB,RB13,1,133,26.5,1.8,4.38,Peacock eel,Macrognathus siamensis,Macrognathus,100,invasive,1,C,0,24.7,74,NA,2018
2018-05-15T00:00:00Z,14,2018,5,15,RB,RB13,1,133,26.5,1.8,4.38,Peacock eel,Macrognathus siamensis,Macrognathus,100,invasive,1,C,0,25.9,96,NA,2018
2018-05-15T00:00:00Z,14,2018,5,15,RB,RB13,2,150,27.5,1.6,4.58,Peacock eel,Macrognathus siamensis,Macrognathus,100,invasive,0,ZERO,0,0,0,NA,2018
2018-05-15T00:00:00Z,14,2018,5,15,RB,RB13,3,77.5,27,1.5,4.24,Peacock eel,Macrognathus siamensis,Macrognathus,100,invasive,1,C,0,24.5,63,NA,2018
2018-05-15T00:00:00Z,14,2018,5,15,RB,RB13,3,77.5,27,1.5,4.24,Peacock eel,Macrognathus siamensis,Macrognathus,100,invasive,1,C,0,26.6,80,NA,2018
2018-05-15T00:00:00Z,14,2018,5,15,RB,RB14,1,106,27.6,6.6,2.63,Peacock eel,Macrognathus siamensis,Macrognathus,100,invasive,0,ZERO,0,0,0,NA,2018
2018-05-15T00:00:00Z,14,2018,5,15,RB,RB14,2,118,27.6,6.5,2.69,Peacock eel,Macrognathus siamensis,Macrognathus,100,invasive,0,ZERO,0,0,0,NA,2018
2018-05-15T00:00:00Z,14,2018,5,15,RB,RB14,3,74.2,27.1,6.1,2.74,Peacock eel,Macrognathus siamensis,Macrognathus,100,invasive,0,ZERO,0,0,0,NA,2018
2018-05-17T00:00:00Z,14,2018,5,17,RB,RB16,1,70,25.8,7.6,2.58,Peacock eel,Macrognathus siamensis,Macrognathus,100,invasive,0,ZERO,0,0,0,NA,2018
2018-05-17T00:00:00Z,14,2018,5,17,RB,RB16,2,131,25.8,7.3,2.56,Peacock eel,Macrognathus siamensis,Macrognathus,100,invasive,0,ZERO,0,0,0,NA,2018
2018-05-17T00:00:00Z,14,2018,5,17,RB,RB16,3,87,25.6,6.9,2.81,Peacock eel,Macrognathus siamensis,Macrognathus,100,invasive,0,ZERO,0,0,0,NA,2018
2018-05-16T00:00:00Z,14,2018,5,16,RB,RB18,1,126,28.8,3.5,4.82,Peacock eel,Macrognathus siamensis,Macrognathus,100,invasive,0,ZERO,0,0,0,NA,2018
2018-05-16T00:00:00Z,14,2018,5,16,RB,RB18,2,97,29,3.5,4.85,Peacock eel,Macrognathus siamensis,Macrognathus,100,invasive,0,ZERO,0,0,0,NA,2018
2018-05-17T00:00:00Z,14,2018,5,17,RB,RB18,3,77,27.2,3.9,4.48,Peacock eel,Macrognathus siamensis,Macrognathus,100,invasive,0,ZERO,0,0,0,NA,2018
2018-05-17T00:00:00Z,14,2018,5,17,RB,RB7,1,80,26.7,3.7,2.32,Peacock eel,Macrognathus siamensis,Macrognathus,100,invasive,0,ZERO,0,0,0,NA,2018
2018-05-17T00:00:00Z,14,2018,5,17,RB,RB7,2,100,26.6,3.4,1.49,Peacock eel,Macrognathus siamensis,Macrognathus,100,invasive,0,ZERO,0,0,0,NA,2018
2018-05-17T00:00:00Z,14,2018,5,17,RB,RB7,3,108,26.5,3.1,1.92,Peacock eel,Macrognathus siamensis,Macrognathus,100,invasive,0,ZERO,0,0,0,NA,2018
2018-05-15T00:00:00Z,14,2018,5,15,RB,RB8,1,130,27.5,1.2,4.21,Peacock eel,Macrognathus siamensis,Macrognathus,100,invasive,0,ZERO,0,0,0,NA,2018
2018-05-15T00:00:00Z,14,2018,5,15,RB,RB8,2,133,27.6,1.2,4.38,Peacock eel,Macrognathus siamensis,Macrognathus,100,invasive,1,C,0,25.5,73,NA,2018
2018-05-15T00:00:00Z,14,2018,5,15,RB,RB8,2,133,27.6,1.2,4.38,Peacock eel,Macrognathus siamensis,Macrognathus,100,invasive,1,C,0,28.7,116,NA,2018
2018-05-15T00:00:00Z,14,2018,5,15,RB,RB8,2,133,27.6,1.2,4.38,Peacock eel,Macrognathus siamensis,Macrognathus,100,invasive,1,C,0,26.4,80,NA,2018
2018-05-15T00:00:00Z,14,2018,5,15,RB,RB8,2,133,27.6,1.2,4.38,Peacock eel,Macrognathus siamensis,Macrognathus,100,invasive,1,C,0,27.6,79,NA,2018
2018-05-15T00:00:00Z,14,2018,5,15,RB,RB8,2,133,27.6,1.2,4.38,Peacock eel,Macrognathus siamensis,Macrognathus,100,invasive,1,C,0,25.7,86,NA,2018
2018-05-15T00:00:00Z,14,2018,5,15,RB,RB8,2,133,27.6,1.2,4.38,Peacock eel,Macrognathus siamensis,Macrognathus,100,invasive,1,C,0,25.4,66,NA,2018
2018-05-15T00:00:00Z,14,2018,5,15,RB,RB8,3,79.9,27.6,1.2,4.33,Peacock eel,Macrognathus siamensis,Macrognathus,100,invasive,2,S,0,25.397142857142857,73.77142857142857,NA,2018
2018-05-15T00:00:00Z,14,2018,5,15,RB,RB8,3,79.9,27.6,1.2,4.33,Peacock eel,Macrognathus siamensis,Macrognathus,100,invasive,1,C,0,25.397142857142857,73.77142857142857,NA,2018
2018-05-15T00:00:00Z,14,2018,5,15,RB,RB8,3,79.9,27.6,1.2,4.33,Peacock eel,Macrognathus siamensis,Macrognathus,100,invasive,1,C,0,22.6,61,NA,2018
2018-05-15T00:00:00Z,14,2018,5,15,RB,RB8,3,79.9,27.6,1.2,4.33,Peacock eel,Macrognathus siamensis,Macrognathus,100,invasive,1,C,0,25.4,83,NA,2018
2018-05-15T00:00:00Z,14,2018,5,15,RB,RB8,3,79.9,27.6,1.2,4.33,Peacock eel,Macrognathus siamensis,Macrognathus,100,invasive,1,C,0,26.3,84,NA,2018
2018-05-16T00:00:00Z,14,2018,5,16,RB,RB9,1,87,26.5,0.6,3.38,Peacock eel,Macrognathus siamensis,Macrognathus,100,invasive,1,S,0,25.397142857142857,73.77142857142857,NA,2018
2018-05-16T00:00:00Z,14,2018,5,16,RB,RB9,1,87,26.5,0.6,3.38,Peacock eel,Macrognathus siamensis,Macrognathus,100,invasive,1,C,0,23.1,56,NA,2018
2018-05-16T00:00:00Z,14,2018,5,16,RB,RB9,2,77,26.5,0.6,3.15,Peacock eel,Macrognathus siamensis,Macrognathus,100,invasive,0,ZERO,0,0,0,NA,2018
2018-05-16T00:00:00Z,14,2018,5,16,RB,RB9,3,92,26.9,0.6,3.35,Peacock eel,Macrognathus siamensis,Macrognathus,100,invasive,1,C,0,23.5,61,NA,2018
2018-05-16T00:00:00Z,14,2018,5,16,RB,RB9,3,92,26.9,0.6,3.35,Peacock eel,Macrognathus siamensis,Macrognathus,100,invasive,1,C,0,25.9,94,NA,2018
2018-12-10T00:00:00Z,15,2018,12,10,RB,RB10,1,108,21.9,0.3,NA,Peacock eel,Macrognathus siamensis,Macrognathus,100,invasive,0,ZERO,0,0,0,NA,2019
2018-12-10T00:00:00Z,15,2018,12,10,RB,RB10,2,97.3,22.2,0.3,NA,Peacock eel,Macrognathus siamensis,Macrognathus,100,invasive,0,ZERO,0,0,0,NA,2019
2018-12-10T00:00:00Z,15,2018,12,10,RB,RB10,3,100,22,0.3,NA,Peacock eel,Macrognathus siamensis,Macrognathus,100,invasive,0,ZERO,0,0,0,NA,2019
2018-12-10T00:00:00Z,15,2018,12,10,RB,RB11,1,97.3,21.9,0.2,NA,Peacock eel,Macrognathus siamensis,Macrognathus,100,invasive,0,ZERO,0,0,0,NA,2019
2018-12-10T00:00:00Z,15,2018,12,10,RB,RB11,2,89.3,21.8,0.2,NA,Peacock eel,Macrognathus siamensis,Macrognathus,100,invasive,0,ZERO,0,0,0,NA,2019
2018-12-10T00:00:00Z,15,2018,12,10,RB,RB11,3,67,21.7,0.2,NA,Peacock eel,Macrognathus siamensis,Macrognathus,100,invasive,1,C,0,27.3,91,NA,2019
2018-12-10T00:00:00Z,15,2018,12,10,RB,RB11,3,67,21.7,0.2,NA,Peacock eel,Macrognathus siamensis,Macrognathus,100,invasive,1,C,0,25.9,91,NA,2019
2018-12-10T00:00:00Z,15,2018,12,10,RB,RB11,3,67,21.7,0.2,NA,Peacock eel,Macrognathus siamensis,Macrognathus,100,invasive,1,C,0,23.6,61,NA,2019
2018-12-10T00:00:00Z,15,2018,12,10,RB,RB11,3,67,21.7,0.2,NA,Peacock eel,Macrognathus siamensis,Macrognathus,100,invasive,1,C,0,21.2,28,NA,2019
2018-12-10T00:00:00Z,15,2018,12,10,RB,RB11,3,67,21.7,0.2,NA,Peacock eel,Macrognathus siamensis,Macrognathus,100,invasive,1,C,0,24.9,63,NA,2019
2018-12-10T00:00:00Z,15,2018,12,10,RB,RB11,3,67,21.7,0.2,NA,Peacock eel,Macrognathus siamensis,Macrognathus,100,invasive,1,C,0,25.8,74,NA,2019
2018-12-13T00:00:00Z,15,2018,12,13,RB,RB12,1,124,17.2,0.4,NA,Peacock eel,Macrognathus siamensis,Macrognathus,100,invasive,0,ZERO,0,0,0,NA,2019
2018-12-13T00:00:00Z,15,2018,12,13,RB,RB12,2,65.2,17.3,0.4,NA,Peacock eel,Macrognathus siamensis,Macrognathus,100,invasive,1,S,0,25.0375,74.25,NA,2019
2018-12-13T00:00:00Z,15,2018,12,13,RB,RB12,3,101,17.2,0.3,NA,Peacock eel,Macrognathus siamensis,Macrognathus,100,invasive,0,ZERO,0,0,0,NA,2019
2018-12-12T00:00:00Z,15,2018,12,12,RB,RB13,1,101,16.8,0.3,NA,Peacock eel,Macrognathus siamensis,Macrognathus,100,invasive,1,C,0,25.3,104,NA,2019
2018-12-12T00:00:00Z,15,2018,12,12,RB,RB13,2,116,17.2,0.3,NA,Peacock eel,Macrognathus siamensis,Macrognathus,100,invasive,0,ZERO,0,0,0,NA,2019
2018-12-12T00:00:00Z,15,2018,12,12,RB,RB13,3,174,16.3,0.3,NA,Peacock eel,Macrognathus siamensis,Macrognathus,100,invasive,0,ZERO,0,0,0,NA,2019
2018-12-12T00:00:00Z,15,2018,12,12,RB,RB14,1,88.8,18.6,0.3,NA,Peacock eel,Macrognathus siamensis,Macrognathus,100,invasive,0,ZERO,0,0,0,NA,2019
2018-12-12T00:00:00Z,15,2018,12,12,RB,RB14,2,72,18.2,0.3,NA,Peacock eel,Macrognathus siamensis,Macrognathus,100,invasive,0,ZERO,0,0,0,NA,2019
2018-12-12T00:00:00Z,15,2018,12,12,RB,RB14,3,72.8,18,0.3,NA,Peacock eel,Macrognathus siamensis,Macrognathus,100,invasive,0,ZERO,0,0,0,NA,2019
2018-12-13T00:00:00Z,15,2018,12,13,RB,RB15,1,99,19.2,0.5,NA,Peacock eel,Macrognathus siamensis,Macrognathus,100,invasive,0,ZERO,0,0,0,NA,2019
2018-12-13T00:00:00Z,15,2018,12,13,RB,RB15,2,111,19.3,0.5,NA,Peacock eel,Macrognathus siamensis,Macrognathus,100,invasive,0,ZERO,0,0,0,NA,2019
2018-12-13T00:00:00Z,15,2018,12,13,RB,RB16,1,105,17.6,0.9,NA,Peacock eel,Macrognathus siamensis,Macrognathus,100,invasive,0,ZERO,0,0,0,NA,2019
2018-12-13T00:00:00Z,15,2018,12,13,RB,RB16,3,101,17.1,0.7,NA,Peacock eel,Macrognathus siamensis,Macrognathus,100,invasive,0,ZERO,0,0,0,NA,2019
2018-12-12T00:00:00Z,15,2018,12,12,RB,RB18,1,85.3,17.2,0.3,NA,Peacock eel,Macrognathus siamensis,Macrognathus,100,invasive,1,S,0,25.0375,74.25,NA,2019
2018-12-12T00:00:00Z,15,2018,12,12,RB,RB18,2,76.8,17.2,0.3,NA,Peacock eel,Macrognathus siamensis,Macrognathus,100,invasive,0,ZERO,0,0,0,NA,2019
2018-12-12T00:00:00Z,15,2018,12,12,RB,RB18,3,86.5,17.3,0.3,NA,Peacock eel,Macrognathus siamensis,Macrognathus,100,invasive,0,ZERO,0,0,0,NA,2019
2018-12-12T00:00:00Z,15,2018,12,12,RB,RB7,1,116,17.1,0.6,NA,Peacock eel,Macrognathus siamensis,Macrognathus,100,invasive,0,ZERO,0,0,0,NA,2019
2018-12-12T00:00:00Z,15,2018,12,12,RB,RB7,2,113,17,0.5,NA,Peacock eel,Macrognathus siamensis,Macrognathus,100,invasive,0,ZERO,0,0,0,NA,2019
2018-12-12T00:00:00Z,15,2018,12,12,RB,RB7,3,106,17.1,0.4,NA,Peacock eel,Macrognathus siamensis,Macrognathus,100,invasive,0,ZERO,0,0,0,NA,2019
2018-12-10T00:00:00Z,15,2018,12,10,RB,RB8,1,119,22.1,0.3,NA,Peacock eel,Macrognathus siamensis,Macrognathus,100,invasive,0,ZERO,0,0,0,NA,2019
2018-12-10T00:00:00Z,15,2018,12,10,RB,RB8,2,58.3,22.2,0.3,NA,Peacock eel,Macrognathus siamensis,Macrognathus,100,invasive,0,ZERO,0,0,0,NA,2019
2018-12-10T00:00:00Z,15,2018,12,10,RB,RB8,3,73.4,22.1,0.3,NA,Peacock eel,Macrognathus siamensis,Macrognathus,100,invasive,0,ZERO,0,0,0,NA,2019
2018-12-10T00:00:00Z,15,2018,12,10,RB,RB9,1,109,21.8,0.3,NA,Peacock eel,Macrognathus siamensis,Macrognathus,100,invasive,0,ZERO,0,0,0,NA,2019
2018-12-10T00:00:00Z,15,2018,12,10,RB,RB9,2,107,21.9,0.3,NA,Peacock eel,Macrognathus siamensis,Macrognathus,100,invasive,0,ZERO,0,0,0,NA,2019
2018-12-10T00:00:00Z,15,2018,12,10,RB,RB9,3,107,21.9,0.3,NA,Peacock eel,Macrognathus siamensis,Macrognathus,100,invasive,2,S,0,25.0375,74.25,NA,2019
2018-12-10T00:00:00Z,15,2018,12,10,RB,RB9,3,107,21.9,0.3,NA,Peacock eel,Macrognathus siamensis,Macrognathus,100,invasive,1,C,0,26.3,82,NA,2019
2019-01-22T00:00:00Z,15,2019,1,22,RB,RB10,1,91.4,15.6,0.3,5.39,Peacock eel,Macrognathus siamensis,Macrognathus,100,invasive,0,ZERO,0,0,0,NA,2019
2019-01-22T00:00:00Z,15,2019,1,22,RB,RB10,2,107,15.7,0.3,5.98,Peacock eel,Macrognathus siamensis,Macrognathus,100,invasive,0,ZERO,0,0,0,NA,2019
2019-01-22T00:00:00Z,15,2019,1,22,RB,RB10,3,65.7,16.2,0.3,6.2,Peacock eel,Macrognathus siamensis,Macrognathus,100,invasive,1,C,0,23.1,92,NA,2019
2019-01-22T00:00:00Z,15,2019,1,22,RB,RB10,3,65.7,16.2,0.3,6.2,Peacock eel,Macrognathus siamensis,Macrognathus,100,invasive,1,C,0,22.5,74,NA,2019
2019-01-22T00:00:00Z,15,2019,1,22,RB,RB10,3,65.7,16.2,0.3,6.2,Peacock eel,Macrognathus siamensis,Macrognathus,100,invasive,1,C,0,28.7,131,NA,2019
2019-01-21T00:00:00Z,15,2019,1,21,RB,RB11,1,99.5,16,0.3,5.99,Peacock eel,Macrognathus siamensis,Macrognathus,100,invasive,0,ZERO,0,0,0,NA,2019
2019-01-21T00:00:00Z,15,2019,1,21,RB,RB11,2,130,16.1,0.3,5.97,Peacock eel,Macrognathus siamensis,Macrognathus,100,invasive,1,C,0,24,63,NA,2019
2019-01-21T00:00:00Z,15,2019,1,21,RB,RB11,2,130,16.1,0.3,5.97,Peacock eel,Macrognathus siamensis,Macrognathus,100,invasive,1,C,0,31.7,153,NA,2019
2019-01-21T00:00:00Z,15,2019,1,21,RB,RB11,3,78,16.7,0.3,6.58,Peacock eel,Macrognathus siamensis,Macrognathus,100,invasive,1,C,0,22.3,62,NA,2019
2019-01-21T00:00:00Z,15,2019,1,21,RB,RB11,3,78,16.7,0.3,6.58,Peacock eel,Macrognathus siamensis,Macrognathus,100,invasive,1,C,0,22.8,55,NA,2019
2019-01-21T00:00:00Z,15,2019,1,21,RB,RB11,3,78,16.7,0.3,6.58,Peacock eel,Macrognathus siamensis,Macrognathus,100,invasive,1,C,0,24.7,89,NA,2019
2019-01-21T00:00:00Z,15,2019,1,21,RB,RB11,3,78,16.7,0.3,6.58,Peacock eel,Macrognathus siamensis,Macrognathus,100,invasive,1,C,0,22.5,54,NA,2019
2019-01-21T00:00:00Z,15,2019,1,21,RB,RB11,3,78,16.7,0.3,6.58,Peacock eel,Macrognathus siamensis,Macrognathus,100,invasive,1,C,0,20.3,48,NA,2019
2019-01-21T00:00:00Z,15,2019,1,21,RB,RB13,1,120,17.8,0.3,6.4,Peacock eel,Macrognathus siamensis,Macrognathus,100,invasive,1,S,0,24.41111111111111,82.62962962962963,NA,2019
2019-01-21T00:00:00Z,15,2019,1,21,RB,RB13,2,71.4,18.2,0.3,6.71,Peacock eel,Macrognathus siamensis,Macrognathus,100,invasive,0,ZERO,0,0,0,NA,2019
2019-01-21T00:00:00Z,15,2019,1,21,RB,RB13,3,91.6,17.8,0.3,6.47,Peacock eel,Macrognathus siamensis,Macrognathus,100,invasive,0,ZERO,0,0,0,NA,2019
2019-01-21T00:00:00Z,15,2019,1,21,RB,RB8,1,68.3,16.6,0.3,5.46,Peacock eel,Macrognathus siamensis,Macrognathus,100,invasive,0,ZERO,0,0,0,NA,2019
2019-01-21T00:00:00Z,15,2019,1,21,RB,RB8,2,98.3,16.4,0.3,5.32,Peacock eel,Macrognathus siamensis,Macrognathus,100,invasive,1,C,0,23.4,77,NA,2019
2019-01-21T00:00:00Z,15,2019,1,21,RB,RB8,3,121,16.2,0.3,5.8,Peacock eel,Macrognathus siamensis,Macrognathus,100,invasive,0,ZERO,0,0,0,NA,2019
2019-01-22T00:00:00Z,15,2019,1,22,RB,RB9,1,90.7,15.2,0.3,5.39,Peacock eel,Macrognathus siamensis,Macrognathus,100,invasive,1,S,0,24.41111111111111,82.62962962962963,NA,2019
2019-01-22T00:00:00Z,15,2019,1,22,RB,RB9,1,90.7,15.2,0.3,5.39,Peacock eel,Macrognathus siamensis,Macrognathus,100,invasive,1,C,0,31,185,NA,2019
2019-01-22T00:00:00Z,15,2019,1,22,RB,RB9,1,90.7,15.2,0.3,5.39,Peacock eel,Macrognathus siamensis,Macrognathus,100,invasive,1,C,0,28.9,113,NA,2019
2019-01-22T00:00:00Z,15,2019,1,22,RB,RB9,1,90.7,15.2,0.3,5.39,Peacock eel,Macrognathus siamensis,Macrognathus,100,invasive,1,C,0,23.4,68,NA,2019
2019-01-22T00:00:00Z,15,2019,1,22,RB,RB9,1,90.7,15.2,0.3,5.39,Peacock eel,Macrognathus siamensis,Macrognathus,100,invasive,1,C,0,27.5,123,NA,2019
2019-01-22T00:00:00Z,15,2019,1,22,RB,RB9,1,90.7,15.2,0.3,5.39,Peacock eel,Macrognathus siamensis,Macrognathus,100,invasive,1,C,0,23.3,53,NA,2019
2019-01-22T00:00:00Z,15,2019,1,22,RB,RB9,1,90.7,15.2,0.3,5.39,Peacock eel,Macrognathus siamensis,Macrognathus,100,invasive,1,C,0,20.3,42,NA,2019
2019-01-22T00:00:00Z,15,2019,1,22,RB,RB9,1,90.7,15.2,0.3,5.39,Peacock eel,Macrognathus siamensis,Macrognathus,100,invasive,1,C,0,23.1,41,NA,2019
2019-01-22T00:00:00Z,15,2019,1,22,RB,RB9,2,90.8,15.3,0.3,5.76,Peacock eel,Macrognathus siamensis,Macrognathus,100,invasive,1,S,0,24.41111111111111,82.62962962962963,NA,2019
2019-01-22T00:00:00Z,15,2019,1,22,RB,RB9,2,90.8,15.3,0.3,5.76,Peacock eel,Macrognathus siamensis,Macrognathus,100,invasive,1,C,0,27.7,140,NA,2019
2019-01-22T00:00:00Z,15,2019,1,22,RB,RB9,2,90.8,15.3,0.3,5.76,Peacock eel,Macrognathus siamensis,Macrognathus,100,invasive,1,C,0,26.5,92,NA,2019
2019-01-22T00:00:00Z,15,2019,1,22,RB,RB9,2,90.8,15.3,0.3,5.76,Peacock eel,Macrognathus siamensis,Macrognathus,100,invasive,1,C,0,21.2,41,NA,2019
2019-01-22T00:00:00Z,15,2019,1,22,RB,RB9,2,90.8,15.3,0.3,5.76,Peacock eel,Macrognathus siamensis,Macrognathus,100,invasive,1,C,0,19.3,24,NA,2019
2019-01-22T00:00:00Z,15,2019,1,22,RB,RB9,3,71.3,15.3,0.3,5.5,Peacock eel,Macrognathus siamensis,Macrognathus,100,invasive,1,C,0,23.3,89,NA,2019
2019-01-22T00:00:00Z,15,2019,1,22,RB,RB9,3,71.3,15.3,0.3,5.5,Peacock eel,Macrognathus siamensis,Macrognathus,100,invasive,1,C,0,25.1,105,NA,2019
2019-01-22T00:00:00Z,15,2019,1,22,RB,RB9,3,71.3,15.3,0.3,5.5,Peacock eel,Macrognathus siamensis,Macrognathus,100,invasive,1,C,0,22.2,68,NA,2019
2019-01-22T00:00:00Z,15,2019,1,22,RB,RB9,3,71.3,15.3,0.3,5.5,Peacock eel,Macrognathus siamensis,Macrognathus,100,invasive,1,C,0,27.3,98,NA,2019
2019-01-22T00:00:00Z,15,2019,1,22,RB,RB9,3,71.3,15.3,0.3,5.5,Peacock eel,Macrognathus siamensis,Macrognathus,100,invasive,1,C,0,23,51,NA,2019
2019-02-24T00:00:00Z,15,2019,2,24,RB,RB10,1,97.8,25.8,0.3,3.43,Peacock eel,Macrognathus siamensis,Macrognathus,100,invasive,0,ZERO,0,0,0,NA,2019
2019-02-24T00:00:00Z,15,2019,2,24,RB,RB10,2,102,26,0.3,3.69,Peacock eel,Macrognathus siamensis,Macrognathus,100,invasive,1,C,0,26.5,88,NA,2019
2019-02-24T00:00:00Z,15,2019,2,24,RB,RB10,3,122,26.1,0.3,3.6,Peacock eel,Macrognathus siamensis,Macrognathus,100,invasive,1,S,0,25.123529411764707,104.11764705882354,NA,2019
2019-02-26T00:00:00Z,15,2019,2,26,RB,RB11,1,86.6,22.6,0.3,2.95,Peacock eel,Macrognathus siamensis,Macrognathus,100,invasive,1,C,0,26.6,88,NA,2019
2019-02-26T00:00:00Z,15,2019,2,26,RB,RB11,2,142,22.5,0.3,3.09,Peacock eel,Macrognathus siamensis,Macrognathus,100,invasive,2,S,0,25.123529411764707,104.11764705882354,NA,2019
2019-02-26T00:00:00Z,15,2019,2,26,RB,RB11,2,142,22.5,0.3,3.09,Peacock eel,Macrognathus siamensis,Macrognathus,100,invasive,1,C,0,26.8,88,NA,2019
2019-02-26T00:00:00Z,15,2019,2,26,RB,RB11,2,142,22.5,0.3,3.09,Peacock eel,Macrognathus siamensis,Macrognathus,100,invasive,1,C,0,22,46,NA,2019
2019-02-26T00:00:00Z,15,2019,2,26,RB,RB11,2,142,22.5,0.3,3.09,Peacock eel,Macrognathus siamensis,Macrognathus,100,invasive,1,C,0,26.2,92,NA,2019
2019-02-26T00:00:00Z,15,2019,2,26,RB,RB11,2,142,22.5,0.3,3.09,Peacock eel,Macrognathus siamensis,Macrognathus,100,invasive,1,C,0,22.7,51,NA,2019
2019-02-26T00:00:00Z,15,2019,2,26,RB,RB11,2,142,22.5,0.3,3.09,Peacock eel,Macrognathus siamensis,Macrognathus,100,invasive,1,C,0,21.8,52,NA,2019
2019-02-26T00:00:00Z,15,2019,2,26,RB,RB11,2,142,22.5,0.3,3.09,Peacock eel,Macrognathus siamensis,Macrognathus,100,invasive,1,C,0,24.4,65,NA,2019
2019-02-26T00:00:00Z,15,2019,2,26,RB,RB11,3,67.2,22.5,0.3,3.46,Peacock eel,Macrognathus siamensis,Macrognathus,100,invasive,1,S,0,25.123529411764707,104.11764705882354,NA,2019
2019-02-26T00:00:00Z,15,2019,2,26,RB,RB11,3,67.2,22.5,0.3,3.46,Peacock eel,Macrognathus siamensis,Macrognathus,100,invasive,1,C,0,21.5,49,NA,2019
2019-02-26T00:00:00Z,15,2019,2,26,RB,RB11,3,67.2,22.5,0.3,3.46,Peacock eel,Macrognathus siamensis,Macrognathus,100,invasive,1,C,0,25.3,75,NA,2019
2019-02-27T00:00:00Z,15,2019,2,27,RB,RB12,1,124,22.8,0.6,1.27,Peacock eel,Macrognathus siamensis,Macrognathus,100,invasive,0,ZERO,0,0,0,NA,2019
2019-02-27T00:00:00Z,15,2019,2,27,RB,RB12,2,102,22.9,0.6,1.61,Peacock eel,Macrognathus siamensis,Macrognathus,100,invasive,0,ZERO,0,0,0,NA,2019
2019-02-27T00:00:00Z,15,2019,2,27,RB,RB12,3,115,23,0.6,1.82,Peacock eel,Macrognathus siamensis,Macrognathus,100,invasive,0,ZERO,0,0,0,NA,2019
2019-02-24T00:00:00Z,15,2019,2,24,RB,RB13,1,90.9,25.4,0.3,3.68,Peacock eel,Macrognathus siamensis,Macrognathus,100,invasive,0,ZERO,0,0,0,NA,2019
2019-02-24T00:00:00Z,15,2019,2,24,RB,RB13,2,120,25.8,0.3,3.96,Peacock eel,Macrognathus siamensis,Macrognathus,100,invasive,0,ZERO,0,0,0,NA,2019
2019-02-24T00:00:00Z,15,2019,2,24,RB,RB13,3,97.6,26,0.3,4.1,Peacock eel,Macrognathus siamensis,Macrognathus,100,invasive,1,S,0,25.123529411764707,104.11764705882354,NA,2019
2019-02-25T00:00:00Z,15,2019,2,25,RB,RB14,1,119,26.4,0.5,2.34,Peacock eel,Macrognathus siamensis,Macrognathus,100,invasive,0,ZERO,0,0,0,NA,2019
2019-02-25T00:00:00Z,15,2019,2,25,RB,RB14,2,86.5,26.6,0.4,3.95,Peacock eel,Macrognathus siamensis,Macrognathus,100,invasive,0,ZERO,0,0,0,NA,2019
2019-02-26T00:00:00Z,15,2019,2,26,RB,RB14,3,76.9,24.7,0.5,2.69,Peacock eel,Macrognathus siamensis,Macrognathus,100,invasive,1,C,0,22.5,500,NA,2019
2019-02-26T00:00:00Z,15,2019,2,26,RB,RB15,1,125,25.5,0.8,0.35,Peacock eel,Macrognathus siamensis,Macrognathus,100,invasive,0,ZERO,0,0,0,NA,2019
2019-02-26T00:00:00Z,15,2019,2,26,RB,RB15,2,170,25.5,0.8,0.37,Peacock eel,Macrognathus siamensis,Macrognathus,100,invasive,0,ZERO,0,0,0,NA,2019
2019-02-26T00:00:00Z,15,2019,2,26,RB,RB15,3,124,25.5,0.8,0.35,Peacock eel,Macrognathus siamensis,Macrognathus,100,invasive,0,ZERO,0,0,0,NA,2019
2019-02-27T00:00:00Z,15,2019,2,27,RB,RB16,1,94.5,23.7,1.3,1.47,Peacock eel,Macrognathus siamensis,Macrognathus,100,invasive,0,ZERO,0,0,0,NA,2019
2019-02-27T00:00:00Z,15,2019,2,27,RB,RB16,2,106,24,1,1.25,Peacock eel,Macrognathus siamensis,Macrognathus,100,invasive,0,ZERO,0,0,0,NA,2019
2019-02-27T00:00:00Z,15,2019,2,27,RB,RB16,3,101,23.7,1.3,0.95,Peacock eel,Macrognathus siamensis,Macrognathus,100,invasive,0,ZERO,0,0,0,NA,2019
2019-02-26T00:00:00Z,15,2019,2,26,RB,RB18,1,115,25.7,0.4,3.8,Peacock eel,Macrognathus siamensis,Macrognathus,100,invasive,0,ZERO,0,0,0,NA,2019
2019-02-26T00:00:00Z,15,2019,2,26,RB,RB18,2,113,25.5,0.4,3.56,Peacock eel,Macrognathus siamensis,Macrognathus,100,invasive,0,ZERO,0,0,0,NA,2019
2019-02-26T00:00:00Z,15,2019,2,26,RB,RB18,3,115,25.5,0.4,3.49,Peacock eel,Macrognathus siamensis,Macrognathus,100,invasive,0,ZERO,0,0,0,NA,2019
2019-02-26T00:00:00Z,15,2019,2,26,RB,RB7,1,106,23.3,0.6,1.8,Peacock eel,Macrognathus siamensis,Macrognathus,100,invasive,0,ZERO,0,0,0,NA,2019
2019-02-26T00:00:00Z,15,2019,2,26,RB,RB7,2,127,23.3,0.6,1.97,Peacock eel,Macrognathus siamensis,Macrognathus,100,invasive,0,ZERO,0,0,0,NA,2019
2019-02-26T00:00:00Z,15,2019,2,26,RB,RB7,3,65.7,23.3,0.5,1.94,Peacock eel,Macrognathus siamensis,Macrognathus,100,invasive,0,ZERO,0,0,0,NA,2019
2019-02-24T00:00:00Z,15,2019,2,24,RB,RB8,1,103,25.8,0.3,4.08,Peacock eel,Macrognathus siamensis,Macrognathus,100,invasive,1,C,0,28,136,NA,2019
2019-02-24T00:00:00Z,15,2019,2,24,RB,RB8,1,103,25.8,0.3,4.08,Peacock eel,Macrognathus siamensis,Macrognathus,100,invasive,1,C,0,25.9,98,NA,2019
2019-02-24T00:00:00Z,15,2019,2,24,RB,RB8,2,120,25.7,0.3,3.58,Peacock eel,Macrognathus siamensis,Macrognathus,100,invasive,0,ZERO,0,0,0,NA,2019
2019-02-24T00:00:00Z,15,2019,2,24,RB,RB8,3,160,25.9,0.3,3.82,Peacock eel,Macrognathus siamensis,Macrognathus,100,invasive,1,S,0,25.123529411764707,104.11764705882354,NA,2019
2019-02-26T00:00:00Z,15,2019,2,26,RB,RB9,1,89.6,23,0.3,2.66,Peacock eel,Macrognathus siamensis,Macrognathus,100,invasive,1,S,0,25.123529411764707,104.11764705882354,NA,2019
2019-02-26T00:00:00Z,15,2019,2,26,RB,RB9,1,89.6,23,0.3,2.66,Peacock eel,Macrognathus siamensis,Macrognathus,100,invasive,1,C,0,29.5,138,NA,2019
2019-02-26T00:00:00Z,15,2019,2,26,RB,RB9,2,76.6,23,0.3,2.39,Peacock eel,Macrognathus siamensis,Macrognathus,100,invasive,1,S,0,25.123529411764707,104.11764705882354,NA,2019
2019-02-26T00:00:00Z,15,2019,2,26,RB,RB9,2,76.6,23,0.3,2.39,Peacock eel,Macrognathus siamensis,Macrognathus,100,invasive,1,C,0,26,69,NA,2019
2019-02-26T00:00:00Z,15,2019,2,26,RB,RB9,2,76.6,23,0.3,2.39,Peacock eel,Macrognathus siamensis,Macrognathus,100,invasive,1,C,0,24,54,NA,2019
2019-02-26T00:00:00Z,15,2019,2,26,RB,RB9,2,76.6,23,0.3,2.39,Peacock eel,Macrognathus siamensis,Macrognathus,100,invasive,1,C,0,27.4,81,NA,2019
2019-02-26T00:00:00Z,15,2019,2,26,RB,RB9,3,106,23.1,0.3,2.83,Peacock eel,Macrognathus siamensis,Macrognathus,100,invasive,0,ZERO,0,0,0,NA,2019
2019-03-25T00:00:00Z,15,2019,3,25,RB,RB10,1,81.6,20.8,0.3,3.69,Peacock eel,Macrognathus siamensis,Macrognathus,100,invasive,1,C,0,27.4,98,NA,2019
2019-03-25T00:00:00Z,15,2019,3,25,RB,RB10,1,81.6,20.8,0.3,3.69,Peacock eel,Macrognathus siamensis,Macrognathus,100,invasive,1,C,0,21.5,45,NA,2019
2019-03-25T00:00:00Z,15,2019,3,25,RB,RB10,2,102,20.9,0.3,3.64,Peacock eel,Macrognathus siamensis,Macrognathus,100,invasive,1,S,0,24.3,75,NA,2019
2019-03-25T00:00:00Z,15,2019,3,25,RB,RB10,2,102,20.9,0.3,3.64,Peacock eel,Macrognathus siamensis,Macrognathus,100,invasive,1,C,25.3,24.3,126,NA,2019
2019-03-25T00:00:00Z,15,2019,3,25,RB,RB10,3,102,21.4,0.3,3.91,Peacock eel,Macrognathus siamensis,Macrognathus,100,invasive,0,ZERO,0,0,0,NA,2019
2019-03-24T00:00:00Z,15,2019,3,24,RB,RB11,1,105,20.8,0.3,4.07,Peacock eel,Macrognathus siamensis,Macrognathus,100,invasive,1,C,0,22,40,NA,2019
2019-03-24T00:00:00Z,15,2019,3,24,RB,RB11,2,87.7,20.4,0.3,4.32,Peacock eel,Macrognathus siamensis,Macrognathus,100,invasive,0,ZERO,0,0,0,NA,2019
2019-03-24T00:00:00Z,15,2019,3,24,RB,RB11,3,66.7,20.4,0.3,4.54,Peacock eel,Macrognathus siamensis,Macrognathus,100,invasive,1,S,0,24.3,75,NA,2019
2019-03-25T00:00:00Z,15,2019,3,25,RB,RB13,1,100,23.5,0.5,5.14,Peacock eel,Macrognathus siamensis,Macrognathus,100,invasive,0,ZERO,0,0,0,NA,2019
2019-03-25T00:00:00Z,15,2019,3,25,RB,RB13,2,67.8,24,0.5,5.28,Peacock eel,Macrognathus siamensis,Macrognathus,100,invasive,0,ZERO,0,0,0,NA,2019
2019-03-25T00:00:00Z,15,2019,3,25,RB,RB13,3,76.2,23.1,0.5,5.16,Peacock eel,Macrognathus siamensis,Macrognathus,100,invasive,0,ZERO,0,0,0,NA,2019
2019-03-25T00:00:00Z,15,2019,3,25,RB,RB8,1,66.7,22.4,0.4,4.44,Peacock eel,Macrognathus siamensis,Macrognathus,100,invasive,0,ZERO,0,0,0,NA,2019
2019-03-25T00:00:00Z,15,2019,3,25,RB,RB8,2,103,22.5,0.3,4.52,Peacock eel,Macrognathus siamensis,Macrognathus,100,invasive,0,ZERO,0,0,0,NA,2019
2019-03-25T00:00:00Z,15,2019,3,25,RB,RB8,3,112,22.6,0.3,4.33,Peacock eel,Macrognathus siamensis,Macrognathus,100,invasive,1,S,0,24.3,75,NA,2019
2019-03-25T00:00:00Z,15,2019,3,25,RB,RB8,3,112,22.6,0.3,4.33,Peacock eel,Macrognathus siamensis,Macrognathus,100,invasive,1,C,0,25,63,NA,2019
2019-03-24T00:00:00Z,15,2019,3,24,RB,RB9,1,67,20.5,0.3,4.04,Peacock eel,Macrognathus siamensis,Macrognathus,100,invasive,1,S,0,24.3,75,NA,2019
2019-03-24T00:00:00Z,15,2019,3,24,RB,RB9,2,69.9,21.3,0.3,3.86,Peacock eel,Macrognathus siamensis,Macrognathus,100,invasive,1,S,0,24.3,75,NA,2019
2019-03-24T00:00:00Z,15,2019,3,24,RB,RB9,2,69.9,21.3,0.3,3.86,Peacock eel,Macrognathus siamensis,Macrognathus,100,invasive,1,C,0,25.2,75,NA,2019
2019-03-24T00:00:00Z,15,2019,3,24,RB,RB9,2,69.9,21.3,0.3,3.86,Peacock eel,Macrognathus siamensis,Macrognathus,100,invasive,1,C,0,28.5,118,NA,2019
2019-03-24T00:00:00Z,15,2019,3,24,RB,RB9,3,85.8,21.7,0.3,4.23,Peacock eel,Macrognathus siamensis,Macrognathus,100,invasive,1,S,0,24.3,75,NA,2019
2019-03-24T00:00:00Z,15,2019,3,24,RB,RB9,3,85.8,21.7,0.3,4.23,Peacock eel,Macrognathus siamensis,Macrognathus,100,invasive,1,C,0,20.5,35,NA,2019
2019-04-28T00:00:00Z,15,2019,4,28,RB,RB10,1,93.1,26,0.7,4.15,Peacock eel,Macrognathus siamensis,Macrognathus,100,invasive,0,ZERO,0,0,0,NA,2019
2019-04-28T00:00:00Z,15,2019,4,28,RB,RB10,2,90.2,26.4,0.7,4.21,Peacock eel,Macrognathus siamensis,Macrognathus,100,invasive,0,ZERO,0,0,0,NA,2019
2019-04-28T00:00:00Z,15,2019,4,28,RB,RB10,3,81.5,26.3,0.7,3.61,Peacock eel,Macrognathus siamensis,Macrognathus,100,invasive,1,C,0,22.8,52,NA,2019
2019-04-28T00:00:00Z,15,2019,4,28,RB,RB11,1,95.8,24.6,0.6,3.08,Peacock eel,Macrognathus siamensis,Macrognathus,100,invasive,0,ZERO,0,0,0,NA,2019
2019-04-28T00:00:00Z,15,2019,4,28,RB,RB11,2,96.4,24.7,0.6,3.57,Peacock eel,Macrognathus siamensis,Macrognathus,100,invasive,1,C,0,26.6,68,NA,2019
2019-04-28T00:00:00Z,15,2019,4,28,RB,RB11,2,96.4,24.7,0.6,3.57,Peacock eel,Macrognathus siamensis,Macrognathus,100,invasive,1,C,0,26.5,59,NA,2019
2019-04-28T00:00:00Z,15,2019,4,28,RB,RB11,3,96,25.3,0.6,3.96,Peacock eel,Macrognathus siamensis,Macrognathus,100,invasive,1,C,0,21.6,34,NA,2019
2019-04-28T00:00:00Z,15,2019,4,28,RB,RB11,3,96,25.3,0.6,3.96,Peacock eel,Macrognathus siamensis,Macrognathus,100,invasive,1,C,0,21,25,NA,2019
2019-04-30T00:00:00Z,15,2019,4,30,RB,RB12,1,110,24.9,2.9,0.48,Peacock eel,Macrognathus siamensis,Macrognathus,100,invasive,0,ZERO,0,0,0,NA,2019
2019-04-30T00:00:00Z,15,2019,4,30,RB,RB12,2,79.6,25.1,2.5,0.78,Peacock eel,Macrognathus siamensis,Macrognathus,100,invasive,1,C,0,25.2,85,NA,2019
2019-04-30T00:00:00Z,15,2019,4,30,RB,RB12,3,64.6,25.3,2.1,0.84,Peacock eel,Macrognathus siamensis,Macrognathus,100,invasive,0,ZERO,0,0,0,NA,2019
2019-04-29T00:00:00Z,15,2019,4,29,RB,RB13,1,110,26.1,0.7,5.25,Peacock eel,Macrognathus siamensis,Macrognathus,100,invasive,0,ZERO,0,0,0,NA,2019
2019-04-29T00:00:00Z,15,2019,4,29,RB,RB13,2,72.2,26.1,0.7,5.6,Peacock eel,Macrognathus siamensis,Macrognathus,100,invasive,0,ZERO,0,0,0,NA,2019
2019-04-29T00:00:00Z,15,2019,4,29,RB,RB13,3,59.2,26.2,0.6,5.34,Peacock eel,Macrognathus siamensis,Macrognathus,100,invasive,0,ZERO,0,0,0,NA,2019
2019-04-28T00:00:00Z,15,2019,4,28,RB,RB14,1,84.2,27.6,3.2,0.51,Peacock eel,Macrognathus siamensis,Macrognathus,100,invasive,0,ZERO,0,0,0,NA,2019
2019-04-28T00:00:00Z,15,2019,4,28,RB,RB14,2,91.6,27.7,3.6,0.86,Peacock eel,Macrognathus siamensis,Macrognathus,100,invasive,0,ZERO,0,0,0,NA,2019
2019-04-28T00:00:00Z,15,2019,4,28,RB,RB14,3,78.6,29.3,3.3,2.71,Peacock eel,Macrognathus siamensis,Macrognathus,100,invasive,0,ZERO,0,0,0,NA,2019
2019-04-30T00:00:00Z,15,2019,4,30,RB,RB16,1,103,26.9,6.5,1.95,Peacock eel,Macrognathus siamensis,Macrognathus,100,invasive,0,ZERO,0,0,0,NA,2019
2019-04-30T00:00:00Z,15,2019,4,30,RB,RB16,2,82.6,27,6.3,1.86,Peacock eel,Macrognathus siamensis,Macrognathus,100,invasive,0,ZERO,0,0,0,NA,2019
2019-04-30T00:00:00Z,15,2019,4,30,RB,RB16,3,119,27.2,7.7,1.87,Peacock eel,Macrognathus siamensis,Macrognathus,100,invasive,0,ZERO,0,0,0,NA,2019
2019-04-29T00:00:00Z,15,2019,4,29,RB,RB18,1,107,28,1.6,6.05,Peacock eel,Macrognathus siamensis,Macrognathus,100,invasive,0,ZERO,0,0,0,NA,2019
2019-04-30T00:00:00Z,15,2019,4,30,RB,RB18,2,46.4,26.5,1.4,3.9,Peacock eel,Macrognathus siamensis,Macrognathus,100,invasive,0,ZERO,0,0,0,NA,2019
2019-04-30T00:00:00Z,15,2019,4,30,RB,RB18,3,46.9,26.5,1.2,4.79,Peacock eel,Macrognathus siamensis,Macrognathus,100,invasive,0,ZERO,0,0,0,NA,2019
2019-04-29T00:00:00Z,15,2019,4,29,RB,RB7,1,85.2,25.4,1.1,0.5,Peacock eel,Macrognathus siamensis,Macrognathus,100,invasive,0,ZERO,0,0,0,NA,2019
2019-04-29T00:00:00Z,15,2019,4,29,RB,RB7,2,85.2,26,0.9,0.41,Peacock eel,Macrognathus siamensis,Macrognathus,100,invasive,0,ZERO,0,0,0,NA,2019
2019-04-29T00:00:00Z,15,2019,4,29,RB,RB7,3,114,25.7,0.8,0.4,Peacock eel,Macrognathus siamensis,Macrognathus,100,invasive,0,ZERO,0,0,0,NA,2019
2019-04-29T00:00:00Z,15,2019,4,29,RB,RB8,1,80.2,25.9,0.5,5.43,Peacock eel,Macrognathus siamensis,Macrognathus,100,invasive,1,S,0,24.228571428571428,64.42857142857143,NA,2019
2019-04-29T00:00:00Z,15,2019,4,29,RB,RB8,2,75.1,25.8,0.5,5.62,Peacock eel,Macrognathus siamensis,Macrognathus,100,invasive,0,ZERO,0,0,0,NA,2019
2019-04-29T00:00:00Z,15,2019,4,29,RB,RB8,3,75.1,26.8,0.5,5.73,Peacock eel,Macrognathus siamensis,Macrognathus,100,invasive,0,ZERO,0,0,0,NA,2019
2019-04-29T00:00:00Z,15,2019,4,29,RB,RB9,1,91.8,23.8,0.4,2.49,Peacock eel,Macrognathus siamensis,Macrognathus,100,invasive,1,C,0,29.3,132,NA,2019
2019-04-29T00:00:00Z,15,2019,4,29,RB,RB9,1,91.8,23.8,0.4,2.49,Peacock eel,Macrognathus siamensis,Macrognathus,100,invasive,1,C,0,27.8,91,NA,2019
2019-04-29T00:00:00Z,15,2019,4,29,RB,RB9,1,91.8,23.8,0.4,2.49,Peacock eel,Macrognathus siamensis,Macrognathus,100,invasive,1,C,0,26,75,NA,2019
2019-04-29T00:00:00Z,15,2019,4,29,RB,RB9,1,91.8,23.8,0.4,2.49,Peacock eel,Macrognathus siamensis,Macrognathus,100,invasive,1,C,0,24.2,60,NA,2019
2019-04-29T00:00:00Z,15,2019,4,29,RB,RB9,2,49.6,23.8,0.4,2.65,Peacock eel,Macrognathus siamensis,Macrognathus,100,invasive,1,S,0,24.228571428571428,64.42857142857143,NA,2019
2019-04-29T00:00:00Z,15,2019,4,29,RB,RB9,2,49.6,23.8,0.4,2.65,Peacock eel,Macrognathus siamensis,Macrognathus,100,invasive,1,C,0,22.4,43,NA,2019
2019-04-29T00:00:00Z,15,2019,4,29,RB,RB9,3,71.6,24.4,0.4,2.76,Peacock eel,Macrognathus siamensis,Macrognathus,100,invasive,1,C,0,22.3,65,NA,2019
2019-04-29T00:00:00Z,15,2019,4,29,RB,RB9,3,71.6,24.4,0.4,2.76,Peacock eel,Macrognathus siamensis,Macrognathus,100,invasive,1,C,0,21.7,53,NA,2019
2019-04-29T00:00:00Z,15,2019,4,29,RB,RB9,3,71.6,24.4,0.4,2.76,Peacock eel,Macrognathus siamensis,Macrognathus,100,invasive,1,C,0,21.8,60,NA,2019
2019-05-28T00:00:00Z,15,2019,5,28,RB,RB10,1,76.5,26.6,0.6,3.5,Peacock eel,Macrognathus siamensis,Macrognathus,100,invasive,0,ZERO,0,0,0,NA,2019
2019-05-28T00:00:00Z,15,2019,5,28,RB,RB10,2,98.9,26.9,0.6,3.59,Peacock eel,Macrognathus siamensis,Macrognathus,100,invasive,0,ZERO,0,0,0,NA,2019
2019-05-28T00:00:00Z,15,2019,5,28,RB,RB10,3,85.7,27.5,0.6,4.26,Peacock eel,Macrognathus siamensis,Macrognathus,100,invasive,0,ZERO,0,0,0,NA,2019
2019-05-28T00:00:00Z,15,2019,5,28,RB,RB11,1,68.7,27,0.6,4.67,Peacock eel,Macrognathus siamensis,Macrognathus,100,invasive,0,ZERO,0,0,0,NA,2019
2019-05-28T00:00:00Z,15,2019,5,28,RB,RB11,2,57.8,26.8,0.6,4.51,Peacock eel,Macrognathus siamensis,Macrognathus,100,invasive,0,ZERO,0,0,0,NA,2019
2019-05-29T00:00:00Z,15,2019,5,29,RB,RB11,3,57.6,26.8,0.6,4.58,Peacock eel,Macrognathus siamensis,Macrognathus,100,invasive,1,S,0,24.1,31.5,NA,2019
2019-05-28T00:00:00Z,15,2019,5,28,RB,RB13,1,84.6,29.2,1.4,5.59,Peacock eel,Macrognathus siamensis,Macrognathus,100,invasive,0,ZERO,0,0,0,NA,2019
2019-05-28T00:00:00Z,15,2019,5,28,RB,RB13,2,91.2,29.2,1.5,5.74,Peacock eel,Macrognathus siamensis,Macrognathus,100,invasive,0,ZERO,0,0,0,NA,2019
2019-05-29T00:00:00Z,15,2019,5,29,RB,RB13,3,74.6,29.8,1.7,5.92,Peacock eel,Macrognathus siamensis,Macrognathus,100,invasive,0,ZERO,0,0,0,NA,2019
2019-05-28T00:00:00Z,15,2019,5,28,RB,RB8,1,82.6,30.2,0.8,7.82,Peacock eel,Macrognathus siamensis,Macrognathus,100,invasive,1,S,0,24.1,31.5,NA,2019
2019-05-28T00:00:00Z,15,2019,5,28,RB,RB8,2,67.6,29.7,0.7,8.04,Peacock eel,Macrognathus siamensis,Macrognathus,100,invasive,0,ZERO,0,0,0,NA,2019
2019-05-29T00:00:00Z,15,2019,5,29,RB,RB8,3,84.6,28.1,0.9,5.41,Peacock eel,Macrognathus siamensis,Macrognathus,100,invasive,0,ZERO,0,0,0,NA,2019
2019-05-28T00:00:00Z,15,2019,5,28,RB,RB9,1,68.2,28.7,0.6,6,Peacock eel,Macrognathus siamensis,Macrognathus,100,invasive,0,ZERO,0,0,0,NA,2019
2019-05-28T00:00:00Z,15,2019,5,28,RB,RB9,2,94.2,28.7,0.6,5.6,Peacock eel,Macrognathus siamensis,Macrognathus,100,invasive,0,ZERO,0,0,0,NA,2019
2019-05-28T00:00:00Z,15,2019,5,28,RB,RB9,3,86.1,28.8,0.6,5.55,Peacock eel,Macrognathus siamensis,Macrognathus,100,invasive,1,C,0,21.5,15,NA,2019
2019-05-28T00:00:00Z,15,2019,5,28,RB,RB9,3,86.1,28.8,0.6,5.55,Peacock eel,Macrognathus siamensis,Macrognathus,100,invasive,1,C,0,26.7,48,NA,2019
2019-12-10T00:00:00Z,16,2019,12,10,RB,RB10,1,133,20.7,0.3,6.06,Peacock eel,Macrognathus siamensis,Macrognathus,100,invasive,1,S,0,23.410869565217393,51.26086956521739,NA,2020
2019-12-10T00:00:00Z,16,2019,12,10,RB,RB10,1,133,20.7,0.3,6.06,Peacock eel,Macrognathus siamensis,Macrognathus,100,invasive,1,C,0,22,48,NA,2020
2019-12-10T00:00:00Z,16,2019,12,10,RB,RB10,1,133,20.7,0.3,6.06,Peacock eel,Macrognathus siamensis,Macrognathus,100,invasive,1,C,0,25,72,NA,2020
2019-12-10T00:00:00Z,16,2019,12,10,RB,RB10,2,63.6,21,0.3,5.34,Peacock eel,Macrognathus siamensis,Macrognathus,100,invasive,1,C,0,24.8,73,NA,2020
2019-12-10T00:00:00Z,16,2019,12,10,RB,RB10,3,77,21.4,0.3,5.15,Peacock eel,Macrognathus siamensis,Macrognathus,100,invasive,1,S,0,23.410869565217393,51.26086956521739,NA,2020
2019-12-10T00:00:00Z,16,2019,12,10,RB,RB10,3,77,21.4,0.3,5.15,Peacock eel,Macrognathus siamensis,Macrognathus,100,invasive,1,C,0,23.2,43,NA,2020
2019-12-10T00:00:00Z,16,2019,12,10,RB,RB10,3,77,21.4,0.3,5.15,Peacock eel,Macrognathus siamensis,Macrognathus,100,invasive,1,C,0,21.7,31,NA,2020
2019-12-10T00:00:00Z,16,2019,12,10,RB,RB10,3,77,21.4,0.3,5.15,Peacock eel,Macrognathus siamensis,Macrognathus,100,invasive,1,C,0,24.9,53,NA,2020
2019-12-11T00:00:00Z,16,2019,12,11,RB,RB11,1,100,22.3,0.3,4.53,Peacock eel,Macrognathus siamensis,Macrognathus,100,invasive,0,ZERO,0,0,0,NA,2020
2019-12-11T00:00:00Z,16,2019,12,11,RB,RB11,2,79.3,22.5,0.3,4.56,Peacock eel,Macrognathus siamensis,Macrognathus,100,invasive,1,S,0,23.410869565217393,51.26086956521739,NA,2020
2019-12-11T00:00:00Z,16,2019,12,11,RB,RB11,2,79.3,22.5,0.3,4.56,Peacock eel,Macrognathus siamensis,Macrognathus,100,invasive,1,S,0,23.410869565217393,51.26086956521739,NA,2020
2019-12-11T00:00:00Z,16,2019,12,11,RB,RB11,2,79.3,22.5,0.3,4.56,Peacock eel,Macrognathus siamensis,Macrognathus,100,invasive,1,S,0,23.410869565217393,51.26086956521739,NA,2020
2019-12-11T00:00:00Z,16,2019,12,11,RB,RB11,3,46.1,23,0.2,6.4,Peacock eel,Macrognathus siamensis,Macrognathus,100,invasive,3,S,0,23.410869565217393,51.26086956521739,NA,2020
2019-12-11T00:00:00Z,16,2019,12,11,RB,RB11,3,46.1,23,0.2,6.4,Peacock eel,Macrognathus siamensis,Macrognathus,100,invasive,1,C,0,42.6,38,NA,2020
2019-12-11T00:00:00Z,16,2019,12,11,RB,RB11,3,46.1,23,0.2,6.4,Peacock eel,Macrognathus siamensis,Macrognathus,100,invasive,1,C,0,24.2,48,NA,2020
2019-12-11T00:00:00Z,16,2019,12,11,RB,RB11,3,46.1,23,0.2,6.4,Peacock eel,Macrognathus siamensis,Macrognathus,100,invasive,1,C,0,21.9,35,NA,2020
2019-12-11T00:00:00Z,16,2019,12,11,RB,RB11,3,46.1,23,0.2,6.4,Peacock eel,Macrognathus siamensis,Macrognathus,100,invasive,1,C,0,23,48,NA,2020
2019-12-11T00:00:00Z,16,2019,12,11,RB,RB11,3,46.1,23,0.2,6.4,Peacock eel,Macrognathus siamensis,Macrognathus,100,invasive,1,C,0,24.6,53,NA,2020
2019-12-11T00:00:00Z,16,2019,12,11,RB,RB11,3,46.1,23,0.2,6.4,Peacock eel,Macrognathus siamensis,Macrognathus,100,invasive,1,C,0,19.5,23,NA,2020
2019-12-11T00:00:00Z,16,2019,12,11,RB,RB11,3,46.1,23,0.2,6.4,Peacock eel,Macrognathus siamensis,Macrognathus,100,invasive,1,C,0,22.6,40,NA,2020
2019-12-11T00:00:00Z,16,2019,12,11,RB,RB11,3,46.1,23,0.2,6.4,Peacock eel,Macrognathus siamensis,Macrognathus,100,invasive,1,C,0,21.2,31,NA,2020
2019-12-11T00:00:00Z,16,2019,12,11,RB,RB11,3,46.1,23,0.2,6.4,Peacock eel,Macrognathus siamensis,Macrognathus,100,invasive,1,C,0,21.2,33,NA,2020
2019-12-11T00:00:00Z,16,2019,12,11,RB,RB11,3,46.1,23,0.2,6.4,Peacock eel,Macrognathus siamensis,Macrognathus,100,invasive,1,C,0,20.9,30,NA,2020
2019-12-11T00:00:00Z,16,2019,12,11,RB,RB11,3,46.1,23,0.2,6.4,Peacock eel,Macrognathus siamensis,Macrognathus,100,invasive,1,C,0,23,41,NA,2020
2019-12-11T00:00:00Z,16,2019,12,11,RB,RB11,3,46.1,23,0.2,6.4,Peacock eel,Macrognathus siamensis,Macrognathus,100,invasive,1,C,0,19.6,27,NA,2020
2019-12-11T00:00:00Z,16,2019,12,11,RB,RB11,3,46.1,23,0.2,6.4,Peacock eel,Macrognathus siamensis,Macrognathus,100,invasive,1,C,0,21.1,27,NA,2020
2019-12-11T00:00:00Z,16,2019,12,11,RB,RB11,3,46.1,23,0.2,6.4,Peacock eel,Macrognathus siamensis,Macrognathus,100,invasive,1,C,0,22,42,NA,2020
2019-12-11T00:00:00Z,16,2019,12,11,RB,RB11,3,46.1,23,0.2,6.4,Peacock eel,Macrognathus siamensis,Macrognathus,100,invasive,1,C,0,20.6,28,NA,2020
2019-12-11T00:00:00Z,16,2019,12,11,RB,RB11,3,46.1,23,0.2,6.4,Peacock eel,Macrognathus siamensis,Macrognathus,100,invasive,1,C,0,23,46,NA,2020
2019-12-11T00:00:00Z,16,2019,12,11,RB,RB11,3,46.1,23,0.2,6.4,Peacock eel,Macrognathus siamensis,Macrognathus,100,invasive,1,C,0,24.5,54,NA,2020
2019-12-11T00:00:00Z,16,2019,12,11,RB,RB11,3,46.1,23,0.2,6.4,Peacock eel,Macrognathus siamensis,Macrognathus,100,invasive,1,C,0,22.2,39,NA,2020
2019-12-11T00:00:00Z,16,2019,12,11,RB,RB11,3,46.1,23,0.2,6.4,Peacock eel,Macrognathus siamensis,Macrognathus,100,invasive,1,C,0,22.9,37,NA,2020
2019-12-11T00:00:00Z,16,2019,12,11,RB,RB11,3,46.1,23,0.2,6.4,Peacock eel,Macrognathus siamensis,Macrognathus,100,invasive,1,C,0,24.3,51,NA,2020
2019-12-11T00:00:00Z,16,2019,12,11,RB,RB11,3,46.1,23,0.2,6.4,Peacock eel,Macrognathus siamensis,Macrognathus,100,invasive,1,C,0,22.5,38,NA,2020
2019-12-11T00:00:00Z,16,2019,12,11,RB,RB11,3,46.1,23,0.2,6.4,Peacock eel,Macrognathus siamensis,Macrognathus,100,invasive,1,C,0,22.6,43,NA,2020
2019-12-11T00:00:00Z,16,2019,12,11,RB,RB11,3,46.1,23,0.2,6.4,Peacock eel,Macrognathus siamensis,Macrognathus,100,invasive,1,C,0,21.6,35,NA,2020
2019-12-11T00:00:00Z,16,2019,12,11,RB,RB11,3,46.1,23,0.2,6.4,Peacock eel,Macrognathus siamensis,Macrognathus,100,invasive,1,C,0,22.5,41,NA,2020
2019-12-11T00:00:00Z,16,2019,12,11,RB,RB11,3,46.1,23,0.2,6.4,Peacock eel,Macrognathus siamensis,Macrognathus,100,invasive,1,C,0,20.2,25,NA,2020
2019-12-11T00:00:00Z,16,2019,12,11,RB,RB11,3,46.1,23,0.2,6.4,Peacock eel,Macrognathus siamensis,Macrognathus,100,invasive,1,C,0,23.5,89,NA,2020
2019-12-12T00:00:00Z,16,2019,12,12,RB,RB12,1,100,21.7,0.3,3.58,Peacock eel,Macrognathus siamensis,Macrognathus,100,invasive,0,ZERO,0,0,0,NA,2020
2019-12-12T00:00:00Z,16,2019,12,12,RB,RB12,2,96.8,22.3,0.3,3.8,Peacock eel,Macrognathus siamensis,Macrognathus,100,invasive,1,S,0,23.410869565217393,51.26086956521739,NA,2020
2019-12-12T00:00:00Z,16,2019,12,12,RB,RB12,2,96.8,22.3,0.3,3.8,Peacock eel,Macrognathus siamensis,Macrognathus,100,invasive,1,C,0,23.5,64,NA,2020
2019-12-12T00:00:00Z,16,2019,12,12,RB,RB12,3,101,22.1,0.3,3.53,Peacock eel,Macrognathus siamensis,Macrognathus,100,invasive,1,C,0,23.4,53,NA,2020
2019-12-10T00:00:00Z,16,2019,12,10,RB,RB13,1,70.3,23.3,0.3,5.79,Peacock eel,Macrognathus siamensis,Macrognathus,100,invasive,0,ZERO,0,0,0,NA,2020
2019-12-10T00:00:00Z,16,2019,12,10,RB,RB13,2,87.5,22.5,0.3,5.6,Peacock eel,Macrognathus siamensis,Macrognathus,100,invasive,0,ZERO,0,0,0,NA,2020
2019-12-11T00:00:00Z,16,2019,12,11,RB,RB13,3,52.6,22.1,0.3,5.03,Peacock eel,Macrognathus siamensis,Macrognathus,100,invasive,0,ZERO,0,0,0,NA,2020
2019-12-11T00:00:00Z,16,2019,12,11,RB,RB14,1,77.6,22.5,0.4,4.99,Peacock eel,Macrognathus siamensis,Macrognathus,100,invasive,0,ZERO,0,0,0,NA,2020
2019-12-11T00:00:00Z,16,2019,12,11,RB,RB14,2,74.6,22.7,0.4,5.82,Peacock eel,Macrognathus siamensis,Macrognathus,100,invasive,0,ZERO,0,0,0,NA,2020
2019-12-11T00:00:00Z,16,2019,12,11,RB,RB14,3,74.7,22.9,0.3,7.19,Peacock eel,Macrognathus siamensis,Macrognathus,100,invasive,0,ZERO,0,0,0,NA,2020
2019-12-12T00:00:00Z,16,2019,12,12,RB,RB15,1,100,22.9,0.6,2.97,Peacock eel,Macrognathus siamensis,Macrognathus,100,invasive,0,ZERO,0,0,0,NA,2020
2019-12-12T00:00:00Z,16,2019,12,12,RB,RB15,2,130,22.9,0.5,2.76,Peacock eel,Macrognathus siamensis,Macrognathus,100,invasive,0,ZERO,0,0,0,NA,2020
2019-12-12T00:00:00Z,16,2019,12,12,RB,RB15,3,86.4,22.9,0.5,3.06,Peacock eel,Macrognathus siamensis,Macrognathus,100,invasive,0,ZERO,0,0,0,NA,2020
2019-12-12T00:00:00Z,16,2019,12,12,RB,RB16,1,120,22.3,0.8,3.79,Peacock eel,Macrognathus siamensis,Macrognathus,100,invasive,0,ZERO,0,0,0,NA,2020
2019-12-12T00:00:00Z,16,2019,12,12,RB,RB16,2,142,22.4,0.7,3.79,Peacock eel,Macrognathus siamensis,Macrognathus,100,invasive,0,ZERO,0,0,0,NA,2020
2019-12-12T00:00:00Z,16,2019,12,12,RB,RB16,3,138,22.3,0.8,3.75,Peacock eel,Macrognathus siamensis,Macrognathus,100,invasive,0,ZERO,0,0,0,NA,2020
2019-12-12T00:00:00Z,16,2019,12,12,RB,RB18,1,49.6,22.7,0.2,4.95,Peacock eel,Macrognathus siamensis,Macrognathus,100,invasive,0,ZERO,0,0,0,NA,2020
2019-12-12T00:00:00Z,16,2019,12,12,RB,RB18,2,56.4,22.8,0.2,5.4,Peacock eel,Macrognathus siamensis,Macrognathus,100,invasive,0,ZERO,0,0,0,NA,2020
2019-12-12T00:00:00Z,16,2019,12,12,RB,RB18,3,70,22.6,0.2,5.37,Peacock eel,Macrognathus siamensis,Macrognathus,100,invasive,0,ZERO,0,0,0,NA,2020
2019-12-11T00:00:00Z,16,2019,12,11,RB,RB7,1,96,22.6,0.8,3.04,Peacock eel,Macrognathus siamensis,Macrognathus,100,invasive,0,ZERO,0,0,0,NA,2020
2019-12-12T00:00:00Z,16,2019,12,12,RB,RB7,2,93.1,22.1,0.4,2.46,Peacock eel,Macrognathus siamensis,Macrognathus,100,invasive,0,ZERO,0,0,0,NA,2020
2019-12-12T00:00:00Z,16,2019,12,12,RB,RB7,3,31.4,22.1,0.3,2.97,Peacock eel,Macrognathus siamensis,Macrognathus,100,invasive,0,ZERO,0,0,0,NA,2020
2019-12-11T00:00:00Z,16,2019,12,11,RB,RB8,1,54,22.3,0.3,4.18,Peacock eel,Macrognathus siamensis,Macrognathus,100,invasive,0,ZERO,0,0,0,NA,2020
2019-12-11T00:00:00Z,16,2019,12,11,RB,RB8,2,73,22.6,0.3,4.71,Peacock eel,Macrognathus siamensis,Macrognathus,100,invasive,1,C,0,25.9,105,NA,2020
2019-12-11T00:00:00Z,16,2019,12,11,RB,RB8,2,73,22.6,0.3,4.71,Peacock eel,Macrognathus siamensis,Macrognathus,100,invasive,1,C,0,27.7,107,NA,2020
2019-12-11T00:00:00Z,16,2019,12,11,RB,RB8,3,70.4,22.6,0.3,4.45,Peacock eel,Macrognathus siamensis,Macrognathus,100,invasive,0,ZERO,0,0,0,NA,2020
2019-12-10T00:00:00Z,16,2019,12,10,RB,RB9,1,76.6,22,0.3,5.14,Peacock eel,Macrognathus siamensis,Macrognathus,100,invasive,3,S,0,23.410869565217393,51.26086956521739,NA,2020
2019-12-10T00:00:00Z,16,2019,12,10,RB,RB9,1,76.6,22,0.3,5.14,Peacock eel,Macrognathus siamensis,Macrognathus,100,invasive,1,C,0,26.6,103,NA,2020
2019-12-10T00:00:00Z,16,2019,12,10,RB,RB9,1,76.6,22,0.3,5.14,Peacock eel,Macrognathus siamensis,Macrognathus,100,invasive,1,C,0,24.4,80,NA,2020
2019-12-10T00:00:00Z,16,2019,12,10,RB,RB9,2,54.8,22.2,0.3,5.25,Peacock eel,Macrognathus siamensis,Macrognathus,100,invasive,1,C,0,23.4,44,NA,2020
2019-12-10T00:00:00Z,16,2019,12,10,RB,RB9,2,54.8,22.2,0.3,5.25,Peacock eel,Macrognathus siamensis,Macrognathus,100,invasive,1,C,0,30.3,143,NA,2020
2019-12-10T00:00:00Z,16,2019,12,10,RB,RB9,2,54.8,22.2,0.3,5.25,Peacock eel,Macrognathus siamensis,Macrognathus,100,invasive,1,C,0,21.8,52,NA,2020
2019-12-10T00:00:00Z,16,2019,12,10,RB,RB9,2,54.8,22.2,0.3,5.25,Peacock eel,Macrognathus siamensis,Macrognathus,100,invasive,1,C,0,23,61,NA,2020
2019-12-10T00:00:00Z,16,2019,12,10,RB,RB9,2,54.8,22.2,0.3,5.25,Peacock eel,Macrognathus siamensis,Macrognathus,100,invasive,1,C,0,22.1,53,NA,2020
2019-12-10T00:00:00Z,16,2019,12,10,RB,RB9,2,54.8,22.2,0.3,5.25,Peacock eel,Macrognathus siamensis,Macrognathus,100,invasive,1,C,0,19.1,29,NA,2020
2019-12-10T00:00:00Z,16,2019,12,10,RB,RB9,3,101,22.4,0.3,5.46,Peacock eel,Macrognathus siamensis,Macrognathus,100,invasive,1,S,0,23.410869565217393,51.26086956521739,NA,2020
2019-12-10T00:00:00Z,16,2019,12,10,RB,RB9,3,101,22.4,0.3,5.46,Peacock eel,Macrognathus siamensis,Macrognathus,100,invasive,1,C,0,23.7,54,NA,2020
2019-12-10T00:00:00Z,16,2019,12,10,RB,RB9,3,101,22.4,0.3,5.46,Peacock eel,Macrognathus siamensis,Macrognathus,100,invasive,1,C,0,22.6,48,NA,2020
2020-01-19T00:00:00Z,16,2020,1,19,RB,RB10,1,80.2,20,0.3,7.4,Peacock eel,Macrognathus siamensis,Macrognathus,100,invasive,1,C,0,23.5,56,NA,2020
2020-01-19T00:00:00Z,16,2020,1,19,RB,RB10,1,80.2,20,0.3,7.4,Peacock eel,Macrognathus siamensis,Macrognathus,100,invasive,1,C,0,25.1,73,NA,2020
2020-01-19T00:00:00Z,16,2020,1,19,RB,RB10,2,75.5,20,0.3,5.67,Peacock eel,Macrognathus siamensis,Macrognathus,100,invasive,1,S,0,23.5225,57.68032786885246,NA,2020
2020-01-19T00:00:00Z,16,2020,1,19,RB,RB10,2,75.5,20,0.3,5.67,Peacock eel,Macrognathus siamensis,Macrognathus,100,invasive,1,C,0,24.4,70,NA,2020
2020-01-19T00:00:00Z,16,2020,1,19,RB,RB10,2,75.5,20,0.3,5.67,Peacock eel,Macrognathus siamensis,Macrognathus,100,invasive,1,C,0,24.4,68,NA,2020
2020-01-19T00:00:00Z,16,2020,1,19,RB,RB10,2,75.5,20,0.3,5.67,Peacock eel,Macrognathus siamensis,Macrognathus,100,invasive,1,C,0,23.9,69,NA,2020
2020-01-19T00:00:00Z,16,2020,1,19,RB,RB10,2,75.5,20,0.3,5.67,Peacock eel,Macrognathus siamensis,Macrognathus,100,invasive,1,C,0,24.9,83,NA,2020
2020-01-19T00:00:00Z,16,2020,1,19,RB,RB10,2,75.5,20,0.3,5.67,Peacock eel,Macrognathus siamensis,Macrognathus,100,invasive,1,C,0,26.2,87,NA,2020
2020-01-19T00:00:00Z,16,2020,1,19,RB,RB10,2,75.5,20,0.3,5.67,Peacock eel,Macrognathus siamensis,Macrognathus,100,invasive,1,C,0,20.8,32,NA,2020
2020-01-19T00:00:00Z,16,2020,1,19,RB,RB10,3,84.5,20.4,0.3,5.56,Peacock eel,Macrognathus siamensis,Macrognathus,100,invasive,1,C,0,31.9,151,NA,2020
2020-01-19T00:00:00Z,16,2020,1,19,RB,RB10,3,84.5,20.4,0.3,5.56,Peacock eel,Macrognathus siamensis,Macrognathus,100,invasive,1,C,0,22,27,NA,2020
2020-01-19T00:00:00Z,16,2020,1,19,RB,RB10,3,84.5,20.4,0.3,5.56,Peacock eel,Macrognathus siamensis,Macrognathus,100,invasive,1,C,0,22.6,35,NA,2020
2020-01-19T00:00:00Z,16,2020,1,19,RB,RB10,3,84.5,20.4,0.3,5.56,Peacock eel,Macrognathus siamensis,Macrognathus,100,invasive,1,C,0,26.1,67,NA,2020
2020-01-19T00:00:00Z,16,2020,1,19,RB,RB11,1,75.6,21.2,0.3,5.19,Peacock eel,Macrognathus siamensis,Macrognathus,100,invasive,1,S,0,23.5225,57.68032786885246,NA,2020
2020-01-19T00:00:00Z,16,2020,1,19,RB,RB11,1,75.6,21.2,0.3,5.19,Peacock eel,Macrognathus siamensis,Macrognathus,100,invasive,1,C,22.2,23.5225,68,NA,2020
2020-01-19T00:00:00Z,16,2020,1,19,RB,RB11,1,75.6,21.2,0.3,5.19,Peacock eel,Macrognathus siamensis,Macrognathus,100,invasive,1,C,22,23.5225,34,NA,2020
2020-01-19T00:00:00Z,16,2020,1,19,RB,RB11,2,66.5,21.3,0.3,5.57,Peacock eel,Macrognathus siamensis,Macrognathus,100,invasive,5,S,0,23.5225,57.68032786885246,NA,2020
2020-01-19T00:00:00Z,16,2020,1,19,RB,RB11,2,66.5,21.3,0.3,5.57,Peacock eel,Macrognathus siamensis,Macrognathus,100,invasive,1,C,0,26.5,84,NA,2020
2020-01-19T00:00:00Z,16,2020,1,19,RB,RB11,2,66.5,21.3,0.3,5.57,Peacock eel,Macrognathus siamensis,Macrognathus,100,invasive,1,C,0,24.9,73,NA,2020
2020-01-19T00:00:00Z,16,2020,1,19,RB,RB11,2,66.5,21.3,0.3,5.57,Peacock eel,Macrognathus siamensis,Macrognathus,100,invasive,1,C,0,24.5,62,NA,2020
2020-01-19T00:00:00Z,16,2020,1,19,RB,RB11,2,66.5,21.3,0.3,5.57,Peacock eel,Macrognathus siamensis,Macrognathus,100,invasive,1,C,0,24.6,69,NA,2020
2020-01-19T00:00:00Z,16,2020,1,19,RB,RB11,2,66.5,21.3,0.3,5.57,Peacock eel,Macrognathus siamensis,Macrognathus,100,invasive,1,C,0,25.2,83,NA,2020
2020-01-19T00:00:00Z,16,2020,1,19,RB,RB11,2,66.5,21.3,0.3,5.57,Peacock eel,Macrognathus siamensis,Macrognathus,100,invasive,1,C,0,23.4,64,NA,2020
2020-01-19T00:00:00Z,16,2020,1,19,RB,RB11,2,66.5,21.3,0.3,5.57,Peacock eel,Macrognathus siamensis,Macrognathus,100,invasive,1,C,0,24.6,70,NA,2020
2020-01-19T00:00:00Z,16,2020,1,19,RB,RB11,2,66.5,21.3,0.3,5.57,Peacock eel,Macrognathus siamensis,Macrognathus,100,invasive,1,C,0,22.2,54,NA,2020
2020-01-19T00:00:00Z,16,2020,1,19,RB,RB11,2,66.5,21.3,0.3,5.57,Peacock eel,Macrognathus siamensis,Macrognathus,100,invasive,1,C,0,23.6,60,NA,2020
2020-01-19T00:00:00Z,16,2020,1,19,RB,RB11,2,66.5,21.3,0.3,5.57,Peacock eel,Macrognathus siamensis,Macrognathus,100,invasive,1,C,0,21.4,41,NA,2020
2020-01-19T00:00:00Z,16,2020,1,19,RB,RB11,2,66.5,21.3,0.3,5.57,Peacock eel,Macrognathus siamensis,Macrognathus,100,invasive,1,C,0,23.3,67,NA,2020
2020-01-19T00:00:00Z,16,2020,1,19,RB,RB11,2,66.5,21.3,0.3,5.57,Peacock eel,Macrognathus siamensis,Macrognathus,100,invasive,1,C,0,22.5,54,NA,2020
2020-01-19T00:00:00Z,16,2020,1,19,RB,RB11,2,66.5,21.3,0.3,5.57,Peacock eel,Macrognathus siamensis,Macrognathus,100,invasive,1,C,0,22.4,55,NA,2020
2020-01-19T00:00:00Z,16,2020,1,19,RB,RB11,2,66.5,21.3,0.3,5.57,Peacock eel,Macrognathus siamensis,Macrognathus,100,invasive,1,C,0,22.4,63,NA,2020
2020-01-19T00:00:00Z,16,2020,1,19,RB,RB11,2,66.5,21.3,0.3,5.57,Peacock eel,Macrognathus siamensis,Macrognathus,100,invasive,1,C,0,22.2,51,NA,2020
2020-01-19T00:00:00Z,16,2020,1,19,RB,RB11,2,66.5,21.3,0.3,5.57,Peacock eel,Macrognathus siamensis,Macrognathus,100,invasive,1,C,0,26.3,76,NA,2020
2020-01-19T00:00:00Z,16,2020,1,19,RB,RB11,2,66.5,21.3,0.3,5.57,Peacock eel,Macrognathus siamensis,Macrognathus,100,invasive,1,C,0,24.5,73,NA,2020
2020-01-19T00:00:00Z,16,2020,1,19,RB,RB11,2,66.5,21.3,0.3,5.57,Peacock eel,Macrognathus siamensis,Macrognathus,100,invasive,1,C,0,23.6,71,NA,2020
2020-01-19T00:00:00Z,16,2020,1,19,RB,RB11,2,66.5,21.3,0.3,5.57,Peacock eel,Macrognathus siamensis,Macrognathus,100,invasive,1,C,0,21.5,44,NA,2020
2020-01-19T00:00:00Z,16,2020,1,19,RB,RB11,2,66.5,21.3,0.3,5.57,Peacock eel,Macrognathus siamensis,Macrognathus,100,invasive,1,C,0,25.9,70,NA,2020
2020-01-19T00:00:00Z,16,2020,1,19,RB,RB11,2,66.5,21.3,0.3,5.57,Peacock eel,Macrognathus siamensis,Macrognathus,100,invasive,1,C,0,23.5,60,NA,2020
2020-01-19T00:00:00Z,16,2020,1,19,RB,RB11,2,66.5,21.3,0.3,5.57,Peacock eel,Macrognathus siamensis,Macrognathus,100,invasive,1,C,0,24.5,64,NA,2020
2020-01-19T00:00:00Z,16,2020,1,19,RB,RB11,2,66.5,21.3,0.3,5.57,Peacock eel,Macrognathus siamensis,Macrognathus,100,invasive,1,C,0,21.5,45,NA,2020
2020-01-19T00:00:00Z,16,2020,1,19,RB,RB11,2,66.5,21.3,0.3,5.57,Peacock eel,Macrognathus siamensis,Macrognathus,100,invasive,1,C,0,22.2,49,NA,2020
2020-01-19T00:00:00Z,16,2020,1,19,RB,RB11,3,21.1,22.4,0.3,6,Peacock eel,Macrognathus siamensis,Macrognathus,100,invasive,1,C,0,24.6,74,NA,2020
2020-01-19T00:00:00Z,16,2020,1,19,RB,RB11,3,21.1,22.4,0.3,6,Peacock eel,Macrognathus siamensis,Macrognathus,100,invasive,1,C,0,25.1,76,NA,2020
2020-01-19T00:00:00Z,16,2020,1,19,RB,RB11,3,21.1,22.4,0.3,6,Peacock eel,Macrognathus siamensis,Macrognathus,100,invasive,1,C,0,22.3,47,NA,2020
2020-01-19T00:00:00Z,16,2020,1,19,RB,RB11,3,21.1,22.4,0.3,6,Peacock eel,Macrognathus siamensis,Macrognathus,100,invasive,1,C,0,22,46,NA,2020
2020-01-19T00:00:00Z,16,2020,1,19,RB,RB11,3,21.1,22.4,0.3,6,Peacock eel,Macrognathus siamensis,Macrognathus,100,invasive,1,C,0,24,67,NA,2020
2020-01-19T00:00:00Z,16,2020,1,19,RB,RB11,3,21.1,22.4,0.3,6,Peacock eel,Macrognathus siamensis,Macrognathus,100,invasive,1,C,0,27.4,105,NA,2020
2020-01-19T00:00:00Z,16,2020,1,19,RB,RB11,3,21.1,22.4,0.3,6,Peacock eel,Macrognathus siamensis,Macrognathus,100,invasive,1,C,0,22.5,56,NA,2020
2020-01-19T00:00:00Z,16,2020,1,19,RB,RB11,3,21.1,22.4,0.3,6,Peacock eel,Macrognathus siamensis,Macrognathus,100,invasive,1,C,0,22.6,51,NA,2020
2020-01-19T00:00:00Z,16,2020,1,19,RB,RB11,3,21.1,22.4,0.3,6,Peacock eel,Macrognathus siamensis,Macrognathus,100,invasive,1,C,0,24.6,68,NA,2020
2020-01-19T00:00:00Z,16,2020,1,19,RB,RB11,3,21.1,22.4,0.3,6,Peacock eel,Macrognathus siamensis,Macrognathus,100,invasive,1,C,0,24.5,76,NA,2020
2020-01-19T00:00:00Z,16,2020,1,19,RB,RB11,3,21.1,22.4,0.3,6,Peacock eel,Macrognathus siamensis,Macrognathus,100,invasive,1,C,0,24.6,65,NA,2020
2020-01-19T00:00:00Z,16,2020,1,19,RB,RB11,3,21.1,22.4,0.3,6,Peacock eel,Macrognathus siamensis,Macrognathus,100,invasive,1,C,0,23.5,60,NA,2020
2020-01-19T00:00:00Z,16,2020,1,19,RB,RB11,3,21.1,22.4,0.3,6,Peacock eel,Macrognathus siamensis,Macrognathus,100,invasive,1,C,0,25.7,72,NA,2020
2020-01-19T00:00:00Z,16,2020,1,19,RB,RB11,3,21.1,22.4,0.3,6,Peacock eel,Macrognathus siamensis,Macrognathus,100,invasive,1,C,0,22.2,46,NA,2020
2020-01-19T00:00:00Z,16,2020,1,19,RB,RB11,3,21.1,22.4,0.3,6,Peacock eel,Macrognathus siamensis,Macrognathus,100,invasive,1,C,0,28.8,120,NA,2020
2020-01-19T00:00:00Z,16,2020,1,19,RB,RB11,3,21.1,22.4,0.3,6,Peacock eel,Macrognathus siamensis,Macrognathus,100,invasive,1,C,0,23.5,62,NA,2020
2020-01-19T00:00:00Z,16,2020,1,19,RB,RB11,3,21.1,22.4,0.3,6,Peacock eel,Macrognathus siamensis,Macrognathus,100,invasive,1,C,0,24.6,67,NA,2020
2020-01-19T00:00:00Z,16,2020,1,19,RB,RB11,3,21.1,22.4,0.3,6,Peacock eel,Macrognathus siamensis,Macrognathus,100,invasive,1,C,0,22.1,51,NA,2020
2020-01-19T00:00:00Z,16,2020,1,19,RB,RB11,3,21.1,22.4,0.3,6,Peacock eel,Macrognathus siamensis,Macrognathus,100,invasive,1,C,0,24.2,64,NA,2020
2020-01-19T00:00:00Z,16,2020,1,19,RB,RB11,3,21.1,22.4,0.3,6,Peacock eel,Macrognathus siamensis,Macrognathus,100,invasive,1,C,0,22.2,56,NA,2020
2020-01-19T00:00:00Z,16,2020,1,19,RB,RB11,3,21.1,22.4,0.3,6,Peacock eel,Macrognathus siamensis,Macrognathus,100,invasive,1,C,0,22.5,59,NA,2020
2020-01-19T00:00:00Z,16,2020,1,19,RB,RB11,3,21.1,22.4,0.3,6,Peacock eel,Macrognathus siamensis,Macrognathus,100,invasive,1,C,0,22.5,65,NA,2020
2020-01-19T00:00:00Z,16,2020,1,19,RB,RB11,3,21.1,22.4,0.3,6,Peacock eel,Macrognathus siamensis,Macrognathus,100,invasive,1,C,0,20.1,55,NA,2020
2020-01-19T00:00:00Z,16,2020,1,19,RB,RB11,3,21.1,22.4,0.3,6,Peacock eel,Macrognathus siamensis,Macrognathus,100,invasive,1,C,0,22.9,54,NA,2020
2020-01-19T00:00:00Z,16,2020,1,19,RB,RB11,3,21.1,22.4,0.3,6,Peacock eel,Macrognathus siamensis,Macrognathus,100,invasive,1,C,0,21.2,56,NA,2020
2020-01-19T00:00:00Z,16,2020,1,19,RB,RB11,3,21.1,22.4,0.3,6,Peacock eel,Macrognathus siamensis,Macrognathus,100,invasive,1,C,0,26.6,89,NA,2020
2020-01-19T00:00:00Z,16,2020,1,19,RB,RB11,3,21.1,22.4,0.3,6,Peacock eel,Macrognathus siamensis,Macrognathus,100,invasive,1,C,0,20.1,36,NA,2020
2020-01-19T00:00:00Z,16,2020,1,19,RB,RB11,3,21.1,22.4,0.3,6,Peacock eel,Macrognathus siamensis,Macrognathus,100,invasive,1,C,0,25.1,77,NA,2020
2020-01-19T00:00:00Z,16,2020,1,19,RB,RB11,3,21.1,22.4,0.3,6,Peacock eel,Macrognathus siamensis,Macrognathus,100,invasive,1,C,0,25.6,68,NA,2020
2020-01-19T00:00:00Z,16,2020,1,19,RB,RB11,3,21.1,22.4,0.3,6,Peacock eel,Macrognathus siamensis,Macrognathus,100,invasive,1,C,0,22.1,61,NA,2020
2020-01-20T00:00:00Z,16,2020,1,20,RB,RB13,1,21.1,21.1,0.3,6.13,Peacock eel,Macrognathus siamensis,Macrognathus,100,invasive,1,C,0,23.5,57,NA,2020
2020-01-20T00:00:00Z,16,2020,1,20,RB,RB13,1,21.1,21.1,0.3,6.13,Peacock eel,Macrognathus siamensis,Macrognathus,100,invasive,1,C,0,24.7,50,NA,2020
2020-01-20T00:00:00Z,16,2020,1,20,RB,RB13,2,59.7,21.3,0.4,4.88,Peacock eel,Macrognathus siamensis,Macrognathus,100,invasive,0,ZERO,0,0,0,NA,2020
2020-01-20T00:00:00Z,16,2020,1,20,RB,RB13,3,26.5,21.4,0.3,4.7,Peacock eel,Macrognathus siamensis,Macrognathus,100,invasive,1,S,0,23.5225,57.68032786885246,NA,2020
2020-01-20T00:00:00Z,16,2020,1,20,RB,RB13,3,26.5,21.4,0.3,4.7,Peacock eel,Macrognathus siamensis,Macrognathus,100,invasive,1,C,0,22.6,41,NA,2020
2020-01-20T00:00:00Z,16,2020,1,20,RB,RB8,1,51.8,21.4,0.3,4.2,Peacock eel,Macrognathus siamensis,Macrognathus,100,invasive,0,ZERO,0,0,0,NA,2020
2020-01-20T00:00:00Z,16,2020,1,20,RB,RB8,2,51.9,21.6,0.3,4.6,Peacock eel,Macrognathus siamensis,Macrognathus,100,invasive,2,S,0,23.5225,57.68032786885246,NA,2020
2020-01-20T00:00:00Z,16,2020,1,20,RB,RB8,2,51.9,21.6,0.3,4.6,Peacock eel,Macrognathus siamensis,Macrognathus,100,invasive,1,C,0,22.9,55,NA,2020
2020-01-20T00:00:00Z,16,2020,1,20,RB,RB8,2,51.9,21.6,0.3,4.6,Peacock eel,Macrognathus siamensis,Macrognathus,100,invasive,1,C,0,22.1,52,NA,2020
2020-01-20T00:00:00Z,16,2020,1,20,RB,RB8,3,82.1,21.8,0.3,4.49,Peacock eel,Macrognathus siamensis,Macrognathus,100,invasive,4,S,0,23.5225,57.68032786885246,NA,2020
2020-01-20T00:00:00Z,16,2020,1,20,RB,RB8,3,82.1,21.8,0.3,4.49,Peacock eel,Macrognathus siamensis,Macrognathus,100,invasive,1,C,0,20.7,35,NA,2020
2020-01-19T00:00:00Z,16,2020,1,19,RB,RB9,1,43.7,20.5,0.3,5.23,Peacock eel,Macrognathus siamensis,Macrognathus,100,invasive,6,S,0,23.5225,57.68032786885246,NA,2020
2020-01-19T00:00:00Z,16,2020,1,19,RB,RB9,1,43.7,20.5,0.3,5.23,Peacock eel,Macrognathus siamensis,Macrognathus,100,invasive,1,C,0,18.5,18,NA,2020
2020-01-19T00:00:00Z,16,2020,1,19,RB,RB9,1,43.7,20.5,0.3,5.23,Peacock eel,Macrognathus siamensis,Macrognathus,100,invasive,1,C,0,23.2,48,NA,2020
2020-01-19T00:00:00Z,16,2020,1,19,RB,RB9,1,43.7,20.5,0.3,5.23,Peacock eel,Macrognathus siamensis,Macrognathus,100,invasive,1,C,0,22.5,44,NA,2020
2020-01-19T00:00:00Z,16,2020,1,19,RB,RB9,1,43.7,20.5,0.3,5.23,Peacock eel,Macrognathus siamensis,Macrognathus,100,invasive,1,C,0,20.3,32,NA,2020
2020-01-19T00:00:00Z,16,2020,1,19,RB,RB9,1,43.7,20.5,0.3,5.23,Peacock eel,Macrognathus siamensis,Macrognathus,100,invasive,1,C,0,20.1,26,NA,2020
2020-01-19T00:00:00Z,16,2020,1,19,RB,RB9,1,43.7,20.5,0.3,5.23,Peacock eel,Macrognathus siamensis,Macrognathus,100,invasive,1,C,0,20,54,NA,2020
2020-01-19T00:00:00Z,16,2020,1,19,RB,RB9,1,43.7,20.5,0.3,5.23,Peacock eel,Macrognathus siamensis,Macrognathus,100,invasive,1,C,0,29.4,112,NA,2020
2020-01-19T00:00:00Z,16,2020,1,19,RB,RB9,1,43.7,20.5,0.3,5.23,Peacock eel,Macrognathus siamensis,Macrognathus,100,invasive,1,C,0,22.4,29,NA,2020
2020-01-19T00:00:00Z,16,2020,1,19,RB,RB9,1,43.7,20.5,0.3,5.23,Peacock eel,Macrognathus siamensis,Macrognathus,100,invasive,1,C,0,25.3,77,NA,2020
2020-01-19T00:00:00Z,16,2020,1,19,RB,RB9,2,59.6,20.7,0.3,5.59,Peacock eel,Macrognathus siamensis,Macrognathus,100,invasive,6,S,0,23.5225,57.68032786885246,NA,2020
2020-01-19T00:00:00Z,16,2020,1,19,RB,RB9,2,59.6,20.7,0.3,5.59,Peacock eel,Macrognathus siamensis,Macrognathus,100,invasive,1,C,0,22.6,47,NA,2020
2020-01-19T00:00:00Z,16,2020,1,19,RB,RB9,2,59.6,20.7,0.3,5.59,Peacock eel,Macrognathus siamensis,Macrognathus,100,invasive,1,C,0,24.9,52,NA,2020
2020-01-19T00:00:00Z,16,2020,1,19,RB,RB9,2,59.6,20.7,0.3,5.59,Peacock eel,Macrognathus siamensis,Macrognathus,100,invasive,1,C,0,26.2,63,NA,2020
2020-01-19T00:00:00Z,16,2020,1,19,RB,RB9,2,59.6,20.7,0.3,5.59,Peacock eel,Macrognathus siamensis,Macrognathus,100,invasive,1,C,0,27.1,67,NA,2020
2020-01-19T00:00:00Z,16,2020,1,19,RB,RB9,2,59.6,20.7,0.3,5.59,Peacock eel,Macrognathus siamensis,Macrognathus,100,invasive,1,C,0,24.4,56,NA,2020
2020-01-19T00:00:00Z,16,2020,1,19,RB,RB9,2,59.6,20.7,0.3,5.59,Peacock eel,Macrognathus siamensis,Macrognathus,100,invasive,1,C,0,21.5,26,NA,2020
2020-01-19T00:00:00Z,16,2020,1,19,RB,RB9,2,59.6,20.7,0.3,5.59,Peacock eel,Macrognathus siamensis,Macrognathus,100,invasive,1,C,0,20.1,20,NA,2020
2020-01-19T00:00:00Z,16,2020,1,19,RB,RB9,2,59.6,20.7,0.3,5.59,Peacock eel,Macrognathus siamensis,Macrognathus,100,invasive,1,C,0,20.5,23,NA,2020
2020-01-19T00:00:00Z,16,2020,1,19,RB,RB9,2,59.6,20.7,0.3,5.59,Peacock eel,Macrognathus siamensis,Macrognathus,100,invasive,1,C,0,20.1,24,NA,2020
2020-01-19T00:00:00Z,16,2020,1,19,RB,RB9,2,59.6,20.7,0.3,5.59,Peacock eel,Macrognathus siamensis,Macrognathus,100,invasive,1,C,0,21.5,24,NA,2020
2020-01-19T00:00:00Z,16,2020,1,19,RB,RB9,2,59.6,20.7,0.3,5.59,Peacock eel,Macrognathus siamensis,Macrognathus,100,invasive,1,C,0,20.5,16,NA,2020
2020-01-19T00:00:00Z,16,2020,1,19,RB,RB9,3,41.9,21.1,0.3,5.63,Peacock eel,Macrognathus siamensis,Macrognathus,100,invasive,5,S,0,23.5225,57.68032786885246,NA,2020
2020-01-19T00:00:00Z,16,2020,1,19,RB,RB9,3,41.9,21.1,0.3,5.63,Peacock eel,Macrognathus siamensis,Macrognathus,100,invasive,1,C,0,24.5,57,NA,2020
2020-01-19T00:00:00Z,16,2020,1,19,RB,RB9,3,41.9,21.1,0.3,5.63,Peacock eel,Macrognathus siamensis,Macrognathus,100,invasive,1,C,0,26.9,86,NA,2020
2020-01-19T00:00:00Z,16,2020,1,19,RB,RB9,3,41.9,21.1,0.3,5.63,Peacock eel,Macrognathus siamensis,Macrognathus,100,invasive,1,C,0,25.4,78,NA,2020
2020-01-19T00:00:00Z,16,2020,1,19,RB,RB9,3,41.9,21.1,0.3,5.63,Peacock eel,Macrognathus siamensis,Macrognathus,100,invasive,1,C,0,21,35,NA,2020
2020-01-19T00:00:00Z,16,2020,1,19,RB,RB9,3,41.9,21.1,0.3,5.63,Peacock eel,Macrognathus siamensis,Macrognathus,100,invasive,1,C,0,24.5,62,NA,2020
2020-01-19T00:00:00Z,16,2020,1,19,RB,RB9,3,41.9,21.1,0.3,5.63,Peacock eel,Macrognathus siamensis,Macrognathus,100,invasive,1,C,0,23.8,50,NA,2020
2020-01-19T00:00:00Z,16,2020,1,19,RB,RB9,3,41.9,21.1,0.3,5.63,Peacock eel,Macrognathus siamensis,Macrognathus,100,invasive,1,C,0,25.9,61,NA,2020
2020-01-19T00:00:00Z,16,2020,1,19,RB,RB9,3,41.9,21.1,0.3,5.63,Peacock eel,Macrognathus siamensis,Macrognathus,100,invasive,1,C,0,23.5,45,NA,2020
2020-01-19T00:00:00Z,16,2020,1,19,RB,RB9,3,41.9,21.1,0.3,5.63,Peacock eel,Macrognathus siamensis,Macrognathus,100,invasive,1,C,0,26.3,82,NA,2020
2020-01-19T00:00:00Z,16,2020,1,19,RB,RB9,3,41.9,21.1,0.3,5.63,Peacock eel,Macrognathus siamensis,Macrognathus,100,invasive,1,C,0,21,37,NA,2020
2020-01-19T00:00:00Z,16,2020,1,19,RB,RB9,3,41.9,21.1,0.3,5.63,Peacock eel,Macrognathus siamensis,Macrognathus,100,invasive,1,C,0,21.2,27,NA,2020
2020-01-19T00:00:00Z,16,2020,1,19,RB,RB9,3,41.9,21.1,0.3,5.63,Peacock eel,Macrognathus siamensis,Macrognathus,100,invasive,1,C,0,18.9,19,NA,2020
2020-01-19T00:00:00Z,16,2020,1,19,RB,RB9,3,41.9,21.1,0.3,5.63,Peacock eel,Macrognathus siamensis,Macrognathus,100,invasive,1,C,0,25.2,75,NA,2020
2020-01-19T00:00:00Z,16,2020,1,19,RB,RB9,3,41.9,21.1,0.3,5.63,Peacock eel,Macrognathus siamensis,Macrognathus,100,invasive,1,C,0,25.7,82,NA,2020
2020-01-19T00:00:00Z,16,2020,1,19,RB,RB9,3,41.9,21.1,0.3,5.63,Peacock eel,Macrognathus siamensis,Macrognathus,100,invasive,1,C,0,24.5,70,NA,2020
2020-01-19T00:00:00Z,16,2020,1,19,RB,RB9,3,41.9,21.1,0.3,5.63,Peacock eel,Macrognathus siamensis,Macrognathus,100,invasive,1,C,0,24.7,68,NA,2020
2020-01-19T00:00:00Z,16,2020,1,19,RB,RB9,3,41.9,21.1,0.3,5.63,Peacock eel,Macrognathus siamensis,Macrognathus,100,invasive,1,C,0,21.8,37,NA,2020
2020-01-19T00:00:00Z,16,2020,1,19,RB,RB9,3,41.9,21.1,0.3,5.63,Peacock eel,Macrognathus siamensis,Macrognathus,100,invasive,1,C,0,19.7,27,NA,2020
2020-01-19T00:00:00Z,16,2020,1,19,RB,RB9,3,41.9,21.1,0.3,5.63,Peacock eel,Macrognathus siamensis,Macrognathus,100,invasive,1,C,0,26.1,72,NA,2020
2020-01-19T00:00:00Z,16,2020,1,19,RB,RB9,3,41.9,21.1,0.3,5.63,Peacock eel,Macrognathus siamensis,Macrognathus,100,invasive,1,C,0,25.4,66,NA,2020
2020-01-19T00:00:00Z,16,2020,1,19,RB,RB9,3,41.9,21.1,0.3,5.63,Peacock eel,Macrognathus siamensis,Macrognathus,100,invasive,1,C,0,23.4,62,NA,2020
2020-01-19T00:00:00Z,16,2020,1,19,RB,RB9,3,41.9,21.1,0.3,5.63,Peacock eel,Macrognathus siamensis,Macrognathus,100,invasive,1,C,0,25,72,NA,2020
2020-01-19T00:00:00Z,16,2020,1,19,RB,RB9,3,41.9,21.1,0.3,5.63,Peacock eel,Macrognathus siamensis,Macrognathus,100,invasive,1,C,0,24.7,50,NA,2020
2020-01-19T00:00:00Z,16,2020,1,19,RB,RB9,3,41.9,21.1,0.3,5.63,Peacock eel,Macrognathus siamensis,Macrognathus,100,invasive,1,C,0,21.4,31,NA,2020
2020-01-19T00:00:00Z,16,2020,1,19,RB,RB9,3,41.9,21.1,0.3,5.63,Peacock eel,Macrognathus siamensis,Macrognathus,100,invasive,1,C,0,20.5,28,NA,2020
2020-01-19T00:00:00Z,16,2020,1,19,RB,RB9,3,41.9,21.1,0.3,5.63,Peacock eel,Macrognathus siamensis,Macrognathus,100,invasive,1,C,0,22.4,34,NA,2020
2020-01-19T00:00:00Z,16,2020,1,19,RB,RB9,3,41.9,21.1,0.3,5.63,Peacock eel,Macrognathus siamensis,Macrognathus,100,invasive,1,C,0,26.6,68,NA,2020
2020-01-19T00:00:00Z,16,2020,1,19,RB,RB9,3,41.9,21.1,0.3,5.63,Peacock eel,Macrognathus siamensis,Macrognathus,100,invasive,1,C,0,22.4,37,NA,2020
2020-02-22T00:00:00Z,16,2020,2,22,RB,RB10,1,51.8,18.2,0.4,6.05,Peacock eel,Macrognathus siamensis,Macrognathus,100,invasive,1,S,0,23.640697674418604,56.311,NA,2020
2020-02-22T00:00:00Z,16,2020,2,22,RB,RB10,1,51.8,18.2,0.4,6.05,Peacock eel,Macrognathus siamensis,Macrognathus,100,invasive,1,C,0,21.9,46,NA,2020
2020-02-22T00:00:00Z,16,2020,2,22,RB,RB10,1,51.8,18.2,0.4,6.05,Peacock eel,Macrognathus siamensis,Macrognathus,100,invasive,1,C,0,22.6,54,NA,2020
2020-02-22T00:00:00Z,16,2020,2,22,RB,RB10,1,51.8,18.2,0.4,6.05,Peacock eel,Macrognathus siamensis,Macrognathus,100,invasive,1,C,0,25,74,NA,2020
2020-02-22T00:00:00Z,16,2020,2,22,RB,RB10,1,51.8,18.2,0.4,6.05,Peacock eel,Macrognathus siamensis,Macrognathus,100,invasive,1,C,0,26.5,94,NA,2020
2020-02-22T00:00:00Z,16,2020,2,22,RB,RB10,2,72.8,19,0.4,5.42,Peacock eel,Macrognathus siamensis,Macrognathus,100,invasive,3,S,0,23.640697674418604,56.311,NA,2020
2020-02-22T00:00:00Z,16,2020,2,22,RB,RB10,2,72.8,19,0.4,5.42,Peacock eel,Macrognathus siamensis,Macrognathus,100,invasive,1,C,0,24.1,51,NA,2020
2020-02-22T00:00:00Z,16,2020,2,22,RB,RB10,2,72.8,19,0.4,5.42,Peacock eel,Macrognathus siamensis,Macrognathus,100,invasive,1,C,0,28.6,123,NA,2020
2020-02-22T00:00:00Z,16,2020,2,22,RB,RB10,2,72.8,19,0.4,5.42,Peacock eel,Macrognathus siamensis,Macrognathus,100,invasive,1,C,0,25.5,76,NA,2020
2020-02-22T00:00:00Z,16,2020,2,22,RB,RB10,2,72.8,19,0.4,5.42,Peacock eel,Macrognathus siamensis,Macrognathus,100,invasive,1,C,0,21.6,26,NA,2020
2020-02-22T00:00:00Z,16,2020,2,22,RB,RB10,2,72.8,19,0.4,5.42,Peacock eel,Macrognathus siamensis,Macrognathus,100,invasive,1,C,0,20.2,24,NA,2020
2020-02-22T00:00:00Z,16,2020,2,22,RB,RB10,2,72.8,19,0.4,5.42,Peacock eel,Macrognathus siamensis,Macrognathus,100,invasive,1,C,0,23,55,NA,2020
2020-02-22T00:00:00Z,16,2020,2,22,RB,RB10,2,72.8,19,0.4,5.42,Peacock eel,Macrognathus siamensis,Macrognathus,100,invasive,1,C,0,23.2,59,NA,2020
2020-02-22T00:00:00Z,16,2020,2,22,RB,RB10,2,72.8,19,0.4,5.42,Peacock eel,Macrognathus siamensis,Macrognathus,100,invasive,1,C,0,23,61,NA,2020
2020-02-22T00:00:00Z,16,2020,2,22,RB,RB10,2,72.8,19,0.4,5.42,Peacock eel,Macrognathus siamensis,Macrognathus,100,invasive,1,C,0,20.8,37,NA,2020
2020-02-22T00:00:00Z,16,2020,2,22,RB,RB10,2,72.8,19,0.4,5.42,Peacock eel,Macrognathus siamensis,Macrognathus,100,invasive,1,C,0,22.2,43,NA,2020
2020-02-22T00:00:00Z,16,2020,2,22,RB,RB10,3,77,19.7,0.4,6.04,Peacock eel,Macrognathus siamensis,Macrognathus,100,invasive,1,S,0,23.640697674418604,56.311,NA,2020
2020-02-22T00:00:00Z,16,2020,2,22,RB,RB10,3,77,19.7,0.4,6.04,Peacock eel,Macrognathus siamensis,Macrognathus,100,invasive,1,C,0,18.8,30,NA,2020
2020-02-23T00:00:00Z,16,2020,2,23,RB,RB11,1,76,18.9,0.3,4.4,Peacock eel,Macrognathus siamensis,Macrognathus,100,invasive,1,S,0,23.640697674418604,56.311,NA,2020
2020-02-23T00:00:00Z,16,2020,2,23,RB,RB11,1,76,18.9,0.3,4.4,Peacock eel,Macrognathus siamensis,Macrognathus,100,invasive,1,C,0,24.5,51,NA,2020
2020-02-23T00:00:00Z,16,2020,2,23,RB,RB11,2,68.4,19.2,0.4,4.55,Peacock eel,Macrognathus siamensis,Macrognathus,100,invasive,7,S,0,23.640697674418604,56.311,NA,2020
2020-02-23T00:00:00Z,16,2020,2,23,RB,RB11,2,68.4,19.2,0.4,4.55,Peacock eel,Macrognathus siamensis,Macrognathus,100,invasive,1,C,0,24,57,NA,2020
2020-02-23T00:00:00Z,16,2020,2,23,RB,RB11,2,68.4,19.2,0.4,4.55,Peacock eel,Macrognathus siamensis,Macrognathus,100,invasive,1,C,0,23,44,NA,2020
2020-02-23T00:00:00Z,16,2020,2,23,RB,RB11,2,68.4,19.2,0.4,4.55,Peacock eel,Macrognathus siamensis,Macrognathus,100,invasive,1,C,0,27.1,95,NA,2020
2020-02-23T00:00:00Z,16,2020,2,23,RB,RB11,2,68.4,19.2,0.4,4.55,Peacock eel,Macrognathus siamensis,Macrognathus,100,invasive,1,C,0,26.6,78,NA,2020
2020-02-23T00:00:00Z,16,2020,2,23,RB,RB11,2,68.4,19.2,0.4,4.55,Peacock eel,Macrognathus siamensis,Macrognathus,100,invasive,1,C,0,20.5,30,NA,2020
2020-02-23T00:00:00Z,16,2020,2,23,RB,RB11,2,68.4,19.2,0.4,4.55,Peacock eel,Macrognathus siamensis,Macrognathus,100,invasive,1,C,0,24.6,58,NA,2020
2020-02-23T00:00:00Z,16,2020,2,23,RB,RB11,2,68.4,19.2,0.4,4.55,Peacock eel,Macrognathus siamensis,Macrognathus,100,invasive,1,C,0,24.5,60,NA,2020
2020-02-23T00:00:00Z,16,2020,2,23,RB,RB11,2,68.4,19.2,0.4,4.55,Peacock eel,Macrognathus siamensis,Macrognathus,100,invasive,1,C,0,22.9,49,NA,2020
2020-02-23T00:00:00Z,16,2020,2,23,RB,RB11,2,68.4,19.2,0.4,4.55,Peacock eel,Macrognathus siamensis,Macrognathus,100,invasive,1,C,0,25.1,75,NA,2020
2020-02-23T00:00:00Z,16,2020,2,23,RB,RB11,2,68.4,19.2,0.4,4.55,Peacock eel,Macrognathus siamensis,Macrognathus,100,invasive,1,C,0,25.5,70,NA,2020
2020-02-23T00:00:00Z,16,2020,2,23,RB,RB11,2,68.4,19.2,0.4,4.55,Peacock eel,Macrognathus siamensis,Macrognathus,100,invasive,1,C,0,23.5,52,NA,2020
2020-02-23T00:00:00Z,16,2020,2,23,RB,RB11,2,68.4,19.2,0.4,4.55,Peacock eel,Macrognathus siamensis,Macrognathus,100,invasive,1,C,0,26.6,67,NA,2020
2020-02-23T00:00:00Z,16,2020,2,23,RB,RB11,2,68.4,19.2,0.4,4.55,Peacock eel,Macrognathus siamensis,Macrognathus,100,invasive,1,C,0,26.1,61,NA,2020
2020-02-23T00:00:00Z,16,2020,2,23,RB,RB11,2,68.4,19.2,0.4,4.55,Peacock eel,Macrognathus siamensis,Macrognathus,100,invasive,1,C,0,22,44,NA,2020
2020-02-23T00:00:00Z,16,2020,2,23,RB,RB11,2,68.4,19.2,0.4,4.55,Peacock eel,Macrognathus siamensis,Macrognathus,100,invasive,1,C,0,25.1,56,NA,2020
2020-02-23T00:00:00Z,16,2020,2,23,RB,RB11,2,68.4,19.2,0.4,4.55,Peacock eel,Macrognathus siamensis,Macrognathus,100,invasive,1,C,0,27,85,NA,2020
2020-02-23T00:00:00Z,16,2020,2,23,RB,RB11,2,68.4,19.2,0.4,4.55,Peacock eel,Macrognathus siamensis,Macrognathus,100,invasive,1,C,0,23.5,61,NA,2020
2020-02-23T00:00:00Z,16,2020,2,23,RB,RB11,2,68.4,19.2,0.4,4.55,Peacock eel,Macrognathus siamensis,Macrognathus,100,invasive,1,C,0,23.7,60,NA,2020
2020-02-23T00:00:00Z,16,2020,2,23,RB,RB11,2,68.4,19.2,0.4,4.55,Peacock eel,Macrognathus siamensis,Macrognathus,100,invasive,1,C,0,25.4,72,NA,2020
2020-02-23T00:00:00Z,16,2020,2,23,RB,RB11,2,68.4,19.2,0.4,4.55,Peacock eel,Macrognathus siamensis,Macrognathus,100,invasive,1,C,0,20.8,31,NA,2020
2020-02-23T00:00:00Z,16,2020,2,23,RB,RB11,2,68.4,19.2,0.4,4.55,Peacock eel,Macrognathus siamensis,Macrognathus,100,invasive,1,C,0,21.6,36,NA,2020
2020-02-23T00:00:00Z,16,2020,2,23,RB,RB11,3,30.3,18.8,0.3,5.51,Peacock eel,Macrognathus siamensis,Macrognathus,100,invasive,10,S,0,23.640697674418604,56.311,NA,2020
2020-02-23T00:00:00Z,16,2020,2,23,RB,RB11,3,30.3,18.8,0.3,5.51,Peacock eel,Macrognathus siamensis,Macrognathus,100,invasive,1,C,0,22.2,56,NA,2020
2020-02-23T00:00:00Z,16,2020,2,23,RB,RB11,3,30.3,18.8,0.3,5.51,Peacock eel,Macrognathus siamensis,Macrognathus,100,invasive,1,C,0,24.6,71,NA,2020
2020-02-23T00:00:00Z,16,2020,2,23,RB,RB11,3,30.3,18.8,0.3,5.51,Peacock eel,Macrognathus siamensis,Macrognathus,100,invasive,1,C,0,24.6,65,NA,2020
2020-02-23T00:00:00Z,16,2020,2,23,RB,RB11,3,30.3,18.8,0.3,5.51,Peacock eel,Macrognathus siamensis,Macrognathus,100,invasive,1,C,0,25,76,NA,2020
2020-02-23T00:00:00Z,16,2020,2,23,RB,RB11,3,30.3,18.8,0.3,5.51,Peacock eel,Macrognathus siamensis,Macrognathus,100,invasive,1,C,0,23.5,69,NA,2020
2020-02-23T00:00:00Z,16,2020,2,23,RB,RB11,3,30.3,18.8,0.3,5.51,Peacock eel,Macrognathus siamensis,Macrognathus,100,invasive,1,C,0,23.7,59,NA,2020
2020-02-23T00:00:00Z,16,2020,2,23,RB,RB11,3,30.3,18.8,0.3,5.51,Peacock eel,Macrognathus siamensis,Macrognathus,100,invasive,1,C,0,20.5,37,NA,2020
2020-02-23T00:00:00Z,16,2020,2,23,RB,RB11,3,30.3,18.8,0.3,5.51,Peacock eel,Macrognathus siamensis,Macrognathus,100,invasive,1,C,0,22.2,47,NA,2020
2020-02-23T00:00:00Z,16,2020,2,23,RB,RB11,3,30.3,18.8,0.3,5.51,Peacock eel,Macrognathus siamensis,Macrognathus,100,invasive,1,C,0,24.1,59,NA,2020
2020-02-23T00:00:00Z,16,2020,2,23,RB,RB11,3,30.3,18.8,0.3,5.51,Peacock eel,Macrognathus siamensis,Macrognathus,100,invasive,1,C,0,24.6,69,NA,2020
2020-02-23T00:00:00Z,16,2020,2,23,RB,RB11,3,30.3,18.8,0.3,5.51,Peacock eel,Macrognathus siamensis,Macrognathus,100,invasive,1,C,0,23,45,NA,2020
2020-02-23T00:00:00Z,16,2020,2,23,RB,RB11,3,30.3,18.8,0.3,5.51,Peacock eel,Macrognathus siamensis,Macrognathus,100,invasive,1,C,0,26.5,83,NA,2020
2020-02-23T00:00:00Z,16,2020,2,23,RB,RB11,3,30.3,18.8,0.3,5.51,Peacock eel,Macrognathus siamensis,Macrognathus,100,invasive,1,C,0,23,49,NA,2020
2020-02-23T00:00:00Z,16,2020,2,23,RB,RB11,3,30.3,18.8,0.3,5.51,Peacock eel,Macrognathus siamensis,Macrognathus,100,invasive,1,C,0,22.3,38,NA,2020
2020-02-23T00:00:00Z,16,2020,2,23,RB,RB11,3,30.3,18.8,0.3,5.51,Peacock eel,Macrognathus siamensis,Macrognathus,100,invasive,1,C,0,20.3,34,NA,2020
2020-02-23T00:00:00Z,16,2020,2,23,RB,RB11,3,30.3,18.8,0.3,5.51,Peacock eel,Macrognathus siamensis,Macrognathus,100,invasive,1,C,0,23.2,54,NA,2020
2020-02-23T00:00:00Z,16,2020,2,23,RB,RB11,3,30.3,18.8,0.3,5.51,Peacock eel,Macrognathus siamensis,Macrognathus,100,invasive,1,C,0,21.6,42,NA,2020
2020-02-23T00:00:00Z,16,2020,2,23,RB,RB11,3,30.3,18.8,0.3,5.51,Peacock eel,Macrognathus siamensis,Macrognathus,100,invasive,1,C,0,24.3,61,NA,2020
2020-02-23T00:00:00Z,16,2020,2,23,RB,RB11,3,30.3,18.8,0.3,5.51,Peacock eel,Macrognathus siamensis,Macrognathus,100,invasive,1,C,0,26,72,NA,2020
2020-02-23T00:00:00Z,16,2020,2,23,RB,RB11,3,30.3,18.8,0.3,5.51,Peacock eel,Macrognathus siamensis,Macrognathus,100,invasive,1,C,0,22.1,47,NA,2020
2020-02-23T00:00:00Z,16,2020,2,23,RB,RB11,3,30.3,18.8,0.3,5.51,Peacock eel,Macrognathus siamensis,Macrognathus,100,invasive,1,C,0,23.6,55,NA,2020
2020-02-23T00:00:00Z,16,2020,2,23,RB,RB11,3,30.3,18.8,0.3,5.51,Peacock eel,Macrognathus siamensis,Macrognathus,100,invasive,1,C,0,22.2,44,NA,2020
2020-02-23T00:00:00Z,16,2020,2,23,RB,RB11,3,30.3,18.8,0.3,5.51,Peacock eel,Macrognathus siamensis,Macrognathus,100,invasive,1,C,0,21,26,NA,2020
2020-02-23T00:00:00Z,16,2020,2,23,RB,RB11,3,30.3,18.8,0.3,5.51,Peacock eel,Macrognathus siamensis,Macrognathus,100,invasive,1,C,0,21.6,37,NA,2020
2020-02-23T00:00:00Z,16,2020,2,23,RB,RB11,3,30.3,18.8,0.3,5.51,Peacock eel,Macrognathus siamensis,Macrognathus,100,invasive,1,C,0,24.2,57,NA,2020
2020-02-24T00:00:00Z,16,2020,2,24,RB,RB12,1,137,20.8,NA,2.25,Peacock eel,Macrognathus siamensis,Macrognathus,100,invasive,0,ZERO,0,0,0,NA,2020
2020-02-24T00:00:00Z,16,2020,2,24,RB,RB12,2,136,20.8,0.7,3.12,Peacock eel,Macrognathus siamensis,Macrognathus,100,invasive,1,C,0,22,37,NA,2020
2020-02-24T00:00:00Z,16,2020,2,24,RB,RB12,2,136,20.8,0.7,3.12,Peacock eel,Macrognathus siamensis,Macrognathus,100,invasive,1,C,0,26.6,76,NA,2020
2020-02-24T00:00:00Z,16,2020,2,24,RB,RB12,2,136,20.8,0.7,3.12,Peacock eel,Macrognathus siamensis,Macrognathus,100,invasive,1,C,0,22.3,50,NA,2020
2020-02-24T00:00:00Z,16,2020,2,24,RB,RB12,2,136,20.8,0.7,3.12,Peacock eel,Macrognathus siamensis,Macrognathus,100,invasive,1,C,0,23,39,NA,2020
2020-02-24T00:00:00Z,16,2020,2,24,RB,RB12,2,136,20.8,0.7,3.12,Peacock eel,Macrognathus siamensis,Macrognathus,100,invasive,1,C,0,26.2,80,NA,2020
2020-02-24T00:00:00Z,16,2020,2,24,RB,RB12,3,138,20.8,0.6,3.45,Peacock eel,Macrognathus siamensis,Macrognathus,100,invasive,4,S,0,23.640697674418604,56.311,NA,2020
2020-02-23T00:00:00Z,16,2020,2,23,RB,RB13,1,67.2,21.5,0.5,5.1,Peacock eel,Macrognathus siamensis,Macrognathus,100,invasive,0,ZERO,0,0,0,NA,2020
2020-02-23T00:00:00Z,16,2020,2,23,RB,RB13,2,74.2,21.7,0.5,5.04,Peacock eel,Macrognathus siamensis,Macrognathus,100,invasive,1,S,0,23.640697674418604,56.311,NA,2020
2020-02-23T00:00:00Z,16,2020,2,23,RB,RB13,2,74.2,21.7,0.5,5.04,Peacock eel,Macrognathus siamensis,Macrognathus,100,invasive,1,C,21.8,23.640697674418604,48,NA,2020
2020-02-23T00:00:00Z,16,2020,2,23,RB,RB13,2,74.2,21.7,0.5,5.04,Peacock eel,Macrognathus siamensis,Macrognathus,100,invasive,1,C,25,23.640697674418604,60,NA,2020
2020-02-23T00:00:00Z,16,2020,2,23,RB,RB13,3,69.7,21.5,0.5,5.15,Peacock eel,Macrognathus siamensis,Macrognathus,100,invasive,0,ZERO,0,0,0,NA,2020
2020-02-23T00:00:00Z,16,2020,2,23,RB,RB14,1,95.6,22.4,0.9,1.8,Peacock eel,Macrognathus siamensis,Macrognathus,100,invasive,0,ZERO,0,0,0,NA,2020
2020-02-23T00:00:00Z,16,2020,2,23,RB,RB14,2,98.7,22.3,0.9,2.08,Peacock eel,Macrognathus siamensis,Macrognathus,100,invasive,0,ZERO,0,0,0,NA,2020
2020-02-24T00:00:00Z,16,2020,2,24,RB,RB14,3,42,21.1,0.9,1.76,Peacock eel,Macrognathus siamensis,Macrognathus,100,invasive,0,ZERO,0,0,0,NA,2020
2020-02-24T00:00:00Z,16,2020,2,24,RB,RB15,3,158,23.9,3,4.8,Peacock eel,Macrognathus siamensis,Macrognathus,100,invasive,0,ZERO,0,0,0,NA,2020
2020-02-24T00:00:00Z,16,2020,2,24,RB,RB16,1,126,23.2,2.2,3.52,Peacock eel,Macrognathus siamensis,Macrognathus,100,invasive,0,ZERO,0,0,0,NA,2020
2020-02-24T00:00:00Z,16,2020,2,24,RB,RB16,2,148,22.2,1.9,2.83,Peacock eel,Macrognathus siamensis,Macrognathus,100,invasive,0,ZERO,0,0,0,NA,2020
2020-02-24T00:00:00Z,16,2020,2,24,RB,RB16,3,164,22.9,2.1,3.09,Peacock eel,Macrognathus siamensis,Macrognathus,100,invasive,0,ZERO,0,0,0,NA,2020
2020-02-23T00:00:00Z,16,2020,2,23,RB,RB18,1,86.5,21.7,0.6,6.01,Peacock eel,Macrognathus siamensis,Macrognathus,100,invasive,0,ZERO,0,0,0,NA,2020
2020-02-23T00:00:00Z,16,2020,2,23,RB,RB18,2,93.6,21.6,0.5,6.06,Peacock eel,Macrognathus siamensis,Macrognathus,100,invasive,0,ZERO,0,0,0,NA,2020
2020-02-23T00:00:00Z,16,2020,2,23,RB,RB18,3,80.3,21.7,0.6,6.03,Peacock eel,Macrognathus siamensis,Macrognathus,100,invasive,0,ZERO,0,0,0,NA,2020
2020-02-24T00:00:00Z,16,2020,2,24,RB,RB7,1,113,20.3,NA,0.71,Peacock eel,Macrognathus siamensis,Macrognathus,100,invasive,0,ZERO,0,0,0,NA,2020
2020-02-24T00:00:00Z,16,2020,2,24,RB,RB7,2,106,20.2,NA,1.11,Peacock eel,Macrognathus siamensis,Macrognathus,100,invasive,0,ZERO,0,0,0,NA,2020
2020-02-24T00:00:00Z,16,2020,2,24,RB,RB7,3,120,20,NA,2.02,Peacock eel,Macrognathus siamensis,Macrognathus,100,invasive,0,ZERO,0,0,0,NA,2020
2020-02-23T00:00:00Z,16,2020,2,23,RB,RB8,1,41.2,19.7,0.4,4.86,Peacock eel,Macrognathus siamensis,Macrognathus,100,invasive,1,C,23.2,23.640697674418604,64,NA,2020
2020-02-23T00:00:00Z,16,2020,2,23,RB,RB8,1,41.2,19.7,0.4,4.86,Peacock eel,Macrognathus siamensis,Macrognathus,100,invasive,1,C,25.4,23.640697674418604,62,NA,2020
2020-02-23T00:00:00Z,16,2020,2,23,RB,RB8,1,41.2,19.7,0.4,4.86,Peacock eel,Macrognathus siamensis,Macrognathus,100,invasive,1,C,23.3,23.640697674418604,57,NA,2020
2020-02-23T00:00:00Z,16,2020,2,23,RB,RB8,1,41.2,19.7,0.4,4.86,Peacock eel,Macrognathus siamensis,Macrognathus,100,invasive,1,C,24.4,23.640697674418604,64,NA,2020
2020-02-23T00:00:00Z,16,2020,2,23,RB,RB8,1,41.2,19.7,0.4,4.86,Peacock eel,Macrognathus siamensis,Macrognathus,100,invasive,1,C,25.9,23.640697674418604,82,NA,2020
2020-02-23T00:00:00Z,16,2020,2,23,RB,RB8,2,72.9,19.7,0.4,4.85,Peacock eel,Macrognathus siamensis,Macrognathus,100,invasive,2,S,0,23.640697674418604,56.311,NA,2020
2020-02-23T00:00:00Z,16,2020,2,23,RB,RB8,2,72.9,19.7,0.4,4.85,Peacock eel,Macrognathus siamensis,Macrognathus,100,invasive,1,C,0,28.9,117,NA,2020
2020-02-23T00:00:00Z,16,2020,2,23,RB,RB8,3,92.5,19.8,0.4,5.05,Peacock eel,Macrognathus siamensis,Macrognathus,100,invasive,1,C,24,23.640697674418604,49,NA,2020
2020-02-23T00:00:00Z,16,2020,2,23,RB,RB8,3,92.5,19.8,0.4,5.05,Peacock eel,Macrognathus siamensis,Macrognathus,100,invasive,1,C,22.9,23.640697674418604,50,NA,2020
2020-02-23T00:00:00Z,16,2020,2,23,RB,RB8,3,92.5,19.8,0.4,5.05,Peacock eel,Macrognathus siamensis,Macrognathus,100,invasive,1,C,20.3,23.640697674418604,26,NA,2020
2020-02-23T00:00:00Z,16,2020,2,23,RB,RB8,3,92.5,19.8,0.4,5.05,Peacock eel,Macrognathus siamensis,Macrognathus,100,invasive,1,C,26.4,23.640697674418604,83,NA,2020
2020-02-23T00:00:00Z,16,2020,2,23,RB,RB8,3,92.5,19.8,0.4,5.05,Peacock eel,Macrognathus siamensis,Macrognathus,100,invasive,1,C,26,23.640697674418604,90,NA,2020
2020-02-23T00:00:00Z,16,2020,2,23,RB,RB8,3,92.5,19.8,0.4,5.05,Peacock eel,Macrognathus siamensis,Macrognathus,100,invasive,1,C,22.2,23.640697674418604,51,NA,2020
2020-02-23T00:00:00Z,16,2020,2,23,RB,RB8,3,92.5,19.8,0.4,5.05,Peacock eel,Macrognathus siamensis,Macrognathus,100,invasive,1,C,22.5,23.640697674418604,60,NA,2020
2020-02-22T00:00:00Z,16,2020,2,22,RB,RB9,1,69.2,19.9,0.4,4.8,Peacock eel,Macrognathus siamensis,Macrognathus,100,invasive,1,S,0,23.640697674418604,56.311,NA,2020
2020-02-22T00:00:00Z,16,2020,2,22,RB,RB9,1,69.2,19.9,0.4,4.8,Peacock eel,Macrognathus siamensis,Macrognathus,100,invasive,1,S,0,23.640697674418604,56.311,NA,2020
2020-02-22T00:00:00Z,16,2020,2,22,RB,RB9,1,69.2,19.9,0.4,4.8,Peacock eel,Macrognathus siamensis,Macrognathus,100,invasive,1,S,0,23.640697674418604,56.311,NA,2020
2020-02-22T00:00:00Z,16,2020,2,22,RB,RB9,1,69.2,19.9,0.4,4.8,Peacock eel,Macrognathus siamensis,Macrognathus,100,invasive,1,C,0,22.5,43,NA,2020
2020-02-22T00:00:00Z,16,2020,2,22,RB,RB9,1,69.2,19.9,0.4,4.8,Peacock eel,Macrognathus siamensis,Macrognathus,100,invasive,1,C,0,27.9,85,NA,2020
2020-02-22T00:00:00Z,16,2020,2,22,RB,RB9,1,69.2,19.9,0.4,4.8,Peacock eel,Macrognathus siamensis,Macrognathus,100,invasive,1,C,0,23.9,62,NA,2020
2020-02-22T00:00:00Z,16,2020,2,22,RB,RB9,1,69.2,19.9,0.4,4.8,Peacock eel,Macrognathus siamensis,Macrognathus,100,invasive,1,C,0,26.4,74,NA,2020
2020-02-22T00:00:00Z,16,2020,2,22,RB,RB9,1,69.2,19.9,0.4,4.8,Peacock eel,Macrognathus siamensis,Macrognathus,100,invasive,1,C,0,21.9,42,NA,2020
2020-02-22T00:00:00Z,16,2020,2,22,RB,RB9,1,69.2,19.9,0.4,4.8,Peacock eel,Macrognathus siamensis,Macrognathus,100,invasive,1,C,0,21.1,32,NA,2020
2020-02-22T00:00:00Z,16,2020,2,22,RB,RB9,1,69.2,19.9,0.4,4.8,Peacock eel,Macrognathus siamensis,Macrognathus,100,invasive,1,C,0,23.640697674418604,56.311,NA,2020
2020-02-22T00:00:00Z,16,2020,2,22,RB,RB9,2,79.1,20.3,0.4,4.82,Peacock eel,Macrognathus siamensis,Macrognathus,100,invasive,7,S,0,23.640697674418604,56.311,NA,2020
2020-02-22T00:00:00Z,16,2020,2,22,RB,RB9,2,79.1,20.3,0.4,4.82,Peacock eel,Macrognathus siamensis,Macrognathus,100,invasive,1,C,0,21.6,29,NA,2020
2020-02-22T00:00:00Z,16,2020,2,22,RB,RB9,2,79.1,20.3,0.4,4.82,Peacock eel,Macrognathus siamensis,Macrognathus,100,invasive,1,C,0,33.3,71.1,NA,2020
2020-02-22T00:00:00Z,16,2020,2,22,RB,RB9,2,79.1,20.3,0.4,4.82,Peacock eel,Macrognathus siamensis,Macrognathus,100,invasive,1,C,0,25.6,62,NA,2020
2020-02-22T00:00:00Z,16,2020,2,22,RB,RB9,2,79.1,20.3,0.4,4.82,Peacock eel,Macrognathus siamensis,Macrognathus,100,invasive,1,C,0,19.4,18,NA,2020
2020-02-22T00:00:00Z,16,2020,2,22,RB,RB9,2,79.1,20.3,0.4,4.82,Peacock eel,Macrognathus siamensis,Macrognathus,100,invasive,1,C,0,23.3,53,NA,2020
2020-02-22T00:00:00Z,16,2020,2,22,RB,RB9,2,79.1,20.3,0.4,4.82,Peacock eel,Macrognathus siamensis,Macrognathus,100,invasive,1,C,0,22,42,NA,2020
2020-02-22T00:00:00Z,16,2020,2,22,RB,RB9,3,77.8,20.5,0.3,6.62,Peacock eel,Macrognathus siamensis,Macrognathus,100,invasive,3,S,0,23.640697674418604,56.311,NA,2020
2020-02-22T00:00:00Z,16,2020,2,22,RB,RB9,3,77.8,20.5,0.3,6.62,Peacock eel,Macrognathus siamensis,Macrognathus,100,invasive,1,C,0,21.1,10,NA,2020
2020-02-22T00:00:00Z,16,2020,2,22,RB,RB9,3,77.8,20.5,0.3,6.62,Peacock eel,Macrognathus siamensis,Macrognathus,100,invasive,1,C,0,22.6,50,NA,2020
2020-02-22T00:00:00Z,16,2020,2,22,RB,RB9,3,77.8,20.5,0.3,6.62,Peacock eel,Macrognathus siamensis,Macrognathus,100,invasive,1,C,0,25.5,77,NA,2020
2020-02-22T00:00:00Z,16,2020,2,22,RB,RB9,3,77.8,20.5,0.3,6.62,Peacock eel,Macrognathus siamensis,Macrognathus,100,invasive,1,C,0,20.5,30,NA,2020
2020-02-22T00:00:00Z,16,2020,2,22,RB,RB9,3,77.8,20.5,0.3,6.62,Peacock eel,Macrognathus siamensis,Macrognathus,100,invasive,1,C,0,27.5,82,NA,2020
2020-02-22T00:00:00Z,16,2020,2,22,RB,RB9,3,77.8,20.5,0.3,6.62,Peacock eel,Macrognathus siamensis,Macrognathus,100,invasive,1,C,0,17.5,27,NA,2020
2020-05-16T00:00:00Z,16,2020,5,16,RB,RB10,1,37,24.4,2.5,4.1,Peacock eel,Macrognathus siamensis,Macrognathus,100,invasive,0,ZERO,0,0,0,NA,2020
2020-05-16T00:00:00Z,16,2020,5,16,RB,RB10,2,135,24.9,2.6,4.54,Peacock eel,Macrognathus siamensis,Macrognathus,100,invasive,1,C,0,24,55,NA,2020
2020-05-16T00:00:00Z,16,2020,5,16,RB,RB10,3,129,25.4,2.7,4.71,Peacock eel,Macrognathus siamensis,Macrognathus,100,invasive,4,S,0,26.6,98,NA,2020
2020-05-16T00:00:00Z,16,2020,5,16,RB,RB10,3,129,25.4,2.7,4.71,Peacock eel,Macrognathus siamensis,Macrognathus,100,invasive,1,C,0,29.2,141,NA,2020
2020-05-13T00:00:00Z,16,2020,5,13,RB,RB11,1,356,23.7,4.3,2.47,Peacock eel,Macrognathus siamensis,Macrognathus,100,invasive,0,ZERO,0,0,0,NA,2020
2020-05-13T00:00:00Z,16,2020,5,13,RB,RB11,2,274,24.8,3.9,2.83,Peacock eel,Macrognathus siamensis,Macrognathus,100,invasive,0,ZERO,0,0,0,NA,2020
2020-05-13T00:00:00Z,16,2020,5,13,RB,RB11,3,212,24.6,4.3,3.06,Peacock eel,Macrognathus siamensis,Macrognathus,100,invasive,0,ZERO,0,0,0,NA,2020
2020-05-16T00:00:00Z,16,2020,5,16,RB,RB13,1,198,26.3,6.4,5.53,Peacock eel,Macrognathus siamensis,Macrognathus,100,invasive,0,ZERO,0,0,0,NA,2020
2020-05-16T00:00:00Z,16,2020,5,16,RB,RB13,2,168,26.6,6.3,5.87,Peacock eel,Macrognathus siamensis,Macrognathus,100,invasive,0,ZERO,0,0,0,NA,2020
2020-05-16T00:00:00Z,16,2020,5,16,RB,RB13,3,161,26.8,6.3,6.3,Peacock eel,Macrognathus siamensis,Macrognathus,100,invasive,0,ZERO,0,0,0,NA,2020
2020-05-13T00:00:00Z,16,2020,5,13,RB,RB8,1,92,25.8,5,5.01,Peacock eel,Macrognathus siamensis,Macrognathus,100,invasive,0,ZERO,0,0,0,NA,2020
2020-05-13T00:00:00Z,16,2020,5,13,RB,RB8,2,97,25.9,4.6,5.23,Peacock eel,Macrognathus siamensis,Macrognathus,100,invasive,0,ZERO,0,0,0,NA,2020
2020-05-13T00:00:00Z,16,2020,5,13,RB,RB8,3,120,25.7,4.4,4.32,Peacock eel,Macrognathus siamensis,Macrognathus,100,invasive,0,ZERO,0,0,0,NA,2020
2020-05-13T00:00:00Z,16,2020,5,13,RB,RB9,1,225,24.9,4.1,3.4,Peacock eel,Macrognathus siamensis,Macrognathus,100,invasive,0,ZERO,0,0,0,NA,2020
2020-05-13T00:00:00Z,16,2020,5,13,RB,RB9,2,317,24.5,4,4.4,Peacock eel,Macrognathus siamensis,Macrognathus,100,invasive,0,ZERO,0,0,0,NA,2020
2020-05-13T00:00:00Z,16,2020,5,13,RB,RB9,3,254,24.6,3.6,4.8,Peacock eel,Macrognathus siamensis,Macrognathus,100,invasive,0,ZERO,0,0,0,NA,2020
2020-06-26T00:00:00Z,16,2020,6,26,RB,RB10,1,94.4,30.5,0.3,NA,Peacock eel,Macrognathus siamensis,Macrognathus,100,invasive,0,ZERO,0,0,0,NA,2020
2020-06-26T00:00:00Z,16,2020,6,26,RB,RB10,3,151,31.3,0.3,3.23,Peacock eel,Macrognathus siamensis,Macrognathus,100,invasive,0,ZERO,0,0,0,NA,2020
2020-06-26T00:00:00Z,16,2020,6,26,RB,RB11,1,106,30.8,0.4,1.89,Peacock eel,Macrognathus siamensis,Macrognathus,100,invasive,0,ZERO,0,0,0,NA,2020
2020-06-26T00:00:00Z,16,2020,6,26,RB,RB11,2,98.6,31.3,0.4,2.01,Peacock eel,Macrognathus siamensis,Macrognathus,100,invasive,0,ZERO,0,0,0,NA,2020
2020-06-26T00:00:00Z,16,2020,6,26,RB,RB11,3,79.4,32.7,0.4,3.48,Peacock eel,Macrognathus siamensis,Macrognathus,100,invasive,0,ZERO,0,0,0,NA,2020
2020-06-26T00:00:00Z,16,2020,6,26,RB,RB13,1,128,31.5,0.4,2.88,Peacock eel,Macrognathus siamensis,Macrognathus,100,invasive,0,ZERO,0,0,0,NA,2020
2020-06-26T00:00:00Z,16,2020,6,26,RB,RB13,2,111,31.6,0.4,2.87,Peacock eel,Macrognathus siamensis,Macrognathus,100,invasive,0,ZERO,0,0,0,NA,2020
2020-06-26T00:00:00Z,16,2020,6,26,RB,RB13,3,111,31.6,0.4,2.85,Peacock eel,Macrognathus siamensis,Macrognathus,100,invasive,0,ZERO,0,0,0,NA,2020
2020-06-26T00:00:00Z,16,2020,6,26,RB,RB8,1,105,30.1,0.3,2.3,Peacock eel,Macrognathus siamensis,Macrognathus,100,invasive,0,ZERO,0,0,0,NA,2020
2020-06-26T00:00:00Z,16,2020,6,26,RB,RB8,2,89.7,30,0.3,2.35,Peacock eel,Macrognathus siamensis,Macrognathus,100,invasive,0,ZERO,0,0,0,NA,2020
2020-06-26T00:00:00Z,16,2020,6,26,RB,RB8,3,62.7,30.2,0.3,2.71,Peacock eel,Macrognathus siamensis,Macrognathus,100,invasive,0,ZERO,0,0,0,NA,2020
2020-06-26T00:00:00Z,16,2020,6,26,RB,RB9,1,120,29.8,0.3,1.82,Peacock eel,Macrognathus siamensis,Macrognathus,100,invasive,0,ZERO,0,0,0,NA,2020
2020-06-26T00:00:00Z,16,2020,6,26,RB,RB9,2,98.3,29.8,0.3,2.1,Peacock eel,Macrognathus siamensis,Macrognathus,100,invasive,0,ZERO,0,0,0,NA,2020
2020-06-26T00:00:00Z,16,2020,6,26,RB,RB9,3,139,29.8,0.3,2.03,Peacock eel,Macrognathus siamensis,Macrognathus,100,invasive,0,ZERO,0,0,0,NA,2020
2020-12-01T00:00:00Z,17,2020,12,1,RB,RB10,1,76.7,22.7,0.2,3.68,Peacock eel,Macrognathus siamensis,Macrognathus,100,invasive,3,S,0,20.39557522123894,37.67857142857143,NA,2021
2020-12-01T00:00:00Z,17,2020,12,1,RB,RB10,1,76.7,22.7,0.2,3.68,Peacock eel,Macrognathus siamensis,Macrognathus,100,invasive,1,C,0,23.5,26,NA,2021
2020-12-01T00:00:00Z,17,2020,12,1,RB,RB10,1,76.7,22.7,0.2,3.68,Peacock eel,Macrognathus siamensis,Macrognathus,100,invasive,1,C,0,24,62,NA,2021
2020-12-01T00:00:00Z,17,2020,12,1,RB,RB10,1,76.7,22.7,0.2,3.68,Peacock eel,Macrognathus siamensis,Macrognathus,100,invasive,1,C,0,19,29,NA,2021
2020-12-01T00:00:00Z,17,2020,12,1,RB,RB10,1,76.7,22.7,0.2,3.68,Peacock eel,Macrognathus siamensis,Macrognathus,100,invasive,1,C,0,17,31,NA,2021
2020-12-01T00:00:00Z,17,2020,12,1,RB,RB10,1,76.7,22.7,0.2,3.68,Peacock eel,Macrognathus siamensis,Macrognathus,100,invasive,1,C,0,17,17,NA,2021
2020-12-01T00:00:00Z,17,2020,12,1,RB,RB10,1,76.7,22.7,0.2,3.68,Peacock eel,Macrognathus siamensis,Macrognathus,100,invasive,1,C,0,20,37.67857142857143,NA,2021
2020-12-01T00:00:00Z,17,2020,12,1,RB,RB10,1,76.7,22.7,0.2,3.68,Peacock eel,Macrognathus siamensis,Macrognathus,100,invasive,1,C,0,18,26,NA,2021
2020-12-01T00:00:00Z,17,2020,12,1,RB,RB10,1,76.7,22.7,0.2,3.68,Peacock eel,Macrognathus siamensis,Macrognathus,100,invasive,1,C,0,18,28,NA,2021
2020-12-01T00:00:00Z,17,2020,12,1,RB,RB10,2,97.6,22.8,0.2,4.16,Peacock eel,Macrognathus siamensis,Macrognathus,100,invasive,4,S,0,20.39557522123894,37.67857142857143,NA,2021
2020-12-01T00:00:00Z,17,2020,12,1,RB,RB10,2,97.6,22.8,0.2,4.16,Peacock eel,Macrognathus siamensis,Macrognathus,100,invasive,1,C,0,22.8,46,NA,2021
2020-12-01T00:00:00Z,17,2020,12,1,RB,RB10,2,97.6,22.8,0.2,4.16,Peacock eel,Macrognathus siamensis,Macrognathus,100,invasive,1,C,0,22.7,61,NA,2021
2020-12-01T00:00:00Z,17,2020,12,1,RB,RB10,2,97.6,22.8,0.2,4.16,Peacock eel,Macrognathus siamensis,Macrognathus,100,invasive,1,C,0,17.5,22,NA,2021
2020-12-01T00:00:00Z,17,2020,12,1,RB,RB10,2,97.6,22.8,0.2,4.16,Peacock eel,Macrognathus siamensis,Macrognathus,100,invasive,1,C,0,20.5,38,NA,2021
2020-12-01T00:00:00Z,17,2020,12,1,RB,RB10,2,97.6,22.8,0.2,4.16,Peacock eel,Macrognathus siamensis,Macrognathus,100,invasive,1,C,0,21.4,38,NA,2021
2020-12-01T00:00:00Z,17,2020,12,1,RB,RB10,2,97.6,22.8,0.2,4.16,Peacock eel,Macrognathus siamensis,Macrognathus,100,invasive,1,C,0,18.6,26,NA,2021
2020-12-01T00:00:00Z,17,2020,12,1,RB,RB10,2,97.6,22.8,0.2,4.16,Peacock eel,Macrognathus siamensis,Macrognathus,100,invasive,1,C,0,24,60,NA,2021
2020-12-01T00:00:00Z,17,2020,12,1,RB,RB10,2,97.6,22.8,0.2,4.16,Peacock eel,Macrognathus siamensis,Macrognathus,100,invasive,1,C,0,22.5,48,NA,2021
2020-12-01T00:00:00Z,17,2020,12,1,RB,RB10,2,97.6,22.8,0.2,4.16,Peacock eel,Macrognathus siamensis,Macrognathus,100,invasive,1,C,0,21.5,41,NA,2021
2020-12-01T00:00:00Z,17,2020,12,1,RB,RB10,2,97.6,22.8,0.2,4.16,Peacock eel,Macrognathus siamensis,Macrognathus,100,invasive,1,C,0,18.1,30,NA,2021
2020-12-01T00:00:00Z,17,2020,12,1,RB,RB10,2,97.6,22.8,0.2,4.16,Peacock eel,Macrognathus siamensis,Macrognathus,100,invasive,1,C,0,19,30,NA,2021
2020-12-01T00:00:00Z,17,2020,12,1,RB,RB10,2,97.6,22.8,0.2,4.16,Peacock eel,Macrognathus siamensis,Macrognathus,100,invasive,1,C,0,17.6,25,NA,2021
2020-12-01T00:00:00Z,17,2020,12,1,RB,RB10,2,97.6,22.8,0.2,4.16,Peacock eel,Macrognathus siamensis,Macrognathus,100,invasive,1,C,0,18.4,28,NA,2021
2020-12-01T00:00:00Z,17,2020,12,1,RB,RB10,2,97.6,22.8,0.2,4.16,Peacock eel,Macrognathus siamensis,Macrognathus,100,invasive,1,C,0,18.6,31,NA,2021
2020-12-01T00:00:00Z,17,2020,12,1,RB,RB10,3,75.8,22.8,0.2,4.21,Peacock eel,Macrognathus siamensis,Macrognathus,100,invasive,1,C,0,17.1,23,NA,2021
2020-12-01T00:00:00Z,17,2020,12,1,RB,RB10,3,75.8,22.8,0.2,4.21,Peacock eel,Macrognathus siamensis,Macrognathus,100,invasive,1,C,0,16.4,19,NA,2021
2020-12-01T00:00:00Z,17,2020,12,1,RB,RB10,3,75.8,22.8,0.2,4.21,Peacock eel,Macrognathus siamensis,Macrognathus,100,invasive,1,C,0,22,40,NA,2021
2020-12-01T00:00:00Z,17,2020,12,1,RB,RB10,3,75.8,22.8,0.2,4.21,Peacock eel,Macrognathus siamensis,Macrognathus,100,invasive,1,C,0,18.4,23,NA,2021
2020-12-01T00:00:00Z,17,2020,12,1,RB,RB11,1,77.6,23.6,0.2,4.11,Peacock eel,Macrognathus siamensis,Macrognathus,100,invasive,5,S,0,20.39557522123894,37.67857142857143,NA,2021
2020-12-01T00:00:00Z,17,2020,12,1,RB,RB11,1,77.6,23.6,0.2,4.11,Peacock eel,Macrognathus siamensis,Macrognathus,100,invasive,1,C,0,20.8,42,NA,2021
2020-12-01T00:00:00Z,17,2020,12,1,RB,RB11,1,77.6,23.6,0.2,4.11,Peacock eel,Macrognathus siamensis,Macrognathus,100,invasive,1,C,0,20,30,NA,2021
2020-12-01T00:00:00Z,17,2020,12,1,RB,RB11,1,77.6,23.6,0.2,4.11,Peacock eel,Macrognathus siamensis,Macrognathus,100,invasive,1,C,0,22,44,NA,2021
2020-12-01T00:00:00Z,17,2020,12,1,RB,RB11,1,77.6,23.6,0.2,4.11,Peacock eel,Macrognathus siamensis,Macrognathus,100,invasive,1,C,0,20,30,NA,2021
2020-12-01T00:00:00Z,17,2020,12,1,RB,RB11,1,77.6,23.6,0.2,4.11,Peacock eel,Macrognathus siamensis,Macrognathus,100,invasive,1,C,0,18.1,21,NA,2021
2020-12-01T00:00:00Z,17,2020,12,1,RB,RB11,1,77.6,23.6,0.2,4.11,Peacock eel,Macrognathus siamensis,Macrognathus,100,invasive,1,C,0,17,19,NA,2021
2020-12-01T00:00:00Z,17,2020,12,1,RB,RB11,1,77.6,23.6,0.2,4.11,Peacock eel,Macrognathus siamensis,Macrognathus,100,invasive,1,C,0,23,50,NA,2021
2020-12-01T00:00:00Z,17,2020,12,1,RB,RB11,1,77.6,23.6,0.2,4.11,Peacock eel,Macrognathus siamensis,Macrognathus,100,invasive,1,C,0,20.5,37,NA,2021
2020-12-01T00:00:00Z,17,2020,12,1,RB,RB11,1,77.6,23.6,0.2,4.11,Peacock eel,Macrognathus siamensis,Macrognathus,100,invasive,1,C,0,21,30,NA,2021
2020-12-01T00:00:00Z,17,2020,12,1,RB,RB11,1,77.6,23.6,0.2,4.11,Peacock eel,Macrognathus siamensis,Macrognathus,100,invasive,1,C,0,17,29,NA,2021
2020-12-01T00:00:00Z,17,2020,12,1,RB,RB11,1,77.6,23.6,0.2,4.11,Peacock eel,Macrognathus siamensis,Macrognathus,100,invasive,1,C,0,16.5,20,NA,2021
2020-12-01T00:00:00Z,17,2020,12,1,RB,RB11,1,77.6,23.6,0.2,4.11,Peacock eel,Macrognathus siamensis,Macrognathus,100,invasive,1,C,0,18.2,20,NA,2021
2020-12-01T00:00:00Z,17,2020,12,1,RB,RB11,1,77.6,23.6,0.2,4.11,Peacock eel,Macrognathus siamensis,Macrognathus,100,invasive,1,C,0,15.5,19,NA,2021
2020-12-01T00:00:00Z,17,2020,12,1,RB,RB11,1,77.6,23.6,0.2,4.11,Peacock eel,Macrognathus siamensis,Macrognathus,100,invasive,1,C,0,21,40,NA,2021
2020-12-01T00:00:00Z,17,2020,12,1,RB,RB11,1,77.6,23.6,0.2,4.11,Peacock eel,Macrognathus siamensis,Macrognathus,100,invasive,1,C,0,22.5,53,NA,2021
2020-12-01T00:00:00Z,17,2020,12,1,RB,RB11,1,77.6,23.6,0.2,4.11,Peacock eel,Macrognathus siamensis,Macrognathus,100,invasive,1,C,0,19.4,32,NA,2021
2020-12-01T00:00:00Z,17,2020,12,1,RB,RB11,1,77.6,23.6,0.2,4.11,Peacock eel,Macrognathus siamensis,Macrognathus,100,invasive,1,C,0,18.5,22,NA,2021
2020-12-01T00:00:00Z,17,2020,12,1,RB,RB11,1,77.6,23.6,0.2,4.11,Peacock eel,Macrognathus siamensis,Macrognathus,100,invasive,1,C,0,16.7,20,NA,2021
2020-12-01T00:00:00Z,17,2020,12,1,RB,RB11,1,77.6,23.6,0.2,4.11,Peacock eel,Macrognathus siamensis,Macrognathus,100,invasive,1,C,0,16.5,20,NA,2021
2020-12-01T00:00:00Z,17,2020,12,1,RB,RB11,1,77.6,23.6,0.2,4.11,Peacock eel,Macrognathus siamensis,Macrognathus,100,invasive,1,C,0,19,31,NA,2021
2020-12-01T00:00:00Z,17,2020,12,1,RB,RB11,1,77.6,23.6,0.2,4.11,Peacock eel,Macrognathus siamensis,Macrognathus,100,invasive,1,C,0,17.7,21,NA,2021
2020-12-01T00:00:00Z,17,2020,12,1,RB,RB11,2,97.6,23.9,0.2,3.89,Peacock eel,Macrognathus siamensis,Macrognathus,100,invasive,1,C,0,21.5,38,NA,2021
2020-12-01T00:00:00Z,17,2020,12,1,RB,RB11,2,97.6,23.9,0.2,3.89,Peacock eel,Macrognathus siamensis,Macrognathus,100,invasive,1,C,0,16.4,17,NA,2021
2020-12-01T00:00:00Z,17,2020,12,1,RB,RB11,2,97.6,23.9,0.2,3.89,Peacock eel,Macrognathus siamensis,Macrognathus,100,invasive,1,C,0,16,15,NA,2021
2020-12-01T00:00:00Z,17,2020,12,1,RB,RB11,3,93.6,24,0.2,4.58,Peacock eel,Macrognathus siamensis,Macrognathus,100,invasive,1,S,0,20.39557522123894,37.67857142857143,NA,2021
2020-12-01T00:00:00Z,17,2020,12,1,RB,RB11,3,93.6,24,0.2,4.58,Peacock eel,Macrognathus siamensis,Macrognathus,100,invasive,1,C,0,19.5,33,NA,2021
2020-12-01T00:00:00Z,17,2020,12,1,RB,RB11,3,93.6,24,0.2,4.58,Peacock eel,Macrognathus siamensis,Macrognathus,100,invasive,1,C,0,19,29,NA,2021
2020-12-17T00:00:00Z,17,2020,12,17,RB,RB12,1,136,22.8,0.2,3.19,Peacock eel,Macrognathus siamensis,Macrognathus,100,invasive,1,S,0,20.39557522123894,37.67857142857143,NA,2021
2020-12-17T00:00:00Z,17,2020,12,17,RB,RB12,1,136,22.8,0.2,3.19,Peacock eel,Macrognathus siamensis,Macrognathus,100,invasive,1,C,0,19.5,36,NA,2021
2020-12-17T00:00:00Z,17,2020,12,17,RB,RB12,2,92.6,22.8,0.2,3.2,Peacock eel,Macrognathus siamensis,Macrognathus,100,invasive,1,S,0,20.39557522123894,37.67857142857143,NA,2021
2020-12-17T00:00:00Z,17,2020,12,17,RB,RB12,2,92.6,22.8,0.2,3.2,Peacock eel,Macrognathus siamensis,Macrognathus,100,invasive,1,C,0,19.6,22,NA,2021
2020-12-17T00:00:00Z,17,2020,12,17,RB,RB12,2,92.6,22.8,0.2,3.2,Peacock eel,Macrognathus siamensis,Macrognathus,100,invasive,1,C,0,21,37,NA,2021
2020-12-17T00:00:00Z,17,2020,12,17,RB,RB12,3,108,23,0.2,3.13,Peacock eel,Macrognathus siamensis,Macrognathus,100,invasive,0,ZERO,0,0,0,NA,2021
2020-12-16T00:00:00Z,17,2020,12,16,RB,RB13,1,77.9,23.2,0.2,3.58,Peacock eel,Macrognathus siamensis,Macrognathus,100,invasive,0,ZERO,0,0,0,NA,2021
2020-12-16T00:00:00Z,17,2020,12,16,RB,RB13,2,77.7,23.2,0.2,3.61,Peacock eel,Macrognathus siamensis,Macrognathus,100,invasive,3,S,0,20.39557522123894,37.67857142857143,NA,2021
2020-12-16T00:00:00Z,17,2020,12,16,RB,RB13,2,77.7,23.2,0.2,3.61,Peacock eel,Macrognathus siamensis,Macrognathus,100,invasive,1,C,0,20,32,NA,2021
2020-12-16T00:00:00Z,17,2020,12,16,RB,RB13,2,77.7,23.2,0.2,3.61,Peacock eel,Macrognathus siamensis,Macrognathus,100,invasive,1,C,0,25.2,82,NA,2021
2020-12-16T00:00:00Z,17,2020,12,16,RB,RB13,2,77.7,23.2,0.2,3.61,Peacock eel,Macrognathus siamensis,Macrognathus,100,invasive,1,C,0,25,77,NA,2021
2020-12-16T00:00:00Z,17,2020,12,16,RB,RB13,2,77.7,23.2,0.2,3.61,Peacock eel,Macrognathus siamensis,Macrognathus,100,invasive,1,C,0,19.7,29,NA,2021
2020-12-16T00:00:00Z,17,2020,12,16,RB,RB13,2,77.7,23.2,0.2,3.61,Peacock eel,Macrognathus siamensis,Macrognathus,100,invasive,1,C,0,21.6,46,NA,2021
2020-12-16T00:00:00Z,17,2020,12,16,RB,RB13,3,77,23.3,0.2,3.49,Peacock eel,Macrognathus siamensis,Macrognathus,100,invasive,1,C,0,17.3,18,NA,2021
2020-12-16T00:00:00Z,17,2020,12,16,RB,RB13,3,77,23.3,0.2,3.49,Peacock eel,Macrognathus siamensis,Macrognathus,100,invasive,1,C,0,19.6,31,NA,2021
2020-12-16T00:00:00Z,17,2020,12,16,RB,RB13,3,77,23.3,0.2,3.49,Peacock eel,Macrognathus siamensis,Macrognathus,100,invasive,1,C,0,21.4,35,NA,2021
2020-12-16T00:00:00Z,17,2020,12,16,RB,RB13,3,77,23.3,0.2,3.49,Peacock eel,Macrognathus siamensis,Macrognathus,100,invasive,1,C,0,18.9,30,NA,2021
2020-12-16T00:00:00Z,17,2020,12,16,RB,RB13,3,77,23.3,0.2,3.49,Peacock eel,Macrognathus siamensis,Macrognathus,100,invasive,1,C,0,17.2,25,NA,2021
2020-12-16T00:00:00Z,17,2020,12,16,RB,RB14,1,73.6,23.6,0.2,3.76,Peacock eel,Macrognathus siamensis,Macrognathus,100,invasive,1,C,0,20.5,29,NA,2021
2020-12-16T00:00:00Z,17,2020,12,16,RB,RB14,2,74.8,24.1,0.2,3.74,Peacock eel,Macrognathus siamensis,Macrognathus,100,invasive,0,ZERO,0,0,0,NA,2021
2020-12-16T00:00:00Z,17,2020,12,16,RB,RB14,3,94.6,24,0.2,4.47,Peacock eel,Macrognathus siamensis,Macrognathus,100,invasive,0,ZERO,0,0,0,NA,2021
2020-12-18T00:00:00Z,17,2020,12,18,RB,RB15,1,97.7,22.4,0.2,3.83,Peacock eel,Macrognathus siamensis,Macrognathus,100,invasive,0,ZERO,0,0,0,NA,2021
2020-12-18T00:00:00Z,17,2020,12,18,RB,RB15,2,96.9,22.5,0.2,4,Peacock eel,Macrognathus siamensis,Macrognathus,100,invasive,0,ZERO,0,0,0,NA,2021
2020-12-18T00:00:00Z,17,2020,12,18,RB,RB15,3,78.4,22.5,0.2,4.03,Peacock eel,Macrognathus siamensis,Macrognathus,100,invasive,0,ZERO,0,0,0,NA,2021
2020-12-17T00:00:00Z,17,2020,12,17,RB,RB16,3,100,22.2,0.2,3.7,Peacock eel,Macrognathus siamensis,Macrognathus,100,invasive,0,ZERO,0,0,0,NA,2021
2020-12-16T00:00:00Z,17,2020,12,16,RB,RB18,1,72.7,23.7,0.2,3.87,Peacock eel,Macrognathus siamensis,Macrognathus,100,invasive,1,C,0,25.8,69,NA,2021
2020-12-16T00:00:00Z,17,2020,12,16,RB,RB18,2,76.2,23.9,0.2,3.75,Peacock eel,Macrognathus siamensis,Macrognathus,100,invasive,1,C,0,20.8,29,NA,2021
2020-12-16T00:00:00Z,17,2020,12,16,RB,RB18,2,76.2,23.9,0.2,3.75,Peacock eel,Macrognathus siamensis,Macrognathus,100,invasive,1,C,0,23,56,NA,2021
2020-12-16T00:00:00Z,17,2020,12,16,RB,RB18,2,76.2,23.9,0.2,3.75,Peacock eel,Macrognathus siamensis,Macrognathus,100,invasive,1,C,0,24.5,63,NA,2021
2020-12-16T00:00:00Z,17,2020,12,16,RB,RB18,2,76.2,23.9,0.2,3.75,Peacock eel,Macrognathus siamensis,Macrognathus,100,invasive,1,C,0,21.2,47,NA,2021
2020-12-16T00:00:00Z,17,2020,12,16,RB,RB18,2,76.2,23.9,0.2,3.75,Peacock eel,Macrognathus siamensis,Macrognathus,100,invasive,1,C,0,20.4,31,NA,2021
2020-12-16T00:00:00Z,17,2020,12,16,RB,RB18,3,113,23.9,0.2,3.84,Peacock eel,Macrognathus siamensis,Macrognathus,100,invasive,1,S,0,20.39557522123894,37.67857142857143,NA,2021
2020-12-16T00:00:00Z,17,2020,12,16,RB,RB18,3,113,23.9,0.2,3.84,Peacock eel,Macrognathus siamensis,Macrognathus,100,invasive,1,C,0,23.4,53,NA,2021
2020-12-16T00:00:00Z,17,2020,12,16,RB,RB18,3,113,23.9,0.2,3.84,Peacock eel,Macrognathus siamensis,Macrognathus,100,invasive,1,C,0,18.5,28,NA,2021
2020-12-16T00:00:00Z,17,2020,12,16,RB,RB7,1,83.1,23.2,0.2,3.36,Peacock eel,Macrognathus siamensis,Macrognathus,100,invasive,0,ZERO,0,0,0,NA,2021
2020-12-16T00:00:00Z,17,2020,12,16,RB,RB7,2,103,23.3,0.2,3.36,Peacock eel,Macrognathus siamensis,Macrognathus,100,invasive,2,S,0,20.39557522123894,37.67857142857143,NA,2021
2020-12-16T00:00:00Z,17,2020,12,16,RB,RB7,3,88.6,23.5,0.2,3.29,Peacock eel,Macrognathus siamensis,Macrognathus,100,invasive,0,ZERO,0,0,0,NA,2021
2020-12-01T00:00:00Z,17,2020,12,1,RB,RB8,1,91,23.5,0.2,3.88,Peacock eel,Macrognathus siamensis,Macrognathus,100,invasive,6,S,0,20.39557522123894,37.67857142857143,NA,2021
2020-12-01T00:00:00Z,17,2020,12,1,RB,RB8,1,91,23.5,0.2,3.88,Peacock eel,Macrognathus siamensis,Macrognathus,100,invasive,1,C,0,20.7,24,NA,2021
2020-12-01T00:00:00Z,17,2020,12,1,RB,RB8,1,91,23.5,0.2,3.88,Peacock eel,Macrognathus siamensis,Macrognathus,100,invasive,1,C,0,24,62,NA,2021
2020-12-01T00:00:00Z,17,2020,12,1,RB,RB8,1,91,23.5,0.2,3.88,Peacock eel,Macrognathus siamensis,Macrognathus,100,invasive,1,C,0,21.2,40,NA,2021
2020-12-01T00:00:00Z,17,2020,12,1,RB,RB8,1,91,23.5,0.2,3.88,Peacock eel,Macrognathus siamensis,Macrognathus,100,invasive,1,C,0,21.3,43,NA,2021
2020-12-01T00:00:00Z,17,2020,12,1,RB,RB8,1,91,23.5,0.2,3.88,Peacock eel,Macrognathus siamensis,Macrognathus,100,invasive,1,C,0,21.1,42,NA,2021
2020-12-01T00:00:00Z,17,2020,12,1,RB,RB8,1,91,23.5,0.2,3.88,Peacock eel,Macrognathus siamensis,Macrognathus,100,invasive,1,C,0,21,43,NA,2021
2020-12-01T00:00:00Z,17,2020,12,1,RB,RB8,1,91,23.5,0.2,3.88,Peacock eel,Macrognathus siamensis,Macrognathus,100,invasive,1,C,0,21.7,38,NA,2021
2020-12-01T00:00:00Z,17,2020,12,1,RB,RB8,1,91,23.5,0.2,3.88,Peacock eel,Macrognathus siamensis,Macrognathus,100,invasive,1,C,0,18.4,22,NA,2021
2020-12-01T00:00:00Z,17,2020,12,1,RB,RB8,1,91,23.5,0.2,3.88,Peacock eel,Macrognathus siamensis,Macrognathus,100,invasive,1,C,0,19.3,36,NA,2021
2020-12-01T00:00:00Z,17,2020,12,1,RB,RB8,1,91,23.5,0.2,3.88,Peacock eel,Macrognathus siamensis,Macrognathus,100,invasive,1,C,0,18.1,28,NA,2021
2020-12-01T00:00:00Z,17,2020,12,1,RB,RB8,1,91,23.5,0.2,3.88,Peacock eel,Macrognathus siamensis,Macrognathus,100,invasive,1,C,0,16.5,18,NA,2021
2020-12-01T00:00:00Z,17,2020,12,1,RB,RB8,2,72.1,23.8,0.2,3.67,Peacock eel,Macrognathus siamensis,Macrognathus,100,invasive,1,S,0,20.39557522123894,37.67857142857143,NA,2021
2020-12-01T00:00:00Z,17,2020,12,1,RB,RB8,2,72.1,23.8,0.2,3.67,Peacock eel,Macrognathus siamensis,Macrognathus,100,invasive,1,C,0,20.1,27,NA,2021
2020-12-01T00:00:00Z,17,2020,12,1,RB,RB8,2,72.1,23.8,0.2,3.67,Peacock eel,Macrognathus siamensis,Macrognathus,100,invasive,1,C,0,25.5,76,NA,2021
2020-12-01T00:00:00Z,17,2020,12,1,RB,RB8,2,72.1,23.8,0.2,3.67,Peacock eel,Macrognathus siamensis,Macrognathus,100,invasive,1,C,0,19.3,30,NA,2021
2020-12-01T00:00:00Z,17,2020,12,1,RB,RB8,2,72.1,23.8,0.2,3.67,Peacock eel,Macrognathus siamensis,Macrognathus,100,invasive,1,C,0,23,54,NA,2021
2020-12-01T00:00:00Z,17,2020,12,1,RB,RB8,2,72.1,23.8,0.2,3.67,Peacock eel,Macrognathus siamensis,Macrognathus,100,invasive,1,C,0,19.5,29,NA,2021
2020-12-01T00:00:00Z,17,2020,12,1,RB,RB8,2,72.1,23.8,0.2,3.67,Peacock eel,Macrognathus siamensis,Macrognathus,100,invasive,1,C,0,19.7,27,NA,2021
2020-12-01T00:00:00Z,17,2020,12,1,RB,RB8,2,72.1,23.8,0.2,3.67,Peacock eel,Macrognathus siamensis,Macrognathus,100,invasive,1,C,0,21,40,NA,2021
2020-12-01T00:00:00Z,17,2020,12,1,RB,RB8,2,72.1,23.8,0.2,3.67,Peacock eel,Macrognathus siamensis,Macrognathus,100,invasive,1,C,0,21.5,44,NA,2021
2020-12-01T00:00:00Z,17,2020,12,1,RB,RB8,2,72.1,23.8,0.2,3.67,Peacock eel,Macrognathus siamensis,Macrognathus,100,invasive,1,C,0,20.5,37,NA,2021
2020-12-01T00:00:00Z,17,2020,12,1,RB,RB8,2,72.1,23.8,0.2,3.67,Peacock eel,Macrognathus siamensis,Macrognathus,100,invasive,1,C,0,19,28,NA,2021
2020-12-16T00:00:00Z,17,2020,12,16,RB,RB8,3,77.7,23.3,0.2,3.23,Peacock eel,Macrognathus siamensis,Macrognathus,100,invasive,3,S,0,20.39557522123894,37.67857142857143,NA,2021
2020-12-16T00:00:00Z,17,2020,12,16,RB,RB8,3,77.7,23.3,0.2,3.23,Peacock eel,Macrognathus siamensis,Macrognathus,100,invasive,1,C,0,21.5,51,NA,2021
2020-12-16T00:00:00Z,17,2020,12,16,RB,RB8,3,77.7,23.3,0.2,3.23,Peacock eel,Macrognathus siamensis,Macrognathus,100,invasive,1,C,0,24.1,72,NA,2021
2020-12-16T00:00:00Z,17,2020,12,16,RB,RB8,3,77.7,23.3,0.2,3.23,Peacock eel,Macrognathus siamensis,Macrognathus,100,invasive,1,C,0,23,48,NA,2021
2020-12-16T00:00:00Z,17,2020,12,16,RB,RB8,3,77.7,23.3,0.2,3.23,Peacock eel,Macrognathus siamensis,Macrognathus,100,invasive,1,C,0,22.3,51,NA,2021
2020-12-16T00:00:00Z,17,2020,12,16,RB,RB8,3,77.7,23.3,0.2,3.23,Peacock eel,Macrognathus siamensis,Macrognathus,100,invasive,1,C,0,22,42,NA,2021
2020-12-16T00:00:00Z,17,2020,12,16,RB,RB8,3,77.7,23.3,0.2,3.23,Peacock eel,Macrognathus siamensis,Macrognathus,100,invasive,1,C,0,24.5,61,NA,2021
2020-12-16T00:00:00Z,17,2020,12,16,RB,RB8,3,77.7,23.3,0.2,3.23,Peacock eel,Macrognathus siamensis,Macrognathus,100,invasive,1,C,0,18.5,29,NA,2021
2020-12-16T00:00:00Z,17,2020,12,16,RB,RB8,3,77.7,23.3,0.2,3.23,Peacock eel,Macrognathus siamensis,Macrognathus,100,invasive,1,C,0,20.6,47,NA,2021
2020-12-16T00:00:00Z,17,2020,12,16,RB,RB8,3,77.7,23.3,0.2,3.23,Peacock eel,Macrognathus siamensis,Macrognathus,100,invasive,1,C,0,15.9,17,NA,2021
2020-12-01T00:00:00Z,17,2020,12,1,RB,RB9,1,106,23.3,0.2,3.8,Peacock eel,Macrognathus siamensis,Macrognathus,100,invasive,1,S,0,20.39557522123894,37.67857142857143,NA,2021
2020-12-01T00:00:00Z,17,2020,12,1,RB,RB9,1,106,23.3,0.2,3.8,Peacock eel,Macrognathus siamensis,Macrognathus,100,invasive,1,C,0,26,66,NA,2021
2020-12-01T00:00:00Z,17,2020,12,1,RB,RB9,1,106,23.3,0.2,3.8,Peacock eel,Macrognathus siamensis,Macrognathus,100,invasive,1,C,0,18.8,17,NA,2021
2020-12-01T00:00:00Z,17,2020,12,1,RB,RB9,1,106,23.3,0.2,3.8,Peacock eel,Macrognathus siamensis,Macrognathus,100,invasive,1,C,0,26.5,71,NA,2021
2020-12-01T00:00:00Z,17,2020,12,1,RB,RB9,1,106,23.3,0.2,3.8,Peacock eel,Macrognathus siamensis,Macrognathus,100,invasive,1,C,0,19.2,23,NA,2021
2020-12-01T00:00:00Z,17,2020,12,1,RB,RB9,3,99.4,23.6,0.2,3.64,Peacock eel,Macrognathus siamensis,Macrognathus,100,invasive,1,S,0,20.39557522123894,37.67857142857143,NA,2021
2020-12-01T00:00:00Z,17,2020,12,1,RB,RB9,3,99.4,23.6,0.2,3.64,Peacock eel,Macrognathus siamensis,Macrognathus,100,invasive,1,C,0,25.5,92,NA,2021
2020-12-01T00:00:00Z,17,2020,12,1,RB,RB9,3,99.4,23.6,0.2,3.64,Peacock eel,Macrognathus siamensis,Macrognathus,100,invasive,1,C,0,22.5,48,NA,2021
2020-12-01T00:00:00Z,17,2020,12,1,RB,RB9,3,99.4,23.6,0.2,3.64,Peacock eel,Macrognathus siamensis,Macrognathus,100,invasive,1,C,0,21.5,51,NA,2021
2020-12-01T00:00:00Z,17,2020,12,1,RB,RB9,3,99.4,23.6,0.2,3.64,Peacock eel,Macrognathus siamensis,Macrognathus,100,invasive,1,C,0,24.9,72,NA,2021
2020-12-01T00:00:00Z,17,2020,12,1,RB,RB9,3,99.4,23.6,0.2,3.64,Peacock eel,Macrognathus siamensis,Macrognathus,100,invasive,1,C,0,24,59,NA,2021
2021-01-23T00:00:00Z,17,2021,1,23,RB,RB10,1,87.8,20.4,0.2,4.86,Peacock eel,Macrognathus siamensis,Macrognathus,100,invasive,5,S,0,21.07926829268293,37.731707317073166,NA,2021
2021-01-23T00:00:00Z,17,2021,1,23,RB,RB10,1,87.8,20.4,0.2,4.86,Peacock eel,Macrognathus siamensis,Macrognathus,100,invasive,1,C,0,22.8,43,NA,2021
2021-01-23T00:00:00Z,17,2021,1,23,RB,RB10,1,87.8,20.4,0.2,4.86,Peacock eel,Macrognathus siamensis,Macrognathus,100,invasive,1,C,0,25.5,71,NA,2021
2021-01-23T00:00:00Z,17,2021,1,23,RB,RB10,1,87.8,20.4,0.2,4.86,Peacock eel,Macrognathus siamensis,Macrognathus,100,invasive,1,C,0,21,30,NA,2021
2021-01-23T00:00:00Z,17,2021,1,23,RB,RB10,1,87.8,20.4,0.2,4.86,Peacock eel,Macrognathus siamensis,Macrognathus,100,invasive,1,C,0,23.2,45,NA,2021
2021-01-23T00:00:00Z,17,2021,1,23,RB,RB10,1,87.8,20.4,0.2,4.86,Peacock eel,Macrognathus siamensis,Macrognathus,100,invasive,1,C,0,21.4,38,NA,2021
2021-01-23T00:00:00Z,17,2021,1,23,RB,RB10,1,87.8,20.4,0.2,4.86,Peacock eel,Macrognathus siamensis,Macrognathus,100,invasive,1,C,0,25.3,66,NA,2021
2021-01-23T00:00:00Z,17,2021,1,23,RB,RB10,1,87.8,20.4,0.2,4.86,Peacock eel,Macrognathus siamensis,Macrognathus,100,invasive,1,C,0,21.4,28,NA,2021
2021-01-23T00:00:00Z,17,2021,1,23,RB,RB10,1,87.8,20.4,0.2,4.86,Peacock eel,Macrognathus siamensis,Macrognathus,100,invasive,1,C,0,22.5,48,NA,2021
2021-01-23T00:00:00Z,17,2021,1,23,RB,RB10,1,87.8,20.4,0.2,4.86,Peacock eel,Macrognathus siamensis,Macrognathus,100,invasive,1,C,0,17.9,23,NA,2021
2021-01-23T00:00:00Z,17,2021,1,23,RB,RB10,2,85.7,20.7,0.2,4.95,Peacock eel,Macrognathus siamensis,Macrognathus,100,invasive,3,S,0,21.07926829268293,37.731707317073166,NA,2021
2021-01-23T00:00:00Z,17,2021,1,23,RB,RB10,2,85.7,20.7,0.2,4.95,Peacock eel,Macrognathus siamensis,Macrognathus,100,invasive,1,C,0,24.4,49,NA,2021
2021-01-23T00:00:00Z,17,2021,1,23,RB,RB10,2,85.7,20.7,0.2,4.95,Peacock eel,Macrognathus siamensis,Macrognathus,100,invasive,1,C,0,22.8,45,NA,2021
2021-01-23T00:00:00Z,17,2021,1,23,RB,RB10,2,85.7,20.7,0.2,4.95,Peacock eel,Macrognathus siamensis,Macrognathus,100,invasive,1,C,0,15,11,NA,2021
2021-01-23T00:00:00Z,17,2021,1,23,RB,RB10,2,85.7,20.7,0.2,4.95,Peacock eel,Macrognathus siamensis,Macrognathus,100,invasive,1,C,0,21.1,33,NA,2021
2021-01-23T00:00:00Z,17,2021,1,23,RB,RB10,2,85.7,20.7,0.2,4.95,Peacock eel,Macrognathus siamensis,Macrognathus,100,invasive,1,C,0,18.9,29,NA,2021
2021-01-23T00:00:00Z,17,2021,1,23,RB,RB10,2,85.7,20.7,0.2,4.95,Peacock eel,Macrognathus siamensis,Macrognathus,100,invasive,1,C,0,20.1,23,NA,2021
2021-01-23T00:00:00Z,17,2021,1,23,RB,RB10,2,85.7,20.7,0.2,4.95,Peacock eel,Macrognathus siamensis,Macrognathus,100,invasive,1,C,0,22.4,48,NA,2021
2021-01-23T00:00:00Z,17,2021,1,23,RB,RB10,2,85.7,20.7,0.2,4.95,Peacock eel,Macrognathus siamensis,Macrognathus,100,invasive,1,C,0,17.8,20,NA,2021
2021-01-23T00:00:00Z,17,2021,1,23,RB,RB10,2,85.7,20.7,0.2,4.95,Peacock eel,Macrognathus siamensis,Macrognathus,100,invasive,1,C,0,16.1,10,NA,2021
2021-01-23T00:00:00Z,17,2021,1,23,RB,RB10,3,120,21,0.2,5.4,Peacock eel,Macrognathus siamensis,Macrognathus,100,invasive,4,S,0,21.07926829268293,37.731707317073166,NA,2021
2021-01-23T00:00:00Z,17,2021,1,23,RB,RB10,3,120,21,0.2,5.4,Peacock eel,Macrognathus siamensis,Macrognathus,100,invasive,1,C,0,17.6,15,NA,2021
2021-01-23T00:00:00Z,17,2021,1,23,RB,RB10,3,120,21,0.2,5.4,Peacock eel,Macrognathus siamensis,Macrognathus,100,invasive,1,C,0,18.5,25,NA,2021
2021-01-24T00:00:00Z,17,2021,1,24,RB,RB11,1,92.7,21,0.2,4.51,Peacock eel,Macrognathus siamensis,Macrognathus,100,invasive,1,C,0,23.3,54,NA,2021
2021-01-24T00:00:00Z,17,2021,1,24,RB,RB11,2,90.9,20.8,0.2,4.72,Peacock eel,Macrognathus siamensis,Macrognathus,100,invasive,4,S,0,21.07926829268293,37.731707317073166,NA,2021
2021-01-24T00:00:00Z,17,2021,1,24,RB,RB11,2,90.9,20.8,0.2,4.72,Peacock eel,Macrognathus siamensis,Macrognathus,100,invasive,1,C,0,18,13,NA,2021
2021-01-24T00:00:00Z,17,2021,1,24,RB,RB11,2,90.9,20.8,0.2,4.72,Peacock eel,Macrognathus siamensis,Macrognathus,100,invasive,1,C,0,21.2,34,NA,2021
2021-01-24T00:00:00Z,17,2021,1,24,RB,RB11,2,90.9,20.8,0.2,4.72,Peacock eel,Macrognathus siamensis,Macrognathus,100,invasive,1,C,0,24.5,60,NA,2021
2021-01-24T00:00:00Z,17,2021,1,24,RB,RB11,2,90.9,20.8,0.2,4.72,Peacock eel,Macrognathus siamensis,Macrognathus,100,invasive,1,C,0,19.7,30,NA,2021
2021-01-24T00:00:00Z,17,2021,1,24,RB,RB11,2,90.9,20.8,0.2,4.72,Peacock eel,Macrognathus siamensis,Macrognathus,100,invasive,1,C,0,22.5,46,NA,2021
2021-01-24T00:00:00Z,17,2021,1,24,RB,RB11,2,90.9,20.8,0.2,4.72,Peacock eel,Macrognathus siamensis,Macrognathus,100,invasive,1,C,0,22.6,40,NA,2021
2021-01-24T00:00:00Z,17,2021,1,24,RB,RB11,2,90.9,20.8,0.2,4.72,Peacock eel,Macrognathus siamensis,Macrognathus,100,invasive,1,C,0,17.5,13,NA,2021
2021-01-24T00:00:00Z,17,2021,1,24,RB,RB11,2,90.9,20.8,0.2,4.72,Peacock eel,Macrognathus siamensis,Macrognathus,100,invasive,1,C,0,18.4,17,NA,2021
2021-01-24T00:00:00Z,17,2021,1,24,RB,RB11,2,90.9,20.8,0.2,4.72,Peacock eel,Macrognathus siamensis,Macrognathus,100,invasive,1,C,0,19.8,24,NA,2021
2021-01-24T00:00:00Z,17,2021,1,24,RB,RB11,3,81.1,21.3,0.2,5.04,Peacock eel,Macrognathus siamensis,Macrognathus,100,invasive,8,S,0,21.07926829268293,37.731707317073166,NA,2021
2021-01-24T00:00:00Z,17,2021,1,24,RB,RB11,3,81.1,21.3,0.2,5.04,Peacock eel,Macrognathus siamensis,Macrognathus,100,invasive,1,C,0,20.9,38,NA,2021
2021-01-24T00:00:00Z,17,2021,1,24,RB,RB11,3,81.1,21.3,0.2,5.04,Peacock eel,Macrognathus siamensis,Macrognathus,100,invasive,1,C,0,24.5,57,NA,2021
2021-01-24T00:00:00Z,17,2021,1,24,RB,RB11,3,81.1,21.3,0.2,5.04,Peacock eel,Macrognathus siamensis,Macrognathus,100,invasive,1,C,0,25,64,NA,2021
2021-01-24T00:00:00Z,17,2021,1,24,RB,RB11,3,81.1,21.3,0.2,5.04,Peacock eel,Macrognathus siamensis,Macrognathus,100,invasive,1,C,0,21.5,41,NA,2021
2021-01-24T00:00:00Z,17,2021,1,24,RB,RB11,3,81.1,21.3,0.2,5.04,Peacock eel,Macrognathus siamensis,Macrognathus,100,invasive,1,C,0,18.3,22,NA,2021
2021-01-24T00:00:00Z,17,2021,1,24,RB,RB11,3,81.1,21.3,0.2,5.04,Peacock eel,Macrognathus siamensis,Macrognathus,100,invasive,1,C,0,17.1,13,NA,2021
2021-01-24T00:00:00Z,17,2021,1,24,RB,RB11,3,81.1,21.3,0.2,5.04,Peacock eel,Macrognathus siamensis,Macrognathus,100,invasive,1,C,0,20.2,41,NA,2021
2021-01-24T00:00:00Z,17,2021,1,24,RB,RB11,3,81.1,21.3,0.2,5.04,Peacock eel,Macrognathus siamensis,Macrognathus,100,invasive,1,C,0,17.1,23,NA,2021
2021-01-24T00:00:00Z,17,2021,1,24,RB,RB11,3,81.1,21.3,0.2,5.04,Peacock eel,Macrognathus siamensis,Macrognathus,100,invasive,1,C,0,17.3,20,NA,2021
2021-01-24T00:00:00Z,17,2021,1,24,RB,RB11,3,81.1,21.3,0.2,5.04,Peacock eel,Macrognathus siamensis,Macrognathus,100,invasive,1,C,0,23.2,56,NA,2021
2021-01-23T00:00:00Z,17,2021,1,23,RB,RB13,1,65.9,20.7,0.3,4.89,Peacock eel,Macrognathus siamensis,Macrognathus,100,invasive,0,ZERO,0,0,0,NA,2021
2021-01-23T00:00:00Z,17,2021,1,23,RB,RB13,2,42.3,20.9,0.3,5.12,Peacock eel,Macrognathus siamensis,Macrognathus,100,invasive,1,S,0,21.07926829268293,37.731707317073166,NA,2021
2021-01-23T00:00:00Z,17,2021,1,23,RB,RB13,2,42.3,20.9,0.3,5.12,Peacock eel,Macrognathus siamensis,Macrognathus,100,invasive,1,C,0,19.2,24,NA,2021
2021-01-23T00:00:00Z,17,2021,1,23,RB,RB13,2,42.3,20.9,0.3,5.12,Peacock eel,Macrognathus siamensis,Macrognathus,100,invasive,1,C,0,18.1,29,NA,2021
2021-01-23T00:00:00Z,17,2021,1,23,RB,RB13,3,87.4,21.1,0.3,5.3,Peacock eel,Macrognathus siamensis,Macrognathus,100,invasive,2,S,0,21.07926829268293,37.731707317073166,NA,2021
2021-01-23T00:00:00Z,17,2021,1,23,RB,RB13,3,87.4,21.1,0.3,5.3,Peacock eel,Macrognathus siamensis,Macrognathus,100,invasive,1,C,0,21.5,36,NA,2021
2021-01-23T00:00:00Z,17,2021,1,23,RB,RB13,3,87.4,21.1,0.3,5.3,Peacock eel,Macrognathus siamensis,Macrognathus,100,invasive,1,C,0,22.5,49,NA,2021
2021-01-23T00:00:00Z,17,2021,1,23,RB,RB13,3,87.4,21.1,0.3,5.3,Peacock eel,Macrognathus siamensis,Macrognathus,100,invasive,1,C,0,23.3,50,NA,2021
2021-01-23T00:00:00Z,17,2021,1,23,RB,RB13,3,87.4,21.1,0.3,5.3,Peacock eel,Macrognathus siamensis,Macrognathus,100,invasive,1,C,0,23.6,50,NA,2021
2021-01-23T00:00:00Z,17,2021,1,23,RB,RB13,3,87.4,21.1,0.3,5.3,Peacock eel,Macrognathus siamensis,Macrognathus,100,invasive,1,C,0,23.1,49,NA,2021
2021-01-23T00:00:00Z,17,2021,1,23,RB,RB13,3,87.4,21.1,0.3,5.3,Peacock eel,Macrognathus siamensis,Macrognathus,100,invasive,1,C,0,21.2,30,NA,2021
2021-01-23T00:00:00Z,17,2021,1,23,RB,RB13,3,87.4,21.1,0.3,5.3,Peacock eel,Macrognathus siamensis,Macrognathus,100,invasive,1,C,0,19.5,25,NA,2021
2021-01-23T00:00:00Z,17,2021,1,23,RB,RB13,3,87.4,21.1,0.3,5.3,Peacock eel,Macrognathus siamensis,Macrognathus,100,invasive,1,C,0,22.5,43,NA,2021
2021-01-23T00:00:00Z,17,2021,1,23,RB,RB13,3,87.4,21.1,0.3,5.3,Peacock eel,Macrognathus siamensis,Macrognathus,100,invasive,1,C,0,22.3,30,NA,2021
2021-01-23T00:00:00Z,17,2021,1,23,RB,RB13,3,87.4,21.1,0.3,5.3,Peacock eel,Macrognathus siamensis,Macrognathus,100,invasive,1,C,0,19,18,NA,2021
2021-01-24T00:00:00Z,17,2021,1,24,RB,RB8,1,72.4,19.8,0.3,4.05,Peacock eel,Macrognathus siamensis,Macrognathus,100,invasive,4,S,0,21.07926829268293,37.731707317073166,NA,2021
2021-01-24T00:00:00Z,17,2021,1,24,RB,RB8,1,72.4,19.8,0.3,4.05,Peacock eel,Macrognathus siamensis,Macrognathus,100,invasive,1,C,0,23,60,NA,2021
2021-01-24T00:00:00Z,17,2021,1,24,RB,RB8,1,72.4,19.8,0.3,4.05,Peacock eel,Macrognathus siamensis,Macrognathus,100,invasive,1,C,0,22.5,40,NA,2021
2021-01-24T00:00:00Z,17,2021,1,24,RB,RB8,1,72.4,19.8,0.3,4.05,Peacock eel,Macrognathus siamensis,Macrognathus,100,invasive,1,C,0,21.5,34,NA,2021
2021-01-24T00:00:00Z,17,2021,1,24,RB,RB8,1,72.4,19.8,0.3,4.05,Peacock eel,Macrognathus siamensis,Macrognathus,100,invasive,1,C,0,22.6,50,NA,2021
2021-01-24T00:00:00Z,17,2021,1,24,RB,RB8,1,72.4,19.8,0.3,4.05,Peacock eel,Macrognathus siamensis,Macrognathus,100,invasive,1,C,0,17.5,19,NA,2021
2021-01-24T00:00:00Z,17,2021,1,24,RB,RB8,1,72.4,19.8,0.3,4.05,Peacock eel,Macrognathus siamensis,Macrognathus,100,invasive,1,C,0,19.4,34,NA,2021
2021-01-24T00:00:00Z,17,2021,1,24,RB,RB8,1,72.4,19.8,0.3,4.05,Peacock eel,Macrognathus siamensis,Macrognathus,100,invasive,1,C,0,23.5,47,NA,2021
2021-01-24T00:00:00Z,17,2021,1,24,RB,RB8,1,72.4,19.8,0.3,4.05,Peacock eel,Macrognathus siamensis,Macrognathus,100,invasive,1,C,0,23,48,NA,2021
2021-01-24T00:00:00Z,17,2021,1,24,RB,RB8,2,63.4,20.2,0.2,4.41,Peacock eel,Macrognathus siamensis,Macrognathus,100,invasive,4,S,0,21.07926829268293,37.731707317073166,NA,2021
2021-01-24T00:00:00Z,17,2021,1,24,RB,RB8,2,63.4,20.2,0.2,4.41,Peacock eel,Macrognathus siamensis,Macrognathus,100,invasive,1,C,0,21.6,40,NA,2021
2021-01-24T00:00:00Z,17,2021,1,24,RB,RB8,2,63.4,20.2,0.2,4.41,Peacock eel,Macrognathus siamensis,Macrognathus,100,invasive,1,C,0,22.6,46,NA,2021
2021-01-24T00:00:00Z,17,2021,1,24,RB,RB8,2,63.4,20.2,0.2,4.41,Peacock eel,Macrognathus siamensis,Macrognathus,100,invasive,1,C,0,23.1,56,NA,2021
2021-01-24T00:00:00Z,17,2021,1,24,RB,RB8,2,63.4,20.2,0.2,4.41,Peacock eel,Macrognathus siamensis,Macrognathus,100,invasive,1,C,0,23.5,53,NA,2021
2021-01-24T00:00:00Z,17,2021,1,24,RB,RB8,2,63.4,20.2,0.2,4.41,Peacock eel,Macrognathus siamensis,Macrognathus,100,invasive,1,C,0,20.6,38,NA,2021
2021-01-24T00:00:00Z,17,2021,1,24,RB,RB8,2,63.4,20.2,0.2,4.41,Peacock eel,Macrognathus siamensis,Macrognathus,100,invasive,1,C,0,17.2,22,NA,2021
2021-01-24T00:00:00Z,17,2021,1,24,RB,RB8,3,92.9,20.5,0.3,4.32,Peacock eel,Macrognathus siamensis,Macrognathus,100,invasive,13,S,0,21.07926829268293,37.731707317073166,NA,2021
2021-01-24T00:00:00Z,17,2021,1,24,RB,RB8,3,92.9,20.5,0.3,4.32,Peacock eel,Macrognathus siamensis,Macrognathus,100,invasive,1,C,0,19,24,NA,2021
2021-01-24T00:00:00Z,17,2021,1,24,RB,RB8,3,92.9,20.5,0.3,4.32,Peacock eel,Macrognathus siamensis,Macrognathus,100,invasive,1,C,0,19,35,NA,2021
2021-01-24T00:00:00Z,17,2021,1,24,RB,RB8,3,92.9,20.5,0.3,4.32,Peacock eel,Macrognathus siamensis,Macrognathus,100,invasive,1,C,0,20.9,42,NA,2021
2021-01-24T00:00:00Z,17,2021,1,24,RB,RB8,3,92.9,20.5,0.3,4.32,Peacock eel,Macrognathus siamensis,Macrognathus,100,invasive,1,C,0,19.3,35,NA,2021
2021-01-24T00:00:00Z,17,2021,1,24,RB,RB8,3,92.9,20.5,0.3,4.32,Peacock eel,Macrognathus siamensis,Macrognathus,100,invasive,1,C,0,20.5,46,NA,2021
2021-01-23T00:00:00Z,17,2021,1,23,RB,RB9,1,112,21,0.2,4.71,Peacock eel,Macrognathus siamensis,Macrognathus,100,invasive,2,S,0,21.07926829268293,37.731707317073166,NA,2021
2021-01-23T00:00:00Z,17,2021,1,23,RB,RB9,1,112,21,0.2,4.71,Peacock eel,Macrognathus siamensis,Macrognathus,100,invasive,1,C,0,23.5,59,NA,2021
2021-01-23T00:00:00Z,17,2021,1,23,RB,RB9,1,112,21,0.2,4.71,Peacock eel,Macrognathus siamensis,Macrognathus,100,invasive,1,C,0,21.9,47,NA,2021
2021-01-23T00:00:00Z,17,2021,1,23,RB,RB9,1,112,21,0.2,4.71,Peacock eel,Macrognathus siamensis,Macrognathus,100,invasive,1,C,0,22.5,43,NA,2021
2021-01-23T00:00:00Z,17,2021,1,23,RB,RB9,2,77.2,21.2,0.2,4.56,Peacock eel,Macrognathus siamensis,Macrognathus,100,invasive,3,S,0,21.07926829268293,37.731707317073166,NA,2021
2021-01-23T00:00:00Z,17,2021,1,23,RB,RB9,2,77.2,21.2,0.2,4.56,Peacock eel,Macrognathus siamensis,Macrognathus,100,invasive,1,C,0,25.1,70,NA,2021
2021-01-23T00:00:00Z,17,2021,1,23,RB,RB9,3,78.4,21.4,0.2,4.85,Peacock eel,Macrognathus siamensis,Macrognathus,100,invasive,2,S,0,21.07926829268293,37.731707317073166,NA,2021
2021-01-23T00:00:00Z,17,2021,1,23,RB,RB9,3,78.4,21.4,0.2,4.85,Peacock eel,Macrognathus siamensis,Macrognathus,100,invasive,1,C,0,22.3,48,NA,2021
2021-01-23T00:00:00Z,17,2021,1,23,RB,RB9,3,78.4,21.4,0.2,4.85,Peacock eel,Macrognathus siamensis,Macrognathus,100,invasive,1,C,0,24.5,62,NA,2021
2021-01-23T00:00:00Z,17,2021,1,23,RB,RB9,3,78.4,21.4,0.2,4.85,Peacock eel,Macrognathus siamensis,Macrognathus,100,invasive,1,C,0,22,33,NA,2021
2021-01-23T00:00:00Z,17,2021,1,23,RB,RB9,3,78.4,21.4,0.2,4.85,Peacock eel,Macrognathus siamensis,Macrognathus,100,invasive,1,C,0,21.6,40,NA,2021
2021-01-23T00:00:00Z,17,2021,1,23,RB,RB9,3,78.4,21.4,0.2,4.85,Peacock eel,Macrognathus siamensis,Macrognathus,100,invasive,1,C,0,20,27,NA,2021
2021-01-23T00:00:00Z,17,2021,1,23,RB,RB9,3,78.4,21.4,0.2,4.85,Peacock eel,Macrognathus siamensis,Macrognathus,100,invasive,1,C,0,20.9,30,NA,2021
2021-01-23T00:00:00Z,17,2021,1,23,RB,RB9,3,78.4,21.4,0.2,4.85,Peacock eel,Macrognathus siamensis,Macrognathus,100,invasive,1,C,0,19.8,27,NA,2021
2021-02-19T00:00:00Z,17,2021,2,19,RB,RB10,1,66.7,25.7,0.3,2.85,Peacock eel,Macrognathus siamensis,Macrognathus,100,invasive,4,S,0,22.05785123966942,43.77235772357724,NA,2021
2021-02-19T00:00:00Z,17,2021,2,19,RB,RB10,1,66.7,25.7,0.3,2.85,Peacock eel,Macrognathus siamensis,Macrognathus,100,invasive,1,C,0,21.5,39,NA,2021
2021-02-19T00:00:00Z,17,2021,2,19,RB,RB10,1,66.7,25.7,0.3,2.85,Peacock eel,Macrognathus siamensis,Macrognathus,100,invasive,1,C,0,23.9,59,NA,2021
2021-02-19T00:00:00Z,17,2021,2,19,RB,RB10,1,66.7,25.7,0.3,2.85,Peacock eel,Macrognathus siamensis,Macrognathus,100,invasive,1,C,0,18.5,26,NA,2021
2021-02-19T00:00:00Z,17,2021,2,19,RB,RB10,1,66.7,25.7,0.3,2.85,Peacock eel,Macrognathus siamensis,Macrognathus,100,invasive,1,C,0,20.9,41,NA,2021
2021-02-19T00:00:00Z,17,2021,2,19,RB,RB10,2,98.5,25.8,0.3,3.02,Peacock eel,Macrognathus siamensis,Macrognathus,100,invasive,6,S,0,22.05785123966942,43.77235772357724,NA,2021
2021-02-19T00:00:00Z,17,2021,2,19,RB,RB10,2,98.5,25.8,0.3,3.02,Peacock eel,Macrognathus siamensis,Macrognathus,100,invasive,1,C,0,19.2,26,NA,2021
2021-02-19T00:00:00Z,17,2021,2,19,RB,RB10,2,98.5,25.8,0.3,3.02,Peacock eel,Macrognathus siamensis,Macrognathus,100,invasive,1,C,0,24.4,56,NA,2021
2021-02-19T00:00:00Z,17,2021,2,19,RB,RB10,2,98.5,25.8,0.3,3.02,Peacock eel,Macrognathus siamensis,Macrognathus,100,invasive,1,C,0,19.1,26,NA,2021
2021-02-19T00:00:00Z,17,2021,2,19,RB,RB10,2,98.5,25.8,0.3,3.02,Peacock eel,Macrognathus siamensis,Macrognathus,100,invasive,1,C,0,23.6,57,NA,2021
2021-02-19T00:00:00Z,17,2021,2,19,RB,RB10,2,98.5,25.8,0.3,3.02,Peacock eel,Macrognathus siamensis,Macrognathus,100,invasive,1,C,0,20.8,30,NA,2021
2021-02-19T00:00:00Z,17,2021,2,19,RB,RB10,2,98.5,25.8,0.3,3.02,Peacock eel,Macrognathus siamensis,Macrognathus,100,invasive,1,C,0,20.4,26,NA,2021
2021-02-19T00:00:00Z,17,2021,2,19,RB,RB10,2,98.5,25.8,0.3,3.02,Peacock eel,Macrognathus siamensis,Macrognathus,100,invasive,1,C,0,17.5,20,NA,2021
2021-02-19T00:00:00Z,17,2021,2,19,RB,RB10,2,98.5,25.8,0.3,3.02,Peacock eel,Macrognathus siamensis,Macrognathus,100,invasive,1,C,0,17.5,18,NA,2021
2021-02-19T00:00:00Z,17,2021,2,19,RB,RB10,3,104,25.9,0.3,3.21,Peacock eel,Macrognathus siamensis,Macrognathus,100,invasive,1,C,0,23.9,49,NA,2021
2021-02-19T00:00:00Z,17,2021,2,19,RB,RB10,3,104,25.9,0.3,3.21,Peacock eel,Macrognathus siamensis,Macrognathus,100,invasive,1,C,0,21,40,NA,2021
2021-02-19T00:00:00Z,17,2021,2,19,RB,RB10,3,104,25.9,0.3,3.21,Peacock eel,Macrognathus siamensis,Macrognathus,100,invasive,1,C,0,17.6,19,NA,2021
2021-02-19T00:00:00Z,17,2021,2,19,RB,RB11,1,87.6,26.6,0.3,3.12,Peacock eel,Macrognathus siamensis,Macrognathus,100,invasive,15,S,0,22.05785123966942,43.77235772357724,NA,2021
2021-02-19T00:00:00Z,17,2021,2,19,RB,RB11,1,87.6,26.6,0.3,3.12,Peacock eel,Macrognathus siamensis,Macrognathus,100,invasive,1,C,0,22.1,37,NA,2021
2021-02-19T00:00:00Z,17,2021,2,19,RB,RB11,1,87.6,26.6,0.3,3.12,Peacock eel,Macrognathus siamensis,Macrognathus,100,invasive,1,C,0,24,52,NA,2021
2021-02-19T00:00:00Z,17,2021,2,19,RB,RB11,1,87.6,26.6,0.3,3.12,Peacock eel,Macrognathus siamensis,Macrognathus,100,invasive,1,C,0,20.2,20,NA,2021
2021-02-19T00:00:00Z,17,2021,2,19,RB,RB11,1,87.6,26.6,0.3,3.12,Peacock eel,Macrognathus siamensis,Macrognathus,100,invasive,1,C,0,19.2,22,NA,2021
2021-02-19T00:00:00Z,17,2021,2,19,RB,RB11,1,87.6,26.6,0.3,3.12,Peacock eel,Macrognathus siamensis,Macrognathus,100,invasive,1,C,0,23.6,49,NA,2021
2021-02-19T00:00:00Z,17,2021,2,19,RB,RB11,1,87.6,26.6,0.3,3.12,Peacock eel,Macrognathus siamensis,Macrognathus,100,invasive,1,C,0,23.5,38,NA,2021
2021-02-19T00:00:00Z,17,2021,2,19,RB,RB11,1,87.6,26.6,0.3,3.12,Peacock eel,Macrognathus siamensis,Macrognathus,100,invasive,1,C,0,23.2,46,NA,2021
2021-02-19T00:00:00Z,17,2021,2,19,RB,RB11,1,87.6,26.6,0.3,3.12,Peacock eel,Macrognathus siamensis,Macrognathus,100,invasive,1,C,0,22.8,41,NA,2021
2021-02-19T00:00:00Z,17,2021,2,19,RB,RB11,1,87.6,26.6,0.3,3.12,Peacock eel,Macrognathus siamensis,Macrognathus,100,invasive,1,C,0,19.7,27,NA,2021
2021-02-19T00:00:00Z,17,2021,2,19,RB,RB11,1,87.6,26.6,0.3,3.12,Peacock eel,Macrognathus siamensis,Macrognathus,100,invasive,1,C,0,22.4,36,NA,2021
2021-02-19T00:00:00Z,17,2021,2,19,RB,RB11,1,87.6,26.6,0.3,3.12,Peacock eel,Macrognathus siamensis,Macrognathus,100,invasive,1,C,0,16.6,14,NA,2021
2021-02-19T00:00:00Z,17,2021,2,19,RB,RB11,1,87.6,26.6,0.3,3.12,Peacock eel,Macrognathus siamensis,Macrognathus,100,invasive,1,C,0,18.7,21,NA,2021
2021-02-19T00:00:00Z,17,2021,2,19,RB,RB11,1,87.6,26.6,0.3,3.12,Peacock eel,Macrognathus siamensis,Macrognathus,100,invasive,1,C,0,22,43,NA,2021
2021-02-19T00:00:00Z,17,2021,2,19,RB,RB11,1,87.6,26.6,0.3,3.12,Peacock eel,Macrognathus siamensis,Macrognathus,100,invasive,1,C,0,18.9,25,NA,2021
2021-02-19T00:00:00Z,17,2021,2,19,RB,RB11,1,87.6,26.6,0.3,3.12,Peacock eel,Macrognathus siamensis,Macrognathus,100,invasive,1,C,0,20,29,NA,2021
2021-02-19T00:00:00Z,17,2021,2,19,RB,RB11,1,87.6,26.6,0.3,3.12,Peacock eel,Macrognathus siamensis,Macrognathus,100,invasive,1,C,0,17.7,18,NA,2021
2021-02-19T00:00:00Z,17,2021,2,19,RB,RB11,2,74.2,26.8,0.3,3.98,Peacock eel,Macrognathus siamensis,Macrognathus,100,invasive,3,S,0,22.05785123966942,43.77235772357724,NA,2021
2021-02-19T00:00:00Z,17,2021,2,19,RB,RB11,2,74.2,26.8,0.3,3.98,Peacock eel,Macrognathus siamensis,Macrognathus,100,invasive,1,C,0,21.4,42,NA,2021
2021-02-19T00:00:00Z,17,2021,2,19,RB,RB11,2,74.2,26.8,0.3,3.98,Peacock eel,Macrognathus siamensis,Macrognathus,100,invasive,1,C,0,19,31,NA,2021
2021-02-19T00:00:00Z,17,2021,2,19,RB,RB11,3,78.8,27.2,0.3,4.58,Peacock eel,Macrognathus siamensis,Macrognathus,100,invasive,1,S,0,22.05785123966942,43.77235772357724,NA,2021
2021-02-19T00:00:00Z,17,2021,2,19,RB,RB11,3,78.8,27.2,0.3,4.58,Peacock eel,Macrognathus siamensis,Macrognathus,100,invasive,1,C,0,27.1,80,NA,2021
2021-02-19T00:00:00Z,17,2021,2,19,RB,RB11,3,78.8,27.2,0.3,4.58,Peacock eel,Macrognathus siamensis,Macrognathus,100,invasive,1,C,0,22.8,42,NA,2021
2021-02-19T00:00:00Z,17,2021,2,19,RB,RB11,3,78.8,27.2,0.3,4.58,Peacock eel,Macrognathus siamensis,Macrognathus,100,invasive,1,C,0,22.5,44,NA,2021
2021-02-19T00:00:00Z,17,2021,2,19,RB,RB11,3,78.8,27.2,0.3,4.58,Peacock eel,Macrognathus siamensis,Macrognathus,100,invasive,1,C,0,22.6,46,NA,2021
2021-02-19T00:00:00Z,17,2021,2,19,RB,RB11,3,78.8,27.2,0.3,4.58,Peacock eel,Macrognathus siamensis,Macrognathus,100,invasive,1,C,0,18,30,NA,2021
2021-02-19T00:00:00Z,17,2021,2,19,RB,RB11,3,78.8,27.2,0.3,4.58,Peacock eel,Macrognathus siamensis,Macrognathus,100,invasive,1,C,0,19.1,24,NA,2021
2021-02-21T00:00:00Z,17,2021,2,21,RB,RB12,1,80.4,20.1,0.6,3.81,Peacock eel,Macrognathus siamensis,Macrognathus,100,invasive,6,S,0,22.05785123966942,43.77235772357724,NA,2021
2021-02-21T00:00:00Z,17,2021,2,21,RB,RB12,1,80.4,20.1,0.6,3.81,Peacock eel,Macrognathus siamensis,Macrognathus,100,invasive,1,C,0,28.1,89,NA,2021
2021-02-21T00:00:00Z,17,2021,2,21,RB,RB12,1,80.4,20.1,0.6,3.81,Peacock eel,Macrognathus siamensis,Macrognathus,100,invasive,1,C,0,24.5,65,NA,2021
2021-02-21T00:00:00Z,17,2021,2,21,RB,RB12,1,80.4,20.1,0.6,3.81,Peacock eel,Macrognathus siamensis,Macrognathus,100,invasive,1,C,0,23.5,52,NA,2021
2021-02-21T00:00:00Z,17,2021,2,21,RB,RB12,1,80.4,20.1,0.6,3.81,Peacock eel,Macrognathus siamensis,Macrognathus,100,invasive,1,C,0,25.1,63,NA,2021
2021-02-21T00:00:00Z,17,2021,2,21,RB,RB12,1,80.4,20.1,0.6,3.81,Peacock eel,Macrognathus siamensis,Macrognathus,100,invasive,1,C,0,23.5,57,NA,2021
2021-02-21T00:00:00Z,17,2021,2,21,RB,RB12,1,80.4,20.1,0.6,3.81,Peacock eel,Macrognathus siamensis,Macrognathus,100,invasive,1,C,0,22,44,NA,2021
2021-02-21T00:00:00Z,17,2021,2,21,RB,RB12,1,80.4,20.1,0.6,3.81,Peacock eel,Macrognathus siamensis,Macrognathus,100,invasive,1,C,0,27.2,86,NA,2021
2021-02-21T00:00:00Z,17,2021,2,21,RB,RB12,1,80.4,20.1,0.6,3.81,Peacock eel,Macrognathus siamensis,Macrognathus,100,invasive,1,C,0,22.3,40,NA,2021
2021-02-21T00:00:00Z,17,2021,2,21,RB,RB12,1,80.4,20.1,0.6,3.81,Peacock eel,Macrognathus siamensis,Macrognathus,100,invasive,1,C,0,21.9,41,NA,2021
2021-02-21T00:00:00Z,17,2021,2,21,RB,RB12,1,80.4,20.1,0.6,3.81,Peacock eel,Macrognathus siamensis,Macrognathus,100,invasive,1,C,0,22.9,50,NA,2021
2021-02-21T00:00:00Z,17,2021,2,21,RB,RB12,1,80.4,20.1,0.6,3.81,Peacock eel,Macrognathus siamensis,Macrognathus,100,invasive,1,C,0,21.5,34,NA,2021
2021-02-21T00:00:00Z,17,2021,2,21,RB,RB12,1,80.4,20.1,0.6,3.81,Peacock eel,Macrognathus siamensis,Macrognathus,100,invasive,1,C,0,20.4,32,NA,2021
2021-02-21T00:00:00Z,17,2021,2,21,RB,RB12,1,80.4,20.1,0.6,3.81,Peacock eel,Macrognathus siamensis,Macrognathus,100,invasive,1,C,0,25.8,73,NA,2021
2021-02-21T00:00:00Z,17,2021,2,21,RB,RB12,1,80.4,20.1,0.6,3.81,Peacock eel,Macrognathus siamensis,Macrognathus,100,invasive,1,C,0,21.6,44,NA,2021
2021-02-21T00:00:00Z,17,2021,2,21,RB,RB12,1,80.4,20.1,0.6,3.81,Peacock eel,Macrognathus siamensis,Macrognathus,100,invasive,1,C,0,21.4,37,NA,2021
2021-02-21T00:00:00Z,17,2021,2,21,RB,RB12,1,80.4,20.1,0.6,3.81,Peacock eel,Macrognathus siamensis,Macrognathus,100,invasive,1,C,0,23.3,58,NA,2021
2021-02-21T00:00:00Z,17,2021,2,21,RB,RB12,2,94.1,20.4,0.5,4.24,Peacock eel,Macrognathus siamensis,Macrognathus,100,invasive,6,S,0,22.05785123966942,43.77235772357724,NA,2021
2021-02-21T00:00:00Z,17,2021,2,21,RB,RB12,2,94.1,20.4,0.5,4.24,Peacock eel,Macrognathus siamensis,Macrognathus,100,invasive,1,C,0,19,29,NA,2021
2021-02-21T00:00:00Z,17,2021,2,21,RB,RB12,2,94.1,20.4,0.5,4.24,Peacock eel,Macrognathus siamensis,Macrognathus,100,invasive,1,C,0,25.9,58,NA,2021
2021-02-21T00:00:00Z,17,2021,2,21,RB,RB12,2,94.1,20.4,0.5,4.24,Peacock eel,Macrognathus siamensis,Macrognathus,100,invasive,1,C,0,25.3,71,NA,2021
2021-02-21T00:00:00Z,17,2021,2,21,RB,RB12,2,94.1,20.4,0.5,4.24,Peacock eel,Macrognathus siamensis,Macrognathus,100,invasive,1,C,0,23.7,53,NA,2021
2021-02-21T00:00:00Z,17,2021,2,21,RB,RB12,2,94.1,20.4,0.5,4.24,Peacock eel,Macrognathus siamensis,Macrognathus,100,invasive,1,C,0,21.1,34,NA,2021
2021-02-21T00:00:00Z,17,2021,2,21,RB,RB12,2,94.1,20.4,0.5,4.24,Peacock eel,Macrognathus siamensis,Macrognathus,100,invasive,1,C,0,23,48,NA,2021
2021-02-21T00:00:00Z,17,2021,2,21,RB,RB12,2,94.1,20.4,0.5,4.24,Peacock eel,Macrognathus siamensis,Macrognathus,100,invasive,1,C,0,21.4,41,NA,2021
2021-02-21T00:00:00Z,17,2021,2,21,RB,RB12,2,94.1,20.4,0.5,4.24,Peacock eel,Macrognathus siamensis,Macrognathus,100,invasive,1,C,0,22.9,47,NA,2021
2021-02-21T00:00:00Z,17,2021,2,21,RB,RB12,2,94.1,20.4,0.5,4.24,Peacock eel,Macrognathus siamensis,Macrognathus,100,invasive,1,C,0,21,42,NA,2021
2021-02-21T00:00:00Z,17,2021,2,21,RB,RB12,2,94.1,20.4,0.5,4.24,Peacock eel,Macrognathus siamensis,Macrognathus,100,invasive,1,C,0,22.6,46,NA,2021
2021-02-21T00:00:00Z,17,2021,2,21,RB,RB12,2,94.1,20.4,0.5,4.24,Peacock eel,Macrognathus siamensis,Macrognathus,100,invasive,1,C,0,19.4,31,NA,2021
2021-02-21T00:00:00Z,17,2021,2,21,RB,RB12,2,94.1,20.4,0.5,4.24,Peacock eel,Macrognathus siamensis,Macrognathus,100,invasive,1,C,0,22.8,54,NA,2021
2021-02-21T00:00:00Z,17,2021,2,21,RB,RB12,2,94.1,20.4,0.5,4.24,Peacock eel,Macrognathus siamensis,Macrognathus,100,invasive,1,C,0,21.6,43,NA,2021
2021-02-21T00:00:00Z,17,2021,2,21,RB,RB12,2,94.1,20.4,0.5,4.24,Peacock eel,Macrognathus siamensis,Macrognathus,100,invasive,1,C,0,22,45,NA,2021
2021-02-21T00:00:00Z,17,2021,2,21,RB,RB12,3,85.3,20.6,0.4,4.67,Peacock eel,Macrognathus siamensis,Macrognathus,100,invasive,2,S,0,22.05785123966942,43.77235772357724,NA,2021
2021-02-21T00:00:00Z,17,2021,2,21,RB,RB12,3,85.3,20.6,0.4,4.67,Peacock eel,Macrognathus siamensis,Macrognathus,100,invasive,1,C,0,19.3,19,NA,2021
2021-02-21T00:00:00Z,17,2021,2,21,RB,RB12,3,85.3,20.6,0.4,4.67,Peacock eel,Macrognathus siamensis,Macrognathus,100,invasive,1,C,0,23.4,45,NA,2021
2021-02-21T00:00:00Z,17,2021,2,21,RB,RB12,3,85.3,20.6,0.4,4.67,Peacock eel,Macrognathus siamensis,Macrognathus,100,invasive,1,C,0,22.9,34,NA,2021
2021-02-21T00:00:00Z,17,2021,2,21,RB,RB12,3,85.3,20.6,0.4,4.67,Peacock eel,Macrognathus siamensis,Macrognathus,100,invasive,1,C,0,18.8,19,NA,2021
2021-02-21T00:00:00Z,17,2021,2,21,RB,RB12,3,85.3,20.6,0.4,4.67,Peacock eel,Macrognathus siamensis,Macrognathus,100,invasive,1,C,0,21.1,27,NA,2021
2021-02-19T00:00:00Z,17,2021,2,19,RB,RB13,1,80.5,26.4,0.3,3.6,Peacock eel,Macrognathus siamensis,Macrognathus,100,invasive,1,S,0,22.05785123966942,43.77235772357724,NA,2021
2021-02-19T00:00:00Z,17,2021,2,19,RB,RB13,1,80.5,26.4,0.3,3.6,Peacock eel,Macrognathus siamensis,Macrognathus,100,invasive,1,C,0,21.5,42,NA,2021
2021-02-19T00:00:00Z,17,2021,2,19,RB,RB13,1,80.5,26.4,0.3,3.6,Peacock eel,Macrognathus siamensis,Macrognathus,100,invasive,1,C,0,17.3,15,NA,2021
2021-02-20T00:00:00Z,17,2021,2,20,RB,RB13,2,76.3,23.3,0.3,3.16,Peacock eel,Macrognathus siamensis,Macrognathus,100,invasive,0,ZERO,0,0,0,NA,2021
2021-02-20T00:00:00Z,17,2021,2,20,RB,RB13,3,75.6,23.2,0.3,3.44,Peacock eel,Macrognathus siamensis,Macrognathus,100,invasive,2,S,0,22.05785123966942,43.77235772357724,NA,2021
2021-02-20T00:00:00Z,17,2021,2,20,RB,RB13,3,75.6,23.2,0.3,3.44,Peacock eel,Macrognathus siamensis,Macrognathus,100,invasive,1,C,21.3,22.05785123966942,41,NA,2021
2021-02-20T00:00:00Z,17,2021,2,20,RB,RB13,3,75.6,23.2,0.3,3.44,Peacock eel,Macrognathus siamensis,Macrognathus,100,invasive,1,C,23.5,22.05785123966942,60,NA,2021
2021-02-20T00:00:00Z,17,2021,2,20,RB,RB14,1,70.8,24.3,0.4,3.56,Peacock eel,Macrognathus siamensis,Macrognathus,100,invasive,0,ZERO,0,0,0,NA,2021
2021-02-21T00:00:00Z,17,2021,2,21,RB,RB14,2,76.4,21.9,0.4,4.11,Peacock eel,Macrognathus siamensis,Macrognathus,100,invasive,0,ZERO,0,0,0,NA,2021
2021-02-21T00:00:00Z,17,2021,2,21,RB,RB14,3,92.1,22.1,0.4,4.59,Peacock eel,Macrognathus siamensis,Macrognathus,100,invasive,0,ZERO,0,0,0,NA,2021
2021-02-21T00:00:00Z,17,2021,2,21,RB,RB15,1,85.7,22.8,0.8,2.37,Peacock eel,Macrognathus siamensis,Macrognathus,100,invasive,0,ZERO,0,0,0,NA,2021
2021-02-21T00:00:00Z,17,2021,2,21,RB,RB15,2,99.7,22.8,0.8,2.65,Peacock eel,Macrognathus siamensis,Macrognathus,100,invasive,0,ZERO,0,0,0,NA,2021
2021-02-22T00:00:00Z,17,2021,2,22,RB,RB15,3,140,23.3,0.8,1.08,Peacock eel,Macrognathus siamensis,Macrognathus,100,invasive,0,ZERO,0,0,0,NA,2021
2021-02-21T00:00:00Z,17,2021,2,21,RB,RB16,1,104,22,1.2,2.72,Peacock eel,Macrognathus siamensis,Macrognathus,100,invasive,0,ZERO,0,0,0,NA,2021
2021-02-21T00:00:00Z,17,2021,2,21,RB,RB16,3,99.6,21.3,1,3.13,Peacock eel,Macrognathus siamensis,Macrognathus,100,invasive,1,S,0,22.05785123966942,43.77235772357724,NA,2021
2021-02-21T00:00:00Z,17,2021,2,21,RB,RB16,3,99.6,21.3,1,3.13,Peacock eel,Macrognathus siamensis,Macrognathus,100,invasive,1,C,0,22.5,54,NA,2021
2021-02-21T00:00:00Z,17,2021,2,21,RB,RB16,3,99.6,21.3,1,3.13,Peacock eel,Macrognathus siamensis,Macrognathus,100,invasive,1,C,0,21.4,42,NA,2021
2021-02-21T00:00:00Z,17,2021,2,21,RB,RB16,3,99.6,21.3,1,3.13,Peacock eel,Macrognathus siamensis,Macrognathus,100,invasive,1,C,0,20.4,36,NA,2021
2021-02-21T00:00:00Z,17,2021,2,21,RB,RB16,3,99.6,21.3,1,3.13,Peacock eel,Macrognathus siamensis,Macrognathus,100,invasive,1,C,0,21.2,55,NA,2021
2021-02-21T00:00:00Z,17,2021,2,21,RB,RB16,3,99.6,21.3,1,3.13,Peacock eel,Macrognathus siamensis,Macrognathus,100,invasive,1,C,0,22.2,43,NA,2021
2021-02-20T00:00:00Z,17,2021,2,20,RB,RB18,1,82.3,23.9,0.3,3.57,Peacock eel,Macrognathus siamensis,Macrognathus,100,invasive,0,ZERO,0,0,0,NA,2021
2021-02-20T00:00:00Z,17,2021,2,20,RB,RB18,2,66.9,23.6,0.3,3.98,Peacock eel,Macrognathus siamensis,Macrognathus,100,invasive,1,S,0,22.05785123966942,43.77235772357724,NA,2021
2021-02-20T00:00:00Z,17,2021,2,20,RB,RB18,2,66.9,23.6,0.3,3.98,Peacock eel,Macrognathus siamensis,Macrognathus,100,invasive,1,C,0,24,60,NA,2021
2021-02-20T00:00:00Z,17,2021,2,20,RB,RB18,2,66.9,23.6,0.3,3.98,Peacock eel,Macrognathus siamensis,Macrognathus,100,invasive,1,C,0,22.2,40,NA,2021
2021-02-20T00:00:00Z,17,2021,2,20,RB,RB18,2,66.9,23.6,0.3,3.98,Peacock eel,Macrognathus siamensis,Macrognathus,100,invasive,1,C,0,21.8,40,NA,2021
2021-02-20T00:00:00Z,17,2021,2,20,RB,RB18,2,66.9,23.6,0.3,3.98,Peacock eel,Macrognathus siamensis,Macrognathus,100,invasive,1,C,0,23,45,NA,2021
2021-02-20T00:00:00Z,17,2021,2,20,RB,RB18,2,66.9,23.6,0.3,3.98,Peacock eel,Macrognathus siamensis,Macrognathus,100,invasive,1,C,0,23.8,53,NA,2021
2021-02-20T00:00:00Z,17,2021,2,20,RB,RB18,2,66.9,23.6,0.3,3.98,Peacock eel,Macrognathus siamensis,Macrognathus,100,invasive,1,C,0,22.1,40,NA,2021
2021-02-20T00:00:00Z,17,2021,2,20,RB,RB18,3,54.6,23.6,0.3,3.94,Peacock eel,Macrognathus siamensis,Macrognathus,100,invasive,1,S,0,22.05785123966942,43.77235772357724,NA,2021
2021-02-20T00:00:00Z,17,2021,2,20,RB,RB7,1,113,22.1,0.5,2.93,Peacock eel,Macrognathus siamensis,Macrognathus,100,invasive,1,S,0,22.05785123966942,43.77235772357724,NA,2021
2021-02-20T00:00:00Z,17,2021,2,20,RB,RB7,2,119,22.2,0.4,3.4,Peacock eel,Macrognathus siamensis,Macrognathus,100,invasive,0,ZERO,0,0,0,NA,2021
2021-02-20T00:00:00Z,17,2021,2,20,RB,RB7,3,93.2,22.3,0.3,3.66,Peacock eel,Macrognathus siamensis,Macrognathus,100,invasive,0,ZERO,0,0,0,NA,2021
2021-02-20T00:00:00Z,17,2021,2,20,RB,RB8,1,74.6,23,0.3,3.38,Peacock eel,Macrognathus siamensis,Macrognathus,100,invasive,2,S,0,22.05785123966942,43.77235772357724,NA,2021
2021-02-20T00:00:00Z,17,2021,2,20,RB,RB8,1,74.6,23,0.3,3.38,Peacock eel,Macrognathus siamensis,Macrognathus,100,invasive,1,C,0,22.9,61,NA,2021
2021-02-20T00:00:00Z,17,2021,2,20,RB,RB8,1,74.6,23,0.3,3.38,Peacock eel,Macrognathus siamensis,Macrognathus,100,invasive,1,C,0,22,36,NA,2021
2021-02-20T00:00:00Z,17,2021,2,20,RB,RB8,1,74.6,23,0.3,3.38,Peacock eel,Macrognathus siamensis,Macrognathus,100,invasive,1,C,0,26.7,75,NA,2021
2021-02-20T00:00:00Z,17,2021,2,20,RB,RB8,1,74.6,23,0.3,3.38,Peacock eel,Macrognathus siamensis,Macrognathus,100,invasive,1,C,0,21.9,30,NA,2021
2021-02-20T00:00:00Z,17,2021,2,20,RB,RB8,1,74.6,23,0.3,3.38,Peacock eel,Macrognathus siamensis,Macrognathus,100,invasive,1,C,0,23.8,57,NA,2021
2021-02-20T00:00:00Z,17,2021,2,20,RB,RB8,1,74.6,23,0.3,3.38,Peacock eel,Macrognathus siamensis,Macrognathus,100,invasive,1,C,0,22.7,46,NA,2021
2021-02-20T00:00:00Z,17,2021,2,20,RB,RB8,1,74.6,23,0.3,3.38,Peacock eel,Macrognathus siamensis,Macrognathus,100,invasive,1,C,0,17.3,17,NA,2021
2021-02-20T00:00:00Z,17,2021,2,20,RB,RB8,1,74.6,23,0.3,3.38,Peacock eel,Macrognathus siamensis,Macrognathus,100,invasive,1,C,0,21.2,38,NA,2021
2021-02-20T00:00:00Z,17,2021,2,20,RB,RB8,1,74.6,23,0.3,3.38,Peacock eel,Macrognathus siamensis,Macrognathus,100,invasive,1,C,0,17.5,16,NA,2021
2021-02-20T00:00:00Z,17,2021,2,20,RB,RB8,2,73.6,22.5,0.3,3.26,Peacock eel,Macrognathus siamensis,Macrognathus,100,invasive,2,S,0,22.05785123966942,43.77235772357724,NA,2021
2021-02-20T00:00:00Z,17,2021,2,20,RB,RB8,2,73.6,22.5,0.3,3.26,Peacock eel,Macrognathus siamensis,Macrognathus,100,invasive,1,C,0,24.4,52,NA,2021
2021-02-20T00:00:00Z,17,2021,2,20,RB,RB8,2,73.6,22.5,0.3,3.26,Peacock eel,Macrognathus siamensis,Macrognathus,100,invasive,1,C,0,23.9,52,NA,2021
2021-02-20T00:00:00Z,17,2021,2,20,RB,RB8,2,73.6,22.5,0.3,3.26,Peacock eel,Macrognathus siamensis,Macrognathus,100,invasive,1,C,0,18.6,22,NA,2021
2021-02-20T00:00:00Z,17,2021,2,20,RB,RB8,2,73.6,22.5,0.3,3.26,Peacock eel,Macrognathus siamensis,Macrognathus,100,invasive,1,C,0,23.7,50,NA,2021
2021-02-20T00:00:00Z,17,2021,2,20,RB,RB8,2,73.6,22.5,0.3,3.26,Peacock eel,Macrognathus siamensis,Macrognathus,100,invasive,1,C,0,20.1,30,NA,2021
2021-02-20T00:00:00Z,17,2021,2,20,RB,RB8,3,76.5,22.6,0.3,3.66,Peacock eel,Macrognathus siamensis,Macrognathus,100,invasive,1,C,0,28.5,101,NA,2021
2021-02-20T00:00:00Z,17,2021,2,20,RB,RB8,3,76.5,22.6,0.3,3.66,Peacock eel,Macrognathus siamensis,Macrognathus,100,invasive,1,C,0,24,61,NA,2021
2021-02-20T00:00:00Z,17,2021,2,20,RB,RB8,3,76.5,22.6,0.3,3.66,Peacock eel,Macrognathus siamensis,Macrognathus,100,invasive,1,C,0,23.8,66,NA,2021
2021-02-20T00:00:00Z,17,2021,2,20,RB,RB8,3,76.5,22.6,0.3,3.66,Peacock eel,Macrognathus siamensis,Macrognathus,100,invasive,1,C,0,22.7,46,NA,2021
2021-02-20T00:00:00Z,17,2021,2,20,RB,RB8,3,76.5,22.6,0.3,3.66,Peacock eel,Macrognathus siamensis,Macrognathus,100,invasive,1,C,0,22.8,49,NA,2021
2021-02-20T00:00:00Z,17,2021,2,20,RB,RB8,3,76.5,22.6,0.3,3.66,Peacock eel,Macrognathus siamensis,Macrognathus,100,invasive,1,C,0,26,73,NA,2021
2021-02-20T00:00:00Z,17,2021,2,20,RB,RB8,3,76.5,22.6,0.3,3.66,Peacock eel,Macrognathus siamensis,Macrognathus,100,invasive,1,C,0,20.6,32,NA,2021
2021-02-20T00:00:00Z,17,2021,2,20,RB,RB8,3,76.5,22.6,0.3,3.66,Peacock eel,Macrognathus siamensis,Macrognathus,100,invasive,1,C,0,26.5,88,NA,2021
2021-02-20T00:00:00Z,17,2021,2,20,RB,RB8,3,76.5,22.6,0.3,3.66,Peacock eel,Macrognathus siamensis,Macrognathus,100,invasive,1,C,0,20.9,31,NA,2021
2021-02-20T00:00:00Z,17,2021,2,20,RB,RB8,3,76.5,22.6,0.3,3.66,Peacock eel,Macrognathus siamensis,Macrognathus,100,invasive,1,C,0,23.1,42,NA,2021
2021-02-20T00:00:00Z,17,2021,2,20,RB,RB8,3,76.5,22.6,0.3,3.66,Peacock eel,Macrognathus siamensis,Macrognathus,100,invasive,1,C,0,23,46,NA,2021
2021-02-20T00:00:00Z,17,2021,2,20,RB,RB8,3,76.5,22.6,0.3,3.66,Peacock eel,Macrognathus siamensis,Macrognathus,100,invasive,1,C,0,22.3,38,NA,2021
2021-02-20T00:00:00Z,17,2021,2,20,RB,RB8,3,76.5,22.6,0.3,3.66,Peacock eel,Macrognathus siamensis,Macrognathus,100,invasive,1,C,0,27,85,NA,2021
2021-02-19T00:00:00Z,17,2021,2,19,RB,RB9,1,118,26.1,0.3,2.78,Peacock eel,Macrognathus siamensis,Macrognathus,100,invasive,1,C,0,23.5,57,NA,2021
2021-02-19T00:00:00Z,17,2021,2,19,RB,RB9,1,118,26.1,0.3,2.78,Peacock eel,Macrognathus siamensis,Macrognathus,100,invasive,1,C,0,17.5,19,NA,2021
2021-02-19T00:00:00Z,17,2021,2,19,RB,RB9,2,102,26.2,0.3,2.71,Peacock eel,Macrognathus siamensis,Macrognathus,100,invasive,0,ZERO,0,0,0,NA,2021
2021-02-19T00:00:00Z,17,2021,2,19,RB,RB9,3,99.9,26.3,0.3,2.8,Peacock eel,Macrognathus siamensis,Macrognathus,100,invasive,1,S,0,22.05785123966942,43.77235772357724,NA,2021
2021-02-19T00:00:00Z,17,2021,2,19,RB,RB9,3,99.9,26.3,0.3,2.8,Peacock eel,Macrognathus siamensis,Macrognathus,100,invasive,1,C,0,24.7,57,NA,2021
2021-02-19T00:00:00Z,17,2021,2,19,RB,RB9,3,99.9,26.3,0.3,2.8,Peacock eel,Macrognathus siamensis,Macrognathus,100,invasive,1,C,0,24.2,64,NA,2021
2021-02-19T00:00:00Z,17,2021,2,19,RB,RB9,3,99.9,26.3,0.3,2.8,Peacock eel,Macrognathus siamensis,Macrognathus,100,invasive,1,C,0,23.9,57,NA,2021
2021-02-19T00:00:00Z,17,2021,2,19,RB,RB9,3,99.9,26.3,0.3,2.8,Peacock eel,Macrognathus siamensis,Macrognathus,100,invasive,1,C,0,19.4,24,NA,2021
2021-02-19T00:00:00Z,17,2021,2,19,RB,RB9,3,99.9,26.3,0.3,2.8,Peacock eel,Macrognathus siamensis,Macrognathus,100,invasive,1,C,0,25.4,60,NA,2021
2021-03-19T00:00:00Z,17,2021,3,19,RB,RB10,1,84.1,24.7,0.3,3.02,Peacock eel,Macrognathus siamensis,Macrognathus,100,invasive,17,S,0,21.36986301369863,39.71917808219178,NA,2021
2021-03-19T00:00:00Z,17,2021,3,19,RB,RB10,1,84.1,24.7,0.3,3.02,Peacock eel,Macrognathus siamensis,Macrognathus,100,invasive,1,C,0,23,52,NA,2021
2021-03-19T00:00:00Z,17,2021,3,19,RB,RB10,1,84.1,24.7,0.3,3.02,Peacock eel,Macrognathus siamensis,Macrognathus,100,invasive,1,C,0,24.8,70,NA,2021
2021-03-19T00:00:00Z,17,2021,3,19,RB,RB10,1,84.1,24.7,0.3,3.02,Peacock eel,Macrognathus siamensis,Macrognathus,100,invasive,1,C,0,18.4,27,NA,2021
2021-03-19T00:00:00Z,17,2021,3,19,RB,RB10,1,84.1,24.7,0.3,3.02,Peacock eel,Macrognathus siamensis,Macrognathus,100,invasive,1,C,0,21,38,NA,2021
2021-03-19T00:00:00Z,17,2021,3,19,RB,RB10,1,84.1,24.7,0.3,3.02,Peacock eel,Macrognathus siamensis,Macrognathus,100,invasive,1,C,0,23.5,47,NA,2021
2021-03-19T00:00:00Z,17,2021,3,19,RB,RB10,1,84.1,24.7,0.3,3.02,Peacock eel,Macrognathus siamensis,Macrognathus,100,invasive,1,C,0,21.5,39,NA,2021
2021-03-19T00:00:00Z,17,2021,3,19,RB,RB10,1,84.1,24.7,0.3,3.02,Peacock eel,Macrognathus siamensis,Macrognathus,100,invasive,1,C,0,19.5,28,NA,2021
2021-03-19T00:00:00Z,17,2021,3,19,RB,RB10,1,84.1,24.7,0.3,3.02,Peacock eel,Macrognathus siamensis,Macrognathus,100,invasive,1,C,0,21,39,NA,2021
2021-03-19T00:00:00Z,17,2021,3,19,RB,RB10,1,84.1,24.7,0.3,3.02,Peacock eel,Macrognathus siamensis,Macrognathus,100,invasive,1,C,0,17.5,20,NA,2021
2021-03-19T00:00:00Z,17,2021,3,19,RB,RB10,2,91.1,25.1,0.3,3.29,Peacock eel,Macrognathus siamensis,Macrognathus,100,invasive,4,S,0,21.36986301369863,39.71917808219178,NA,2021
2021-03-19T00:00:00Z,17,2021,3,19,RB,RB10,2,91.1,25.1,0.3,3.29,Peacock eel,Macrognathus siamensis,Macrognathus,100,invasive,1,C,0,22.3,48,NA,2021
2021-03-19T00:00:00Z,17,2021,3,19,RB,RB10,2,91.1,25.1,0.3,3.29,Peacock eel,Macrognathus siamensis,Macrognathus,100,invasive,1,C,0,23,55,NA,2021
2021-03-19T00:00:00Z,17,2021,3,19,RB,RB10,2,91.1,25.1,0.3,3.29,Peacock eel,Macrognathus siamensis,Macrognathus,100,invasive,1,C,0,17.8,24,NA,2021
2021-03-19T00:00:00Z,17,2021,3,19,RB,RB10,2,91.1,25.1,0.3,3.29,Peacock eel,Macrognathus siamensis,Macrognathus,100,invasive,1,C,0,22.8,52,NA,2021
2021-03-19T00:00:00Z,17,2021,3,19,RB,RB10,2,91.1,25.1,0.3,3.29,Peacock eel,Macrognathus siamensis,Macrognathus,100,invasive,1,C,0,21.1,46,NA,2021
2021-03-19T00:00:00Z,17,2021,3,19,RB,RB10,2,91.1,25.1,0.3,3.29,Peacock eel,Macrognathus siamensis,Macrognathus,100,invasive,1,C,0,22.9,45,NA,2021
2021-03-19T00:00:00Z,17,2021,3,19,RB,RB10,2,91.1,25.1,0.3,3.29,Peacock eel,Macrognathus siamensis,Macrognathus,100,invasive,1,C,0,18.1,19,NA,2021
2021-03-19T00:00:00Z,17,2021,3,19,RB,RB10,2,91.1,25.1,0.3,3.29,Peacock eel,Macrognathus siamensis,Macrognathus,100,invasive,1,C,0,22.5,50,NA,2021
2021-03-19T00:00:00Z,17,2021,3,19,RB,RB10,2,91.1,25.1,0.3,3.29,Peacock eel,Macrognathus siamensis,Macrognathus,100,invasive,1,C,0,17.9,23,NA,2021
2021-03-19T00:00:00Z,17,2021,3,19,RB,RB10,2,91.1,25.1,0.3,3.29,Peacock eel,Macrognathus siamensis,Macrognathus,100,invasive,1,C,0,16.7,19,NA,2021
2021-03-19T00:00:00Z,17,2021,3,19,RB,RB10,2,91.1,25.1,0.3,3.29,Peacock eel,Macrognathus siamensis,Macrognathus,100,invasive,1,C,0,18.3,24,NA,2021
2021-03-19T00:00:00Z,17,2021,3,19,RB,RB10,2,91.1,25.1,0.3,3.29,Peacock eel,Macrognathus siamensis,Macrognathus,100,invasive,1,C,0,21.5,39,NA,2021
2021-03-19T00:00:00Z,17,2021,3,19,RB,RB10,2,91.1,25.1,0.3,3.29,Peacock eel,Macrognathus siamensis,Macrognathus,100,invasive,1,C,0,20,31,NA,2021
2021-03-19T00:00:00Z,17,2021,3,19,RB,RB10,2,91.1,25.1,0.3,3.29,Peacock eel,Macrognathus siamensis,Macrognathus,100,invasive,1,C,0,17.3,18,NA,2021
2021-03-19T00:00:00Z,17,2021,3,19,RB,RB10,2,91.1,25.1,0.3,3.29,Peacock eel,Macrognathus siamensis,Macrognathus,100,invasive,1,C,0,17.2,17,NA,2021
2021-03-19T00:00:00Z,17,2021,3,19,RB,RB10,2,91.1,25.1,0.3,3.29,Peacock eel,Macrognathus siamensis,Macrognathus,100,invasive,1,C,0,18.5,23,NA,2021
2021-03-19T00:00:00Z,17,2021,3,19,RB,RB10,2,91.1,25.1,0.3,3.29,Peacock eel,Macrognathus siamensis,Macrognathus,100,invasive,1,C,0,21.6,40,NA,2021
2021-03-19T00:00:00Z,17,2021,3,19,RB,RB10,2,91.1,25.1,0.3,3.29,Peacock eel,Macrognathus siamensis,Macrognathus,100,invasive,1,C,0,21.5,38,NA,2021
2021-03-19T00:00:00Z,17,2021,3,19,RB,RB10,2,91.1,25.1,0.3,3.29,Peacock eel,Macrognathus siamensis,Macrognathus,100,invasive,1,C,0,18.2,21,NA,2021
2021-03-19T00:00:00Z,17,2021,3,19,RB,RB10,2,91.1,25.1,0.3,3.29,Peacock eel,Macrognathus siamensis,Macrognathus,100,invasive,1,C,0,17.4,22,NA,2021
2021-03-19T00:00:00Z,17,2021,3,19,RB,RB10,3,94,25.5,0.3,3.78,Peacock eel,Macrognathus siamensis,Macrognathus,100,invasive,3,S,0,21.36986301369863,39.71917808219178,NA,2021
2021-03-19T00:00:00Z,17,2021,3,19,RB,RB10,3,94,25.5,0.3,3.78,Peacock eel,Macrognathus siamensis,Macrognathus,100,invasive,1,C,0,21.6,38,NA,2021
2021-03-20T00:00:00Z,17,2021,3,20,RB,RB11,1,81.4,20.9,0.3,3.4,Peacock eel,Macrognathus siamensis,Macrognathus,100,invasive,1,S,0,21.36986301369863,39.71917808219178,NA,2021
2021-03-20T00:00:00Z,17,2021,3,20,RB,RB11,1,81.4,20.9,0.3,3.4,Peacock eel,Macrognathus siamensis,Macrognathus,100,invasive,1,C,0,21.5,38,NA,2021
2021-03-20T00:00:00Z,17,2021,3,20,RB,RB11,1,81.4,20.9,0.3,3.4,Peacock eel,Macrognathus siamensis,Macrognathus,100,invasive,1,C,0,23,52,NA,2021
2021-03-20T00:00:00Z,17,2021,3,20,RB,RB11,2,86.4,20.3,0.3,3.56,Peacock eel,Macrognathus siamensis,Macrognathus,100,invasive,8,S,0,21.36986301369863,39.71917808219178,NA,2021
2021-03-20T00:00:00Z,17,2021,3,20,RB,RB11,2,86.4,20.3,0.3,3.56,Peacock eel,Macrognathus siamensis,Macrognathus,100,invasive,1,C,0,22,48,NA,2021
2021-03-20T00:00:00Z,17,2021,3,20,RB,RB11,2,86.4,20.3,0.3,3.56,Peacock eel,Macrognathus siamensis,Macrognathus,100,invasive,1,C,0,24.4,60,NA,2021
2021-03-20T00:00:00Z,17,2021,3,20,RB,RB11,2,86.4,20.3,0.3,3.56,Peacock eel,Macrognathus siamensis,Macrognathus,100,invasive,1,C,0,18.5,17,NA,2021
2021-03-20T00:00:00Z,17,2021,3,20,RB,RB11,2,86.4,20.3,0.3,3.56,Peacock eel,Macrognathus siamensis,Macrognathus,100,invasive,1,C,0,22.5,45,NA,2021
2021-03-20T00:00:00Z,17,2021,3,20,RB,RB11,2,86.4,20.3,0.3,3.56,Peacock eel,Macrognathus siamensis,Macrognathus,100,invasive,1,C,0,21.6,34,NA,2021
2021-03-20T00:00:00Z,17,2021,3,20,RB,RB11,2,86.4,20.3,0.3,3.56,Peacock eel,Macrognathus siamensis,Macrognathus,100,invasive,1,C,0,24.5,63,NA,2021
2021-03-20T00:00:00Z,17,2021,3,20,RB,RB11,2,86.4,20.3,0.3,3.56,Peacock eel,Macrognathus siamensis,Macrognathus,100,invasive,1,C,0,23.7,50,NA,2021
2021-03-20T00:00:00Z,17,2021,3,20,RB,RB11,2,86.4,20.3,0.3,3.56,Peacock eel,Macrognathus siamensis,Macrognathus,100,invasive,1,C,0,24.2,63,NA,2021
2021-03-20T00:00:00Z,17,2021,3,20,RB,RB11,2,86.4,20.3,0.3,3.56,Peacock eel,Macrognathus siamensis,Macrognathus,100,invasive,1,C,0,21.5,41,NA,2021
2021-03-20T00:00:00Z,17,2021,3,20,RB,RB11,2,86.4,20.3,0.3,3.56,Peacock eel,Macrognathus siamensis,Macrognathus,100,invasive,1,C,0,18.5,25,NA,2021
2021-03-20T00:00:00Z,17,2021,3,20,RB,RB11,2,86.4,20.3,0.3,3.56,Peacock eel,Macrognathus siamensis,Macrognathus,100,invasive,1,C,0,20.3,27,NA,2021
2021-03-20T00:00:00Z,17,2021,3,20,RB,RB11,2,86.4,20.3,0.3,3.56,Peacock eel,Macrognathus siamensis,Macrognathus,100,invasive,1,C,0,18.3,19,NA,2021
2021-03-20T00:00:00Z,17,2021,3,20,RB,RB11,3,80.7,20,0.3,3.66,Peacock eel,Macrognathus siamensis,Macrognathus,100,invasive,1,S,0,21.36986301369863,39.71917808219178,NA,2021
2021-03-20T00:00:00Z,17,2021,3,20,RB,RB11,3,80.7,20,0.3,3.66,Peacock eel,Macrognathus siamensis,Macrognathus,100,invasive,1,C,0,21.8,44,NA,2021
2021-03-20T00:00:00Z,17,2021,3,20,RB,RB11,3,80.7,20,0.3,3.66,Peacock eel,Macrognathus siamensis,Macrognathus,100,invasive,1,C,0,16.6,12,NA,2021
2021-03-20T00:00:00Z,17,2021,3,20,RB,RB11,3,80.7,20,0.3,3.66,Peacock eel,Macrognathus siamensis,Macrognathus,100,invasive,1,C,0,18.3,26,NA,2021
2021-03-20T00:00:00Z,17,2021,3,20,RB,RB11,3,80.7,20,0.3,3.66,Peacock eel,Macrognathus siamensis,Macrognathus,100,invasive,1,C,0,17.9,16,NA,2021
2021-03-20T00:00:00Z,17,2021,3,20,RB,RB11,3,80.7,20,0.3,3.66,Peacock eel,Macrognathus siamensis,Macrognathus,100,invasive,1,C,0,19.1,29,NA,2021
2021-03-20T00:00:00Z,17,2021,3,20,RB,RB11,3,80.7,20,0.3,3.66,Peacock eel,Macrognathus siamensis,Macrognathus,100,invasive,1,C,0,21.2,37,NA,2021
2021-03-20T00:00:00Z,17,2021,3,20,RB,RB11,3,80.7,20,0.3,3.66,Peacock eel,Macrognathus siamensis,Macrognathus,100,invasive,1,C,0,19,26,NA,2021
2021-03-20T00:00:00Z,17,2021,3,20,RB,RB13,1,68.6,22.9,0.3,4.09,Peacock eel,Macrognathus siamensis,Macrognathus,100,invasive,1,C,0,22,45,NA,2021
2021-03-20T00:00:00Z,17,2021,3,20,RB,RB13,1,68.6,22.9,0.3,4.09,Peacock eel,Macrognathus siamensis,Macrognathus,100,invasive,1,C,0,21,48,NA,2021
2021-03-20T00:00:00Z,17,2021,3,20,RB,RB13,1,68.6,22.9,0.3,4.09,Peacock eel,Macrognathus siamensis,Macrognathus,100,invasive,1,C,0,23.8,55,NA,2021
2021-03-20T00:00:00Z,17,2021,3,20,RB,RB13,2,107,23,0.3,4.22,Peacock eel,Macrognathus siamensis,Macrognathus,100,invasive,1,C,0,26.4,76,NA,2021
2021-03-20T00:00:00Z,17,2021,3,20,RB,RB13,2,107,23,0.3,4.22,Peacock eel,Macrognathus siamensis,Macrognathus,100,invasive,1,C,0,21.3,42,NA,2021
2021-03-20T00:00:00Z,17,2021,3,20,RB,RB13,2,107,23,0.3,4.22,Peacock eel,Macrognathus siamensis,Macrognathus,100,invasive,1,C,0,23.2,60,NA,2021
2021-03-20T00:00:00Z,17,2021,3,20,RB,RB13,2,107,23,0.3,4.22,Peacock eel,Macrognathus siamensis,Macrognathus,100,invasive,1,C,0,20.6,39,NA,2021
2021-03-20T00:00:00Z,17,2021,3,20,RB,RB13,2,107,23,0.3,4.22,Peacock eel,Macrognathus siamensis,Macrognathus,100,invasive,1,C,0,23.9,60,NA,2021
2021-03-20T00:00:00Z,17,2021,3,20,RB,RB13,2,107,23,0.3,4.22,Peacock eel,Macrognathus siamensis,Macrognathus,100,invasive,1,C,0,23,45,NA,2021
2021-03-20T00:00:00Z,17,2021,3,20,RB,RB13,2,107,23,0.3,4.22,Peacock eel,Macrognathus siamensis,Macrognathus,100,invasive,1,C,0,23.4,48,NA,2021
2021-03-20T00:00:00Z,17,2021,3,20,RB,RB13,2,107,23,0.3,4.22,Peacock eel,Macrognathus siamensis,Macrognathus,100,invasive,1,C,0,24,62,NA,2021
2021-03-20T00:00:00Z,17,2021,3,20,RB,RB13,2,107,23,0.3,4.22,Peacock eel,Macrognathus siamensis,Macrognathus,100,invasive,1,C,0,20.3,36,NA,2021
2021-03-20T00:00:00Z,17,2021,3,20,RB,RB13,2,107,23,0.3,4.22,Peacock eel,Macrognathus siamensis,Macrognathus,100,invasive,1,C,0,20.6,33,NA,2021
2021-03-20T00:00:00Z,17,2021,3,20,RB,RB13,2,107,23,0.3,4.22,Peacock eel,Macrognathus siamensis,Macrognathus,100,invasive,1,C,0,20.9,35,NA,2021
2021-03-20T00:00:00Z,17,2021,3,20,RB,RB13,2,107,23,0.3,4.22,Peacock eel,Macrognathus siamensis,Macrognathus,100,invasive,1,C,0,17.4,14,NA,2021
2021-03-20T00:00:00Z,17,2021,3,20,RB,RB13,2,107,23,0.3,4.22,Peacock eel,Macrognathus siamensis,Macrognathus,100,invasive,1,C,0,20.5,32,NA,2021
2021-03-20T00:00:00Z,17,2021,3,20,RB,RB13,2,107,23,0.3,4.22,Peacock eel,Macrognathus siamensis,Macrognathus,100,invasive,1,C,0,19.8,32,NA,2021
2021-03-20T00:00:00Z,17,2021,3,20,RB,RB13,2,107,23,0.3,4.22,Peacock eel,Macrognathus siamensis,Macrognathus,100,invasive,1,C,0,20.1,35,NA,2021
2021-03-20T00:00:00Z,17,2021,3,20,RB,RB13,2,107,23,0.3,4.22,Peacock eel,Macrognathus siamensis,Macrognathus,100,invasive,1,C,0,22.7,52,NA,2021
2021-03-20T00:00:00Z,17,2021,3,20,RB,RB13,3,86.8,23,0.4,4.45,Peacock eel,Macrognathus siamensis,Macrognathus,100,invasive,8,S,0,21.36986301369863,39.71917808219178,NA,2021
2021-03-20T00:00:00Z,17,2021,3,20,RB,RB13,3,86.8,23,0.4,4.45,Peacock eel,Macrognathus siamensis,Macrognathus,100,invasive,1,C,0,23.5,54,NA,2021
2021-03-20T00:00:00Z,17,2021,3,20,RB,RB13,3,86.8,23,0.4,4.45,Peacock eel,Macrognathus siamensis,Macrognathus,100,invasive,1,C,0,23.4,53,NA,2021
2021-03-20T00:00:00Z,17,2021,3,20,RB,RB13,3,86.8,23,0.4,4.45,Peacock eel,Macrognathus siamensis,Macrognathus,100,invasive,1,C,0,25.9,72,NA,2021
2021-03-20T00:00:00Z,17,2021,3,20,RB,RB13,3,86.8,23,0.4,4.45,Peacock eel,Macrognathus siamensis,Macrognathus,100,invasive,1,C,0,23.9,47,NA,2021
2021-03-20T00:00:00Z,17,2021,3,20,RB,RB13,3,86.8,23,0.4,4.45,Peacock eel,Macrognathus siamensis,Macrognathus,100,invasive,1,C,0,24.5,59,NA,2021
2021-03-20T00:00:00Z,17,2021,3,20,RB,RB13,3,86.8,23,0.4,4.45,Peacock eel,Macrognathus siamensis,Macrognathus,100,invasive,1,C,0,24,63,NA,2021
2021-03-20T00:00:00Z,17,2021,3,20,RB,RB13,3,86.8,23,0.4,4.45,Peacock eel,Macrognathus siamensis,Macrognathus,100,invasive,1,C,0,21.9,54,NA,2021
2021-03-20T00:00:00Z,17,2021,3,20,RB,RB13,3,86.8,23,0.4,4.45,Peacock eel,Macrognathus siamensis,Macrognathus,100,invasive,1,C,0,26.3,72,NA,2021
2021-03-20T00:00:00Z,17,2021,3,20,RB,RB13,3,86.8,23,0.4,4.45,Peacock eel,Macrognathus siamensis,Macrognathus,100,invasive,1,C,0,24,53,NA,2021
2021-03-20T00:00:00Z,17,2021,3,20,RB,RB13,3,86.8,23,0.4,4.45,Peacock eel,Macrognathus siamensis,Macrognathus,100,invasive,1,C,0,23.1,56,NA,2021
2021-03-20T00:00:00Z,17,2021,3,20,RB,RB13,3,86.8,23,0.4,4.45,Peacock eel,Macrognathus siamensis,Macrognathus,100,invasive,1,C,0,19.3,28,NA,2021
2021-03-20T00:00:00Z,17,2021,3,20,RB,RB13,3,86.8,23,0.4,4.45,Peacock eel,Macrognathus siamensis,Macrognathus,100,invasive,1,C,0,24.7,61,NA,2021
2021-03-20T00:00:00Z,17,2021,3,20,RB,RB13,3,86.8,23,0.4,4.45,Peacock eel,Macrognathus siamensis,Macrognathus,100,invasive,1,C,0,19.3,25,NA,2021
2021-03-20T00:00:00Z,17,2021,3,20,RB,RB13,3,86.8,23,0.4,4.45,Peacock eel,Macrognathus siamensis,Macrognathus,100,invasive,1,C,0,17.8,15,NA,2021
2021-03-20T00:00:00Z,17,2021,3,20,RB,RB13,3,86.8,23,0.4,4.45,Peacock eel,Macrognathus siamensis,Macrognathus,100,invasive,1,C,0,21.4,42,NA,2021
2021-03-20T00:00:00Z,17,2021,3,20,RB,RB13,3,86.8,23,0.4,4.45,Peacock eel,Macrognathus siamensis,Macrognathus,100,invasive,1,C,0,19,25,NA,2021
2021-03-20T00:00:00Z,17,2021,3,20,RB,RB13,3,86.8,23,0.4,4.45,Peacock eel,Macrognathus siamensis,Macrognathus,100,invasive,1,C,0,22.2,40,NA,2021
2021-03-20T00:00:00Z,17,2021,3,20,RB,RB13,3,86.8,23,0.4,4.45,Peacock eel,Macrognathus siamensis,Macrognathus,100,invasive,1,C,0,18,22,NA,2021
2021-03-20T00:00:00Z,17,2021,3,20,RB,RB13,3,86.8,23,0.4,4.45,Peacock eel,Macrognathus siamensis,Macrognathus,100,invasive,1,C,0,18.4,17,NA,2021
2021-03-20T00:00:00Z,17,2021,3,20,RB,RB8,1,77.6,22.1,0.3,3.58,Peacock eel,Macrognathus siamensis,Macrognathus,100,invasive,10,S,0,21.36986301369863,39.71917808219178,NA,2021
2021-03-20T00:00:00Z,17,2021,3,20,RB,RB8,1,77.6,22.1,0.3,3.58,Peacock eel,Macrognathus siamensis,Macrognathus,100,invasive,1,C,0,23,56,NA,2021
2021-03-20T00:00:00Z,17,2021,3,20,RB,RB8,1,77.6,22.1,0.3,3.58,Peacock eel,Macrognathus siamensis,Macrognathus,100,invasive,1,C,0,20.7,25,NA,2021
2021-03-20T00:00:00Z,17,2021,3,20,RB,RB8,1,77.6,22.1,0.3,3.58,Peacock eel,Macrognathus siamensis,Macrognathus,100,invasive,1,C,0,22.8,21,NA,2021
2021-03-20T00:00:00Z,17,2021,3,20,RB,RB8,1,77.6,22.1,0.3,3.58,Peacock eel,Macrognathus siamensis,Macrognathus,100,invasive,1,C,0,21.8,40,NA,2021
2021-03-20T00:00:00Z,17,2021,3,20,RB,RB8,1,77.6,22.1,0.3,3.58,Peacock eel,Macrognathus siamensis,Macrognathus,100,invasive,1,C,0,23.9,51,NA,2021
2021-03-20T00:00:00Z,17,2021,3,20,RB,RB8,1,77.6,22.1,0.3,3.58,Peacock eel,Macrognathus siamensis,Macrognathus,100,invasive,1,C,0,23.5,63,NA,2021
2021-03-20T00:00:00Z,17,2021,3,20,RB,RB8,1,77.6,22.1,0.3,3.58,Peacock eel,Macrognathus siamensis,Macrognathus,100,invasive,1,C,0,20.4,27,NA,2021
2021-03-20T00:00:00Z,17,2021,3,20,RB,RB8,1,77.6,22.1,0.3,3.58,Peacock eel,Macrognathus siamensis,Macrognathus,100,invasive,1,C,0,22.8,37,NA,2021
2021-03-20T00:00:00Z,17,2021,3,20,RB,RB8,1,77.6,22.1,0.3,3.58,Peacock eel,Macrognathus siamensis,Macrognathus,100,invasive,1,C,0,23.7,62,NA,2021
2021-03-20T00:00:00Z,17,2021,3,20,RB,RB8,1,77.6,22.1,0.3,3.58,Peacock eel,Macrognathus siamensis,Macrognathus,100,invasive,1,C,0,24.6,54,NA,2021
2021-03-20T00:00:00Z,17,2021,3,20,RB,RB8,1,77.6,22.1,0.3,3.58,Peacock eel,Macrognathus siamensis,Macrognathus,100,invasive,1,C,0,19.6,15,NA,2021
2021-03-20T00:00:00Z,17,2021,3,20,RB,RB8,1,77.6,22.1,0.3,3.58,Peacock eel,Macrognathus siamensis,Macrognathus,100,invasive,1,C,0,23.8,40,NA,2021
2021-03-20T00:00:00Z,17,2021,3,20,RB,RB8,1,77.6,22.1,0.3,3.58,Peacock eel,Macrognathus siamensis,Macrognathus,100,invasive,1,C,0,21.9,20,NA,2021
2021-03-20T00:00:00Z,17,2021,3,20,RB,RB8,1,77.6,22.1,0.3,3.58,Peacock eel,Macrognathus siamensis,Macrognathus,100,invasive,1,C,0,23.4,53,NA,2021
2021-03-20T00:00:00Z,17,2021,3,20,RB,RB8,1,77.6,22.1,0.3,3.58,Peacock eel,Macrognathus siamensis,Macrognathus,100,invasive,1,C,0,23.5,40,NA,2021
2021-03-20T00:00:00Z,17,2021,3,20,RB,RB8,1,77.6,22.1,0.3,3.58,Peacock eel,Macrognathus siamensis,Macrognathus,100,invasive,1,C,0,21.9,35,NA,2021
2021-03-20T00:00:00Z,17,2021,3,20,RB,RB8,1,77.6,22.1,0.3,3.58,Peacock eel,Macrognathus siamensis,Macrognathus,100,invasive,1,C,0,24,51,NA,2021
2021-03-20T00:00:00Z,17,2021,3,20,RB,RB8,1,77.6,22.1,0.3,3.58,Peacock eel,Macrognathus siamensis,Macrognathus,100,invasive,1,C,0,19.8,13,NA,2021
2021-03-20T00:00:00Z,17,2021,3,20,RB,RB8,1,77.6,22.1,0.3,3.58,Peacock eel,Macrognathus siamensis,Macrognathus,100,invasive,1,C,0,21.5,35,NA,2021
2021-03-20T00:00:00Z,17,2021,3,20,RB,RB8,1,77.6,22.1,0.3,3.58,Peacock eel,Macrognathus siamensis,Macrognathus,100,invasive,1,C,0,21.4,36,NA,2021
2021-03-20T00:00:00Z,17,2021,3,20,RB,RB8,1,77.6,22.1,0.3,3.58,Peacock eel,Macrognathus siamensis,Macrognathus,100,invasive,1,C,0,24.1,52,NA,2021
2021-03-20T00:00:00Z,17,2021,3,20,RB,RB8,1,77.6,22.1,0.3,3.58,Peacock eel,Macrognathus siamensis,Macrognathus,100,invasive,1,C,0,16.3,8,NA,2021
2021-03-20T00:00:00Z,17,2021,3,20,RB,RB8,2,84.5,22.2,0.3,4,Peacock eel,Macrognathus siamensis,Macrognathus,100,invasive,2,S,0,21.36986301369863,39.71917808219178,NA,2021
2021-03-20T00:00:00Z,17,2021,3,20,RB,RB8,2,84.5,22.2,0.3,4,Peacock eel,Macrognathus siamensis,Macrognathus,100,invasive,1,C,0,25,58,NA,2021
2021-03-20T00:00:00Z,17,2021,3,20,RB,RB8,2,84.5,22.2,0.3,4,Peacock eel,Macrognathus siamensis,Macrognathus,100,invasive,1,C,0,24.7,68,NA,2021
2021-03-20T00:00:00Z,17,2021,3,20,RB,RB8,2,84.5,22.2,0.3,4,Peacock eel,Macrognathus siamensis,Macrognathus,100,invasive,1,C,0,18.6,23,NA,2021
2021-03-20T00:00:00Z,17,2021,3,20,RB,RB8,2,84.5,22.2,0.3,4,Peacock eel,Macrognathus siamensis,Macrognathus,100,invasive,1,C,0,20.4,31,NA,2021
2021-03-20T00:00:00Z,17,2021,3,20,RB,RB8,2,84.5,22.2,0.3,4,Peacock eel,Macrognathus siamensis,Macrognathus,100,invasive,1,C,0,19.6,30,NA,2021
2021-03-20T00:00:00Z,17,2021,3,20,RB,RB8,2,84.5,22.2,0.3,4,Peacock eel,Macrognathus siamensis,Macrognathus,100,invasive,1,C,0,22,42,NA,2021
2021-03-20T00:00:00Z,17,2021,3,20,RB,RB8,2,84.5,22.2,0.3,4,Peacock eel,Macrognathus siamensis,Macrognathus,100,invasive,1,C,0,21.4,39,NA,2021
2021-03-20T00:00:00Z,17,2021,3,20,RB,RB8,2,84.5,22.2,0.3,4,Peacock eel,Macrognathus siamensis,Macrognathus,100,invasive,1,C,0,25.4,63,NA,2021
2021-03-20T00:00:00Z,17,2021,3,20,RB,RB8,3,52.8,22.6,0.3,4.41,Peacock eel,Macrognathus siamensis,Macrognathus,100,invasive,13,S,0,21.36986301369863,39.71917808219178,NA,2021
2021-03-20T00:00:00Z,17,2021,3,20,RB,RB8,3,52.8,22.6,0.3,4.41,Peacock eel,Macrognathus siamensis,Macrognathus,100,invasive,1,C,0,24.9,116,NA,2021
2021-03-20T00:00:00Z,17,2021,3,20,RB,RB8,3,52.8,22.6,0.3,4.41,Peacock eel,Macrognathus siamensis,Macrognathus,100,invasive,1,C,0,20.8,40,NA,2021
2021-03-20T00:00:00Z,17,2021,3,20,RB,RB8,3,52.8,22.6,0.3,4.41,Peacock eel,Macrognathus siamensis,Macrognathus,100,invasive,1,C,0,21,34,NA,2021
2021-03-20T00:00:00Z,17,2021,3,20,RB,RB8,3,52.8,22.6,0.3,4.41,Peacock eel,Macrognathus siamensis,Macrognathus,100,invasive,1,C,0,18.9,23,NA,2021
2021-03-20T00:00:00Z,17,2021,3,20,RB,RB8,3,52.8,22.6,0.3,4.41,Peacock eel,Macrognathus siamensis,Macrognathus,100,invasive,1,C,0,20.1,33,NA,2021
2021-03-20T00:00:00Z,17,2021,3,20,RB,RB8,3,52.8,22.6,0.3,4.41,Peacock eel,Macrognathus siamensis,Macrognathus,100,invasive,1,C,0,19.4,26,NA,2021
2021-03-20T00:00:00Z,17,2021,3,20,RB,RB8,3,52.8,22.6,0.3,4.41,Peacock eel,Macrognathus siamensis,Macrognathus,100,invasive,1,C,0,22.8,45,NA,2021
2021-03-20T00:00:00Z,17,2021,3,20,RB,RB8,3,52.8,22.6,0.3,4.41,Peacock eel,Macrognathus siamensis,Macrognathus,100,invasive,1,C,0,19.3,19,NA,2021
2021-03-20T00:00:00Z,17,2021,3,20,RB,RB8,3,52.8,22.6,0.3,4.41,Peacock eel,Macrognathus siamensis,Macrognathus,100,invasive,1,C,0,21.1,32,NA,2021
2021-03-19T00:00:00Z,17,2021,3,19,RB,RB9,1,105,25.7,0.3,3.7,Peacock eel,Macrognathus siamensis,Macrognathus,100,invasive,2,S,0,21.36986301369863,39.71917808219178,NA,2021
2021-03-19T00:00:00Z,17,2021,3,19,RB,RB9,1,105,25.7,0.3,3.7,Peacock eel,Macrognathus siamensis,Macrognathus,100,invasive,1,C,0,21.3,35,NA,2021
2021-03-19T00:00:00Z,17,2021,3,19,RB,RB9,1,105,25.7,0.3,3.7,Peacock eel,Macrognathus siamensis,Macrognathus,100,invasive,1,C,0,21.7,38,NA,2021
2021-03-19T00:00:00Z,17,2021,3,19,RB,RB9,1,105,25.7,0.3,3.7,Peacock eel,Macrognathus siamensis,Macrognathus,100,invasive,1,C,0,25.4,72,NA,2021
2021-03-19T00:00:00Z,17,2021,3,19,RB,RB9,2,90.2,25.9,0.3,3.53,Peacock eel,Macrognathus siamensis,Macrognathus,100,invasive,4,S,0,21.36986301369863,39.71917808219178,NA,2021
2021-03-19T00:00:00Z,17,2021,3,19,RB,RB9,2,90.2,25.9,0.3,3.53,Peacock eel,Macrognathus siamensis,Macrognathus,100,invasive,1,C,0,20.5,32,NA,2021
2021-03-19T00:00:00Z,17,2021,3,19,RB,RB9,2,90.2,25.9,0.3,3.53,Peacock eel,Macrognathus siamensis,Macrognathus,100,invasive,1,C,0,24.8,70,NA,2021
2021-03-19T00:00:00Z,17,2021,3,19,RB,RB9,2,90.2,25.9,0.3,3.53,Peacock eel,Macrognathus siamensis,Macrognathus,100,invasive,1,C,0,21.9,41,NA,2021
2021-03-19T00:00:00Z,17,2021,3,19,RB,RB9,2,90.2,25.9,0.3,3.53,Peacock eel,Macrognathus siamensis,Macrognathus,100,invasive,1,C,0,19.5,27,NA,2021
2021-03-19T00:00:00Z,17,2021,3,19,RB,RB9,2,90.2,25.9,0.3,3.53,Peacock eel,Macrognathus siamensis,Macrognathus,100,invasive,1,C,0,19.2,26,NA,2021
2021-03-19T00:00:00Z,17,2021,3,19,RB,RB9,2,90.2,25.9,0.3,3.53,Peacock eel,Macrognathus siamensis,Macrognathus,100,invasive,1,C,0,18.8,24,NA,2021
2021-03-19T00:00:00Z,17,2021,3,19,RB,RB9,2,90.2,25.9,0.3,3.53,Peacock eel,Macrognathus siamensis,Macrognathus,100,invasive,1,C,0,21.6,40,NA,2021
2021-03-19T00:00:00Z,17,2021,3,19,RB,RB9,2,90.2,25.9,0.3,3.53,Peacock eel,Macrognathus siamensis,Macrognathus,100,invasive,1,C,0,22.5,54,NA,2021
2021-03-19T00:00:00Z,17,2021,3,19,RB,RB9,2,90.2,25.9,0.3,3.53,Peacock eel,Macrognathus siamensis,Macrognathus,100,invasive,1,C,0,18.6,27,NA,2021
2021-03-19T00:00:00Z,17,2021,3,19,RB,RB9,2,90.2,25.9,0.3,3.53,Peacock eel,Macrognathus siamensis,Macrognathus,100,invasive,1,C,0,22.1,45,NA,2021
2021-03-19T00:00:00Z,17,2021,3,19,RB,RB9,2,90.2,25.9,0.3,3.53,Peacock eel,Macrognathus siamensis,Macrognathus,100,invasive,1,C,0,20.1,28,NA,2021
2021-03-19T00:00:00Z,17,2021,3,19,RB,RB9,3,99.8,26.1,0.3,3.9,Peacock eel,Macrognathus siamensis,Macrognathus,100,invasive,1,S,0,21.36986301369863,39.71917808219178,NA,2021
2021-03-19T00:00:00Z,17,2021,3,19,RB,RB9,3,99.8,26.1,0.3,3.9,Peacock eel,Macrognathus siamensis,Macrognathus,100,invasive,1,C,0,22.9,38,NA,2021
2021-03-19T00:00:00Z,17,2021,3,19,RB,RB9,3,99.8,26.1,0.3,3.9,Peacock eel,Macrognathus siamensis,Macrognathus,100,invasive,1,C,0,24,60,NA,2021
2021-03-19T00:00:00Z,17,2021,3,19,RB,RB9,3,99.8,26.1,0.3,3.9,Peacock eel,Macrognathus siamensis,Macrognathus,100,invasive,1,C,0,20,28,NA,2021
2021-03-19T00:00:00Z,17,2021,3,19,RB,RB9,3,99.8,26.1,0.3,3.9,Peacock eel,Macrognathus siamensis,Macrognathus,100,invasive,1,C,0,19,27,NA,2021
2021-04-16T00:00:00Z,17,2021,4,16,RB,RB10,1,113,24.5,0.4,2.87,Peacock eel,Macrognathus siamensis,Macrognathus,100,invasive,3,S,0,22.21058823529412,47.654117647058825,NA,2021
2021-04-16T00:00:00Z,17,2021,4,16,RB,RB10,1,113,24.5,0.4,2.87,Peacock eel,Macrognathus siamensis,Macrognathus,100,invasive,1,C,0,25.5,80,NA,2021
2021-04-16T00:00:00Z,17,2021,4,16,RB,RB10,1,113,24.5,0.4,2.87,Peacock eel,Macrognathus siamensis,Macrognathus,100,invasive,1,C,0,22.3,44,NA,2021
2021-04-16T00:00:00Z,17,2021,4,16,RB,RB10,1,113,24.5,0.4,2.87,Peacock eel,Macrognathus siamensis,Macrognathus,100,invasive,1,C,0,21.9,34,NA,2021
2021-04-16T00:00:00Z,17,2021,4,16,RB,RB10,1,113,24.5,0.4,2.87,Peacock eel,Macrognathus siamensis,Macrognathus,100,invasive,1,C,0,21.7,41,NA,2021
2021-04-16T00:00:00Z,17,2021,4,16,RB,RB10,1,113,24.5,0.4,2.87,Peacock eel,Macrognathus siamensis,Macrognathus,100,invasive,1,C,0,22.2,48,NA,2021
2021-04-16T00:00:00Z,17,2021,4,16,RB,RB10,2,86.2,24.4,0.4,3.11,Peacock eel,Macrognathus siamensis,Macrognathus,100,invasive,2,S,0,22.21058823529412,47.654117647058825,NA,2021
2021-04-16T00:00:00Z,17,2021,4,16,RB,RB10,2,86.2,24.4,0.4,3.11,Peacock eel,Macrognathus siamensis,Macrognathus,100,invasive,1,C,0,25,62,NA,2021
2021-04-16T00:00:00Z,17,2021,4,16,RB,RB10,2,86.2,24.4,0.4,3.11,Peacock eel,Macrognathus siamensis,Macrognathus,100,invasive,1,C,0,21.9,39,NA,2021
2021-04-16T00:00:00Z,17,2021,4,16,RB,RB10,2,86.2,24.4,0.4,3.11,Peacock eel,Macrognathus siamensis,Macrognathus,100,invasive,1,C,0,25.4,83,NA,2021
2021-04-16T00:00:00Z,17,2021,4,16,RB,RB10,2,86.2,24.4,0.4,3.11,Peacock eel,Macrognathus siamensis,Macrognathus,100,invasive,1,C,0,26,47,NA,2021
2021-04-16T00:00:00Z,17,2021,4,16,RB,RB10,2,86.2,24.4,0.4,3.11,Peacock eel,Macrognathus siamensis,Macrognathus,100,invasive,1,C,0,20.2,45,NA,2021
2021-04-16T00:00:00Z,17,2021,4,16,RB,RB10,2,86.2,24.4,0.4,3.11,Peacock eel,Macrognathus siamensis,Macrognathus,100,invasive,1,C,0,21.2,53,NA,2021
2021-04-16T00:00:00Z,17,2021,4,16,RB,RB10,3,64.8,24.5,0.4,2.96,Peacock eel,Macrognathus siamensis,Macrognathus,100,invasive,4,S,0,22.21058823529412,47.654117647058825,NA,2021
2021-04-16T00:00:00Z,17,2021,4,16,RB,RB10,3,64.8,24.5,0.4,2.96,Peacock eel,Macrognathus siamensis,Macrognathus,100,invasive,1,C,0,21.8,48,NA,2021
2021-04-16T00:00:00Z,17,2021,4,16,RB,RB10,3,64.8,24.5,0.4,2.96,Peacock eel,Macrognathus siamensis,Macrognathus,100,invasive,1,C,0,24.2,72,NA,2021
2021-04-16T00:00:00Z,17,2021,4,16,RB,RB10,3,64.8,24.5,0.4,2.96,Peacock eel,Macrognathus siamensis,Macrognathus,100,invasive,1,C,0,19.7,23,NA,2021
2021-04-16T00:00:00Z,17,2021,4,16,RB,RB10,3,64.8,24.5,0.4,2.96,Peacock eel,Macrognathus siamensis,Macrognathus,100,invasive,1,C,0,23.8,55,NA,2021
2021-04-16T00:00:00Z,17,2021,4,16,RB,RB10,3,64.8,24.5,0.4,2.96,Peacock eel,Macrognathus siamensis,Macrognathus,100,invasive,1,C,0,21.2,43,NA,2021
2021-04-16T00:00:00Z,17,2021,4,16,RB,RB10,3,64.8,24.5,0.4,2.96,Peacock eel,Macrognathus siamensis,Macrognathus,100,invasive,1,C,0,24.2,62,NA,2021
2021-04-16T00:00:00Z,17,2021,4,16,RB,RB10,3,64.8,24.5,0.4,2.96,Peacock eel,Macrognathus siamensis,Macrognathus,100,invasive,1,C,0,16.3,25,NA,2021
2021-04-16T00:00:00Z,17,2021,4,16,RB,RB10,3,64.8,24.5,0.4,2.96,Peacock eel,Macrognathus siamensis,Macrognathus,100,invasive,1,C,0,18.2,29,NA,2021
2021-04-16T00:00:00Z,17,2021,4,16,RB,RB10,3,64.8,24.5,0.4,2.96,Peacock eel,Macrognathus siamensis,Macrognathus,100,invasive,1,C,0,19.5,27,NA,2021
2021-04-16T00:00:00Z,17,2021,4,16,RB,RB10,3,64.8,24.5,0.4,2.96,Peacock eel,Macrognathus siamensis,Macrognathus,100,invasive,1,C,0,18.5,21,NA,2021
2021-04-16T00:00:00Z,17,2021,4,16,RB,RB10,3,64.8,24.5,0.4,2.96,Peacock eel,Macrognathus siamensis,Macrognathus,100,invasive,1,C,0,18.3,15,NA,2021
2021-04-16T00:00:00Z,17,2021,4,16,RB,RB10,3,64.8,24.5,0.4,2.96,Peacock eel,Macrognathus siamensis,Macrognathus,100,invasive,1,C,0,19,27,NA,2021
2021-04-16T00:00:00Z,17,2021,4,16,RB,RB10,3,64.8,24.5,0.4,2.96,Peacock eel,Macrognathus siamensis,Macrognathus,100,invasive,1,C,0,18.2,16,NA,2021
2021-04-16T00:00:00Z,17,2021,4,16,RB,RB10,3,64.8,24.5,0.4,2.96,Peacock eel,Macrognathus siamensis,Macrognathus,100,invasive,1,C,0,16.1,15,NA,2021
2021-04-16T00:00:00Z,17,2021,4,16,RB,RB11,1,91,26.2,0.4,3.03,Peacock eel,Macrognathus siamensis,Macrognathus,100,invasive,3,S,0,22.21058823529412,47.654117647058825,NA,2021
2021-04-16T00:00:00Z,17,2021,4,16,RB,RB11,1,91,26.2,0.4,3.03,Peacock eel,Macrognathus siamensis,Macrognathus,100,invasive,1,C,0,21.2,29,NA,2021
2021-04-16T00:00:00Z,17,2021,4,16,RB,RB11,1,91,26.2,0.4,3.03,Peacock eel,Macrognathus siamensis,Macrognathus,100,invasive,1,C,0,21.3,34,NA,2021
2021-04-16T00:00:00Z,17,2021,4,16,RB,RB11,2,93.8,27.7,0.4,3.8,Peacock eel,Macrognathus siamensis,Macrognathus,100,invasive,1,C,0,21,23,NA,2021
2021-04-16T00:00:00Z,17,2021,4,16,RB,RB11,2,93.8,27.7,0.4,3.8,Peacock eel,Macrognathus siamensis,Macrognathus,100,invasive,1,C,0,22.7,51.1,NA,2021
2021-04-16T00:00:00Z,17,2021,4,16,RB,RB11,2,93.8,27.7,0.4,3.8,Peacock eel,Macrognathus siamensis,Macrognathus,100,invasive,1,C,0,19.7,24,NA,2021
2021-04-16T00:00:00Z,17,2021,4,16,RB,RB11,3,72.7,28,0.4,3.98,Peacock eel,Macrognathus siamensis,Macrognathus,100,invasive,2,S,0,22.21058823529412,47.654117647058825,NA,2021
2021-04-16T00:00:00Z,17,2021,4,16,RB,RB11,3,72.7,28,0.4,3.98,Peacock eel,Macrognathus siamensis,Macrognathus,100,invasive,1,C,0,18.4,24,NA,2021
2021-04-16T00:00:00Z,17,2021,4,16,RB,RB11,3,72.7,28,0.4,3.98,Peacock eel,Macrognathus siamensis,Macrognathus,100,invasive,1,C,0,18.6,20,NA,2021
2021-04-16T00:00:00Z,17,2021,4,16,RB,RB11,3,72.7,28,0.4,3.98,Peacock eel,Macrognathus siamensis,Macrognathus,100,invasive,1,C,0,18.6,22,NA,2021
2021-04-17T00:00:00Z,17,2021,4,17,RB,RB13,1,103,26.2,0.4,3.61,Peacock eel,Macrognathus siamensis,Macrognathus,100,invasive,1,C,0,21.2,38,NA,2021
2021-04-17T00:00:00Z,17,2021,4,17,RB,RB13,2,94.7,26.3,0.4,3.42,Peacock eel,Macrognathus siamensis,Macrognathus,100,invasive,4,S,0,22.21058823529412,47.654117647058825,NA,2021
2021-04-17T00:00:00Z,17,2021,4,17,RB,RB13,2,94.7,26.3,0.4,3.42,Peacock eel,Macrognathus siamensis,Macrognathus,100,invasive,1,C,0,18.1,21,NA,2021
2021-04-17T00:00:00Z,17,2021,4,17,RB,RB13,3,95,26.4,0.4,3.21,Peacock eel,Macrognathus siamensis,Macrognathus,100,invasive,3,S,0,22.21058823529412,47.654117647058825,NA,2021
2021-04-17T00:00:00Z,17,2021,4,17,RB,RB13,3,95,26.4,0.4,3.21,Peacock eel,Macrognathus siamensis,Macrognathus,100,invasive,1,C,0,23.5,59,NA,2021
2021-04-17T00:00:00Z,17,2021,4,17,RB,RB13,3,95,26.4,0.4,3.21,Peacock eel,Macrognathus siamensis,Macrognathus,100,invasive,1,C,0,21.3,35,NA,2021
2021-04-17T00:00:00Z,17,2021,4,17,RB,RB13,3,95,26.4,0.4,3.21,Peacock eel,Macrognathus siamensis,Macrognathus,100,invasive,1,C,0,24.5,71,NA,2021
2021-04-16T00:00:00Z,17,2021,4,16,RB,RB8,1,69,26.9,0.4,3.77,Peacock eel,Macrognathus siamensis,Macrognathus,100,invasive,16,S,0,22.21058823529412,47.654117647058825,NA,2021
2021-04-16T00:00:00Z,17,2021,4,16,RB,RB8,1,69,26.9,0.4,3.77,Peacock eel,Macrognathus siamensis,Macrognathus,100,invasive,1,C,0,23.6,56,NA,2021
2021-04-16T00:00:00Z,17,2021,4,16,RB,RB8,1,69,26.9,0.4,3.77,Peacock eel,Macrognathus siamensis,Macrognathus,100,invasive,1,C,0,23.5,54,NA,2021
2021-04-16T00:00:00Z,17,2021,4,16,RB,RB8,1,69,26.9,0.4,3.77,Peacock eel,Macrognathus siamensis,Macrognathus,100,invasive,1,C,0,22.4,41,NA,2021
2021-04-16T00:00:00Z,17,2021,4,16,RB,RB8,1,69,26.9,0.4,3.77,Peacock eel,Macrognathus siamensis,Macrognathus,100,invasive,1,C,0,22.3,52,NA,2021
2021-04-16T00:00:00Z,17,2021,4,16,RB,RB8,1,69,26.9,0.4,3.77,Peacock eel,Macrognathus siamensis,Macrognathus,100,invasive,1,C,0,25.5,71,NA,2021
2021-04-16T00:00:00Z,17,2021,4,16,RB,RB8,1,69,26.9,0.4,3.77,Peacock eel,Macrognathus siamensis,Macrognathus,100,invasive,1,C,0,23.8,50,NA,2021
2021-04-16T00:00:00Z,17,2021,4,16,RB,RB8,1,69,26.9,0.4,3.77,Peacock eel,Macrognathus siamensis,Macrognathus,100,invasive,1,C,0,22.5,56,NA,2021
2021-04-16T00:00:00Z,17,2021,4,16,RB,RB8,1,69,26.9,0.4,3.77,Peacock eel,Macrognathus siamensis,Macrognathus,100,invasive,1,C,0,22.5,35,NA,2021
2021-04-16T00:00:00Z,17,2021,4,16,RB,RB8,1,69,26.9,0.4,3.77,Peacock eel,Macrognathus siamensis,Macrognathus,100,invasive,1,C,0,24.6,64,NA,2021
2021-04-16T00:00:00Z,17,2021,4,16,RB,RB8,1,69,26.9,0.4,3.77,Peacock eel,Macrognathus siamensis,Macrognathus,100,invasive,1,C,0,23.8,45,NA,2021
2021-04-16T00:00:00Z,17,2021,4,16,RB,RB8,1,69,26.9,0.4,3.77,Peacock eel,Macrognathus siamensis,Macrognathus,100,invasive,1,C,0,21.5,43,NA,2021
2021-04-16T00:00:00Z,17,2021,4,16,RB,RB8,1,69,26.9,0.4,3.77,Peacock eel,Macrognathus siamensis,Macrognathus,100,invasive,1,C,0,20.6,23,NA,2021
2021-04-16T00:00:00Z,17,2021,4,16,RB,RB8,1,69,26.9,0.4,3.77,Peacock eel,Macrognathus siamensis,Macrognathus,100,invasive,1,C,0,21.1,41,NA,2021
2021-04-16T00:00:00Z,17,2021,4,16,RB,RB8,1,69,26.9,0.4,3.77,Peacock eel,Macrognathus siamensis,Macrognathus,100,invasive,1,C,0,21.5,44,NA,2021
2021-04-16T00:00:00Z,17,2021,4,16,RB,RB8,1,69,26.9,0.4,3.77,Peacock eel,Macrognathus siamensis,Macrognathus,100,invasive,1,C,0,21.5,42,NA,2021
2021-04-16T00:00:00Z,17,2021,4,16,RB,RB8,1,69,26.9,0.4,3.77,Peacock eel,Macrognathus siamensis,Macrognathus,100,invasive,1,C,0,20.7,37,NA,2021
2021-04-16T00:00:00Z,17,2021,4,16,RB,RB8,1,69,26.9,0.4,3.77,Peacock eel,Macrognathus siamensis,Macrognathus,100,invasive,1,C,0,23.3,57,NA,2021
2021-04-16T00:00:00Z,17,2021,4,16,RB,RB8,1,69,26.9,0.4,3.77,Peacock eel,Macrognathus siamensis,Macrognathus,100,invasive,1,C,0,20.9,38,NA,2021
2021-04-16T00:00:00Z,17,2021,4,16,RB,RB8,1,69,26.9,0.4,3.77,Peacock eel,Macrognathus siamensis,Macrognathus,100,invasive,1,C,0,21.3,41,NA,2021
2021-04-16T00:00:00Z,17,2021,4,16,RB,RB8,1,69,26.9,0.4,3.77,Peacock eel,Macrognathus siamensis,Macrognathus,100,invasive,1,C,0,21.9,36,NA,2021
2021-04-16T00:00:00Z,17,2021,4,16,RB,RB8,1,69,26.9,0.4,3.77,Peacock eel,Macrognathus siamensis,Macrognathus,100,invasive,1,C,0,23,43,NA,2021
2021-04-16T00:00:00Z,17,2021,4,16,RB,RB8,1,69,26.9,0.4,3.77,Peacock eel,Macrognathus siamensis,Macrognathus,100,invasive,1,C,0,22.6,56,NA,2021
2021-04-16T00:00:00Z,17,2021,4,16,RB,RB8,1,69,26.9,0.4,3.77,Peacock eel,Macrognathus siamensis,Macrognathus,100,invasive,1,C,0,25.5,64,NA,2021
2021-04-16T00:00:00Z,17,2021,4,16,RB,RB8,1,69,26.9,0.4,3.77,Peacock eel,Macrognathus siamensis,Macrognathus,100,invasive,1,C,0,21.1,38,NA,2021
2021-04-16T00:00:00Z,17,2021,4,16,RB,RB8,1,69,26.9,0.4,3.77,Peacock eel,Macrognathus siamensis,Macrognathus,100,invasive,1,C,0,23.1,43,NA,2021
2021-04-16T00:00:00Z,17,2021,4,16,RB,RB8,1,69,26.9,0.4,3.77,Peacock eel,Macrognathus siamensis,Macrognathus,100,invasive,1,C,0,22.5,51,NA,2021
2021-04-16T00:00:00Z,17,2021,4,16,RB,RB8,1,69,26.9,0.4,3.77,Peacock eel,Macrognathus siamensis,Macrognathus,100,invasive,1,C,0,22.3,39,NA,2021
2021-04-16T00:00:00Z,17,2021,4,16,RB,RB8,1,69,26.9,0.4,3.77,Peacock eel,Macrognathus siamensis,Macrognathus,100,invasive,1,C,0,25.4,68,NA,2021
2021-04-16T00:00:00Z,17,2021,4,16,RB,RB8,1,69,26.9,0.4,3.77,Peacock eel,Macrognathus siamensis,Macrognathus,100,invasive,1,C,0,25.9,77,NA,2021
2021-04-16T00:00:00Z,17,2021,4,16,RB,RB8,1,69,26.9,0.4,3.77,Peacock eel,Macrognathus siamensis,Macrognathus,100,invasive,1,C,0,23.4,57,NA,2021
2021-04-16T00:00:00Z,17,2021,4,16,RB,RB8,1,69,26.9,0.4,3.77,Peacock eel,Macrognathus siamensis,Macrognathus,100,invasive,1,C,0,22.1,44,NA,2021
2021-04-16T00:00:00Z,17,2021,4,16,RB,RB8,1,69,26.9,0.4,3.77,Peacock eel,Macrognathus siamensis,Macrognathus,100,invasive,1,C,0,24.7,62,NA,2021
2021-04-16T00:00:00Z,17,2021,4,16,RB,RB8,1,69,26.9,0.4,3.77,Peacock eel,Macrognathus siamensis,Macrognathus,100,invasive,1,C,0,21.7,58,NA,2021
2021-04-16T00:00:00Z,17,2021,4,16,RB,RB8,1,69,26.9,0.4,3.77,Peacock eel,Macrognathus siamensis,Macrognathus,100,invasive,1,C,0,22.1,43,NA,2021
2021-04-16T00:00:00Z,17,2021,4,16,RB,RB8,1,69,26.9,0.4,3.77,Peacock eel,Macrognathus siamensis,Macrognathus,100,invasive,1,C,0,22.3,52,NA,2021
2021-04-16T00:00:00Z,17,2021,4,16,RB,RB8,1,69,26.9,0.4,3.77,Peacock eel,Macrognathus siamensis,Macrognathus,100,invasive,1,C,0,26.4,72,NA,2021
2021-04-16T00:00:00Z,17,2021,4,16,RB,RB8,1,69,26.9,0.4,3.77,Peacock eel,Macrognathus siamensis,Macrognathus,100,invasive,1,C,0,25.6,66,NA,2021
2021-04-16T00:00:00Z,17,2021,4,16,RB,RB8,1,69,26.9,0.4,3.77,Peacock eel,Macrognathus siamensis,Macrognathus,100,invasive,1,C,0,22.2,34,NA,2021
2021-04-16T00:00:00Z,17,2021,4,16,RB,RB8,1,69,26.9,0.4,3.77,Peacock eel,Macrognathus siamensis,Macrognathus,100,invasive,1,C,0,20.2,27,NA,2021
2021-04-16T00:00:00Z,17,2021,4,16,RB,RB8,1,69,26.9,0.4,3.77,Peacock eel,Macrognathus siamensis,Macrognathus,100,invasive,1,C,0,23.6,46.1,NA,2021
2021-04-16T00:00:00Z,17,2021,4,16,RB,RB8,1,69,26.9,0.4,3.77,Peacock eel,Macrognathus siamensis,Macrognathus,100,invasive,1,C,0,26.1,71,NA,2021
2021-04-16T00:00:00Z,17,2021,4,16,RB,RB8,1,69,26.9,0.4,3.77,Peacock eel,Macrognathus siamensis,Macrognathus,100,invasive,1,C,0,25.4,67,NA,2021
2021-04-16T00:00:00Z,17,2021,4,16,RB,RB8,1,69,26.9,0.4,3.77,Peacock eel,Macrognathus siamensis,Macrognathus,100,invasive,1,C,0,19.4,23,NA,2021
2021-04-16T00:00:00Z,17,2021,4,16,RB,RB8,1,69,26.9,0.4,3.77,Peacock eel,Macrognathus siamensis,Macrognathus,100,invasive,1,C,0,19.1,18,NA,2021
2021-04-16T00:00:00Z,17,2021,4,16,RB,RB8,1,69,26.9,0.4,3.77,Peacock eel,Macrognathus siamensis,Macrognathus,100,invasive,1,C,0,22.3,47,NA,2021
2021-04-16T00:00:00Z,17,2021,4,16,RB,RB8,1,69,26.9,0.4,3.77,Peacock eel,Macrognathus siamensis,Macrognathus,100,invasive,1,C,0,18.7,30,NA,2021
2021-04-16T00:00:00Z,17,2021,4,16,RB,RB8,1,69,26.9,0.4,3.77,Peacock eel,Macrognathus siamensis,Macrognathus,100,invasive,1,C,0,21.8,34,NA,2021
2021-04-16T00:00:00Z,17,2021,4,16,RB,RB8,1,69,26.9,0.4,3.77,Peacock eel,Macrognathus siamensis,Macrognathus,100,invasive,1,C,0,19.6,27,NA,2021
2021-04-16T00:00:00Z,17,2021,4,16,RB,RB8,1,69,26.9,0.4,3.77,Peacock eel,Macrognathus siamensis,Macrognathus,100,invasive,1,C,0,20.6,43,NA,2021
2021-04-16T00:00:00Z,17,2021,4,16,RB,RB8,1,69,26.9,0.4,3.77,Peacock eel,Macrognathus siamensis,Macrognathus,100,invasive,1,C,0,20.7,25,NA,2021
2021-04-17T00:00:00Z,17,2021,4,17,RB,RB8,2,101,25.6,0.4,3.15,Peacock eel,Macrognathus siamensis,Macrognathus,100,invasive,1,C,0,25.2,54,NA,2021
2021-04-17T00:00:00Z,17,2021,4,17,RB,RB8,2,101,25.6,0.4,3.15,Peacock eel,Macrognathus siamensis,Macrognathus,100,invasive,1,C,0,24.8,64,NA,2021
2021-04-17T00:00:00Z,17,2021,4,17,RB,RB8,2,101,25.6,0.4,3.15,Peacock eel,Macrognathus siamensis,Macrognathus,100,invasive,1,C,0,22,42,NA,2021
2021-04-17T00:00:00Z,17,2021,4,17,RB,RB8,2,101,25.6,0.4,3.15,Peacock eel,Macrognathus siamensis,Macrognathus,100,invasive,1,C,0,24,52,NA,2021
2021-04-17T00:00:00Z,17,2021,4,17,RB,RB8,2,101,25.6,0.4,3.15,Peacock eel,Macrognathus siamensis,Macrognathus,100,invasive,1,C,0,23.5,44,NA,2021
2021-04-17T00:00:00Z,17,2021,4,17,RB,RB8,2,101,25.6,0.4,3.15,Peacock eel,Macrognathus siamensis,Macrognathus,100,invasive,1,C,0,24.1,59,NA,2021
2021-04-17T00:00:00Z,17,2021,4,17,RB,RB8,2,101,25.6,0.4,3.15,Peacock eel,Macrognathus siamensis,Macrognathus,100,invasive,1,C,0,20.5,31,NA,2021
2021-04-17T00:00:00Z,17,2021,4,17,RB,RB8,3,128,25.8,0.4,3.03,Peacock eel,Macrognathus siamensis,Macrognathus,100,invasive,8,S,0,22.21058823529412,47.654117647058825,NA,2021
2021-04-17T00:00:00Z,17,2021,4,17,RB,RB8,3,128,25.8,0.4,3.03,Peacock eel,Macrognathus siamensis,Macrognathus,100,invasive,1,C,0,26.7,82,NA,2021
2021-04-17T00:00:00Z,17,2021,4,17,RB,RB8,3,128,25.8,0.4,3.03,Peacock eel,Macrognathus siamensis,Macrognathus,100,invasive,1,C,0,23.2,98,NA,2021
2021-04-17T00:00:00Z,17,2021,4,17,RB,RB8,3,128,25.8,0.4,3.03,Peacock eel,Macrognathus siamensis,Macrognathus,100,invasive,1,C,0,23.5,47,NA,2021
2021-04-17T00:00:00Z,17,2021,4,17,RB,RB8,3,128,25.8,0.4,3.03,Peacock eel,Macrognathus siamensis,Macrognathus,100,invasive,1,C,0,25,61,NA,2021
2021-04-17T00:00:00Z,17,2021,4,17,RB,RB8,3,128,25.8,0.4,3.03,Peacock eel,Macrognathus siamensis,Macrognathus,100,invasive,1,C,0,21.9,36,NA,2021
2021-04-17T00:00:00Z,17,2021,4,17,RB,RB8,3,128,25.8,0.4,3.03,Peacock eel,Macrognathus siamensis,Macrognathus,100,invasive,1,C,0,21.1,41,NA,2021
2021-04-17T00:00:00Z,17,2021,4,17,RB,RB8,3,128,25.8,0.4,3.03,Peacock eel,Macrognathus siamensis,Macrognathus,100,invasive,1,C,0,21.4,49,NA,2021
2021-04-17T00:00:00Z,17,2021,4,17,RB,RB8,3,128,25.8,0.4,3.03,Peacock eel,Macrognathus siamensis,Macrognathus,100,invasive,1,C,0,26.9,86,NA,2021
2021-04-17T00:00:00Z,17,2021,4,17,RB,RB8,3,128,25.8,0.4,3.03,Peacock eel,Macrognathus siamensis,Macrognathus,100,invasive,1,C,0,25.6,72,NA,2021
2021-04-17T00:00:00Z,17,2021,4,17,RB,RB8,3,128,25.8,0.4,3.03,Peacock eel,Macrognathus siamensis,Macrognathus,100,invasive,1,C,0,23,51,NA,2021
2021-04-17T00:00:00Z,17,2021,4,17,RB,RB8,3,128,25.8,0.4,3.03,Peacock eel,Macrognathus siamensis,Macrognathus,100,invasive,1,C,0,20.5,29,NA,2021
2021-04-17T00:00:00Z,17,2021,4,17,RB,RB8,3,128,25.8,0.4,3.03,Peacock eel,Macrognathus siamensis,Macrognathus,100,invasive,1,C,0,17.5,22,NA,2021
2021-04-17T00:00:00Z,17,2021,4,17,RB,RB8,3,128,25.8,0.4,3.03,Peacock eel,Macrognathus siamensis,Macrognathus,100,invasive,1,C,0,22.2,341,NA,2021
2021-04-17T00:00:00Z,17,2021,4,17,RB,RB8,3,128,25.8,0.4,3.03,Peacock eel,Macrognathus siamensis,Macrognathus,100,invasive,1,C,0,21.2,36,NA,2021
2021-04-17T00:00:00Z,17,2021,4,17,RB,RB8,3,128,25.8,0.4,3.03,Peacock eel,Macrognathus siamensis,Macrognathus,100,invasive,1,C,0,21.8,36,NA,2021
2021-04-17T00:00:00Z,17,2021,4,17,RB,RB8,3,128,25.8,0.4,3.03,Peacock eel,Macrognathus siamensis,Macrognathus,100,invasive,1,C,0,24.5,63,NA,2021
2021-04-17T00:00:00Z,17,2021,4,17,RB,RB8,3,128,25.8,0.4,3.03,Peacock eel,Macrognathus siamensis,Macrognathus,100,invasive,1,C,0,20.8,34,NA,2021
2021-04-17T00:00:00Z,17,2021,4,17,RB,RB8,3,128,25.8,0.4,3.03,Peacock eel,Macrognathus siamensis,Macrognathus,100,invasive,1,C,0,22.3,46,NA,2021
2021-04-17T00:00:00Z,17,2021,4,17,RB,RB8,3,128,25.8,0.4,3.03,Peacock eel,Macrognathus siamensis,Macrognathus,100,invasive,1,C,0,22.5,38,NA,2021
2021-04-17T00:00:00Z,17,2021,4,17,RB,RB8,3,128,25.8,0.4,3.03,Peacock eel,Macrognathus siamensis,Macrognathus,100,invasive,1,C,0,27.9,103,NA,2021
2021-04-17T00:00:00Z,17,2021,4,17,RB,RB8,3,128,25.8,0.4,3.03,Peacock eel,Macrognathus siamensis,Macrognathus,100,invasive,1,C,0,24.3,68,NA,2021
2021-04-17T00:00:00Z,17,2021,4,17,RB,RB8,3,128,25.8,0.4,3.03,Peacock eel,Macrognathus siamensis,Macrognathus,100,invasive,1,C,0,20.6,32,NA,2021
2021-04-17T00:00:00Z,17,2021,4,17,RB,RB8,3,128,25.8,0.4,3.03,Peacock eel,Macrognathus siamensis,Macrognathus,100,invasive,1,C,0,27.1,90,NA,2021
2021-04-17T00:00:00Z,17,2021,4,17,RB,RB8,3,128,25.8,0.4,3.03,Peacock eel,Macrognathus siamensis,Macrognathus,100,invasive,1,C,0,19.5,25,NA,2021
2021-04-17T00:00:00Z,17,2021,4,17,RB,RB8,3,128,25.8,0.4,3.03,Peacock eel,Macrognathus siamensis,Macrognathus,100,invasive,1,C,0,21.3,46,NA,2021
2021-04-17T00:00:00Z,17,2021,4,17,RB,RB8,3,128,25.8,0.4,3.03,Peacock eel,Macrognathus siamensis,Macrognathus,100,invasive,1,C,0,23.4,49,NA,2021
2021-04-17T00:00:00Z,17,2021,4,17,RB,RB8,3,128,25.8,0.4,3.03,Peacock eel,Macrognathus siamensis,Macrognathus,100,invasive,1,C,0,27.7,88,NA,2021
2021-04-17T00:00:00Z,17,2021,4,17,RB,RB8,3,128,25.8,0.4,3.03,Peacock eel,Macrognathus siamensis,Macrognathus,100,invasive,1,C,0,22.6,48,NA,2021
2021-04-17T00:00:00Z,17,2021,4,17,RB,RB8,3,128,25.8,0.4,3.03,Peacock eel,Macrognathus siamensis,Macrognathus,100,invasive,1,C,0,22.7,42,NA,2021
2021-04-17T00:00:00Z,17,2021,4,17,RB,RB8,3,128,25.8,0.4,3.03,Peacock eel,Macrognathus siamensis,Macrognathus,100,invasive,1,C,0,20.2,30,NA,2021
2021-04-17T00:00:00Z,17,2021,4,17,RB,RB8,3,128,25.8,0.4,3.03,Peacock eel,Macrognathus siamensis,Macrognathus,100,invasive,1,C,0,21.3,43,NA,2021
2021-04-16T00:00:00Z,17,2021,4,16,RB,RB9,1,79.7,25,0.4,2.87,Peacock eel,Macrognathus siamensis,Macrognathus,100,invasive,8,S,0,22.21058823529412,47.654117647058825,NA,2021
2021-04-16T00:00:00Z,17,2021,4,16,RB,RB9,1,79.7,25,0.4,2.87,Peacock eel,Macrognathus siamensis,Macrognathus,100,invasive,1,C,0,21.8,46,NA,2021
2021-04-16T00:00:00Z,17,2021,4,16,RB,RB9,1,79.7,25,0.4,2.87,Peacock eel,Macrognathus siamensis,Macrognathus,100,invasive,1,C,0,18.2,25,NA,2021
2021-04-16T00:00:00Z,17,2021,4,16,RB,RB9,1,79.7,25,0.4,2.87,Peacock eel,Macrognathus siamensis,Macrognathus,100,invasive,1,C,0,20.6,34,NA,2021
2021-04-16T00:00:00Z,17,2021,4,16,RB,RB9,1,79.7,25,0.4,2.87,Peacock eel,Macrognathus siamensis,Macrognathus,100,invasive,1,C,0,18.6,26,NA,2021
2021-04-16T00:00:00Z,17,2021,4,16,RB,RB9,1,79.7,25,0.4,2.87,Peacock eel,Macrognathus siamensis,Macrognathus,100,invasive,1,C,0,21.5,52,NA,2021
2021-04-16T00:00:00Z,17,2021,4,16,RB,RB9,1,79.7,25,0.4,2.87,Peacock eel,Macrognathus siamensis,Macrognathus,100,invasive,1,C,0,24.5,72,NA,2021
2021-04-16T00:00:00Z,17,2021,4,16,RB,RB9,1,79.7,25,0.4,2.87,Peacock eel,Macrognathus siamensis,Macrognathus,100,invasive,1,C,0,19.4,28,NA,2021
2021-04-16T00:00:00Z,17,2021,4,16,RB,RB9,1,79.7,25,0.4,2.87,Peacock eel,Macrognathus siamensis,Macrognathus,100,invasive,1,C,0,19.2,22,NA,2021
2021-04-16T00:00:00Z,17,2021,4,16,RB,RB9,1,79.7,25,0.4,2.87,Peacock eel,Macrognathus siamensis,Macrognathus,100,invasive,1,C,0,22.7,46,NA,2021
2021-04-16T00:00:00Z,17,2021,4,16,RB,RB9,1,79.7,25,0.4,2.87,Peacock eel,Macrognathus siamensis,Macrognathus,100,invasive,1,C,0,23.8,56,NA,2021
2021-04-16T00:00:00Z,17,2021,4,16,RB,RB9,1,79.7,25,0.4,2.87,Peacock eel,Macrognathus siamensis,Macrognathus,100,invasive,1,C,0,23.5,54,NA,2021
2021-04-16T00:00:00Z,17,2021,4,16,RB,RB9,1,79.7,25,0.4,2.87,Peacock eel,Macrognathus siamensis,Macrognathus,100,invasive,1,C,0,26.8,86,NA,2021
2021-04-16T00:00:00Z,17,2021,4,16,RB,RB9,1,79.7,25,0.4,2.87,Peacock eel,Macrognathus siamensis,Macrognathus,100,invasive,1,C,0,21.9,44,NA,2021
2021-04-16T00:00:00Z,17,2021,4,16,RB,RB9,1,79.7,25,0.4,2.87,Peacock eel,Macrognathus siamensis,Macrognathus,100,invasive,1,C,0,21.2,41,NA,2021
2021-04-16T00:00:00Z,17,2021,4,16,RB,RB9,1,79.7,25,0.4,2.87,Peacock eel,Macrognathus siamensis,Macrognathus,100,invasive,1,C,0,22.6,51,NA,2021
2021-04-16T00:00:00Z,17,2021,4,16,RB,RB9,1,79.7,25,0.4,2.87,Peacock eel,Macrognathus siamensis,Macrognathus,100,invasive,1,C,0,21.7,40,NA,2021
2021-04-16T00:00:00Z,17,2021,4,16,RB,RB9,2,57.2,25.2,0.4,2.74,Peacock eel,Macrognathus siamensis,Macrognathus,100,invasive,4,S,0,22.21058823529412,47.654117647058825,NA,2021
2021-04-16T00:00:00Z,17,2021,4,16,RB,RB9,2,57.2,25.2,0.4,2.74,Peacock eel,Macrognathus siamensis,Macrognathus,100,invasive,1,C,0,28.8,116,NA,2021
2021-04-16T00:00:00Z,17,2021,4,16,RB,RB9,2,57.2,25.2,0.4,2.74,Peacock eel,Macrognathus siamensis,Macrognathus,100,invasive,1,C,0,25,51,NA,2021
2021-04-16T00:00:00Z,17,2021,4,16,RB,RB9,2,57.2,25.2,0.4,2.74,Peacock eel,Macrognathus siamensis,Macrognathus,100,invasive,1,C,0,20.7,35,NA,2021
2021-04-16T00:00:00Z,17,2021,4,16,RB,RB9,2,57.2,25.2,0.4,2.74,Peacock eel,Macrognathus siamensis,Macrognathus,100,invasive,1,C,0,22.9,51,NA,2021
2021-04-16T00:00:00Z,17,2021,4,16,RB,RB9,2,57.2,25.2,0.4,2.74,Peacock eel,Macrognathus siamensis,Macrognathus,100,invasive,1,C,0,24.8,58,NA,2021
2021-04-16T00:00:00Z,17,2021,4,16,RB,RB9,2,57.2,25.2,0.4,2.74,Peacock eel,Macrognathus siamensis,Macrognathus,100,invasive,1,C,0,20.9,33,NA,2021
2021-04-16T00:00:00Z,17,2021,4,16,RB,RB9,2,57.2,25.2,0.4,2.74,Peacock eel,Macrognathus siamensis,Macrognathus,100,invasive,1,C,0,22.6,39,NA,2021
2021-04-16T00:00:00Z,17,2021,4,16,RB,RB9,2,57.2,25.2,0.4,2.74,Peacock eel,Macrognathus siamensis,Macrognathus,100,invasive,1,C,0,22.9,51,NA,2021
2021-04-16T00:00:00Z,17,2021,4,16,RB,RB9,2,57.2,25.2,0.4,2.74,Peacock eel,Macrognathus siamensis,Macrognathus,100,invasive,1,C,0,21.2,36,NA,2021
2021-04-16T00:00:00Z,17,2021,4,16,RB,RB9,2,57.2,25.2,0.4,2.74,Peacock eel,Macrognathus siamensis,Macrognathus,100,invasive,1,C,0,21.1,41,NA,2021
2021-04-16T00:00:00Z,17,2021,4,16,RB,RB9,2,57.2,25.2,0.4,2.74,Peacock eel,Macrognathus siamensis,Macrognathus,100,invasive,1,C,0,20.4,32,NA,2021
2021-04-16T00:00:00Z,17,2021,4,16,RB,RB9,2,57.2,25.2,0.4,2.74,Peacock eel,Macrognathus siamensis,Macrognathus,100,invasive,1,C,0,18.1,25,NA,2021
2021-04-16T00:00:00Z,17,2021,4,16,RB,RB9,3,77.4,25.8,0.4,3.16,Peacock eel,Macrognathus siamensis,Macrognathus,100,invasive,3,S,0,22.21058823529412,47.654117647058825,NA,2021
2021-04-16T00:00:00Z,17,2021,4,16,RB,RB9,3,77.4,25.8,0.4,3.16,Peacock eel,Macrognathus siamensis,Macrognathus,100,invasive,1,C,0,23.5,53,NA,2021
2021-04-16T00:00:00Z,17,2021,4,16,RB,RB9,3,77.4,25.8,0.4,3.16,Peacock eel,Macrognathus siamensis,Macrognathus,100,invasive,1,C,0,20.8,32,NA,2021
2021-04-16T00:00:00Z,17,2021,4,16,RB,RB9,3,77.4,25.8,0.4,3.16,Peacock eel,Macrognathus siamensis,Macrognathus,100,invasive,1,C,0,19.7,36,NA,2021
2021-04-16T00:00:00Z,17,2021,4,16,RB,RB9,3,77.4,25.8,0.4,3.16,Peacock eel,Macrognathus siamensis,Macrognathus,100,invasive,1,C,0,25,64,NA,2021
2021-04-16T00:00:00Z,17,2021,4,16,RB,RB9,3,77.4,25.8,0.4,3.16,Peacock eel,Macrognathus siamensis,Macrognathus,100,invasive,1,C,0,25.8,66,NA,2021
2021-04-16T00:00:00Z,17,2021,4,16,RB,RB9,3,77.4,25.8,0.4,3.16,Peacock eel,Macrognathus siamensis,Macrognathus,100,invasive,1,C,0,20.9,35,NA,2021
2021-04-16T00:00:00Z,17,2021,4,16,RB,RB9,3,77.4,25.8,0.4,3.16,Peacock eel,Macrognathus siamensis,Macrognathus,100,invasive,1,C,0,21.7,36,NA,2021
2021-04-16T00:00:00Z,17,2021,4,16,RB,RB9,3,77.4,25.8,0.4,3.16,Peacock eel,Macrognathus siamensis,Macrognathus,100,invasive,1,C,0,20.8,36,NA,2021
2021-04-16T00:00:00Z,17,2021,4,16,RB,RB9,3,77.4,25.8,0.4,3.16,Peacock eel,Macrognathus siamensis,Macrognathus,100,invasive,1,C,0,19.9,31,NA,2021
2021-04-16T00:00:00Z,17,2021,4,16,RB,RB9,3,77.4,25.8,0.4,3.16,Peacock eel,Macrognathus siamensis,Macrognathus,100,invasive,1,C,0,22.9,46,NA,2021
2021-04-16T00:00:00Z,17,2021,4,16,RB,RB9,3,77.4,25.8,0.4,3.16,Peacock eel,Macrognathus siamensis,Macrognathus,100,invasive,1,C,0,21.8,36,NA,2021
2021-04-16T00:00:00Z,17,2021,4,16,RB,RB9,3,77.4,25.8,0.4,3.16,Peacock eel,Macrognathus siamensis,Macrognathus,100,invasive,1,C,0,19.9,27,NA,2021
2021-04-16T00:00:00Z,17,2021,4,16,RB,RB9,3,77.4,25.8,0.4,3.16,Peacock eel,Macrognathus siamensis,Macrognathus,100,invasive,1,C,0,23.9,54,NA,2021
2021-04-16T00:00:00Z,17,2021,4,16,RB,RB9,3,77.4,25.8,0.4,3.16,Peacock eel,Macrognathus siamensis,Macrognathus,100,invasive,1,C,0,23.8,56,NA,2021
2021-04-16T00:00:00Z,17,2021,4,16,RB,RB9,3,77.4,25.8,0.4,3.16,Peacock eel,Macrognathus siamensis,Macrognathus,100,invasive,1,C,0,22.4,43,NA,2021
2021-04-16T00:00:00Z,17,2021,4,16,RB,RB9,3,77.4,25.8,0.4,3.16,Peacock eel,Macrognathus siamensis,Macrognathus,100,invasive,1,C,0,20.7,25,NA,2021
2021-05-22T00:00:00Z,17,2021,5,22,RB,RB10,1,85.3,24,0.5,2.59,Peacock eel,Macrognathus siamensis,Macrognathus,100,invasive,7,S,0,20.784322033898302,36.70762711864407,NA,2021
2021-05-22T00:00:00Z,17,2021,5,22,RB,RB10,1,85.3,24,0.5,2.59,Peacock eel,Macrognathus siamensis,Macrognathus,100,invasive,1,C,0,25.5,73,NA,2021
2021-05-22T00:00:00Z,17,2021,5,22,RB,RB10,1,85.3,24,0.5,2.59,Peacock eel,Macrognathus siamensis,Macrognathus,100,invasive,1,C,0,21.6,41,NA,2021
2021-05-22T00:00:00Z,17,2021,5,22,RB,RB10,1,85.3,24,0.5,2.59,Peacock eel,Macrognathus siamensis,Macrognathus,100,invasive,1,C,0,22.7,42,NA,2021
2021-05-22T00:00:00Z,17,2021,5,22,RB,RB10,1,85.3,24,0.5,2.59,Peacock eel,Macrognathus siamensis,Macrognathus,100,invasive,1,C,0,19.6,29,NA,2021
2021-05-22T00:00:00Z,17,2021,5,22,RB,RB10,1,85.3,24,0.5,2.59,Peacock eel,Macrognathus siamensis,Macrognathus,100,invasive,1,C,0,22.4,51,NA,2021
2021-05-22T00:00:00Z,17,2021,5,22,RB,RB10,1,85.3,24,0.5,2.59,Peacock eel,Macrognathus siamensis,Macrognathus,100,invasive,1,C,0,23.6,53,NA,2021
2021-05-22T00:00:00Z,17,2021,5,22,RB,RB10,1,85.3,24,0.5,2.59,Peacock eel,Macrognathus siamensis,Macrognathus,100,invasive,1,C,0,19.7,26,NA,2021
2021-05-22T00:00:00Z,17,2021,5,22,RB,RB10,1,85.3,24,0.5,2.59,Peacock eel,Macrognathus siamensis,Macrognathus,100,invasive,1,C,0,17.6,20,NA,2021
2021-05-22T00:00:00Z,17,2021,5,22,RB,RB10,1,85.3,24,0.5,2.59,Peacock eel,Macrognathus siamensis,Macrognathus,100,invasive,1,C,0,25.9,78,NA,2021
2021-05-22T00:00:00Z,17,2021,5,22,RB,RB10,1,85.3,24,0.5,2.59,Peacock eel,Macrognathus siamensis,Macrognathus,100,invasive,1,C,0,22.6,44,NA,2021
2021-05-22T00:00:00Z,17,2021,5,22,RB,RB10,1,85.3,24,0.5,2.59,Peacock eel,Macrognathus siamensis,Macrognathus,100,invasive,1,C,0,19.1,18,NA,2021
2021-05-22T00:00:00Z,17,2021,5,22,RB,RB10,2,74.6,24.3,0.5,2.92,Peacock eel,Macrognathus siamensis,Macrognathus,100,invasive,14,S,0,20.784322033898302,36.70762711864407,NA,2021
2021-05-22T00:00:00Z,17,2021,5,22,RB,RB10,2,74.6,24.3,0.5,2.92,Peacock eel,Macrognathus siamensis,Macrognathus,100,invasive,1,C,0,20.6,40,NA,2021
2021-05-22T00:00:00Z,17,2021,5,22,RB,RB10,2,74.6,24.3,0.5,2.92,Peacock eel,Macrognathus siamensis,Macrognathus,100,invasive,1,C,0,21.8,48,NA,2021
2021-05-22T00:00:00Z,17,2021,5,22,RB,RB10,2,74.6,24.3,0.5,2.92,Peacock eel,Macrognathus siamensis,Macrognathus,100,invasive,1,C,0,21.7,54,NA,2021
2021-05-22T00:00:00Z,17,2021,5,22,RB,RB10,2,74.6,24.3,0.5,2.92,Peacock eel,Macrognathus siamensis,Macrognathus,100,invasive,1,C,0,20.5,58,NA,2021
2021-05-22T00:00:00Z,17,2021,5,22,RB,RB10,2,74.6,24.3,0.5,2.92,Peacock eel,Macrognathus siamensis,Macrognathus,100,invasive,1,C,0,22.3,42,NA,2021
2021-05-22T00:00:00Z,17,2021,5,22,RB,RB10,2,74.6,24.3,0.5,2.92,Peacock eel,Macrognathus siamensis,Macrognathus,100,invasive,1,C,0,19.8,44,NA,2021
2021-05-22T00:00:00Z,17,2021,5,22,RB,RB10,2,74.6,24.3,0.5,2.92,Peacock eel,Macrognathus siamensis,Macrognathus,100,invasive,1,C,0,25.5,72,NA,2021
2021-05-22T00:00:00Z,17,2021,5,22,RB,RB10,2,74.6,24.3,0.5,2.92,Peacock eel,Macrognathus siamensis,Macrognathus,100,invasive,1,C,0,18.7,25,NA,2021
2021-05-22T00:00:00Z,17,2021,5,22,RB,RB10,2,74.6,24.3,0.5,2.92,Peacock eel,Macrognathus siamensis,Macrognathus,100,invasive,1,C,0,18.9,28,NA,2021
2021-05-22T00:00:00Z,17,2021,5,22,RB,RB10,2,74.6,24.3,0.5,2.92,Peacock eel,Macrognathus siamensis,Macrognathus,100,invasive,1,C,0,20.9,43,NA,2021
2021-05-22T00:00:00Z,17,2021,5,22,RB,RB10,2,74.6,24.3,0.5,2.92,Peacock eel,Macrognathus siamensis,Macrognathus,100,invasive,1,C,0,18.2,25,NA,2021
2021-05-22T00:00:00Z,17,2021,5,22,RB,RB10,2,74.6,24.3,0.5,2.92,Peacock eel,Macrognathus siamensis,Macrognathus,100,invasive,1,C,0,20.5,32,NA,2021
2021-05-22T00:00:00Z,17,2021,5,22,RB,RB10,2,74.6,24.3,0.5,2.92,Peacock eel,Macrognathus siamensis,Macrognathus,100,invasive,1,C,0,19.2,26,NA,2021
2021-05-22T00:00:00Z,17,2021,5,22,RB,RB10,2,74.6,24.3,0.5,2.92,Peacock eel,Macrognathus siamensis,Macrognathus,100,invasive,1,C,0,21.9,44,NA,2021
2021-05-22T00:00:00Z,17,2021,5,22,RB,RB10,2,74.6,24.3,0.5,2.92,Peacock eel,Macrognathus siamensis,Macrognathus,100,invasive,1,C,0,21.6,38,NA,2021
2021-05-22T00:00:00Z,17,2021,5,22,RB,RB10,2,74.6,24.3,0.5,2.92,Peacock eel,Macrognathus siamensis,Macrognathus,100,invasive,1,C,0,20.1,36,NA,2021
2021-05-22T00:00:00Z,17,2021,5,22,RB,RB10,2,74.6,24.3,0.5,2.92,Peacock eel,Macrognathus siamensis,Macrognathus,100,invasive,1,C,0,20.3,32,NA,2021
2021-05-22T00:00:00Z,17,2021,5,22,RB,RB10,2,74.6,24.3,0.5,2.92,Peacock eel,Macrognathus siamensis,Macrognathus,100,invasive,1,C,0,19.5,21,NA,2021
2021-05-22T00:00:00Z,17,2021,5,22,RB,RB10,3,77.3,24.8,0.5,2.87,Peacock eel,Macrognathus siamensis,Macrognathus,100,invasive,6,S,0,20.784322033898302,36.70762711864407,NA,2021
2021-05-22T00:00:00Z,17,2021,5,22,RB,RB10,3,77.3,24.8,0.5,2.87,Peacock eel,Macrognathus siamensis,Macrognathus,100,invasive,1,C,0,21,26,NA,2021
2021-05-22T00:00:00Z,17,2021,5,22,RB,RB10,3,77.3,24.8,0.5,2.87,Peacock eel,Macrognathus siamensis,Macrognathus,100,invasive,1,C,0,19.7,16,NA,2021
2021-05-22T00:00:00Z,17,2021,5,22,RB,RB10,3,77.3,24.8,0.5,2.87,Peacock eel,Macrognathus siamensis,Macrognathus,100,invasive,1,C,0,23.7,48,NA,2021
2021-05-22T00:00:00Z,17,2021,5,22,RB,RB10,3,77.3,24.8,0.5,2.87,Peacock eel,Macrognathus siamensis,Macrognathus,100,invasive,1,C,0,25.5,63,NA,2021
2021-05-22T00:00:00Z,17,2021,5,22,RB,RB10,3,77.3,24.8,0.5,2.87,Peacock eel,Macrognathus siamensis,Macrognathus,100,invasive,1,C,0,19.4,20,NA,2021
2021-05-22T00:00:00Z,17,2021,5,22,RB,RB10,3,77.3,24.8,0.5,2.87,Peacock eel,Macrognathus siamensis,Macrognathus,100,invasive,1,C,0,17.9,16,NA,2021
2021-05-22T00:00:00Z,17,2021,5,22,RB,RB10,3,77.3,24.8,0.5,2.87,Peacock eel,Macrognathus siamensis,Macrognathus,100,invasive,1,C,0,19.3,21,NA,2021
2021-05-22T00:00:00Z,17,2021,5,22,RB,RB10,3,77.3,24.8,0.5,2.87,Peacock eel,Macrognathus siamensis,Macrognathus,100,invasive,1,C,0,18.7,17,NA,2021
2021-05-22T00:00:00Z,17,2021,5,22,RB,RB10,3,77.3,24.8,0.5,2.87,Peacock eel,Macrognathus siamensis,Macrognathus,100,invasive,1,C,0,21,27,NA,2021
2021-05-22T00:00:00Z,17,2021,5,22,RB,RB10,3,77.3,24.8,0.5,2.87,Peacock eel,Macrognathus siamensis,Macrognathus,100,invasive,1,C,0,17.7,12,NA,2021
2021-05-22T00:00:00Z,17,2021,5,22,RB,RB10,3,77.3,24.8,0.5,2.87,Peacock eel,Macrognathus siamensis,Macrognathus,100,invasive,1,C,0,18.1,15,NA,2021
2021-05-22T00:00:00Z,17,2021,5,22,RB,RB10,3,77.3,24.8,0.5,2.87,Peacock eel,Macrognathus siamensis,Macrognathus,100,invasive,1,C,0,18,11,NA,2021
2021-05-22T00:00:00Z,17,2021,5,22,RB,RB10,3,77.3,24.8,0.5,2.87,Peacock eel,Macrognathus siamensis,Macrognathus,100,invasive,1,C,0,17.7,15,NA,2021
2021-05-22T00:00:00Z,17,2021,5,22,RB,RB10,3,77.3,24.8,0.5,2.87,Peacock eel,Macrognathus siamensis,Macrognathus,100,invasive,1,C,0,19,24,NA,2021
2021-05-22T00:00:00Z,17,2021,5,22,RB,RB10,3,77.3,24.8,0.5,2.87,Peacock eel,Macrognathus siamensis,Macrognathus,100,invasive,1,C,0,17.9,23,NA,2021
2021-05-22T00:00:00Z,17,2021,5,22,RB,RB10,3,77.3,24.8,0.5,2.87,Peacock eel,Macrognathus siamensis,Macrognathus,100,invasive,1,C,0,18.5,26,NA,2021
2021-05-22T00:00:00Z,17,2021,5,22,RB,RB11,1,91.5,26.5,0.5,4.21,Peacock eel,Macrognathus siamensis,Macrognathus,100,invasive,3,S,0,20.784322033898302,36.70762711864407,NA,2021
2021-05-22T00:00:00Z,17,2021,5,22,RB,RB11,1,91.5,26.5,0.5,4.21,Peacock eel,Macrognathus siamensis,Macrognathus,100,invasive,1,C,0,21.6,44,NA,2021
2021-05-22T00:00:00Z,17,2021,5,22,RB,RB11,2,103.1,26.3,0.5,3.37,Peacock eel,Macrognathus siamensis,Macrognathus,100,invasive,1,C,0,22.6,40,NA,2021
2021-05-22T00:00:00Z,17,2021,5,22,RB,RB11,2,103.1,26.3,0.5,3.37,Peacock eel,Macrognathus siamensis,Macrognathus,100,invasive,1,C,0,20.7,38,NA,2021
2021-05-22T00:00:00Z,17,2021,5,22,RB,RB11,2,103.1,26.3,0.5,3.37,Peacock eel,Macrognathus siamensis,Macrognathus,100,invasive,1,C,0,18.5,21,NA,2021
2021-05-22T00:00:00Z,17,2021,5,22,RB,RB11,2,103.1,26.3,0.5,3.37,Peacock eel,Macrognathus siamensis,Macrognathus,100,invasive,1,C,0,17.4,15,NA,2021
2021-05-22T00:00:00Z,17,2021,5,22,RB,RB11,3,49.3,26.1,0.4,3.2,Peacock eel,Macrognathus siamensis,Macrognathus,100,invasive,46,S,0,20.784322033898302,36.70762711864407,NA,2021
2021-05-22T00:00:00Z,17,2021,5,22,RB,RB11,3,49.3,26.1,0.4,3.2,Peacock eel,Macrognathus siamensis,Macrognathus,100,invasive,1,C,0,24.4,57,NA,2021
2021-05-22T00:00:00Z,17,2021,5,22,RB,RB11,3,49.3,26.1,0.4,3.2,Peacock eel,Macrognathus siamensis,Macrognathus,100,invasive,1,C,0,22.2,43,NA,2021
2021-05-22T00:00:00Z,17,2021,5,22,RB,RB11,3,49.3,26.1,0.4,3.2,Peacock eel,Macrognathus siamensis,Macrognathus,100,invasive,1,C,0,20.5,32,NA,2021
2021-05-22T00:00:00Z,17,2021,5,22,RB,RB11,3,49.3,26.1,0.4,3.2,Peacock eel,Macrognathus siamensis,Macrognathus,100,invasive,1,C,0,19.8,29,NA,2021
2021-05-22T00:00:00Z,17,2021,5,22,RB,RB11,3,49.3,26.1,0.4,3.2,Peacock eel,Macrognathus siamensis,Macrognathus,100,invasive,1,C,0,22.5,49,NA,2021
2021-05-22T00:00:00Z,17,2021,5,22,RB,RB11,3,49.3,26.1,0.4,3.2,Peacock eel,Macrognathus siamensis,Macrognathus,100,invasive,1,C,0,21,30,NA,2021
2021-05-22T00:00:00Z,17,2021,5,22,RB,RB11,3,49.3,26.1,0.4,3.2,Peacock eel,Macrognathus siamensis,Macrognathus,100,invasive,1,C,0,17.5,16,NA,2021
2021-05-22T00:00:00Z,17,2021,5,22,RB,RB11,3,49.3,26.1,0.4,3.2,Peacock eel,Macrognathus siamensis,Macrognathus,100,invasive,1,C,0,20.5,32,NA,2021
2021-05-22T00:00:00Z,17,2021,5,22,RB,RB11,3,49.3,26.1,0.4,3.2,Peacock eel,Macrognathus siamensis,Macrognathus,100,invasive,1,C,0,18.5,22,NA,2021
2021-05-22T00:00:00Z,17,2021,5,22,RB,RB11,3,49.3,26.1,0.4,3.2,Peacock eel,Macrognathus siamensis,Macrognathus,100,invasive,1,C,0,20.4,35,NA,2021
2021-05-22T00:00:00Z,17,2021,5,22,RB,RB11,3,49.3,26.1,0.4,3.2,Peacock eel,Macrognathus siamensis,Macrognathus,100,invasive,1,C,0,22.3,42,NA,2021
2021-05-22T00:00:00Z,17,2021,5,22,RB,RB11,3,49.3,26.1,0.4,3.2,Peacock eel,Macrognathus siamensis,Macrognathus,100,invasive,1,C,0,22.5,42,NA,2021
2021-05-22T00:00:00Z,17,2021,5,22,RB,RB11,3,49.3,26.1,0.4,3.2,Peacock eel,Macrognathus siamensis,Macrognathus,100,invasive,1,C,0,23.1,50,NA,2021
2021-05-22T00:00:00Z,17,2021,5,22,RB,RB11,3,49.3,26.1,0.4,3.2,Peacock eel,Macrognathus siamensis,Macrognathus,100,invasive,1,C,0,19.7,31,NA,2021
2021-05-22T00:00:00Z,17,2021,5,22,RB,RB11,3,49.3,26.1,0.4,3.2,Peacock eel,Macrognathus siamensis,Macrognathus,100,invasive,1,C,0,22.8,42,NA,2021
2021-05-22T00:00:00Z,17,2021,5,22,RB,RB11,3,49.3,26.1,0.4,3.2,Peacock eel,Macrognathus siamensis,Macrognathus,100,invasive,1,C,0,21.4,40,NA,2021
2021-05-22T00:00:00Z,17,2021,5,22,RB,RB11,3,49.3,26.1,0.4,3.2,Peacock eel,Macrognathus siamensis,Macrognathus,100,invasive,1,C,0,20.1,34,NA,2021
2021-05-22T00:00:00Z,17,2021,5,22,RB,RB11,3,49.3,26.1,0.4,3.2,Peacock eel,Macrognathus siamensis,Macrognathus,100,invasive,1,C,0,21,35,NA,2021
2021-05-22T00:00:00Z,17,2021,5,22,RB,RB11,3,49.3,26.1,0.4,3.2,Peacock eel,Macrognathus siamensis,Macrognathus,100,invasive,1,C,0,20.7,32,NA,2021
2021-05-22T00:00:00Z,17,2021,5,22,RB,RB11,3,49.3,26.1,0.4,3.2,Peacock eel,Macrognathus siamensis,Macrognathus,100,invasive,1,C,0,27.3,81,NA,2021
2021-05-22T00:00:00Z,17,2021,5,22,RB,RB11,3,49.3,26.1,0.4,3.2,Peacock eel,Macrognathus siamensis,Macrognathus,100,invasive,1,C,0,19.6,30,NA,2021
2021-05-22T00:00:00Z,17,2021,5,22,RB,RB11,3,49.3,26.1,0.4,3.2,Peacock eel,Macrognathus siamensis,Macrognathus,100,invasive,1,C,0,18.3,21,NA,2021
2021-05-22T00:00:00Z,17,2021,5,22,RB,RB11,3,49.3,26.1,0.4,3.2,Peacock eel,Macrognathus siamensis,Macrognathus,100,invasive,1,C,0,19.4,24,NA,2021
2021-05-22T00:00:00Z,17,2021,5,22,RB,RB11,3,49.3,26.1,0.4,3.2,Peacock eel,Macrognathus siamensis,Macrognathus,100,invasive,1,C,0,16.5,14,NA,2021
2021-05-22T00:00:00Z,17,2021,5,22,RB,RB11,3,49.3,26.1,0.4,3.2,Peacock eel,Macrognathus siamensis,Macrognathus,100,invasive,1,C,0,20.7,33,NA,2021
2021-05-22T00:00:00Z,17,2021,5,22,RB,RB11,3,49.3,26.1,0.4,3.2,Peacock eel,Macrognathus siamensis,Macrognathus,100,invasive,1,C,0,19,24,NA,2021
2021-05-22T00:00:00Z,17,2021,5,22,RB,RB11,3,49.3,26.1,0.4,3.2,Peacock eel,Macrognathus siamensis,Macrognathus,100,invasive,1,C,0,20.1,28,NA,2021
2021-05-22T00:00:00Z,17,2021,5,22,RB,RB11,3,49.3,26.1,0.4,3.2,Peacock eel,Macrognathus siamensis,Macrognathus,100,invasive,1,C,0,19.9,33,NA,2021
2021-05-22T00:00:00Z,17,2021,5,22,RB,RB11,3,49.3,26.1,0.4,3.2,Peacock eel,Macrognathus siamensis,Macrognathus,100,invasive,1,C,0,17.9,18,NA,2021
2021-05-22T00:00:00Z,17,2021,5,22,RB,RB11,3,49.3,26.1,0.4,3.2,Peacock eel,Macrognathus siamensis,Macrognathus,100,invasive,1,C,0,19.2,23,NA,2021
2021-05-22T00:00:00Z,17,2021,5,22,RB,RB11,3,49.3,26.1,0.4,3.2,Peacock eel,Macrognathus siamensis,Macrognathus,100,invasive,1,C,0,20.4,37,NA,2021
2021-05-22T00:00:00Z,17,2021,5,22,RB,RB11,3,49.3,26.1,0.4,3.2,Peacock eel,Macrognathus siamensis,Macrognathus,100,invasive,1,C,0,20,32,NA,2021
2021-05-22T00:00:00Z,17,2021,5,22,RB,RB11,3,49.3,26.1,0.4,3.2,Peacock eel,Macrognathus siamensis,Macrognathus,100,invasive,1,C,0,20.7,36,NA,2021
2021-05-22T00:00:00Z,17,2021,5,22,RB,RB11,3,49.3,26.1,0.4,3.2,Peacock eel,Macrognathus siamensis,Macrognathus,100,invasive,1,C,0,17.6,15,NA,2021
2021-05-22T00:00:00Z,17,2021,5,22,RB,RB11,3,49.3,26.1,0.4,3.2,Peacock eel,Macrognathus siamensis,Macrognathus,100,invasive,1,C,0,18,22,NA,2021
2021-05-22T00:00:00Z,17,2021,5,22,RB,RB11,3,49.3,26.1,0.4,3.2,Peacock eel,Macrognathus siamensis,Macrognathus,100,invasive,1,C,0,19.5,30,NA,2021
2021-05-22T00:00:00Z,17,2021,5,22,RB,RB11,3,49.3,26.1,0.4,3.2,Peacock eel,Macrognathus siamensis,Macrognathus,100,invasive,1,C,0,18.7,25,NA,2021
2021-05-22T00:00:00Z,17,2021,5,22,RB,RB11,3,49.3,26.1,0.4,3.2,Peacock eel,Macrognathus siamensis,Macrognathus,100,invasive,1,C,0,18.2,17,NA,2021
2021-05-22T00:00:00Z,17,2021,5,22,RB,RB11,3,49.3,26.1,0.4,3.2,Peacock eel,Macrognathus siamensis,Macrognathus,100,invasive,1,C,0,23.6,51,NA,2021
2021-05-22T00:00:00Z,17,2021,5,22,RB,RB11,3,49.3,26.1,0.4,3.2,Peacock eel,Macrognathus siamensis,Macrognathus,100,invasive,1,C,0,19.6,22,NA,2021
2021-05-22T00:00:00Z,17,2021,5,22,RB,RB11,3,49.3,26.1,0.4,3.2,Peacock eel,Macrognathus siamensis,Macrognathus,100,invasive,1,C,0,20.4,29,NA,2021
2021-05-22T00:00:00Z,17,2021,5,22,RB,RB11,3,49.3,26.1,0.4,3.2,Peacock eel,Macrognathus siamensis,Macrognathus,100,invasive,1,C,0,22,42,NA,2021
2021-05-22T00:00:00Z,17,2021,5,22,RB,RB11,3,49.3,26.1,0.4,3.2,Peacock eel,Macrognathus siamensis,Macrognathus,100,invasive,1,C,0,16.6,16,NA,2021
2021-05-22T00:00:00Z,17,2021,5,22,RB,RB11,3,49.3,26.1,0.4,3.2,Peacock eel,Macrognathus siamensis,Macrognathus,100,invasive,1,C,0,21.2,37,NA,2021
2021-05-22T00:00:00Z,17,2021,5,22,RB,RB11,3,49.3,26.1,0.4,3.2,Peacock eel,Macrognathus siamensis,Macrognathus,100,invasive,1,C,0,19.9,34,NA,2021
2021-05-22T00:00:00Z,17,2021,5,22,RB,RB11,3,49.3,26.1,0.4,3.2,Peacock eel,Macrognathus siamensis,Macrognathus,100,invasive,1,C,0,19.2,25,NA,2021
2021-05-22T00:00:00Z,17,2021,5,22,RB,RB11,3,49.3,26.1,0.4,3.2,Peacock eel,Macrognathus siamensis,Macrognathus,100,invasive,1,C,0,17.4,17,NA,2021
2021-05-22T00:00:00Z,17,2021,5,22,RB,RB11,3,49.3,26.1,0.4,3.2,Peacock eel,Macrognathus siamensis,Macrognathus,100,invasive,1,C,0,19.3,29,NA,2021
2021-05-22T00:00:00Z,17,2021,5,22,RB,RB11,3,49.3,26.1,0.4,3.2,Peacock eel,Macrognathus siamensis,Macrognathus,100,invasive,1,C,0,17.8,21,NA,2021
2021-05-22T00:00:00Z,17,2021,5,22,RB,RB11,3,49.3,26.1,0.4,3.2,Peacock eel,Macrognathus siamensis,Macrognathus,100,invasive,1,C,0,18.7,23,NA,2021
2021-05-22T00:00:00Z,17,2021,5,22,RB,RB11,3,49.3,26.1,0.4,3.2,Peacock eel,Macrognathus siamensis,Macrognathus,100,invasive,1,C,0,20.7,35,NA,2021
2021-05-22T00:00:00Z,17,2021,5,22,RB,RB11,3,49.3,26.1,0.4,3.2,Peacock eel,Macrognathus siamensis,Macrognathus,100,invasive,1,C,0,19.5,27,NA,2021
2021-05-22T00:00:00Z,17,2021,5,22,RB,RB11,3,49.3,26.1,0.4,3.2,Peacock eel,Macrognathus siamensis,Macrognathus,100,invasive,1,C,0,18.8,26,NA,2021
2021-05-22T00:00:00Z,17,2021,5,22,RB,RB11,3,49.3,26.1,0.4,3.2,Peacock eel,Macrognathus siamensis,Macrognathus,100,invasive,1,C,0,20.5,36,NA,2021
2021-05-22T00:00:00Z,17,2021,5,22,RB,RB11,3,49.3,26.1,0.4,3.2,Peacock eel,Macrognathus siamensis,Macrognathus,100,invasive,1,C,0,19.1,23,NA,2021
2021-05-22T00:00:00Z,17,2021,5,22,RB,RB11,3,49.3,26.1,0.4,3.2,Peacock eel,Macrognathus siamensis,Macrognathus,100,invasive,1,C,0,17.3,20,NA,2021
2021-05-22T00:00:00Z,17,2021,5,22,RB,RB11,3,49.3,26.1,0.4,3.2,Peacock eel,Macrognathus siamensis,Macrognathus,100,invasive,1,C,0,20,27,NA,2021
2021-05-22T00:00:00Z,17,2021,5,22,RB,RB11,3,49.3,26.1,0.4,3.2,Peacock eel,Macrognathus siamensis,Macrognathus,100,invasive,1,C,0,18.8,28,NA,2021
2021-05-22T00:00:00Z,17,2021,5,22,RB,RB11,3,49.3,26.1,0.4,3.2,Peacock eel,Macrognathus siamensis,Macrognathus,100,invasive,1,C,0,21.1,34,NA,2021
2021-05-22T00:00:00Z,17,2021,5,22,RB,RB11,3,49.3,26.1,0.4,3.2,Peacock eel,Macrognathus siamensis,Macrognathus,100,invasive,1,C,0,18.7,26,NA,2021
2021-05-22T00:00:00Z,17,2021,5,22,RB,RB11,3,49.3,26.1,0.4,3.2,Peacock eel,Macrognathus siamensis,Macrognathus,100,invasive,1,C,0,21.2,37,NA,2021
2021-05-22T00:00:00Z,17,2021,5,22,RB,RB11,3,49.3,26.1,0.4,3.2,Peacock eel,Macrognathus siamensis,Macrognathus,100,invasive,1,C,0,20.3,32,NA,2021
2021-05-22T00:00:00Z,17,2021,5,22,RB,RB11,3,49.3,26.1,0.4,3.2,Peacock eel,Macrognathus siamensis,Macrognathus,100,invasive,1,C,0,18.5,26,NA,2021
2021-05-22T00:00:00Z,17,2021,5,22,RB,RB11,3,49.3,26.1,0.4,3.2,Peacock eel,Macrognathus siamensis,Macrognathus,100,invasive,1,C,0,18.5,24,NA,2021
2021-05-22T00:00:00Z,17,2021,5,22,RB,RB11,3,49.3,26.1,0.4,3.2,Peacock eel,Macrognathus siamensis,Macrognathus,100,invasive,1,C,0,18.3,24,NA,2021
2021-05-22T00:00:00Z,17,2021,5,22,RB,RB11,3,49.3,26.1,0.4,3.2,Peacock eel,Macrognathus siamensis,Macrognathus,100,invasive,1,C,0,16.5,19,NA,2021
2021-05-22T00:00:00Z,17,2021,5,22,RB,RB11,3,49.3,26.1,0.4,3.2,Peacock eel,Macrognathus siamensis,Macrognathus,100,invasive,1,C,0,21,43,NA,2021
2021-05-22T00:00:00Z,17,2021,5,22,RB,RB11,3,49.3,26.1,0.4,3.2,Peacock eel,Macrognathus siamensis,Macrognathus,100,invasive,1,C,0,21.3,41,NA,2021
2021-05-22T00:00:00Z,17,2021,5,22,RB,RB11,3,49.3,26.1,0.4,3.2,Peacock eel,Macrognathus siamensis,Macrognathus,100,invasive,1,C,0,18,25,NA,2021
2021-05-22T00:00:00Z,17,2021,5,22,RB,RB11,3,49.3,26.1,0.4,3.2,Peacock eel,Macrognathus siamensis,Macrognathus,100,invasive,1,C,0,16.2,13,NA,2021
2021-05-22T00:00:00Z,17,2021,5,22,RB,RB11,3,49.3,26.1,0.4,3.2,Peacock eel,Macrognathus siamensis,Macrognathus,100,invasive,1,C,0,21.2,36,NA,2021
2021-05-22T00:00:00Z,17,2021,5,22,RB,RB11,3,49.3,26.1,0.4,3.2,Peacock eel,Macrognathus siamensis,Macrognathus,100,invasive,1,C,0,16.7,15,NA,2021
2021-05-22T00:00:00Z,17,2021,5,22,RB,RB11,3,49.3,26.1,0.4,3.2,Peacock eel,Macrognathus siamensis,Macrognathus,100,invasive,1,C,0,16.8,15,NA,2021
2021-05-22T00:00:00Z,17,2021,5,22,RB,RB11,3,49.3,26.1,0.4,3.2,Peacock eel,Macrognathus siamensis,Macrognathus,100,invasive,1,C,0,22.5,44,NA,2021
2021-05-22T00:00:00Z,17,2021,5,22,RB,RB11,3,49.3,26.1,0.4,3.2,Peacock eel,Macrognathus siamensis,Macrognathus,100,invasive,1,C,0,17.5,18,NA,2021
2021-05-22T00:00:00Z,17,2021,5,22,RB,RB11,3,49.3,26.1,0.4,3.2,Peacock eel,Macrognathus siamensis,Macrognathus,100,invasive,1,C,0,18.2,23,NA,2021
2021-05-22T00:00:00Z,17,2021,5,22,RB,RB11,3,49.3,26.1,0.4,3.2,Peacock eel,Macrognathus siamensis,Macrognathus,100,invasive,1,C,0,17.8,24,NA,2021
2021-05-22T00:00:00Z,17,2021,5,22,RB,RB11,3,49.3,26.1,0.4,3.2,Peacock eel,Macrognathus siamensis,Macrognathus,100,invasive,1,C,0,18,22,NA,2021
2021-05-22T00:00:00Z,17,2021,5,22,RB,RB11,3,49.3,26.1,0.4,3.2,Peacock eel,Macrognathus siamensis,Macrognathus,100,invasive,1,C,0,17.4,16,NA,2021
2021-05-22T00:00:00Z,17,2021,5,22,RB,RB11,3,49.3,26.1,0.4,3.2,Peacock eel,Macrognathus siamensis,Macrognathus,100,invasive,1,C,0,15.2,13,NA,2021
2021-05-22T00:00:00Z,17,2021,5,22,RB,RB11,3,49.3,26.1,0.4,3.2,Peacock eel,Macrognathus siamensis,Macrognathus,100,invasive,1,C,0,19.7,29,NA,2021
2021-05-22T00:00:00Z,17,2021,5,22,RB,RB11,3,49.3,26.1,0.4,3.2,Peacock eel,Macrognathus siamensis,Macrognathus,100,invasive,1,C,0,22.6,44,NA,2021
2021-05-24T00:00:00Z,17,2021,5,24,RB,RB12,1,135,25.9,2,1.32,Peacock eel,Macrognathus siamensis,Macrognathus,100,invasive,0,ZERO,0,0,0,NA,2021
2021-05-24T00:00:00Z,17,2021,5,24,RB,RB12,2,100,25.1,1.9,1.28,Peacock eel,Macrognathus siamensis,Macrognathus,100,invasive,0,ZERO,0,0,0,NA,2021
2021-05-24T00:00:00Z,17,2021,5,24,RB,RB12,3,93.5,25.5,1.7,1.44,Peacock eel,Macrognathus siamensis,Macrognathus,100,invasive,0,ZERO,0,0,0,NA,2021
2021-05-23T00:00:00Z,17,2021,5,23,RB,RB13,1,64.7,25.7,0.7,4.62,Peacock eel,Macrognathus siamensis,Macrognathus,100,invasive,1,S,0,20.784322033898302,36.70762711864407,NA,2021
2021-05-23T00:00:00Z,17,2021,5,23,RB,RB13,1,64.7,25.7,0.7,4.62,Peacock eel,Macrognathus siamensis,Macrognathus,100,invasive,1,C,0,22,42,NA,2021
2021-05-23T00:00:00Z,17,2021,5,23,RB,RB13,1,64.7,25.7,0.7,4.62,Peacock eel,Macrognathus siamensis,Macrognathus,100,invasive,1,C,0,17.8,17,NA,2021
2021-05-23T00:00:00Z,17,2021,5,23,RB,RB13,1,64.7,25.7,0.7,4.62,Peacock eel,Macrognathus siamensis,Macrognathus,100,invasive,1,C,0,21.9,47,NA,2021
2021-05-23T00:00:00Z,17,2021,5,23,RB,RB13,1,64.7,25.7,0.7,4.62,Peacock eel,Macrognathus siamensis,Macrognathus,100,invasive,1,C,0,16,12,NA,2021
2021-05-23T00:00:00Z,17,2021,5,23,RB,RB13,2,86.7,26.4,0.7,5.02,Peacock eel,Macrognathus siamensis,Macrognathus,100,invasive,1,S,0,20.784322033898302,36.70762711864407,NA,2021
2021-05-23T00:00:00Z,17,2021,5,23,RB,RB13,3,74.3,26.6,0.7,5.29,Peacock eel,Macrognathus siamensis,Macrognathus,100,invasive,1,C,0,22.4,46,NA,2021
2021-05-23T00:00:00Z,17,2021,5,23,RB,RB14,1,126,26.5,1.5,1.53,Peacock eel,Macrognathus siamensis,Macrognathus,100,invasive,0,ZERO,0,0,0,NA,2021
2021-05-23T00:00:00Z,17,2021,5,23,RB,RB14,2,134,26.4,1.5,1.3,Peacock eel,Macrognathus siamensis,Macrognathus,100,invasive,0,ZERO,0,0,0,NA,2021
2021-05-23T00:00:00Z,17,2021,5,23,RB,RB14,3,80.5,26.3,1.5,1.9,Peacock eel,Macrognathus siamensis,Macrognathus,100,invasive,0,ZERO,0,0,0,NA,2021
2021-05-24T00:00:00Z,17,2021,5,24,RB,RB15,1,114,27.4,5.7,5.48,Peacock eel,Macrognathus siamensis,Macrognathus,100,invasive,0,ZERO,0,0,0,NA,2021
2021-05-24T00:00:00Z,17,2021,5,24,RB,RB15,2,158,27.2,5.5,5.36,Peacock eel,Macrognathus siamensis,Macrognathus,100,invasive,0,ZERO,0,0,0,NA,2021
2021-05-24T00:00:00Z,17,2021,5,24,RB,RB15,3,105,27,4.8,4.48,Peacock eel,Macrognathus siamensis,Macrognathus,100,invasive,0,ZERO,0,0,0,NA,2021
2021-05-24T00:00:00Z,17,2021,5,24,RB,RB16,1,108,27.1,4,5.03,Peacock eel,Macrognathus siamensis,Macrognathus,100,invasive,0,ZERO,0,0,0,NA,2021
2021-05-24T00:00:00Z,17,2021,5,24,RB,RB16,2,140,27.2,4,4.45,Peacock eel,Macrognathus siamensis,Macrognathus,100,invasive,0,ZERO,0,0,0,NA,2021
2021-05-24T00:00:00Z,17,2021,5,24,RB,RB16,3,144,27.3,4,5.6,Peacock eel,Macrognathus siamensis,Macrognathus,100,invasive,0,ZERO,0,0,0,NA,2021
2021-05-23T00:00:00Z,17,2021,5,23,RB,RB18,1,77,26.1,0.8,4.92,Peacock eel,Macrognathus siamensis,Macrognathus,100,invasive,1,S,0,20.784322033898302,36.70762711864407,NA,2021
2021-05-23T00:00:00Z,17,2021,5,23,RB,RB18,2,61.4,26.2,0.8,5.24,Peacock eel,Macrognathus siamensis,Macrognathus,100,invasive,1,C,0,19.9,24,NA,2021
2021-05-23T00:00:00Z,17,2021,5,23,RB,RB18,2,61.4,26.2,0.8,5.24,Peacock eel,Macrognathus siamensis,Macrognathus,100,invasive,1,C,0,21.3,38,NA,2021
2021-05-23T00:00:00Z,17,2021,5,23,RB,RB18,2,61.4,26.2,0.8,5.24,Peacock eel,Macrognathus siamensis,Macrognathus,100,invasive,1,C,0,19.8,34,NA,2021
2021-05-23T00:00:00Z,17,2021,5,23,RB,RB18,3,82,26.5,0.8,5.35,Peacock eel,Macrognathus siamensis,Macrognathus,100,invasive,0,ZERO,0,0,0,NA,2021
2021-05-23T00:00:00Z,17,2021,5,23,RB,RB7,1,149,25.1,1.8,0.3,Peacock eel,Macrognathus siamensis,Macrognathus,100,invasive,0,ZERO,0,0,0,NA,2021
2021-05-23T00:00:00Z,17,2021,5,23,RB,RB7,2,156,25.1,1.8,0.27,Peacock eel,Macrognathus siamensis,Macrognathus,100,invasive,0,ZERO,0,0,0,NA,2021
2021-05-23T00:00:00Z,17,2021,5,23,RB,RB7,3,90.1,25.1,1.7,0.36,Peacock eel,Macrognathus siamensis,Macrognathus,100,invasive,0,ZERO,0,0,0,NA,2021
2021-05-23T00:00:00Z,17,2021,5,23,RB,RB8,1,47.1,24.7,0.5,3.25,Peacock eel,Macrognathus siamensis,Macrognathus,100,invasive,18,S,0,20.784322033898302,36.70762711864407,NA,2021
2021-05-23T00:00:00Z,17,2021,5,23,RB,RB8,1,47.1,24.7,0.5,3.25,Peacock eel,Macrognathus siamensis,Macrognathus,100,invasive,1,C,0,23.8,51,NA,2021
2021-05-23T00:00:00Z,17,2021,5,23,RB,RB8,1,47.1,24.7,0.5,3.25,Peacock eel,Macrognathus siamensis,Macrognathus,100,invasive,1,C,0,25.9,68,NA,2021
2021-05-23T00:00:00Z,17,2021,5,23,RB,RB8,1,47.1,24.7,0.5,3.25,Peacock eel,Macrognathus siamensis,Macrognathus,100,invasive,1,C,0,22.7,46,NA,2021
2021-05-23T00:00:00Z,17,2021,5,23,RB,RB8,1,47.1,24.7,0.5,3.25,Peacock eel,Macrognathus siamensis,Macrognathus,100,invasive,1,C,0,22.3,43,NA,2021
2021-05-23T00:00:00Z,17,2021,5,23,RB,RB8,1,47.1,24.7,0.5,3.25,Peacock eel,Macrognathus siamensis,Macrognathus,100,invasive,1,C,0,22.2,50,NA,2021
2021-05-23T00:00:00Z,17,2021,5,23,RB,RB8,1,47.1,24.7,0.5,3.25,Peacock eel,Macrognathus siamensis,Macrognathus,100,invasive,1,C,0,23,55,NA,2021
2021-05-23T00:00:00Z,17,2021,5,23,RB,RB8,1,47.1,24.7,0.5,3.25,Peacock eel,Macrognathus siamensis,Macrognathus,100,invasive,1,C,0,23.1,51,NA,2021
2021-05-23T00:00:00Z,17,2021,5,23,RB,RB8,1,47.1,24.7,0.5,3.25,Peacock eel,Macrognathus siamensis,Macrognathus,100,invasive,1,C,0,21,46,NA,2021
2021-05-23T00:00:00Z,17,2021,5,23,RB,RB8,1,47.1,24.7,0.5,3.25,Peacock eel,Macrognathus siamensis,Macrognathus,100,invasive,1,C,0,22.8,49,NA,2021
2021-05-23T00:00:00Z,17,2021,5,23,RB,RB8,1,47.1,24.7,0.5,3.25,Peacock eel,Macrognathus siamensis,Macrognathus,100,invasive,1,C,0,26,69,NA,2021
2021-05-23T00:00:00Z,17,2021,5,23,RB,RB8,1,47.1,24.7,0.5,3.25,Peacock eel,Macrognathus siamensis,Macrognathus,100,invasive,1,C,0,23.5,46,NA,2021
2021-05-23T00:00:00Z,17,2021,5,23,RB,RB8,1,47.1,24.7,0.5,3.25,Peacock eel,Macrognathus siamensis,Macrognathus,100,invasive,1,C,0,22.3,40,NA,2021
2021-05-23T00:00:00Z,17,2021,5,23,RB,RB8,1,47.1,24.7,0.5,3.25,Peacock eel,Macrognathus siamensis,Macrognathus,100,invasive,1,C,0,25.1,66,NA,2021
2021-05-23T00:00:00Z,17,2021,5,23,RB,RB8,1,47.1,24.7,0.5,3.25,Peacock eel,Macrognathus siamensis,Macrognathus,100,invasive,1,C,0,22.4,43,NA,2021
2021-05-23T00:00:00Z,17,2021,5,23,RB,RB8,1,47.1,24.7,0.5,3.25,Peacock eel,Macrognathus siamensis,Macrognathus,100,invasive,1,C,0,22.9,51,NA,2021
2021-05-23T00:00:00Z,17,2021,5,23,RB,RB8,1,47.1,24.7,0.5,3.25,Peacock eel,Macrognathus siamensis,Macrognathus,100,invasive,1,C,0,23.9,63,NA,2021
2021-05-23T00:00:00Z,17,2021,5,23,RB,RB8,1,47.1,24.7,0.5,3.25,Peacock eel,Macrognathus siamensis,Macrognathus,100,invasive,1,C,0,22.7,48,NA,2021
2021-05-23T00:00:00Z,17,2021,5,23,RB,RB8,1,47.1,24.7,0.5,3.25,Peacock eel,Macrognathus siamensis,Macrognathus,100,invasive,1,C,0,20.5,34,NA,2021
2021-05-23T00:00:00Z,17,2021,5,23,RB,RB8,1,47.1,24.7,0.5,3.25,Peacock eel,Macrognathus siamensis,Macrognathus,100,invasive,1,C,0,21.6,34,NA,2021
2021-05-23T00:00:00Z,17,2021,5,23,RB,RB8,1,47.1,24.7,0.5,3.25,Peacock eel,Macrognathus siamensis,Macrognathus,100,invasive,1,C,0,20.6,36,NA,2021
2021-05-23T00:00:00Z,17,2021,5,23,RB,RB8,1,47.1,24.7,0.5,3.25,Peacock eel,Macrognathus siamensis,Macrognathus,100,invasive,1,C,0,25.1,62,NA,2021
2021-05-23T00:00:00Z,17,2021,5,23,RB,RB8,1,47.1,24.7,0.5,3.25,Peacock eel,Macrognathus siamensis,Macrognathus,100,invasive,1,C,0,19,24,NA,2021
2021-05-23T00:00:00Z,17,2021,5,23,RB,RB8,1,47.1,24.7,0.5,3.25,Peacock eel,Macrognathus siamensis,Macrognathus,100,invasive,1,C,0,22.2,50,NA,2021
2021-05-23T00:00:00Z,17,2021,5,23,RB,RB8,1,47.1,24.7,0.5,3.25,Peacock eel,Macrognathus siamensis,Macrognathus,100,invasive,1,C,0,23,55,NA,2021
2021-05-23T00:00:00Z,17,2021,5,23,RB,RB8,1,47.1,24.7,0.5,3.25,Peacock eel,Macrognathus siamensis,Macrognathus,100,invasive,1,C,0,23.1,51,NA,2021
2021-05-23T00:00:00Z,17,2021,5,23,RB,RB8,1,47.1,24.7,0.5,3.25,Peacock eel,Macrognathus siamensis,Macrognathus,100,invasive,1,C,0,21,46,NA,2021
2021-05-23T00:00:00Z,17,2021,5,23,RB,RB8,1,47.1,24.7,0.5,3.25,Peacock eel,Macrognathus siamensis,Macrognathus,100,invasive,1,C,0,22.8,49,NA,2021
2021-05-23T00:00:00Z,17,2021,5,23,RB,RB8,1,47.1,24.7,0.5,3.25,Peacock eel,Macrognathus siamensis,Macrognathus,100,invasive,1,C,0,26,69,NA,2021
2021-05-23T00:00:00Z,17,2021,5,23,RB,RB8,1,47.1,24.7,0.5,3.25,Peacock eel,Macrognathus siamensis,Macrognathus,100,invasive,1,C,0,23.5,46,NA,2021
2021-05-23T00:00:00Z,17,2021,5,23,RB,RB8,1,47.1,24.7,0.5,3.25,Peacock eel,Macrognathus siamensis,Macrognathus,100,invasive,1,C,0,22.3,40,NA,2021
2021-05-23T00:00:00Z,17,2021,5,23,RB,RB8,1,47.1,24.7,0.5,3.25,Peacock eel,Macrognathus siamensis,Macrognathus,100,invasive,1,C,0,25.1,66,NA,2021
2021-05-23T00:00:00Z,17,2021,5,23,RB,RB8,1,47.1,24.7,0.5,3.25,Peacock eel,Macrognathus siamensis,Macrognathus,100,invasive,1,C,0,22.4,43,NA,2021
2021-05-23T00:00:00Z,17,2021,5,23,RB,RB8,1,47.1,24.7,0.5,3.25,Peacock eel,Macrognathus siamensis,Macrognathus,100,invasive,1,C,0,22.9,51,NA,2021
2021-05-23T00:00:00Z,17,2021,5,23,RB,RB8,1,47.1,24.7,0.5,3.25,Peacock eel,Macrognathus siamensis,Macrognathus,100,invasive,1,C,0,23.9,63,NA,2021
2021-05-23T00:00:00Z,17,2021,5,23,RB,RB8,1,47.1,24.7,0.5,3.25,Peacock eel,Macrognathus siamensis,Macrognathus,100,invasive,1,C,0,22.7,48,NA,2021
2021-05-23T00:00:00Z,17,2021,5,23,RB,RB8,1,47.1,24.7,0.5,3.25,Peacock eel,Macrognathus siamensis,Macrognathus,100,invasive,1,C,0,20.5,34,NA,2021
2021-05-23T00:00:00Z,17,2021,5,23,RB,RB8,1,47.1,24.7,0.5,3.25,Peacock eel,Macrognathus siamensis,Macrognathus,100,invasive,1,C,0,21.6,34,NA,2021
2021-05-23T00:00:00Z,17,2021,5,23,RB,RB8,1,47.1,24.7,0.5,3.25,Peacock eel,Macrognathus siamensis,Macrognathus,100,invasive,1,C,0,20.6,36,NA,2021
2021-05-23T00:00:00Z,17,2021,5,23,RB,RB8,1,47.1,24.7,0.5,3.25,Peacock eel,Macrognathus siamensis,Macrognathus,100,invasive,1,C,0,25.1,62,NA,2021
2021-05-23T00:00:00Z,17,2021,5,23,RB,RB8,1,47.1,24.7,0.5,3.25,Peacock eel,Macrognathus siamensis,Macrognathus,100,invasive,1,C,0,19,24,NA,2021
2021-05-23T00:00:00Z,17,2021,5,23,RB,RB8,2,60.8,25,0.5,3.03,Peacock eel,Macrognathus siamensis,Macrognathus,100,invasive,8,S,0,20.784322033898302,36.70762711864407,NA,2021
2021-05-23T00:00:00Z,17,2021,5,23,RB,RB8,2,60.8,25,0.5,3.03,Peacock eel,Macrognathus siamensis,Macrognathus,100,invasive,1,C,0,23,48,NA,2021
2021-05-23T00:00:00Z,17,2021,5,23,RB,RB8,2,60.8,25,0.5,3.03,Peacock eel,Macrognathus siamensis,Macrognathus,100,invasive,1,C,0,20.7,37,NA,2021
2021-05-23T00:00:00Z,17,2021,5,23,RB,RB8,2,60.8,25,0.5,3.03,Peacock eel,Macrognathus siamensis,Macrognathus,100,invasive,1,C,0,23.3,59,NA,2021
2021-05-23T00:00:00Z,17,2021,5,23,RB,RB8,2,60.8,25,0.5,3.03,Peacock eel,Macrognathus siamensis,Macrognathus,100,invasive,1,C,0,24.6,72,NA,2021
2021-05-23T00:00:00Z,17,2021,5,23,RB,RB8,2,60.8,25,0.5,3.03,Peacock eel,Macrognathus siamensis,Macrognathus,100,invasive,1,C,0,23.8,55,NA,2021
2021-05-23T00:00:00Z,17,2021,5,23,RB,RB8,2,60.8,25,0.5,3.03,Peacock eel,Macrognathus siamensis,Macrognathus,100,invasive,1,C,0,21.7,47,NA,2021
2021-05-23T00:00:00Z,17,2021,5,23,RB,RB8,2,60.8,25,0.5,3.03,Peacock eel,Macrognathus siamensis,Macrognathus,100,invasive,1,C,0,21.4,44,NA,2021
2021-05-23T00:00:00Z,17,2021,5,23,RB,RB8,2,60.8,25,0.5,3.03,Peacock eel,Macrognathus siamensis,Macrognathus,100,invasive,1,C,0,19.6,32,NA,2021
2021-05-23T00:00:00Z,17,2021,5,23,RB,RB8,2,60.8,25,0.5,3.03,Peacock eel,Macrognathus siamensis,Macrognathus,100,invasive,1,C,0,18.3,31,NA,2021
2021-05-23T00:00:00Z,17,2021,5,23,RB,RB8,2,60.8,25,0.5,3.03,Peacock eel,Macrognathus siamensis,Macrognathus,100,invasive,1,C,0,21.8,53,NA,2021
2021-05-23T00:00:00Z,17,2021,5,23,RB,RB8,3,125,25.1,0.5,2.76,Peacock eel,Macrognathus siamensis,Macrognathus,100,invasive,4,S,0,20.784322033898302,36.70762711864407,NA,2021
2021-05-23T00:00:00Z,17,2021,5,23,RB,RB8,3,125,25.1,0.5,2.76,Peacock eel,Macrognathus siamensis,Macrognathus,100,invasive,1,C,0,23.2,57,NA,2021
2021-05-23T00:00:00Z,17,2021,5,23,RB,RB8,3,125,25.1,0.5,2.76,Peacock eel,Macrognathus siamensis,Macrognathus,100,invasive,1,C,0,22.7,52,NA,2021
2021-05-22T00:00:00Z,17,2021,5,22,RB,RB9,1,86.4,25.6,0.5,4.31,Peacock eel,Macrognathus siamensis,Macrognathus,100,invasive,5,S,0,20.784322033898302,36.70762711864407,NA,2021
2021-05-22T00:00:00Z,17,2021,5,22,RB,RB9,1,86.4,25.6,0.5,4.31,Peacock eel,Macrognathus siamensis,Macrognathus,100,invasive,1,C,0,21.4,50,NA,2021
2021-05-22T00:00:00Z,17,2021,5,22,RB,RB9,1,86.4,25.6,0.5,4.31,Peacock eel,Macrognathus siamensis,Macrognathus,100,invasive,1,C,0,23.8,67,NA,2021
2021-05-22T00:00:00Z,17,2021,5,22,RB,RB9,1,86.4,25.6,0.5,4.31,Peacock eel,Macrognathus siamensis,Macrognathus,100,invasive,1,C,0,22.4,44,NA,2021
2021-05-22T00:00:00Z,17,2021,5,22,RB,RB9,1,86.4,25.6,0.5,4.31,Peacock eel,Macrognathus siamensis,Macrognathus,100,invasive,1,C,0,18.2,22,NA,2021
2021-05-22T00:00:00Z,17,2021,5,22,RB,RB9,1,86.4,25.6,0.5,4.31,Peacock eel,Macrognathus siamensis,Macrognathus,100,invasive,1,C,0,22.3,47,NA,2021
2021-05-22T00:00:00Z,17,2021,5,22,RB,RB9,1,86.4,25.6,0.5,4.31,Peacock eel,Macrognathus siamensis,Macrognathus,100,invasive,1,C,0,18,28,NA,2021
2021-05-22T00:00:00Z,17,2021,5,22,RB,RB9,1,86.4,25.6,0.5,4.31,Peacock eel,Macrognathus siamensis,Macrognathus,100,invasive,1,C,0,19.9,36,NA,2021
2021-05-22T00:00:00Z,17,2021,5,22,RB,RB9,1,86.4,25.6,0.5,4.31,Peacock eel,Macrognathus siamensis,Macrognathus,100,invasive,1,C,0,21.4,33,NA,2021
2021-05-22T00:00:00Z,17,2021,5,22,RB,RB9,1,86.4,25.6,0.5,4.31,Peacock eel,Macrognathus siamensis,Macrognathus,100,invasive,1,C,0,22.6,57,NA,2021
2021-05-22T00:00:00Z,17,2021,5,22,RB,RB9,1,86.4,25.6,0.5,4.31,Peacock eel,Macrognathus siamensis,Macrognathus,100,invasive,1,C,0,17.9,26,NA,2021
2021-05-22T00:00:00Z,17,2021,5,22,RB,RB9,1,86.4,25.6,0.5,4.31,Peacock eel,Macrognathus siamensis,Macrognathus,100,invasive,1,C,0,16.1,18,NA,2021
2021-05-22T00:00:00Z,17,2021,5,22,RB,RB9,2,82.5,25.4,0.5,2.87,Peacock eel,Macrognathus siamensis,Macrognathus,100,invasive,6,S,0,20.784322033898302,36.70762711864407,NA,2021
2021-05-22T00:00:00Z,17,2021,5,22,RB,RB9,2,82.5,25.4,0.5,2.87,Peacock eel,Macrognathus siamensis,Macrognathus,100,invasive,1,C,0,23.2,59,NA,2021
2021-05-22T00:00:00Z,17,2021,5,22,RB,RB9,2,82.5,25.4,0.5,2.87,Peacock eel,Macrognathus siamensis,Macrognathus,100,invasive,1,C,0,22,54,NA,2021
2021-05-22T00:00:00Z,17,2021,5,22,RB,RB9,2,82.5,25.4,0.5,2.87,Peacock eel,Macrognathus siamensis,Macrognathus,100,invasive,1,C,0,20.1,34,NA,2021
2021-05-22T00:00:00Z,17,2021,5,22,RB,RB9,2,82.5,25.4,0.5,2.87,Peacock eel,Macrognathus siamensis,Macrognathus,100,invasive,1,C,0,19.6,32,NA,2021
2021-05-22T00:00:00Z,17,2021,5,22,RB,RB9,2,82.5,25.4,0.5,2.87,Peacock eel,Macrognathus siamensis,Macrognathus,100,invasive,1,C,0,20.1,54,NA,2021
2021-05-22T00:00:00Z,17,2021,5,22,RB,RB9,2,82.5,25.4,0.5,2.87,Peacock eel,Macrognathus siamensis,Macrognathus,100,invasive,1,C,0,22.1,48,NA,2021
2021-05-22T00:00:00Z,17,2021,5,22,RB,RB9,2,82.5,25.4,0.5,2.87,Peacock eel,Macrognathus siamensis,Macrognathus,100,invasive,1,C,0,23.7,64,NA,2021
2021-05-22T00:00:00Z,17,2021,5,22,RB,RB9,2,82.5,25.4,0.5,2.87,Peacock eel,Macrognathus siamensis,Macrognathus,100,invasive,1,C,0,21.4,40,NA,2021
2021-05-22T00:00:00Z,17,2021,5,22,RB,RB9,2,82.5,25.4,0.5,2.87,Peacock eel,Macrognathus siamensis,Macrognathus,100,invasive,1,C,0,18.2,27,NA,2021
2021-05-22T00:00:00Z,17,2021,5,22,RB,RB9,2,82.5,25.4,0.5,2.87,Peacock eel,Macrognathus siamensis,Macrognathus,100,invasive,1,C,0,19.7,27,NA,2021
2021-05-22T00:00:00Z,17,2021,5,22,RB,RB9,3,81.5,25.3,0.5,2.75,Peacock eel,Macrognathus siamensis,Macrognathus,100,invasive,14,S,0,20.784322033898302,36.70762711864407,NA,2021
2021-05-22T00:00:00Z,17,2021,5,22,RB,RB9,3,81.5,25.3,0.5,2.75,Peacock eel,Macrognathus siamensis,Macrognathus,100,invasive,1,C,0,19.7,24,NA,2021
2021-05-22T00:00:00Z,17,2021,5,22,RB,RB9,3,81.5,25.3,0.5,2.75,Peacock eel,Macrognathus siamensis,Macrognathus,100,invasive,1,C,0,21.8,36,NA,2021
2021-05-22T00:00:00Z,17,2021,5,22,RB,RB9,3,81.5,25.3,0.5,2.75,Peacock eel,Macrognathus siamensis,Macrognathus,100,invasive,1,C,0,19.9,33,NA,2021
2021-05-22T00:00:00Z,17,2021,5,22,RB,RB9,3,81.5,25.3,0.5,2.75,Peacock eel,Macrognathus siamensis,Macrognathus,100,invasive,1,C,0,20.6,31,NA,2021
2021-05-22T00:00:00Z,17,2021,5,22,RB,RB9,3,81.5,25.3,0.5,2.75,Peacock eel,Macrognathus siamensis,Macrognathus,100,invasive,1,C,0,19.2,25,NA,2021
2021-05-22T00:00:00Z,17,2021,5,22,RB,RB9,3,81.5,25.3,0.5,2.75,Peacock eel,Macrognathus siamensis,Macrognathus,100,invasive,1,C,0,21.1,32,NA,2021
2021-05-22T00:00:00Z,17,2021,5,22,RB,RB9,3,81.5,25.3,0.5,2.75,Peacock eel,Macrognathus siamensis,Macrognathus,100,invasive,1,C,0,26.2,76,NA,2021
2021-05-22T00:00:00Z,17,2021,5,22,RB,RB9,3,81.5,25.3,0.5,2.75,Peacock eel,Macrognathus siamensis,Macrognathus,100,invasive,1,C,0,23.2,59,NA,2021
2021-05-22T00:00:00Z,17,2021,5,22,RB,RB9,3,81.5,25.3,0.5,2.75,Peacock eel,Macrognathus siamensis,Macrognathus,100,invasive,1,C,0,20.4,27,NA,2021
2021-05-22T00:00:00Z,17,2021,5,22,RB,RB9,3,81.5,25.3,0.5,2.75,Peacock eel,Macrognathus siamensis,Macrognathus,100,invasive,1,C,0,21.1,33,NA,2021
2021-05-22T00:00:00Z,17,2021,5,22,RB,RB9,3,81.5,25.3,0.5,2.75,Peacock eel,Macrognathus siamensis,Macrognathus,100,invasive,1,C,0,22.5,56,NA,2021
2021-05-22T00:00:00Z,17,2021,5,22,RB,RB9,3,81.5,25.3,0.5,2.75,Peacock eel,Macrognathus siamensis,Macrognathus,100,invasive,1,C,0,23.4,55,NA,2021
2021-05-22T00:00:00Z,17,2021,5,22,RB,RB9,3,81.5,25.3,0.5,2.75,Peacock eel,Macrognathus siamensis,Macrognathus,100,invasive,1,C,0,21.5,35,NA,2021
2021-05-22T00:00:00Z,17,2021,5,22,RB,RB9,3,81.5,25.3,0.5,2.75,Peacock eel,Macrognathus siamensis,Macrognathus,100,invasive,1,C,0,20.6,21,NA,2021
2021-05-22T00:00:00Z,17,2021,5,22,RB,RB9,3,81.5,25.3,0.5,2.75,Peacock eel,Macrognathus siamensis,Macrognathus,100,invasive,1,C,0,23.7,48,NA,2021
2021-05-22T00:00:00Z,17,2021,5,22,RB,RB9,3,81.5,25.3,0.5,2.75,Peacock eel,Macrognathus siamensis,Macrognathus,100,invasive,1,C,0,22,34,NA,2021
2021-05-22T00:00:00Z,17,2021,5,22,RB,RB9,3,81.5,25.3,0.5,2.75,Peacock eel,Macrognathus siamensis,Macrognathus,100,invasive,1,C,0,24.6,42,NA,2021
2021-05-22T00:00:00Z,17,2021,5,22,RB,RB9,3,81.5,25.3,0.5,2.75,Peacock eel,Macrognathus siamensis,Macrognathus,100,invasive,1,C,0,20.4,30,NA,2021
2021-05-22T00:00:00Z,17,2021,5,22,RB,RB9,3,81.5,25.3,0.5,2.75,Peacock eel,Macrognathus siamensis,Macrognathus,100,invasive,1,C,0,19.8,29,NA,2021
2021-05-22T00:00:00Z,17,2021,5,22,RB,RB9,3,81.5,25.3,0.5,2.75,Peacock eel,Macrognathus siamensis,Macrognathus,100,invasive,1,C,0,19.5,22,NA,2021
2021-05-22T00:00:00Z,17,2021,5,22,RB,RB9,3,81.5,25.3,0.5,2.75,Peacock eel,Macrognathus siamensis,Macrognathus,100,invasive,1,C,0,22.5,40,NA,2021
2021-05-22T00:00:00Z,17,2021,5,22,RB,RB9,3,81.5,25.3,0.5,2.75,Peacock eel,Macrognathus siamensis,Macrognathus,100,invasive,1,C,0,21.4,35,NA,2021
2021-05-22T00:00:00Z,17,2021,5,22,RB,RB9,3,81.5,25.3,0.5,2.75,Peacock eel,Macrognathus siamensis,Macrognathus,100,invasive,1,C,0,18.9,16,NA,2021
2021-06-22T00:00:00Z,17,2021,6,22,RB,RB10,1,74.5,29.9,0.4,2.45,Peacock eel,Macrognathus siamensis,Macrognathus,100,invasive,2,S,0,20.41636363636364,31.44363636363636,NA,2021
2021-06-22T00:00:00Z,17,2021,6,22,RB,RB10,1,74.5,29.9,0.4,2.45,Peacock eel,Macrognathus siamensis,Macrognathus,100,invasive,1,C,0,22.1,40,NA,2021
2021-06-22T00:00:00Z,17,2021,6,22,RB,RB10,1,74.5,29.9,0.4,2.45,Peacock eel,Macrognathus siamensis,Macrognathus,100,invasive,1,C,0,17.2,15,NA,2021
2021-06-22T00:00:00Z,17,2021,6,22,RB,RB10,2,82.3,29.8,0.4,2.42,Peacock eel,Macrognathus siamensis,Macrognathus,100,invasive,1,S,0,20.41636363636364,31.44363636363636,NA,2021
2021-06-22T00:00:00Z,17,2021,6,22,RB,RB10,3,118,30.1,0.4,2.55,Peacock eel,Macrognathus siamensis,Macrognathus,100,invasive,0,ZERO,0,0,0,NA,2021
2021-06-22T00:00:00Z,17,2021,6,22,RB,RB11,1,104,30.4,0.5,3.2,Peacock eel,Macrognathus siamensis,Macrognathus,100,invasive,3,S,0,20.41636363636364,31.44363636363636,NA,2021
2021-06-22T00:00:00Z,17,2021,6,22,RB,RB11,1,104,30.4,0.5,3.2,Peacock eel,Macrognathus siamensis,Macrognathus,100,invasive,1,C,0,21.9,37,NA,2021
2021-06-22T00:00:00Z,17,2021,6,22,RB,RB11,1,104,30.4,0.5,3.2,Peacock eel,Macrognathus siamensis,Macrognathus,100,invasive,1,C,0,20.1,27,NA,2021
2021-06-22T00:00:00Z,17,2021,6,22,RB,RB11,1,104,30.4,0.5,3.2,Peacock eel,Macrognathus siamensis,Macrognathus,100,invasive,1,C,0,20.2,30,NA,2021
2021-06-22T00:00:00Z,17,2021,6,22,RB,RB11,1,104,30.4,0.5,3.2,Peacock eel,Macrognathus siamensis,Macrognathus,100,invasive,1,C,0,21.5,35,NA,2021
2021-06-22T00:00:00Z,17,2021,6,22,RB,RB11,1,104,30.4,0.5,3.2,Peacock eel,Macrognathus siamensis,Macrognathus,100,invasive,1,C,0,23.8,50,NA,2021
2021-06-22T00:00:00Z,17,2021,6,22,RB,RB11,1,104,30.4,0.5,3.2,Peacock eel,Macrognathus siamensis,Macrognathus,100,invasive,1,C,0,19.9,19,NA,2021
2021-06-22T00:00:00Z,17,2021,6,22,RB,RB11,1,104,30.4,0.5,3.2,Peacock eel,Macrognathus siamensis,Macrognathus,100,invasive,1,C,0,22.6,27,NA,2021
2021-06-22T00:00:00Z,17,2021,6,22,RB,RB11,1,104,30.4,0.5,3.2,Peacock eel,Macrognathus siamensis,Macrognathus,100,invasive,1,C,0,20.1,28.4,NA,2021
2021-06-22T00:00:00Z,17,2021,6,22,RB,RB11,1,104,30.4,0.5,3.2,Peacock eel,Macrognathus siamensis,Macrognathus,100,invasive,1,C,0,20.1,21,NA,2021
2021-06-22T00:00:00Z,17,2021,6,22,RB,RB11,1,104,30.4,0.5,3.2,Peacock eel,Macrognathus siamensis,Macrognathus,100,invasive,1,C,0,21.8,22,NA,2021
2021-06-22T00:00:00Z,17,2021,6,22,RB,RB11,1,104,30.4,0.5,3.2,Peacock eel,Macrognathus siamensis,Macrognathus,100,invasive,1,C,0,21.3,21,NA,2021
2021-06-22T00:00:00Z,17,2021,6,22,RB,RB11,1,104,30.4,0.5,3.2,Peacock eel,Macrognathus siamensis,Macrognathus,100,invasive,1,C,0,22,28,NA,2021
2021-06-22T00:00:00Z,17,2021,6,22,RB,RB11,1,104,30.4,0.5,3.2,Peacock eel,Macrognathus siamensis,Macrognathus,100,invasive,1,C,0,22.2,32,NA,2021
2021-06-22T00:00:00Z,17,2021,6,22,RB,RB11,1,104,30.4,0.5,3.2,Peacock eel,Macrognathus siamensis,Macrognathus,100,invasive,1,C,0,19.5,14,NA,2021
2021-06-22T00:00:00Z,17,2021,6,22,RB,RB11,1,104,30.4,0.5,3.2,Peacock eel,Macrognathus siamensis,Macrognathus,100,invasive,1,C,0,19.7,20,NA,2021
2021-06-22T00:00:00Z,17,2021,6,22,RB,RB11,1,104,30.4,0.5,3.2,Peacock eel,Macrognathus siamensis,Macrognathus,100,invasive,1,C,0,20.6,21,NA,2021
2021-06-22T00:00:00Z,17,2021,6,22,RB,RB11,1,104,30.4,0.5,3.2,Peacock eel,Macrognathus siamensis,Macrognathus,100,invasive,1,C,0,16.6,13,NA,2021
2021-06-22T00:00:00Z,17,2021,6,22,RB,RB11,1,104,30.4,0.5,3.2,Peacock eel,Macrognathus siamensis,Macrognathus,100,invasive,1,C,0,18.5,34,NA,2021
2021-06-22T00:00:00Z,17,2021,6,22,RB,RB11,2,100,30.3,0.4,2.99,Peacock eel,Macrognathus siamensis,Macrognathus,100,invasive,0,ZERO,0,0,0,NA,2021
2021-06-22T00:00:00Z,17,2021,6,22,RB,RB11,3,82.8,30.5,0.4,3.47,Peacock eel,Macrognathus siamensis,Macrognathus,100,invasive,1,S,0,20.41636363636364,31.44363636363636,NA,2021
2021-06-22T00:00:00Z,17,2021,6,22,RB,RB11,3,82.8,30.5,0.4,3.47,Peacock eel,Macrognathus siamensis,Macrognathus,100,invasive,1,C,0,23,46,NA,2021
2021-06-22T00:00:00Z,17,2021,6,22,RB,RB11,3,82.8,30.5,0.4,3.47,Peacock eel,Macrognathus siamensis,Macrognathus,100,invasive,1,C,0,19.1,19,NA,2021
2021-06-22T00:00:00Z,17,2021,6,22,RB,RB11,3,82.8,30.5,0.4,3.47,Peacock eel,Macrognathus siamensis,Macrognathus,100,invasive,1,C,0,20.1,17,NA,2021
2021-06-22T00:00:00Z,17,2021,6,22,RB,RB11,3,82.8,30.5,0.4,3.47,Peacock eel,Macrognathus siamensis,Macrognathus,100,invasive,1,C,0,18.7,16,NA,2021
2021-06-22T00:00:00Z,17,2021,6,22,RB,RB11,3,82.8,30.5,0.4,3.47,Peacock eel,Macrognathus siamensis,Macrognathus,100,invasive,1,C,0,18.5,9,NA,2021
2021-06-22T00:00:00Z,17,2021,6,22,RB,RB11,3,82.8,30.5,0.4,3.47,Peacock eel,Macrognathus siamensis,Macrognathus,100,invasive,1,C,0,18.1,23,NA,2021
2021-06-22T00:00:00Z,17,2021,6,22,RB,RB11,3,82.8,30.5,0.4,3.47,Peacock eel,Macrognathus siamensis,Macrognathus,100,invasive,1,C,0,17,17,NA,2021
2021-06-22T00:00:00Z,17,2021,6,22,RB,RB13,1,58.9,29.5,0.5,2.08,Peacock eel,Macrognathus siamensis,Macrognathus,100,invasive,2,S,0,20.41636363636364,31.44363636363636,NA,2021
2021-06-22T00:00:00Z,17,2021,6,22,RB,RB13,1,58.9,29.5,0.5,2.08,Peacock eel,Macrognathus siamensis,Macrognathus,100,invasive,1,C,0,18.9,33,NA,2021
2021-06-22T00:00:00Z,17,2021,6,22,RB,RB13,1,58.9,29.5,0.5,2.08,Peacock eel,Macrognathus siamensis,Macrognathus,100,invasive,1,C,0,18.6,42,NA,2021
2021-06-22T00:00:00Z,17,2021,6,22,RB,RB13,1,58.9,29.5,0.5,2.08,Peacock eel,Macrognathus siamensis,Macrognathus,100,invasive,1,C,0,21.8,51,NA,2021
2021-06-22T00:00:00Z,17,2021,6,22,RB,RB13,1,58.9,29.5,0.5,2.08,Peacock eel,Macrognathus siamensis,Macrognathus,100,invasive,1,C,0,18.4,23,NA,2021
2021-06-22T00:00:00Z,17,2021,6,22,RB,RB13,1,58.9,29.5,0.5,2.08,Peacock eel,Macrognathus siamensis,Macrognathus,100,invasive,1,C,0,19.8,37,NA,2021
2021-06-22T00:00:00Z,17,2021,6,22,RB,RB13,1,58.9,29.5,0.5,2.08,Peacock eel,Macrognathus siamensis,Macrognathus,100,invasive,1,C,0,18.8,31,NA,2021
2021-06-22T00:00:00Z,17,2021,6,22,RB,RB13,1,58.9,29.5,0.5,2.08,Peacock eel,Macrognathus siamensis,Macrognathus,100,invasive,1,C,0,18.2,26,NA,2021
2021-06-22T00:00:00Z,17,2021,6,22,RB,RB13,1,58.9,29.5,0.5,2.08,Peacock eel,Macrognathus siamensis,Macrognathus,100,invasive,1,C,0,19.4,22,NA,2021
2021-06-22T00:00:00Z,17,2021,6,22,RB,RB13,1,58.9,29.5,0.5,2.08,Peacock eel,Macrognathus siamensis,Macrognathus,100,invasive,1,C,0,16.8,20,NA,2021
2021-06-22T00:00:00Z,17,2021,6,22,RB,RB13,2,74.5,29.4,0.5,2.18,Peacock eel,Macrognathus siamensis,Macrognathus,100,invasive,1,C,0,19.1,27,NA,2021
2021-06-22T00:00:00Z,17,2021,6,22,RB,RB13,3,70.5,29.4,0.5,2.19,Peacock eel,Macrognathus siamensis,Macrognathus,100,invasive,0,ZERO,0,0,0,NA,2021
2021-06-22T00:00:00Z,17,2021,6,22,RB,RB8,1,135,29,0.5,2.15,Peacock eel,Macrognathus siamensis,Macrognathus,100,invasive,4,S,0,20.41636363636364,31.44363636363636,NA,2021
2021-06-22T00:00:00Z,17,2021,6,22,RB,RB8,1,135,29,0.5,2.15,Peacock eel,Macrognathus siamensis,Macrognathus,100,invasive,1,C,0,19.8,31,NA,2021
2021-06-22T00:00:00Z,17,2021,6,22,RB,RB8,1,135,29,0.5,2.15,Peacock eel,Macrognathus siamensis,Macrognathus,100,invasive,1,C,0,17.5,16,NA,2021
2021-06-22T00:00:00Z,17,2021,6,22,RB,RB8,2,87,29.4,0.4,2.61,Peacock eel,Macrognathus siamensis,Macrognathus,100,invasive,3,S,0,20.41636363636364,31.44363636363636,NA,2021
2021-06-22T00:00:00Z,17,2021,6,22,RB,RB8,2,87,29.4,0.4,2.61,Peacock eel,Macrognathus siamensis,Macrognathus,100,invasive,1,C,0,19.8,28,NA,2021
2021-06-22T00:00:00Z,17,2021,6,22,RB,RB8,2,87,29.4,0.4,2.61,Peacock eel,Macrognathus siamensis,Macrognathus,100,invasive,1,C,0,22.2,49,NA,2021
2021-06-22T00:00:00Z,17,2021,6,22,RB,RB8,2,87,29.4,0.4,2.61,Peacock eel,Macrognathus siamensis,Macrognathus,100,invasive,1,C,0,21.6,36,NA,2021
2021-06-22T00:00:00Z,17,2021,6,22,RB,RB8,3,124,29.7,0.4,2.51,Peacock eel,Macrognathus siamensis,Macrognathus,100,invasive,5,S,0,20.41636363636364,31.44363636363636,NA,2021
2021-06-22T00:00:00Z,17,2021,6,22,RB,RB8,3,124,29.7,0.4,2.51,Peacock eel,Macrognathus siamensis,Macrognathus,100,invasive,1,C,0,21.2,36,NA,2021
2021-06-22T00:00:00Z,17,2021,6,22,RB,RB8,3,124,29.7,0.4,2.51,Peacock eel,Macrognathus siamensis,Macrognathus,100,invasive,1,C,0,23.9,58,NA,2021
2021-06-22T00:00:00Z,17,2021,6,22,RB,RB8,3,124,29.7,0.4,2.51,Peacock eel,Macrognathus siamensis,Macrognathus,100,invasive,1,C,0,21.6,42,NA,2021
2021-06-22T00:00:00Z,17,2021,6,22,RB,RB8,3,124,29.7,0.4,2.51,Peacock eel,Macrognathus siamensis,Macrognathus,100,invasive,1,C,0,19.7,22,NA,2021
2021-06-22T00:00:00Z,17,2021,6,22,RB,RB8,3,124,29.7,0.4,2.51,Peacock eel,Macrognathus siamensis,Macrognathus,100,invasive,1,C,0,21.4,35,NA,2021
2021-06-22T00:00:00Z,17,2021,6,22,RB,RB8,3,124,29.7,0.4,2.51,Peacock eel,Macrognathus siamensis,Macrognathus,100,invasive,1,C,0,20.8,33,NA,2021
2021-06-22T00:00:00Z,17,2021,6,22,RB,RB8,3,124,29.7,0.4,2.51,Peacock eel,Macrognathus siamensis,Macrognathus,100,invasive,1,C,0,24.6,65,NA,2021
2021-06-22T00:00:00Z,17,2021,6,22,RB,RB9,1,92,29.4,0.4,2.28,Peacock eel,Macrognathus siamensis,Macrognathus,100,invasive,0,ZERO,0,0,0,NA,2021
2021-06-22T00:00:00Z,17,2021,6,22,RB,RB9,2,83,29.2,0.4,2.15,Peacock eel,Macrognathus siamensis,Macrognathus,100,invasive,4,S,0,20.41636363636364,31.44363636363636,NA,2021
2021-06-22T00:00:00Z,17,2021,6,22,RB,RB9,2,83,29.2,0.4,2.15,Peacock eel,Macrognathus siamensis,Macrognathus,100,invasive,1,C,0,25.1,81,NA,2021
2021-06-22T00:00:00Z,17,2021,6,22,RB,RB9,2,83,29.2,0.4,2.15,Peacock eel,Macrognathus siamensis,Macrognathus,100,invasive,1,C,0,23.5,65,NA,2021
2021-06-22T00:00:00Z,17,2021,6,22,RB,RB9,2,83,29.2,0.4,2.15,Peacock eel,Macrognathus siamensis,Macrognathus,100,invasive,1,C,0,23.1,54,NA,2021
2021-06-22T00:00:00Z,17,2021,6,22,RB,RB9,2,83,29.2,0.4,2.15,Peacock eel,Macrognathus siamensis,Macrognathus,100,invasive,1,C,0,19.3,25,NA,2021
2021-06-22T00:00:00Z,17,2021,6,22,RB,RB9,2,83,29.2,0.4,2.15,Peacock eel,Macrognathus siamensis,Macrognathus,100,invasive,1,C,0,21.4,41,NA,2021
2021-06-22T00:00:00Z,17,2021,6,22,RB,RB9,3,85,29.5,0.4,2.05,Peacock eel,Macrognathus siamensis,Macrognathus,100,invasive,2,S,0,20.41636363636364,31.44363636363636,NA,2021
2021-06-22T00:00:00Z,17,2021,6,22,RB,RB9,3,85,29.5,0.4,2.05,Peacock eel,Macrognathus siamensis,Macrognathus,100,invasive,1,C,0,20.4,19,NA,2021
2021-12-10T00:00:00Z,18,2021,12,10,RB,RB10,1,95.7,23.5,0.3,3.48,Peacock eel,Macrognathus siamensis,Macrognathus,100,invasive,1,S,0,22.631034482758626,62.13793103448276,NA,2022
2021-12-10T00:00:00Z,18,2021,12,10,RB,RB10,1,95.7,23.5,0.3,3.48,Peacock eel,Macrognathus siamensis,Macrognathus,100,invasive,1,C,0,22.6,40,NA,2022
2021-12-10T00:00:00Z,18,2021,12,10,RB,RB10,1,95.7,23.5,0.3,3.48,Peacock eel,Macrognathus siamensis,Macrognathus,100,invasive,1,C,0,20,29,NA,2022
2021-12-10T00:00:00Z,18,2021,12,10,RB,RB10,1,95.7,23.5,0.3,3.48,Peacock eel,Macrognathus siamensis,Macrognathus,100,invasive,1,C,0,20.2,28,NA,2022
2021-12-10T00:00:00Z,18,2021,12,10,RB,RB10,2,126,23.5,0.3,3.46,Peacock eel,Macrognathus siamensis,Macrognathus,100,invasive,1,C,0,22.6,35,NA,2022
2021-12-10T00:00:00Z,18,2021,12,10,RB,RB10,3,99.1,23.6,0.3,3.3,Peacock eel,Macrognathus siamensis,Macrognathus,100,invasive,1,S,0,22.631034482758626,62.13793103448276,NA,2022
2021-12-09T00:00:00Z,18,2021,12,9,RB,RB11,1,109,23.3,0.3,2.93,Peacock eel,Macrognathus siamensis,Macrognathus,100,invasive,0,ZERO,0,0,0,NA,2022
2021-12-09T00:00:00Z,18,2021,12,9,RB,RB11,2,97.8,23.9,0.3,3.65,Peacock eel,Macrognathus siamensis,Macrognathus,100,invasive,1,S,0,22.631034482758626,62.13793103448276,NA,2022
2021-12-09T00:00:00Z,18,2021,12,9,RB,RB11,3,74.3,24.1,0.3,4,Peacock eel,Macrognathus siamensis,Macrognathus,100,invasive,1,C,0,19.8,28,NA,2022
2021-12-09T00:00:00Z,18,2021,12,9,RB,RB11,3,74.3,24.1,0.3,4,Peacock eel,Macrognathus siamensis,Macrognathus,100,invasive,1,C,0,22.3,60,NA,2022
2021-12-09T00:00:00Z,18,2021,12,9,RB,RB11,3,74.3,24.1,0.3,4,Peacock eel,Macrognathus siamensis,Macrognathus,100,invasive,1,C,0,25.3,72,NA,2022
2021-12-11T00:00:00Z,18,2021,12,11,RB,RB12,1,135,22.1,0.3,3.28,Peacock eel,Macrognathus siamensis,Macrognathus,100,invasive,0,ZERO,0,0,0,NA,2022
2021-12-11T00:00:00Z,18,2021,12,11,RB,RB12,2,155,22.2,0.3,3.31,Peacock eel,Macrognathus siamensis,Macrognathus,100,invasive,1,S,0,22.631034482758626,62.13793103448276,NA,2022
2021-12-11T00:00:00Z,18,2021,12,11,RB,RB12,3,163,22.3,0.3,3.22,Peacock eel,Macrognathus siamensis,Macrognathus,100,invasive,1,C,0,21.5,41,NA,2022
2021-12-11T00:00:00Z,18,2021,12,11,RB,RB12,3,163,22.3,0.3,3.22,Peacock eel,Macrognathus siamensis,Macrognathus,100,invasive,1,C,0,23.9,57,NA,2022
2021-12-09T00:00:00Z,18,2021,12,9,RB,RB13,1,52.7,24.3,0.3,3.86,Peacock eel,Macrognathus siamensis,Macrognathus,100,invasive,1,C,0,18.1,26,NA,2022
2021-12-09T00:00:00Z,18,2021,12,9,RB,RB13,1,52.7,24.3,0.3,3.86,Peacock eel,Macrognathus siamensis,Macrognathus,100,invasive,1,C,0,20.3,33,NA,2022
2021-12-09T00:00:00Z,18,2021,12,9,RB,RB13,1,52.7,24.3,0.3,3.86,Peacock eel,Macrognathus siamensis,Macrognathus,100,invasive,1,C,0,16.8,17,NA,2022
2021-12-09T00:00:00Z,18,2021,12,9,RB,RB13,1,52.7,24.3,0.3,3.86,Peacock eel,Macrognathus siamensis,Macrognathus,100,invasive,1,C,0,20,42,NA,2022
2021-12-09T00:00:00Z,18,2021,12,9,RB,RB13,2,89.7,24.3,0.3,3.79,Peacock eel,Macrognathus siamensis,Macrognathus,100,invasive,1,S,0,22.631034482758626,62.13793103448276,NA,2022
2021-12-09T00:00:00Z,18,2021,12,9,RB,RB13,3,74.6,24.4,0.3,3.75,Peacock eel,Macrognathus siamensis,Macrognathus,100,invasive,0,ZERO,0,0,0,NA,2022
2021-12-10T00:00:00Z,18,2021,12,10,RB,RB14,1,96.1,23.5,0.3,3.16,Peacock eel,Macrognathus siamensis,Macrognathus,100,invasive,0,ZERO,0,0,0,NA,2022
2021-12-10T00:00:00Z,18,2021,12,10,RB,RB14,2,79.1,23.6,0.3,3.46,Peacock eel,Macrognathus siamensis,Macrognathus,100,invasive,0,ZERO,0,0,0,NA,2022
2021-12-10T00:00:00Z,18,2021,12,10,RB,RB14,3,94.7,23.7,0.3,3.12,Peacock eel,Macrognathus siamensis,Macrognathus,100,invasive,0,ZERO,0,0,0,NA,2022
2021-12-11T00:00:00Z,18,2021,12,11,RB,RB15,1,124,24.4,0.3,3.4,Peacock eel,Macrognathus siamensis,Macrognathus,100,invasive,0,ZERO,0,0,0,NA,2022
2021-12-11T00:00:00Z,18,2021,12,11,RB,RB15,3,119,24.4,0.3,3.25,Peacock eel,Macrognathus siamensis,Macrognathus,100,invasive,0,ZERO,0,0,0,NA,2022
2021-12-11T00:00:00Z,18,2021,12,11,RB,RB16,1,127,23.4,0.4,3.24,Peacock eel,Macrognathus siamensis,Macrognathus,100,invasive,0,ZERO,0,0,0,NA,2022
2021-12-10T00:00:00Z,18,2021,12,10,RB,RB18,1,119,24.9,0.3,3.88,Peacock eel,Macrognathus siamensis,Macrognathus,100,invasive,0,ZERO,0,0,0,NA,2022
2021-12-10T00:00:00Z,18,2021,12,10,RB,RB18,2,113,24.8,0.3,3.78,Peacock eel,Macrognathus siamensis,Macrognathus,100,invasive,0,ZERO,0,0,0,NA,2022
2021-12-10T00:00:00Z,18,2021,12,10,RB,RB18,3,175,24.7,0.3,3.55,Peacock eel,Macrognathus siamensis,Macrognathus,100,invasive,1,C,0,22.631034482758626,62.13793103448276,NA,2022
2021-12-10T00:00:00Z,18,2021,12,10,RB,RB18,3,175,24.7,0.3,3.55,Peacock eel,Macrognathus siamensis,Macrognathus,100,invasive,1,C,0,52.5,671,NA,2022
2021-12-10T00:00:00Z,18,2021,12,10,RB,RB18,3,175,24.7,0.3,3.55,Peacock eel,Macrognathus siamensis,Macrognathus,100,invasive,1,C,0,22.8,40,NA,2022
2021-12-10T00:00:00Z,18,2021,12,10,RB,RB18,3,175,24.7,0.3,3.55,Peacock eel,Macrognathus siamensis,Macrognathus,100,invasive,1,C,0,20.5,20,NA,2022
2021-12-10T00:00:00Z,18,2021,12,10,RB,RB18,3,175,24.7,0.3,3.55,Peacock eel,Macrognathus siamensis,Macrognathus,100,invasive,1,C,0,21,20,NA,2022
2021-12-10T00:00:00Z,18,2021,12,10,RB,RB7,1,123,23.2,0.3,3.03,Peacock eel,Macrognathus siamensis,Macrognathus,100,invasive,0,ZERO,0,0,0,NA,2022
2021-12-10T00:00:00Z,18,2021,12,10,RB,RB7,2,130,23.3,0.3,3.18,Peacock eel,Macrognathus siamensis,Macrognathus,100,invasive,1,S,0,22.631034482758626,62.13793103448276,NA,2022
2021-12-10T00:00:00Z,18,2021,12,10,RB,RB7,3,113,24.4,0.3,3.3,Peacock eel,Macrognathus siamensis,Macrognathus,100,invasive,0,ZERO,0,0,0,NA,2022
2021-12-09T00:00:00Z,18,2021,12,9,RB,RB8,1,93.8,23.9,0.3,3.33,Peacock eel,Macrognathus siamensis,Macrognathus,100,invasive,1,C,0,19.5,27,NA,2022
2021-12-09T00:00:00Z,18,2021,12,9,RB,RB8,1,93.8,23.9,0.3,3.33,Peacock eel,Macrognathus siamensis,Macrognathus,100,invasive,1,C,0,21.8,34,NA,2022
2021-12-09T00:00:00Z,18,2021,12,9,RB,RB8,2,81.2,23.9,0.3,3.29,Peacock eel,Macrognathus siamensis,Macrognathus,100,invasive,1,C,0,22.3,42,NA,2022
2021-12-09T00:00:00Z,18,2021,12,9,RB,RB8,2,81.2,23.9,0.3,3.29,Peacock eel,Macrognathus siamensis,Macrognathus,100,invasive,1,C,0,17.6,13,NA,2022
2021-12-09T00:00:00Z,18,2021,12,9,RB,RB8,2,81.2,23.9,0.3,3.29,Peacock eel,Macrognathus siamensis,Macrognathus,100,invasive,1,C,0,14.8,14,NA,2022
2021-12-09T00:00:00Z,18,2021,12,9,RB,RB8,3,63.8,24,0.3,3.52,Peacock eel,Macrognathus siamensis,Macrognathus,100,invasive,0,ZERO,0,0,0,NA,2022
2021-12-10T00:00:00Z,18,2021,12,10,RB,RB9,1,103,23.8,0.3,3.39,Peacock eel,Macrognathus siamensis,Macrognathus,100,invasive,1,C,0,25.1,63,NA,2022
2021-12-10T00:00:00Z,18,2021,12,10,RB,RB9,1,103,23.8,0.3,3.39,Peacock eel,Macrognathus siamensis,Macrognathus,100,invasive,1,C,0,25.5,74,NA,2022
2021-12-10T00:00:00Z,18,2021,12,10,RB,RB9,1,103,23.8,0.3,3.39,Peacock eel,Macrognathus siamensis,Macrognathus,100,invasive,1,C,0,23.1,42,NA,2022
2021-12-10T00:00:00Z,18,2021,12,10,RB,RB9,2,94,24.1,0.3,3.63,Peacock eel,Macrognathus siamensis,Macrognathus,100,invasive,1,C,0,23.6,59,NA,2022
2021-12-10T00:00:00Z,18,2021,12,10,RB,RB9,2,94,24.1,0.3,3.63,Peacock eel,Macrognathus siamensis,Macrognathus,100,invasive,1,C,0,24.5,60,NA,2022
2021-12-10T00:00:00Z,18,2021,12,10,RB,RB9,3,300,34.3,0.3,3.2,Peacock eel,Macrognathus siamensis,Macrognathus,100,invasive,2,S,0,22.631034482758626,62.13793103448276,NA,2022
2021-12-10T00:00:00Z,18,2021,12,10,RB,RB9,3,300,34.3,0.3,3.2,Peacock eel,Macrognathus siamensis,Macrognathus,100,invasive,1,C,0,26,79,NA,2022
2021-12-10T00:00:00Z,18,2021,12,10,RB,RB9,3,300,34.3,0.3,3.2,Peacock eel,Macrognathus siamensis,Macrognathus,100,invasive,1,C,0,22.3,36,NA,2022
2022-01-16T00:00:00Z,18,2022,1,16,RB,RB10,1,60,18.9,0.3,5.42,Peacock eel,Macrognathus siamensis,Macrognathus,100,invasive,1,C,0,28.6,115,NA,2022
2022-01-16T00:00:00Z,18,2022,1,16,RB,RB10,1,60,18.9,0.3,5.42,Peacock eel,Macrognathus siamensis,Macrognathus,100,invasive,1,C,0,19.6,37,NA,2022
2022-01-16T00:00:00Z,18,2022,1,16,RB,RB10,1,60,18.9,0.3,5.42,Peacock eel,Macrognathus siamensis,Macrognathus,100,invasive,1,C,0,20.3,38,NA,2022
2022-01-16T00:00:00Z,18,2022,1,16,RB,RB10,1,60,18.9,0.3,5.42,Peacock eel,Macrognathus siamensis,Macrognathus,100,invasive,1,C,0,20.2,28,NA,2022
2022-01-16T00:00:00Z,18,2022,1,16,RB,RB10,1,60,18.9,0.3,5.42,Peacock eel,Macrognathus siamensis,Macrognathus,100,invasive,1,C,0,21.9,30,NA,2022
2022-01-16T00:00:00Z,18,2022,1,16,RB,RB10,2,107,19.1,0.3,5.69,Peacock eel,Macrognathus siamensis,Macrognathus,100,invasive,3,S,0,22.728,57.45833333333333,NA,2022
2022-01-16T00:00:00Z,18,2022,1,16,RB,RB10,2,107,19.1,0.3,5.69,Peacock eel,Macrognathus siamensis,Macrognathus,100,invasive,1,C,0,24.3,58,NA,2022
2022-01-16T00:00:00Z,18,2022,1,16,RB,RB10,2,107,19.1,0.3,5.69,Peacock eel,Macrognathus siamensis,Macrognathus,100,invasive,1,C,0,22.5,38,NA,2022
2022-01-16T00:00:00Z,18,2022,1,16,RB,RB10,2,107,19.1,0.3,5.69,Peacock eel,Macrognathus siamensis,Macrognathus,100,invasive,1,C,0,26.1,70,NA,2022
2022-01-16T00:00:00Z,18,2022,1,16,RB,RB10,3,91.2,19.1,0.3,5.5,Peacock eel,Macrognathus siamensis,Macrognathus,100,invasive,1,C,0,17.9,26,NA,2022
2022-01-16T00:00:00Z,18,2022,1,16,RB,RB10,3,91.2,19.1,0.3,5.5,Peacock eel,Macrognathus siamensis,Macrognathus,100,invasive,1,C,0,19.8,32,NA,2022
2022-01-16T00:00:00Z,18,2022,1,16,RB,RB10,3,91.2,19.1,0.3,5.5,Peacock eel,Macrognathus siamensis,Macrognathus,100,invasive,1,C,0,19.4,31,NA,2022
2022-01-15T00:00:00Z,18,2022,1,15,RB,RB11,1,104,18.8,0.3,6.09,Peacock eel,Macrognathus siamensis,Macrognathus,100,invasive,0,ZERO,0,0,0,NA,2022
2022-01-15T00:00:00Z,18,2022,1,15,RB,RB11,2,97.3,19.1,0.3,6.85,Peacock eel,Macrognathus siamensis,Macrognathus,100,invasive,1,S,0,22.728,57.45833333333333,NA,2022
2022-01-15T00:00:00Z,18,2022,1,15,RB,RB11,3,85.5,19.5,0.3,6.41,Peacock eel,Macrognathus siamensis,Macrognathus,100,invasive,1,C,0,23,420,NA,2022
2022-01-15T00:00:00Z,18,2022,1,15,RB,RB11,3,85.5,19.5,0.3,6.41,Peacock eel,Macrognathus siamensis,Macrognathus,100,invasive,1,C,0,23.5,48,NA,2022
2022-01-15T00:00:00Z,18,2022,1,15,RB,RB11,3,85.5,19.5,0.3,6.41,Peacock eel,Macrognathus siamensis,Macrognathus,100,invasive,1,C,0,21.1,40,NA,2022
2022-01-15T00:00:00Z,18,2022,1,15,RB,RB13,1,77.2,18.4,0.3,5.21,Peacock eel,Macrognathus siamensis,Macrognathus,100,invasive,1,ZERO,0,20.5,34,NA,2022
2022-01-15T00:00:00Z,18,2022,1,15,RB,RB13,2,78.8,18.4,0.3,5.29,Peacock eel,Macrognathus siamensis,Macrognathus,100,invasive,1,S,0,22.728,57.45833333333333,NA,2022
2022-01-15T00:00:00Z,18,2022,1,15,RB,RB13,3,86.5,18.5,0.3,5.42,Peacock eel,Macrognathus siamensis,Macrognathus,100,invasive,0,ZERO,0,0,0,NA,2022
2022-01-15T00:00:00Z,18,2022,1,15,RB,RB8,1,59.7,17.8,0.3,5.6,Peacock eel,Macrognathus siamensis,Macrognathus,100,invasive,0,ZERO,0,0,0,NA,2022
2022-01-15T00:00:00Z,18,2022,1,15,RB,RB8,2,92.3,18,0.3,5.41,Peacock eel,Macrognathus siamensis,Macrognathus,100,invasive,0,ZERO,0,0,0,NA,2022
2022-01-15T00:00:00Z,18,2022,1,15,RB,RB8,3,81.8,18.3,0.3,5.72,Peacock eel,Macrognathus siamensis,Macrognathus,100,invasive,1,S,0,22.728,57.45833333333333,NA,2022
2022-01-15T00:00:00Z,18,2022,1,15,RB,RB8,3,81.8,18.3,0.3,5.72,Peacock eel,Macrognathus siamensis,Macrognathus,100,invasive,1,C,0.044,24,57.45833333333333,NA,2022
2022-01-16T00:00:00Z,18,2022,1,16,RB,RB9,1,99.2,19.9,0.3,5.3,Peacock eel,Macrognathus siamensis,Macrognathus,100,invasive,1,S,0,22.728,57.45833333333333,NA,2022
2022-01-16T00:00:00Z,18,2022,1,16,RB,RB9,1,99.2,19.9,0.3,5.3,Peacock eel,Macrognathus siamensis,Macrognathus,100,invasive,1,C,0,25.4,57,NA,2022
2022-01-16T00:00:00Z,18,2022,1,16,RB,RB9,1,99.2,19.9,0.3,5.3,Peacock eel,Macrognathus siamensis,Macrognathus,100,invasive,1,C,0,26,50,NA,2022
2022-01-16T00:00:00Z,18,2022,1,16,RB,RB9,1,99.2,19.9,0.3,5.3,Peacock eel,Macrognathus siamensis,Macrognathus,100,invasive,1,C,0,22.5,54,NA,2022
2022-01-16T00:00:00Z,18,2022,1,16,RB,RB9,1,99.2,19.9,0.3,5.3,Peacock eel,Macrognathus siamensis,Macrognathus,100,invasive,1,C,0,24.9,44,NA,2022
2022-01-16T00:00:00Z,18,2022,1,16,RB,RB9,1,99.2,19.9,0.3,5.3,Peacock eel,Macrognathus siamensis,Macrognathus,100,invasive,1,C,0,24.6,39,NA,2022
2022-01-16T00:00:00Z,18,2022,1,16,RB,RB9,1,99.2,19.9,0.3,5.3,Peacock eel,Macrognathus siamensis,Macrognathus,100,invasive,1,C,0,24.4,34,NA,2022
2022-01-16T00:00:00Z,18,2022,1,16,RB,RB9,1,99.2,19.9,0.3,5.3,Peacock eel,Macrognathus siamensis,Macrognathus,100,invasive,1,C,0,24.6,4,NA,2022
2022-01-16T00:00:00Z,18,2022,1,16,RB,RB9,2,93.1,19.3,0.3,5.17,Peacock eel,Macrognathus siamensis,Macrognathus,100,invasive,1,S,0,22.728,57.45833333333333,NA,2022
2022-01-16T00:00:00Z,18,2022,1,16,RB,RB9,2,93.1,19.3,0.3,5.17,Peacock eel,Macrognathus siamensis,Macrognathus,100,invasive,1,C,0,22.1,48,NA,2022
2022-01-16T00:00:00Z,18,2022,1,16,RB,RB9,3,86.2,19.5,0.3,5.07,Peacock eel,Macrognathus siamensis,Macrognathus,100,invasive,3,S,0,22.728,57.45833333333333,NA,2022
2022-01-16T00:00:00Z,18,2022,1,16,RB,RB9,3,86.2,19.5,0.3,5.07,Peacock eel,Macrognathus siamensis,Macrognathus,100,invasive,1,C,0,21,4,NA,2022
2022-01-16T00:00:00Z,18,2022,1,16,RB,RB9,3,93.1,19.5,0.3,5.07,Peacock eel,Macrognathus siamensis,Macrognathus,100,invasive,0,ZERO,0,0,0,NA,2022
2022-02-13T00:00:00Z,18,2022,2,13,RB,RB10,1,72,20.8,0.3,6,Peacock eel,Macrognathus siamensis,Macrognathus,100,invasive,1,S,0,20.791666666666664,35.70588235294118,NA,2022
2022-02-13T00:00:00Z,18,2022,2,13,RB,RB10,1,72,20.8,0.3,6,Peacock eel,Macrognathus siamensis,Macrognathus,100,invasive,1,C,26,20.791666666666664,85,NA,2022
2022-02-13T00:00:00Z,18,2022,2,13,RB,RB10,2,96.2,21.2,0.3,6.17,Peacock eel,Macrognathus siamensis,Macrognathus,100,invasive,1,C,0,16.4,14,NA,2022
2022-02-13T00:00:00Z,18,2022,2,13,RB,RB11,1,88.1,21.6,0.2,5.98,Peacock eel,Macrognathus siamensis,Macrognathus,100,invasive,0,ZERO,0,0,0,NA,2022
2022-02-13T00:00:00Z,18,2022,2,13,RB,RB11,2,66.2,21.9,0.2,6.55,Peacock eel,Macrognathus siamensis,Macrognathus,100,invasive,1,S,0,20.791666666666664,35.70588235294118,NA,2022
2022-02-13T00:00:00Z,18,2022,2,13,RB,RB11,2,66.2,21.9,0.2,6.55,Peacock eel,Macrognathus siamensis,Macrognathus,100,invasive,1,C,0,22.2,49,NA,2022
2022-02-14T00:00:00Z,18,2022,2,14,RB,RB11,3,101,17.6,0.2,4.7,Peacock eel,Macrognathus siamensis,Macrognathus,100,invasive,1,S,0,20.791666666666664,35.70588235294118,NA,2022
2022-02-12T00:00:00Z,18,2022,2,12,RB,RB12,1,110,20.1,0.5,3.58,Peacock eel,Macrognathus siamensis,Macrognathus,100,invasive,0,ZERO,0,0,0,NA,2022
2022-02-12T00:00:00Z,18,2022,2,12,RB,RB12,2,119,19.9,0.5,3.78,Peacock eel,Macrognathus siamensis,Macrognathus,100,invasive,3,S,0,20.791666666666664,35.70588235294118,NA,2022
2022-02-12T00:00:00Z,18,2022,2,12,RB,RB12,2,119,19.9,0.5,3.78,Peacock eel,Macrognathus siamensis,Macrognathus,100,invasive,1,C,0,21.9,30,NA,2022
2022-02-12T00:00:00Z,18,2022,2,12,RB,RB12,2,119,19.9,0.5,3.78,Peacock eel,Macrognathus siamensis,Macrognathus,100,invasive,1,C,0,21.5,33,NA,2022
2022-02-12T00:00:00Z,18,2022,2,12,RB,RB12,3,109,19.9,0.5,3.54,Peacock eel,Macrognathus siamensis,Macrognathus,100,invasive,0,ZERO,0,0,0,NA,2022
2022-02-12T00:00:00Z,18,2022,2,12,RB,RB13,1,81.4,21.7,0.4,5.01,Peacock eel,Macrognathus siamensis,Macrognathus,100,invasive,1,C,0,21.4,35,NA,2022
2022-02-12T00:00:00Z,18,2022,2,12,RB,RB13,2,93.9,21.5,0.4,4.9,Peacock eel,Macrognathus siamensis,Macrognathus,100,invasive,1,S,0,20.791666666666664,35.70588235294118,NA,2022
2022-02-12T00:00:00Z,18,2022,2,12,RB,RB13,2,93.9,21.5,0.4,4.9,Peacock eel,Macrognathus siamensis,Macrognathus,100,invasive,1,C,0,18.4,24,NA,2022
2022-02-12T00:00:00Z,18,2022,2,12,RB,RB13,2,93.9,21.5,0.4,4.9,Peacock eel,Macrognathus siamensis,Macrognathus,100,invasive,1,C,0,19.6,25,NA,2022
2022-02-12T00:00:00Z,18,2022,2,12,RB,RB13,3,53,21.8,0.4,4.9,Peacock eel,Macrognathus siamensis,Macrognathus,100,invasive,0,ZERO,0,0,0,NA,2022
2022-02-12T00:00:00Z,18,2022,2,12,RB,RB14,1,73.3,21.6,0.5,3.68,Peacock eel,Macrognathus siamensis,Macrognathus,100,invasive,0,ZERO,0,0,0,NA,2022
2022-02-13T00:00:00Z,18,2022,2,13,RB,RB14,2,76.7,20.9,0.4,4.49,Peacock eel,Macrognathus siamensis,Macrognathus,100,invasive,0,ZERO,0,0,0,NA,2022
2022-02-13T00:00:00Z,18,2022,2,13,RB,RB14,3,66.9,20.8,0.4,4.96,Peacock eel,Macrognathus siamensis,Macrognathus,100,invasive,0,ZERO,0,0,0,NA,2022
2022-02-14T00:00:00Z,18,2022,2,14,RB,RB15,1,80.8,20,0.4,4.75,Peacock eel,Macrognathus siamensis,Macrognathus,100,invasive,0,ZERO,0,0,0,NA,2022
2022-02-14T00:00:00Z,18,2022,2,14,RB,RB15,2,109,20,0.4,4.71,Peacock eel,Macrognathus siamensis,Macrognathus,100,invasive,0,ZERO,0,0,0,NA,2022
2022-02-14T00:00:00Z,18,2022,2,14,RB,RB15,3,70,20,0.4,4.8,Peacock eel,Macrognathus siamensis,Macrognathus,100,invasive,0,ZERO,0,0,0,NA,2022
2022-02-12T00:00:00Z,18,2022,2,12,RB,RB16,1,98.5,19.5,1.1,2.83,Peacock eel,Macrognathus siamensis,Macrognathus,100,invasive,0,ZERO,0,0,0,NA,2022
2022-02-12T00:00:00Z,18,2022,2,12,RB,RB16,2,131,19.4,1.1,3.62,Peacock eel,Macrognathus siamensis,Macrognathus,100,invasive,0,ZERO,0,0,0,NA,2022
2022-02-12T00:00:00Z,18,2022,2,12,RB,RB16,3,117,19.5,0.8,3.54,Peacock eel,Macrognathus siamensis,Macrognathus,100,invasive,0,ZERO,0,0,0,NA,2022
2022-02-12T00:00:00Z,18,2022,2,12,RB,RB18,1,79.3,22.1,0.4,5.44,Peacock eel,Macrognathus siamensis,Macrognathus,100,invasive,0,ZERO,0,0,0,NA,2022
2022-02-12T00:00:00Z,18,2022,2,12,RB,RB18,2,78,22.5,0.4,5.27,Peacock eel,Macrognathus siamensis,Macrognathus,100,invasive,1,C,25.1,20.791666666666664,56,NA,2022
2022-02-12T00:00:00Z,18,2022,2,12,RB,RB18,2,78,22.5,0.4,5.27,Peacock eel,Macrognathus siamensis,Macrognathus,100,invasive,1,C,23.5,20.791666666666664,55,NA,2022
2022-02-12T00:00:00Z,18,2022,2,12,RB,RB18,2,78,22.5,0.4,5.27,Peacock eel,Macrognathus siamensis,Macrognathus,100,invasive,1,C,15.8,20.791666666666664,8,NA,2022
2022-02-12T00:00:00Z,18,2022,2,12,RB,RB18,2,78,22.5,0.4,5.27,Peacock eel,Macrognathus siamensis,Macrognathus,100,invasive,1,C,21.7,20.791666666666664,30,NA,2022
2022-02-12T00:00:00Z,18,2022,2,12,RB,RB18,3,72,22,0.4,5.12,Peacock eel,Macrognathus siamensis,Macrognathus,100,invasive,0,ZERO,0,0,0,NA,2022
2022-02-14T00:00:00Z,18,2022,2,14,RB,RB7,1,93.3,17.5,0.3,4.77,Peacock eel,Macrognathus siamensis,Macrognathus,100,invasive,0,ZERO,0,0,0,NA,2022
2022-02-14T00:00:00Z,18,2022,2,14,RB,RB7,2,97.3,17.4,0.3,4.87,Peacock eel,Macrognathus siamensis,Macrognathus,100,invasive,0,ZERO,0,0,0,NA,2022
2022-02-14T00:00:00Z,18,2022,2,14,RB,RB7,3,100,17.4,0.3,5.03,Peacock eel,Macrognathus siamensis,Macrognathus,100,invasive,0,ZERO,0,0,0,NA,2022
2022-02-13T00:00:00Z,18,2022,2,13,RB,RB8,1,67.3,20.5,0.3,6.04,Peacock eel,Macrognathus siamensis,Macrognathus,100,invasive,1,C,0,19.8,21,NA,2022
2022-02-13T00:00:00Z,18,2022,2,13,RB,RB8,1,67.3,20.5,0.3,6.04,Peacock eel,Macrognathus siamensis,Macrognathus,100,invasive,1,C,0,23.4,37,NA,2022
2022-02-13T00:00:00Z,18,2022,2,13,RB,RB8,2,62.5,20.6,0.3,5.63,Peacock eel,Macrognathus siamensis,Macrognathus,100,invasive,0,ZERO,0,0,0,NA,2022
2022-02-13T00:00:00Z,18,2022,2,13,RB,RB8,3,50.8,20.7,0.2,5.76,Peacock eel,Macrognathus siamensis,Macrognathus,100,invasive,0,ZERO,0,0,0,NA,2022
2022-02-13T00:00:00Z,18,2022,2,13,RB,RB9,1,115,21.2,0.3,5.25,Peacock eel,Macrognathus siamensis,Macrognathus,100,invasive,0,ZERO,0,0,0,NA,2022
2022-02-13T00:00:00Z,18,2022,2,13,RB,RB9,2,102,21.2,0.3,5.46,Peacock eel,Macrognathus siamensis,Macrognathus,100,invasive,1,S,0,20.791666666666664,35.70588235294118,NA,2022
2022-02-13T00:00:00Z,18,2022,2,13,RB,RB9,2,102,21.2,0.3,5.46,Peacock eel,Macrognathus siamensis,Macrognathus,100,invasive,1,C,0,21.7,37,NA,2022
2022-02-13T00:00:00Z,18,2022,2,13,RB,RB9,3,97.3,21.4,0.3,5.34,Peacock eel,Macrognathus siamensis,Macrognathus,100,invasive,5,S,0,20.791666666666664,35.70588235294118,NA,2022
2022-02-13T00:00:00Z,18,2022,2,13,RB,RB9,3,97.3,21.4,0.3,5.34,Peacock eel,Macrognathus siamensis,Macrognathus,100,invasive,1,C,0,20.7,32,NA,2022
2022-02-13T00:00:00Z,18,2022,2,13,RB,RB9,3,97.3,21.4,0.3,5.34,Peacock eel,Macrognathus siamensis,Macrognathus,100,invasive,1,C,0,22.5,36,NA,2022
2022-03-12T00:00:00Z,18,2022,3,12,RB,RB10,1,97.3,26.6,0.3,3.62,Peacock eel,Macrognathus siamensis,Macrognathus,100,invasive,1,S,0,21.553846153846155,54.53846153846154,NA,2022
2022-03-12T00:00:00Z,18,2022,3,12,RB,RB10,1,97.3,26.6,0.3,3.62,Peacock eel,Macrognathus siamensis,Macrognathus,100,invasive,1,C,0,21.2,22,NA,2022
2022-03-12T00:00:00Z,18,2022,3,12,RB,RB10,2,98.6,26.9,0.3,4.16,Peacock eel,Macrognathus siamensis,Macrognathus,100,invasive,1,S,0,21.553846153846155,54.53846153846154,NA,2022
2022-03-12T00:00:00Z,18,2022,3,12,RB,RB10,2,98.6,26.9,0.3,4.16,Peacock eel,Macrognathus siamensis,Macrognathus,100,invasive,1,C,0,20.8,33,NA,2022
2022-03-12T00:00:00Z,18,2022,3,12,RB,RB10,2,98.6,26.9,0.3,4.16,Peacock eel,Macrognathus siamensis,Macrognathus,100,invasive,1,C,0,18.8,21,NA,2022
2022-03-12T00:00:00Z,18,2022,3,12,RB,RB10,2,98.6,26.9,0.3,4.16,Peacock eel,Macrognathus siamensis,Macrognathus,100,invasive,1,C,0,19.2,16,NA,2022
2022-03-12T00:00:00Z,18,2022,3,12,RB,RB10,3,118,27.2,0.3,4.44,Peacock eel,Macrognathus siamensis,Macrognathus,100,invasive,0,ZERO,0,0,0,NA,2022
2022-03-12T00:00:00Z,18,2022,3,12,RB,RB11,1,110,25.9,0.3,2.96,Peacock eel,Macrognathus siamensis,Macrognathus,100,invasive,0,ZERO,0,0,0,NA,2022
2022-03-12T00:00:00Z,18,2022,3,12,RB,RB11,2,89.7,26.2,0.3,3.5,Peacock eel,Macrognathus siamensis,Macrognathus,100,invasive,1,S,0,21.553846153846155,54.53846153846154,NA,2022
2022-03-12T00:00:00Z,18,2022,3,12,RB,RB11,3,96.7,26,0.3,3.5,Peacock eel,Macrognathus siamensis,Macrognathus,100,invasive,1,S,0,21.553846153846155,54.53846153846154,NA,2022
2022-03-12T00:00:00Z,18,2022,3,12,RB,RB11,3,96.7,26,0.3,3.5,Peacock eel,Macrognathus siamensis,Macrognathus,100,invasive,1,C,0,21.9,35,NA,2022
2022-03-13T00:00:00Z,18,2022,3,13,RB,RB13,1,46.6,20.5,0.4,3.55,Peacock eel,Macrognathus siamensis,Macrognathus,100,invasive,1,S,0,21.553846153846155,54.53846153846154,NA,2022
2022-03-13T00:00:00Z,18,2022,3,13,RB,RB13,1,46.6,20.5,0.4,3.55,Peacock eel,Macrognathus siamensis,Macrognathus,100,invasive,1,C,0,20.6,33,NA,2022
2022-03-13T00:00:00Z,18,2022,3,13,RB,RB13,2,99.7,19.8,0.4,4.11,Peacock eel,Macrognathus siamensis,Macrognathus,100,invasive,1,S,0,21.553846153846155,54.53846153846154,NA,2022
2022-03-13T00:00:00Z,18,2022,3,13,RB,RB13,3,56.1,19.9,0.4,4.23,Peacock eel,Macrognathus siamensis,Macrognathus,100,invasive,1,C,0,18.5,230,NA,2022
2022-03-12T00:00:00Z,18,2022,3,12,RB,RB8,1,97.3,26.9,0.3,5.15,Peacock eel,Macrognathus siamensis,Macrognathus,100,invasive,1,S,0,21.553846153846155,54.53846153846154,NA,2022
2022-03-12T00:00:00Z,18,2022,3,12,RB,RB8,1,97.3,26.9,0.3,5.15,Peacock eel,Macrognathus siamensis,Macrognathus,100,invasive,1,C,0,24.2,71,NA,2022
2022-03-12T00:00:00Z,18,2022,3,12,RB,RB8,2,93.4,26.9,0.3,4.78,Peacock eel,Macrognathus siamensis,Macrognathus,100,invasive,1,S,0,21.553846153846155,54.53846153846154,NA,2022
2022-03-12T00:00:00Z,18,2022,3,12,RB,RB8,2,93.4,26.9,0.3,4.78,Peacock eel,Macrognathus siamensis,Macrognathus,100,invasive,1,C,0,26.4,94,NA,2022
2022-03-12T00:00:00Z,18,2022,3,12,RB,RB8,3,96.4,26.5,0.3,5.07,Peacock eel,Macrognathus siamensis,Macrognathus,100,invasive,1,C,0,22.3,42,NA,2022
2022-03-12T00:00:00Z,18,2022,3,12,RB,RB9,1,100,26.6,0.3,3.4,Peacock eel,Macrognathus siamensis,Macrognathus,100,invasive,1,S,0,21.553846153846155,54.53846153846154,NA,2022
2022-03-12T00:00:00Z,18,2022,3,12,RB,RB9,2,102,26.7,0.3,3.5,Peacock eel,Macrognathus siamensis,Macrognathus,100,invasive,1,C,0,24,44,NA,2022
2022-03-12T00:00:00Z,18,2022,3,12,RB,RB9,2,102,26.7,0.3,3.5,Peacock eel,Macrognathus siamensis,Macrognathus,100,invasive,1,C,0,20,34,NA,2022
2022-03-12T00:00:00Z,18,2022,3,12,RB,RB9,3,106,26.9,0.3,3.74,Peacock eel,Macrognathus siamensis,Macrognathus,100,invasive,1,C,0,22.3,34,NA,2022
2022-04-09T00:00:00Z,18,2022,4,9,RB,RB10,1,49.7,22.5,0.3,3.77,Peacock eel,Macrognathus siamensis,Macrognathus,100,invasive,1,S,0,23.110526315789475,52.8,NA,2022
2022-04-09T00:00:00Z,18,2022,4,9,RB,RB10,1,49.7,22.5,0.3,3.77,Peacock eel,Macrognathus siamensis,Macrognathus,100,invasive,1,C,0,21.9,25,NA,2022
2022-04-09T00:00:00Z,18,2022,4,9,RB,RB10,2,100,NA,NA,NA,Peacock eel,Macrognathus siamensis,Macrognathus,100,invasive,0,ZERO,0,0,0,NA,2022
2022-04-10T00:00:00Z,18,2022,4,10,RB,RB10,2,68.8,21.3,0.3,NA,Peacock eel,Macrognathus siamensis,Macrognathus,100,invasive,2,S,0,23.110526315789475,52.8,NA,2022
2022-04-10T00:00:00Z,18,2022,4,10,RB,RB10,2,68.8,21.3,0.3,NA,Peacock eel,Macrognathus siamensis,Macrognathus,100,invasive,1,C,0,22.6,52.8,NA,2022
2022-04-10T00:00:00Z,18,2022,4,10,RB,RB10,2,68.8,21.3,0.3,NA,Peacock eel,Macrognathus siamensis,Macrognathus,100,invasive,1,C,0,25.1,52.8,NA,2022
2022-04-10T00:00:00Z,18,2022,4,10,RB,RB10,3,109,21.8,0.3,NA,Peacock eel,Macrognathus siamensis,Macrognathus,100,invasive,1,C,0,23.5,68,NA,2022
2022-04-10T00:00:00Z,18,2022,4,10,RB,RB10,3,109,21.8,0.3,NA,Peacock eel,Macrognathus siamensis,Macrognathus,100,invasive,1,C,0,22.1,48,NA,2022
2022-04-09T00:00:00Z,18,2022,4,9,RB,RB11,1,76.5,23.7,0.3,NA,Peacock eel,Macrognathus siamensis,Macrognathus,100,invasive,0,ZERO,0,0,0,NA,2022
2022-04-09T00:00:00Z,18,2022,4,9,RB,RB11,2,97,24.6,0.3,5.5,Peacock eel,Macrognathus siamensis,Macrognathus,100,invasive,1,C,0,27,90,NA,2022
2022-04-09T00:00:00Z,18,2022,4,9,RB,RB11,3,70.7,25,0.3,NA,Peacock eel,Macrognathus siamensis,Macrognathus,100,invasive,0,ZERO,0,0,0,NA,2022
2022-04-10T00:00:00Z,18,2022,4,10,RB,RB13,1,72,20.8,0.3,NA,Peacock eel,Macrognathus siamensis,Macrognathus,100,invasive,0,ZERO,0,0,0,NA,2022
2022-04-10T00:00:00Z,18,2022,4,10,RB,RB13,2,43,20.5,0.3,NA,Peacock eel,Macrognathus siamensis,Macrognathus,100,invasive,1,C,0,23,29,NA,2022
2022-04-10T00:00:00Z,18,2022,4,10,RB,RB13,3,97,20.2,0.3,NA,Peacock eel,Macrognathus siamensis,Macrognathus,100,invasive,0,ZERO,0,0,0,NA,2022
2022-04-10T00:00:00Z,18,2022,4,10,RB,RB8,1,43.9,20.2,0.3,NA,Peacock eel,Macrognathus siamensis,Macrognathus,100,invasive,1,S,0,23.110526315789475,52.8,NA,2022
2022-04-10T00:00:00Z,18,2022,4,10,RB,RB8,1,43.9,20.2,0.3,NA,Peacock eel,Macrognathus siamensis,Macrognathus,100,invasive,1,C,0,24.6,52.8,NA,2022
2022-04-10T00:00:00Z,18,2022,4,10,RB,RB8,1,43.9,20.2,0.3,NA,Peacock eel,Macrognathus siamensis,Macrognathus,100,invasive,1,C,0,21.4,52.8,NA,2022
2022-04-10T00:00:00Z,18,2022,4,10,RB,RB8,2,89.3,20.2,0.3,NA,Peacock eel,Macrognathus siamensis,Macrognathus,100,invasive,1,C,0,24.7,68,NA,2022
2022-04-10T00:00:00Z,18,2022,4,10,RB,RB8,2,89.3,20.2,0.3,NA,Peacock eel,Macrognathus siamensis,Macrognathus,100,invasive,1,C,0,22.9,33,NA,2022
2022-04-10T00:00:00Z,18,2022,4,10,RB,RB8,3,60.2,20.2,0.3,NA,Peacock eel,Macrognathus siamensis,Macrognathus,100,invasive,0,ZERO,0,0,0,NA,2022
2022-04-09T00:00:00Z,18,2022,4,9,RB,RB9,1,82.8,23.1,0.3,3.98,Peacock eel,Macrognathus siamensis,Macrognathus,100,invasive,1,C,0,20.9,30,NA,2022
2022-04-09T00:00:00Z,18,2022,4,9,RB,RB9,1,82.8,23.1,0.3,3.98,Peacock eel,Macrognathus siamensis,Macrognathus,100,invasive,1,C,0,23.5,48,NA,2022
2022-04-09T00:00:00Z,18,2022,4,9,RB,RB9,1,82.8,23.1,0.3,3.98,Peacock eel,Macrognathus siamensis,Macrognathus,100,invasive,1,C,0,23.7,55,NA,2022
2022-04-09T00:00:00Z,18,2022,4,9,RB,RB9,2,67.1,23.4,0.3,NA,Peacock eel,Macrognathus siamensis,Macrognathus,100,invasive,1,C,0,20.9,27,NA,2022
2022-04-09T00:00:00Z,18,2022,4,9,RB,RB9,3,70.1,23.7,0.3,NA,Peacock eel,Macrognathus siamensis,Macrognathus,100,invasive,1,C,0,21.9,61,NA,2022
2022-04-09T00:00:00Z,18,2022,4,9,RB,RB9,3,70.1,23.7,0.3,NA,Peacock eel,Macrognathus siamensis,Macrognathus,100,invasive,1,C,0,24.9,79,NA,2022
2022-04-09T00:00:00Z,18,2022,4,9,RB,RB9,3,70.1,23.7,0.3,NA,Peacock eel,Macrognathus siamensis,Macrognathus,100,invasive,1,C,0,21.2,58,NA,2022
2022-04-09T00:00:00Z,18,2022,4,9,RB,RB9,3,70.1,23.7,0.3,NA,Peacock eel,Macrognathus siamensis,Macrognathus,100,invasive,1,C,0,23.3,73,NA,2022
2022-05-04T00:00:00Z,18,2022,5,4,RB,RB10,1,90.5,26.6,0.3,3.5,Peacock eel,Macrognathus siamensis,Macrognathus,100,invasive,1,S,0,21.7,36.75,NA,2022
2022-05-04T00:00:00Z,18,2022,5,4,RB,RB10,1,90.5,26.6,0.3,3.5,Peacock eel,Macrognathus siamensis,Macrognathus,100,invasive,1,C,0,18.9,23,NA,2022
2022-05-04T00:00:00Z,18,2022,5,4,RB,RB10,2,87.5,27,0.3,4.22,Peacock eel,Macrognathus siamensis,Macrognathus,100,invasive,1,C,0,22.5,46,NA,2022
2022-05-04T00:00:00Z,18,2022,5,4,RB,RB10,2,87.5,27,0.3,4.22,Peacock eel,Macrognathus siamensis,Macrognathus,100,invasive,1,C,0,22.6,34,NA,2022
2022-05-04T00:00:00Z,18,2022,5,4,RB,RB10,3,115,27.5,0.3,4.04,Peacock eel,Macrognathus siamensis,Macrognathus,100,invasive,1,S,0,21.7,36.75,NA,2022
2022-05-04T00:00:00Z,18,2022,5,4,RB,RB11,1,112,27.5,0.3,3.56,Peacock eel,Macrognathus siamensis,Macrognathus,100,invasive,0,ZERO,0,0,0,NA,2022
2022-05-04T00:00:00Z,18,2022,5,4,RB,RB11,2,120,28.1,0.3,3.62,Peacock eel,Macrognathus siamensis,Macrognathus,100,invasive,1,S,0,21.7,36.75,NA,2022
2022-05-04T00:00:00Z,18,2022,5,4,RB,RB11,2,120,28.1,0.3,3.62,Peacock eel,Macrognathus siamensis,Macrognathus,100,invasive,1,C,0,21.4,26,NA,2022
2022-05-04T00:00:00Z,18,2022,5,4,RB,RB11,3,107,29.5,0.3,4.25,Peacock eel,Macrognathus siamensis,Macrognathus,100,invasive,1,S,0,21.7,36.75,NA,2022
2022-05-04T00:00:00Z,18,2022,5,4,RB,RB11,3,107,29.5,0.3,4.25,Peacock eel,Macrognathus siamensis,Macrognathus,100,invasive,1,C,0,23.7,45,NA,2022
2022-05-04T00:00:00Z,18,2022,5,4,RB,RB11,3,107,29.5,0.3,4.25,Peacock eel,Macrognathus siamensis,Macrognathus,100,invasive,1,C,0,19.6,26,NA,2022
2022-05-06T00:00:00Z,18,2022,5,6,RB,RB12,1,146,26,0.7,1.11,Peacock eel,Macrognathus siamensis,Macrognathus,100,invasive,0,ZERO,0,0,0,NA,2022
2022-05-06T00:00:00Z,18,2022,5,6,RB,RB12,2,120,26.4,0.6,1.35,Peacock eel,Macrognathus siamensis,Macrognathus,100,invasive,0,ZERO,0,0,0,NA,2022
2022-05-06T00:00:00Z,18,2022,5,6,RB,RB12,3,101,26.6,0.5,1.44,Peacock eel,Macrognathus siamensis,Macrognathus,100,invasive,0,ZERO,0,0,0,NA,2022
2022-05-05T00:00:00Z,18,2022,5,5,RB,RB13,1,85,27.8,0.3,3.2,Peacock eel,Macrognathus siamensis,Macrognathus,100,invasive,1,C,0,20.5,32,NA,2022
2022-05-05T00:00:00Z,18,2022,5,5,RB,RB13,2,95,27.8,0.3,3.59,Peacock eel,Macrognathus siamensis,Macrognathus,100,invasive,1,C,0,25.3,62,NA,2022
2022-05-05T00:00:00Z,18,2022,5,5,RB,RB13,2,95,27.8,0.3,3.59,Peacock eel,Macrognathus siamensis,Macrognathus,100,invasive,1,C,0,18.9,26,NA,2022
2022-05-05T00:00:00Z,18,2022,5,5,RB,RB13,3,89,28.2,0.3,3.78,Peacock eel,Macrognathus siamensis,Macrognathus,100,invasive,2,S,0,21.7,36.75,NA,2022
2022-05-05T00:00:00Z,18,2022,5,5,RB,RB13,3,89,28.2,0.3,3.78,Peacock eel,Macrognathus siamensis,Macrognathus,100,invasive,1,C,0,18.7,25,NA,2022
2022-05-05T00:00:00Z,18,2022,5,5,RB,RB14,1,90.4,26.3,0.5,2.2,Peacock eel,Macrognathus siamensis,Macrognathus,100,invasive,0,ZERO,0,0,0,NA,2022
2022-05-05T00:00:00Z,18,2022,5,5,RB,RB14,2,64.7,26.2,0.5,2.01,Peacock eel,Macrognathus siamensis,Macrognathus,100,invasive,1,C,0,22,30,NA,2022
2022-05-05T00:00:00Z,18,2022,5,5,RB,RB14,3,65.8,26.3,0.5,2.45,Peacock eel,Macrognathus siamensis,Macrognathus,100,invasive,0,ZERO,0,0,0,NA,2022
2022-05-05T00:00:00Z,18,2022,5,5,RB,RB15,1,120,29.1,3.3,1.95,Peacock eel,Macrognathus siamensis,Macrognathus,100,invasive,0,ZERO,0,0,0,NA,2022
2022-05-05T00:00:00Z,18,2022,5,5,RB,RB15,2,126,28.9,2.3,1.58,Peacock eel,Macrognathus siamensis,Macrognathus,100,invasive,0,ZERO,0,0,0,NA,2022
2022-05-05T00:00:00Z,18,2022,5,5,RB,RB15,3,81.2,28.7,2.2,1.37,Peacock eel,Macrognathus siamensis,Macrognathus,100,invasive,0,ZERO,0,0,0,NA,2022
2022-05-06T00:00:00Z,18,2022,5,6,RB,RB16,1,87.5,26.9,1.9,1.68,Peacock eel,Macrognathus siamensis,Macrognathus,100,invasive,0,ZERO,0,0,0,NA,2022
2022-05-06T00:00:00Z,18,2022,5,6,RB,RB16,2,103,26.9,1.8,2.03,Peacock eel,Macrognathus siamensis,Macrognathus,100,invasive,0,ZERO,0,0,0,NA,2022
2022-05-06T00:00:00Z,18,2022,5,6,RB,RB16,3,110,26.8,1.7,1.82,Peacock eel,Macrognathus siamensis,Macrognathus,100,invasive,0,ZERO,0,0,0,NA,2022
2022-05-05T00:00:00Z,18,2022,5,5,RB,RB18,1,115,26.6,0.4,3.35,Peacock eel,Macrognathus siamensis,Macrognathus,100,invasive,0,ZERO,0,0,0,NA,2022
2022-05-05T00:00:00Z,18,2022,5,5,RB,RB18,2,85.5,26.8,0.4,3.55,Peacock eel,Macrognathus siamensis,Macrognathus,100,invasive,0,ZERO,0,0,0,NA,2022
2022-05-05T00:00:00Z,18,2022,5,5,RB,RB18,3,108,27.4,0.4,3.6,Peacock eel,Macrognathus siamensis,Macrognathus,100,invasive,1,C,0,22.6,39,NA,2022
2022-05-05T00:00:00Z,18,2022,5,5,RB,RB18,3,108,27.4,0.4,3.6,Peacock eel,Macrognathus siamensis,Macrognathus,100,invasive,1,C,0,28,90,NA,2022
2022-05-05T00:00:00Z,18,2022,5,5,RB,RB7,1,140,26.6,0.5,2.04,Peacock eel,Macrognathus siamensis,Macrognathus,100,invasive,0,ZERO,0,0,0,NA,2022
2022-05-05T00:00:00Z,18,2022,5,5,RB,RB7,2,108,26.8,0.5,2.85,Peacock eel,Macrognathus siamensis,Macrognathus,100,invasive,0,ZERO,0,0,0,NA,2022
2022-05-05T00:00:00Z,18,2022,5,5,RB,RB7,3,109,26.9,0.5,2.25,Peacock eel,Macrognathus siamensis,Macrognathus,100,invasive,0,ZERO,0,0,0,NA,2022
2022-05-04T00:00:00Z,18,2022,5,4,RB,RB8,1,70,26.4,0.3,3.35,Peacock eel,Macrognathus siamensis,Macrognathus,100,invasive,1,C,0,22.7,37,NA,2022
2022-05-04T00:00:00Z,18,2022,5,4,RB,RB8,1,70,26.4,0.3,3.35,Peacock eel,Macrognathus siamensis,Macrognathus,100,invasive,1,C,0,18.6,20,NA,2022
2022-05-04T00:00:00Z,18,2022,5,4,RB,RB8,1,70,26.4,0.3,3.35,Peacock eel,Macrognathus siamensis,Macrognathus,100,invasive,1,C,0,17.9,23,NA,2022
2022-05-04T00:00:00Z,18,2022,5,4,RB,RB8,2,69.6,26.7,0.3,3.57,Peacock eel,Macrognathus siamensis,Macrognathus,100,invasive,1,C,0,21.6,36,NA,2022
2022-05-04T00:00:00Z,18,2022,5,4,RB,RB8,3,99.9,26.5,0.3,3.7,Peacock eel,Macrognathus siamensis,Macrognathus,100,invasive,1,S,0,21.7,36.75,NA,2022
2022-05-04T00:00:00Z,18,2022,5,4,RB,RB8,3,99.9,26.5,0.3,3.7,Peacock eel,Macrognathus siamensis,Macrognathus,100,invasive,1,C,0,19.2,17,NA,2022
2022-05-04T00:00:00Z,18,2022,5,4,RB,RB9,1,105,26.8,0.3,3.33,Peacock eel,Macrognathus siamensis,Macrognathus,100,invasive,1,C,0,25.2,51,NA,2022
2022-05-04T00:00:00Z,18,2022,5,4,RB,RB9,2,103,26.9,0.3,3.45,Peacock eel,Macrognathus siamensis,Macrognathus,100,invasive,1,C,0,24.1,47,NA,2022
2022-05-04T00:00:00Z,18,2022,5,4,RB,RB9,3,109,27.3,0.3,3.64,Peacock eel,Macrognathus siamensis,Macrognathus,100,invasive,1,S,0,21.7,36.75,NA,2022
2022-06-10T00:00:00Z,18,2022,6,10,RB,RB10,1,131,28.8,0.2,NA,Peacock eel,Macrognathus siamensis,Macrognathus,100,invasive,1,S,0,22.14731994020764,50.90492344670287,NA,2022
2022-06-10T00:00:00Z,18,2022,6,10,RB,RB10,2,123,29,0.2,NA,Peacock eel,Macrognathus siamensis,Macrognathus,100,invasive,0,ZERO,0,0,0,NA,2022
2022-06-10T00:00:00Z,18,2022,6,10,RB,RB10,3,107,29.3,0.2,NA,Peacock eel,Macrognathus siamensis,Macrognathus,100,invasive,0,ZERO,0,0,0,NA,2022
2022-06-10T00:00:00Z,18,2022,6,10,RB,RB11,1,127,29,0.2,NA,Peacock eel,Macrognathus siamensis,Macrognathus,100,invasive,0,ZERO,0,0,0,NA,2022
2022-06-10T00:00:00Z,18,2022,6,10,RB,RB11,2,96.2,29.4,0.2,NA,Peacock eel,Macrognathus siamensis,Macrognathus,100,invasive,0,ZERO,0,0,0,NA,2022
2022-06-10T00:00:00Z,18,2022,6,10,RB,RB11,3,109,29.8,0.2,NA,Peacock eel,Macrognathus siamensis,Macrognathus,100,invasive,0,ZERO,0,0,0,NA,2022
2022-06-10T00:00:00Z,18,2022,6,10,RB,RB13,1,43.5,27.7,0.2,2.32,Peacock eel,Macrognathus siamensis,Macrognathus,100,invasive,0,ZERO,0,0,0,NA,2022
2022-06-10T00:00:00Z,18,2022,6,10,RB,RB13,2,74.5,27.7,0.2,2.39,Peacock eel,Macrognathus siamensis,Macrognathus,100,invasive,0,ZERO,0,0,0,NA,2022
2022-06-10T00:00:00Z,18,2022,6,10,RB,RB13,3,56.3,27.8,0.2,2.95,Peacock eel,Macrognathus siamensis,Macrognathus,100,invasive,0,ZERO,0,0,0,NA,2022
2022-06-11T00:00:00Z,18,2022,6,11,RB,RB8,1,82.9,27.6,0.2,NA,Peacock eel,Macrognathus siamensis,Macrognathus,100,invasive,0,ZERO,0,0,0,NA,2022
2022-06-11T00:00:00Z,18,2022,6,11,RB,RB8,2,103,27.3,0.2,NA,Peacock eel,Macrognathus siamensis,Macrognathus,100,invasive,0,ZERO,0,0,0,NA,2022
2022-06-11T00:00:00Z,18,2022,6,11,RB,RB8,3,111,27.6,0.2,NA,Peacock eel,Macrognathus siamensis,Macrognathus,100,invasive,0,ZERO,0,0,0,NA,2022
2022-06-10T00:00:00Z,18,2022,6,10,RB,RB9,1,122,28.6,0.2,3.07,Peacock eel,Macrognathus siamensis,Macrognathus,100,invasive,0,ZERO,0,0,0,NA,2022
2022-06-10T00:00:00Z,18,2022,6,10,RB,RB9,2,98,28.8,0.2,2.83,Peacock eel,Macrognathus siamensis,Macrognathus,100,invasive,0,ZERO,0,0,0,NA,2022
2022-06-10T00:00:00Z,18,2022,6,10,RB,RB9,3,73.2,29,0.2,NA,Peacock eel,Macrognathus siamensis,Macrognathus,100,invasive,0,ZERO,0,0,0,NA,2022
2022-12-09T00:00:00Z,19,2022,12,9,RB,RB10,1,102,24.1,0.2,4.4,Peacock eel,Macrognathus siamensis,Macrognathus,100,invasive,0,ZERO,0,0,0,NA,2023
2022-12-09T00:00:00Z,19,2022,12,9,RB,RB10,2,101,24.2,0.2,3.8,Peacock eel,Macrognathus siamensis,Macrognathus,100,invasive,1,C,0,23.5,58.75,NA,2023
2022-12-09T00:00:00Z,19,2022,12,9,RB,RB10,2,101,24.2,0.2,3.8,Peacock eel,Macrognathus siamensis,Macrognathus,100,invasive,1,C,0,22.6,58.75,NA,2023
2022-12-09T00:00:00Z,19,2022,12,9,RB,RB10,3,115,24.6,0.2,4.7,Peacock eel,Macrognathus siamensis,Macrognathus,100,invasive,0,ZERO,0,0,0,NA,2023
2022-12-09T00:00:00Z,19,2022,12,9,RB,RB11,1,104,22.8,0.2,4,Peacock eel,Macrognathus siamensis,Macrognathus,100,invasive,0,ZERO,0,0,0,NA,2023
2022-12-09T00:00:00Z,19,2022,12,9,RB,RB11,2,95.5,22.8,0.2,3.7,Peacock eel,Macrognathus siamensis,Macrognathus,100,invasive,1,S,0,23.79,58.75,NA,2023
2022-12-09T00:00:00Z,19,2022,12,9,RB,RB11,3,116,23.2,0.2,3.9,Peacock eel,Macrognathus siamensis,Macrognathus,100,invasive,1,C,0,21.7,28,NA,2023
2022-12-10T00:00:00Z,19,2022,12,10,RB,RB12,1,107,21.6,0.3,3.5,Peacock eel,Macrognathus siamensis,Macrognathus,100,invasive,0,ZERO,0,0,0,NA,2023
2022-12-10T00:00:00Z,19,2022,12,10,RB,RB12,2,110,21.8,0.3,4,Peacock eel,Macrognathus siamensis,Macrognathus,100,invasive,0,ZERO,0,0,0,NA,2023
2022-12-10T00:00:00Z,19,2022,12,10,RB,RB12,3,116,22,0.3,4,Peacock eel,Macrognathus siamensis,Macrognathus,100,invasive,0,ZERO,0,0,0,NA,2023
2022-12-09T00:00:00Z,19,2022,12,9,RB,RB13,1,75.3,23.3,0.2,3.9,Peacock eel,Macrognathus siamensis,Macrognathus,100,invasive,0,ZERO,0,0,0,NA,2023
2022-12-09T00:00:00Z,19,2022,12,9,RB,RB13,2,84.5,23.3,0.2,4.3,Peacock eel,Macrognathus siamensis,Macrognathus,100,invasive,0,ZERO,0,0,0,NA,2023
2022-12-09T00:00:00Z,19,2022,12,9,RB,RB13,3,73.5,23.1,0.2,4.2,Peacock eel,Macrognathus siamensis,Macrognathus,100,invasive,0,ZERO,0,0,0,NA,2023
2022-12-08T00:00:00Z,19,2022,12,8,RB,RB14,1,142,23.5,0.2,3.8,Peacock eel,Macrognathus siamensis,Macrognathus,100,invasive,0,ZERO,0,0,0,NA,2023
2022-12-08T00:00:00Z,19,2022,12,8,RB,RB14,2,81.6,23.8,0.3,4.1,Peacock eel,Macrognathus siamensis,Macrognathus,100,invasive,0,ZERO,0,0,0,NA,2023
2022-12-08T00:00:00Z,19,2022,12,8,RB,RB14,3,109,24.1,0.3,4.2,Peacock eel,Macrognathus siamensis,Macrognathus,100,invasive,0,ZERO,0,0,0,NA,2023
2022-12-10T00:00:00Z,19,2022,12,10,RB,RB15,1,130,23.4,0.3,3.8,Peacock eel,Macrognathus siamensis,Macrognathus,100,invasive,0,ZERO,0,0,0,NA,2023
2022-12-10T00:00:00Z,19,2022,12,10,RB,RB15,3,100,23.5,0.3,3.8,Peacock eel,Macrognathus siamensis,Macrognathus,100,invasive,0,ZERO,0,0,0,NA,2023
2022-12-10T00:00:00Z,19,2022,12,10,RB,RB16,1,117,22.4,0.4,3.9,Peacock eel,Macrognathus siamensis,Macrognathus,100,invasive,0,ZERO,0,0,0,NA,2023
2022-12-10T00:00:00Z,19,2022,12,10,RB,RB16,2,110,23.2,0.4,4.4,Peacock eel,Macrognathus siamensis,Macrognathus,100,invasive,0,ZERO,0,0,0,NA,2023
2022-12-10T00:00:00Z,19,2022,12,10,RB,RB7,1,122,21.8,0.3,2.4,Peacock eel,Macrognathus siamensis,Macrognathus,100,invasive,0,ZERO,0,0,0,NA,2023
2022-12-10T00:00:00Z,19,2022,12,10,RB,RB7,2,125,21.9,0.3,2.9,Peacock eel,Macrognathus siamensis,Macrognathus,100,invasive,0,ZERO,0,0,0,NA,2023
2022-12-10T00:00:00Z,19,2022,12,10,RB,RB7,3,95.6,22,0.3,3,Peacock eel,Macrognathus siamensis,Macrognathus,100,invasive,1,C,0,25.7,88,NA,2023
2022-12-10T00:00:00Z,19,2022,12,10,RB,RB7,3,95.6,22,0.3,3,Peacock eel,Macrognathus siamensis,Macrognathus,100,invasive,1,C,0,19.3,31,NA,2023
2022-12-10T00:00:00Z,19,2022,12,10,RB,RB8,1,80.6,23.1,0.2,3.5,Peacock eel,Macrognathus siamensis,Macrognathus,100,invasive,0,ZERO,0,0,0,NA,2023
2022-12-10T00:00:00Z,19,2022,12,10,RB,RB8,2,95.3,23,0.2,3.5,Peacock eel,Macrognathus siamensis,Macrognathus,100,invasive,0,ZERO,0,0,0,NA,2023
2022-12-10T00:00:00Z,19,2022,12,10,RB,RB8,3,119,22.9,0.2,3.4,Peacock eel,Macrognathus siamensis,Macrognathus,100,invasive,1,C,0,22.8,52,NA,2023
2022-12-09T00:00:00Z,19,2022,12,9,RB,RB9,1,84.2,23,0.2,4.6,Peacock eel,Macrognathus siamensis,Macrognathus,100,invasive,1,C,0,23.5,54,NA,2023
2022-12-09T00:00:00Z,19,2022,12,9,RB,RB9,1,84.2,23,0.2,4.6,Peacock eel,Macrognathus siamensis,Macrognathus,100,invasive,1,C,0,25.9,40,NA,2023
2022-12-09T00:00:00Z,19,2022,12,9,RB,RB9,2,107,23,0.2,4.1,Peacock eel,Macrognathus siamensis,Macrognathus,100,invasive,1,C,0,23.2,52,NA,2023
2022-12-09T00:00:00Z,19,2022,12,9,RB,RB9,3,111,23.3,0.2,4.1,Peacock eel,Macrognathus siamensis,Macrognathus,100,invasive,1,C,0,29.7,125,NA,2023
2023-01-17T00:00:00Z,19,2023,1,17,RB,RB10,1,77.6,15.8,0.3,6.4,Peacock eel,Macrognathus siamensis,Macrognathus,100,invasive,0,ZERO,0,0,0,NA,2023
2023-01-17T00:00:00Z,19,2023,1,17,RB,RB10,2,96.7,16.5,0.3,6.74,Peacock eel,Macrognathus siamensis,Macrognathus,100,invasive,0,ZERO,0,0,0,NA,2023
2023-01-17T00:00:00Z,19,2023,1,17,RB,RB10,3,116,16.9,0.3,6.86,Peacock eel,Macrognathus siamensis,Macrognathus,100,invasive,1,C,0,18.3,25,NA,2023
2023-01-16T00:00:00Z,19,2023,1,16,RB,RB11,1,80.9,14.6,0.2,7.98,Peacock eel,Macrognathus siamensis,Macrognathus,100,invasive,0,ZERO,0,0,0,NA,2023
2023-01-16T00:00:00Z,19,2023,1,16,RB,RB11,2,94.3,15.3,0.2,8.21,Peacock eel,Macrognathus siamensis,Macrognathus,100,invasive,1,C,2.4,16.6,6,NA,2023
2023-01-16T00:00:00Z,19,2023,1,16,RB,RB11,2,94.3,15.3,0.2,8.21,Peacock eel,Macrognathus siamensis,Macrognathus,100,invasive,1,C,2.14,16.6,5.1000000000000005,NA,2023
2023-01-16T00:00:00Z,19,2023,1,16,RB,RB11,3,94.4,16.1,0.2,8.72,Peacock eel,Macrognathus siamensis,Macrognathus,100,invasive,0,ZERO,0,0,0,NA,2023
2023-01-16T00:00:00Z,19,2023,1,16,RB,RB13,1,55,14.7,0.3,7.38,Peacock eel,Macrognathus siamensis,Macrognathus,100,invasive,0,ZERO,0,0,0,NA,2023
2023-01-16T00:00:00Z,19,2023,1,16,RB,RB13,2,90.2,14.7,0.3,7.7,Peacock eel,Macrognathus siamensis,Macrognathus,100,invasive,0,ZERO,0,0,0,NA,2023
2023-01-16T00:00:00Z,19,2023,1,16,RB,RB13,3,106,14.6,0.3,7.36,Peacock eel,Macrognathus siamensis,Macrognathus,100,invasive,0,ZERO,0,0,0,NA,2023
2023-01-16T00:00:00Z,19,2023,1,16,RB,RB8,1,88.9,13.7,0.3,7.13,Peacock eel,Macrognathus siamensis,Macrognathus,100,invasive,0,ZERO,0,0,0,NA,2023
2023-01-16T00:00:00Z,19,2023,1,16,RB,RB8,2,96.9,13.8,0.3,7.54,Peacock eel,Macrognathus siamensis,Macrognathus,100,invasive,0,ZERO,0,0,0,NA,2023
2023-01-16T00:00:00Z,19,2023,1,16,RB,RB8,3,100,13.9,0.2,7.36,Peacock eel,Macrognathus siamensis,Macrognathus,100,invasive,1,S,0,16.6,32.18333333333334,NA,2023
2023-01-17T00:00:00Z,19,2023,1,17,RB,RB9,1,90.1,14.9,0.3,6.3,Peacock eel,Macrognathus siamensis,Macrognathus,100,invasive,1,C,0,14.9,20,NA,2023
2023-01-17T00:00:00Z,19,2023,1,17,RB,RB9,2,91.3,15.1,0.3,6.42,Peacock eel,Macrognathus siamensis,Macrognathus,100,invasive,2,S,0,16.6,32.18333333333334,NA,2023
2023-01-17T00:00:00Z,19,2023,1,17,RB,RB9,3,93.5,15.2,0.3,6.55,Peacock eel,Macrognathus siamensis,Macrognathus,100,invasive,1,C,22,16.6,62,NA,2023
2023-01-17T00:00:00Z,19,2023,1,17,RB,RB9,3,93.5,15.2,0.3,6.55,Peacock eel,Macrognathus siamensis,Macrognathus,100,invasive,1,C,26,16.6,75,NA,2023
2023-02-10T00:00:00Z,19,2023,2,10,RB,RB10,1,124,23.8,0.3,3.42,Peacock eel,Macrognathus siamensis,Macrognathus,100,invasive,0,ZERO,0,0,0,NA,2023
2023-02-10T00:00:00Z,19,2023,2,10,RB,RB10,2,103,24.1,0.3,4.31,Peacock eel,Macrognathus siamensis,Macrognathus,100,invasive,1,C,0,21.8,50,NA,2023
2023-02-10T00:00:00Z,19,2023,2,10,RB,RB10,3,112,24.4,0.3,4.75,Peacock eel,Macrognathus siamensis,Macrognathus,100,invasive,0,ZERO,0,0,0,NA,2023
2023-02-10T00:00:00Z,19,2023,2,10,RB,RB11,1,120,25.1,0.3,5.19,Peacock eel,Macrognathus siamensis,Macrognathus,100,invasive,0,ZERO,0,0,0,NA,2023
2023-02-10T00:00:00Z,19,2023,2,10,RB,RB11,2,110,25.8,0.3,5.51,Peacock eel,Macrognathus siamensis,Macrognathus,100,invasive,0,ZERO,0,0,0,NA,2023
2023-02-10T00:00:00Z,19,2023,2,10,RB,RB11,3,103,26.1,0.3,5.98,Peacock eel,Macrognathus siamensis,Macrognathus,100,invasive,0,ZERO,0,0,0,NA,2023
2023-02-11T00:00:00Z,19,2023,2,11,RB,RB12,1,102,23.1,0.3,3.2,Peacock eel,Macrognathus siamensis,Macrognathus,100,invasive,0,ZERO,0,0,0,NA,2023
2023-02-11T00:00:00Z,19,2023,2,11,RB,RB12,2,92.2,23,0.3,3.44,Peacock eel,Macrognathus siamensis,Macrognathus,100,invasive,0,ZERO,0,0,0,NA,2023
2023-02-11T00:00:00Z,19,2023,2,11,RB,RB12,3,105,23.2,0.3,3.77,Peacock eel,Macrognathus siamensis,Macrognathus,100,invasive,0,ZERO,0,0,0,NA,2023
2023-02-11T00:00:00Z,19,2023,2,11,RB,RB13,1,70.1,24.3,0.3,4.41,Peacock eel,Macrognathus siamensis,Macrognathus,100,invasive,0,ZERO,0,0,0,NA,2023
2023-02-11T00:00:00Z,19,2023,2,11,RB,RB13,2,93.8,24.1,0.3,4.25,Peacock eel,Macrognathus siamensis,Macrognathus,100,invasive,0,ZERO,0,0,0,NA,2023
2023-02-11T00:00:00Z,19,2023,2,11,RB,RB13,3,92.8,24.1,0.3,4.45,Peacock eel,Macrognathus siamensis,Macrognathus,100,invasive,0,ZERO,0,0,0,NA,2023
2023-02-13T00:00:00Z,19,2023,2,13,RB,RB14,1,98.4,22.5,0.3,4.33,Peacock eel,Macrognathus siamensis,Macrognathus,100,invasive,0,ZERO,0,0,0,NA,2023
2023-02-13T00:00:00Z,19,2023,2,13,RB,RB14,2,69.2,22.6,0.3,4.52,Peacock eel,Macrognathus siamensis,Macrognathus,100,invasive,0,ZERO,0,0,0,NA,2023
2023-02-13T00:00:00Z,19,2023,2,13,RB,RB14,3,89.2,22.6,0.3,4.5,Peacock eel,Macrognathus siamensis,Macrognathus,100,invasive,0,ZERO,0,0,0,NA,2023
2023-02-11T00:00:00Z,19,2023,2,11,RB,RB15,1,125,25,0.4,2.92,Peacock eel,Macrognathus siamensis,Macrognathus,100,invasive,0,ZERO,0,0,0,NA,2023
2023-02-11T00:00:00Z,19,2023,2,11,RB,RB15,2,106,25,0.4,3.16,Peacock eel,Macrognathus siamensis,Macrognathus,100,invasive,0,ZERO,0,0,0,NA,2023
2023-02-11T00:00:00Z,19,2023,2,11,RB,RB15,3,115,25.1,0.4,3.3,Peacock eel,Macrognathus siamensis,Macrognathus,100,invasive,0,ZERO,0,0,0,NA,2023
2023-02-11T00:00:00Z,19,2023,2,11,RB,RB16,1,120,24.3,1,2.98,Peacock eel,Macrognathus siamensis,Macrognathus,100,invasive,0,ZERO,0,0,0,NA,2023
2023-02-11T00:00:00Z,19,2023,2,11,RB,RB16,2,114,24.2,0.9,3.45,Peacock eel,Macrognathus siamensis,Macrognathus,100,invasive,0,ZERO,0,0,0,NA,2023
2023-02-11T00:00:00Z,19,2023,2,11,RB,RB16,3,99,24.2,0.8,3.45,Peacock eel,Macrognathus siamensis,Macrognathus,100,invasive,0,ZERO,0,0,0,NA,2023
2023-02-12T00:00:00Z,19,2023,2,12,RB,RB18,1,104,24.7,0.3,4.74,Peacock eel,Macrognathus siamensis,Macrognathus,100,invasive,0,ZERO,0,0,0,NA,2023
2023-02-12T00:00:00Z,19,2023,2,12,RB,RB18,2,101,24.4,0.3,5,Peacock eel,Macrognathus siamensis,Macrognathus,100,invasive,0,ZERO,0,0,0,NA,2023
2023-02-12T00:00:00Z,19,2023,2,12,RB,RB18,3,99,24.1,0.3,5.21,Peacock eel,Macrognathus siamensis,Macrognathus,100,invasive,0,ZERO,0,0,0,NA,2023
2023-02-12T00:00:00Z,19,2023,2,12,RB,RB7,1,98.9,23.3,0.4,2.75,Peacock eel,Macrognathus siamensis,Macrognathus,100,invasive,0,ZERO,0,0,0,NA,2023
2023-02-12T00:00:00Z,19,2023,2,12,RB,RB7,2,93.4,23,0.3,2.78,Peacock eel,Macrognathus siamensis,Macrognathus,100,invasive,0,ZERO,0,0,0,NA,2023
2023-02-12T00:00:00Z,19,2023,2,12,RB,RB7,3,71.2,22.9,0.3,3.05,Peacock eel,Macrognathus siamensis,Macrognathus,100,invasive,0,ZERO,0,0,0,NA,2023
2023-02-10T00:00:00Z,19,2023,2,10,RB,RB8,1,75,24.8,0.3,4.25,Peacock eel,Macrognathus siamensis,Macrognathus,100,invasive,1,C,0,24.5,63,NA,2023
2023-02-10T00:00:00Z,19,2023,2,10,RB,RB8,1,75,24.8,0.3,4.25,Peacock eel,Macrognathus siamensis,Macrognathus,100,invasive,1,C,0,23.2,66,NA,2023
2023-02-10T00:00:00Z,19,2023,2,10,RB,RB8,2,85.3,25,0.3,4.86,Peacock eel,Macrognathus siamensis,Macrognathus,100,invasive,1,S,0,24.16,59.666666666666664,NA,2023
2023-02-10T00:00:00Z,19,2023,2,10,RB,RB8,3,85.5,25,0.3,5.01,Peacock eel,Macrognathus siamensis,Macrognathus,100,invasive,0,ZERO,0,0,0,NA,2023
2023-02-10T00:00:00Z,19,2023,2,10,RB,RB9,1,120,22.9,0.3,3.66,Peacock eel,Macrognathus siamensis,Macrognathus,100,invasive,0,ZERO,0,0,0,NA,2023
2023-02-10T00:00:00Z,19,2023,2,10,RB,RB9,2,77.5,23,0.3,3.93,Peacock eel,Macrognathus siamensis,Macrognathus,100,invasive,1,S,0,24.16,59.666666666666664,NA,2023
2023-02-10T00:00:00Z,19,2023,2,10,RB,RB9,2,77.5,23,0.3,3.93,Peacock eel,Macrognathus siamensis,Macrognathus,100,invasive,1,C,0,28.2,59.666666666666664,NA,2023
2023-02-10T00:00:00Z,19,2023,2,10,RB,RB9,2,77.5,23,0.3,3.93,Peacock eel,Macrognathus siamensis,Macrognathus,100,invasive,1,C,0,23.1,59.666666666666664,NA,2023
2023-02-10T00:00:00Z,19,2023,2,10,RB,RB9,3,119,23.2,0.3,3.94,Peacock eel,Macrognathus siamensis,Macrognathus,100,invasive,0,ZERO,0,0,0,NA,2023
2023-03-11T00:00:00Z,19,2023,3,11,RB,RB10,1,91.5,23.2,0.3,3.33,Peacock eel,Macrognathus siamensis,Macrognathus,100,invasive,0,ZERO,0,0,0,NA,2023
2023-03-11T00:00:00Z,19,2023,3,11,RB,RB10,2,93.4,23.4,0.3,3.38,Peacock eel,Macrognathus siamensis,Macrognathus,100,invasive,1,C,0,22.7,93,NA,2023
2023-03-11T00:00:00Z,19,2023,3,11,RB,RB10,3,107,23.5,0.3,3.89,Peacock eel,Macrognathus siamensis,Macrognathus,100,invasive,0,ZERO,0,0,0,NA,2023
2023-03-12T00:00:00Z,19,2023,3,12,RB,RB11,1,98.8,23.5,0.3,3.27,Peacock eel,Macrognathus siamensis,Macrognathus,100,invasive,0,ZERO,0,0,0,NA,2023
2023-03-12T00:00:00Z,19,2023,3,12,RB,RB11,2,103,23.3,0.3,3.17,Peacock eel,Macrognathus siamensis,Macrognathus,100,invasive,0,ZERO,0,0,0,NA,2023
2023-03-12T00:00:00Z,19,2023,3,12,RB,RB11,3,93.1,23.1,0.3,3.26,Peacock eel,Macrognathus siamensis,Macrognathus,100,invasive,0,ZERO,0,0,0,NA,2023
2023-03-12T00:00:00Z,19,2023,3,12,RB,RB13,1,77.8,24,0.3,3.93,Peacock eel,Macrognathus siamensis,Macrognathus,100,invasive,1,C,0,22.2,59,NA,2023
2023-03-12T00:00:00Z,19,2023,3,12,RB,RB13,2,94,24.1,0.3,3.94,Peacock eel,Macrognathus siamensis,Macrognathus,100,invasive,0,ZERO,0,0,0,NA,2023
2023-03-12T00:00:00Z,19,2023,3,12,RB,RB13,3,93.1,23.9,0.3,3.98,Peacock eel,Macrognathus siamensis,Macrognathus,100,invasive,0,ZERO,0,0,0,NA,2023
2023-03-11T00:00:00Z,19,2023,3,11,RB,RB8,1,83.4,24.7,0.3,4.09,Peacock eel,Macrognathus siamensis,Macrognathus,100,invasive,0,ZERO,0,0,0,NA,2023
2023-03-12T00:00:00Z,19,2023,3,12,RB,RB8,1,83.4,24.7,0.3,4.09,Peacock eel,Macrognathus siamensis,Macrognathus,100,invasive,0,ZERO,0,0,0,NA,2023
2023-03-12T00:00:00Z,19,2023,3,12,RB,RB8,2,106,24.6,0.3,4.54,Peacock eel,Macrognathus siamensis,Macrognathus,100,invasive,0,ZERO,0,0,0,NA,2023
2023-03-12T00:00:00Z,19,2023,3,12,RB,RB8,3,123,24.4,0.3,4.42,Peacock eel,Macrognathus siamensis,Macrognathus,100,invasive,0,ZERO,0,0,0,NA,2023
2023-03-11T00:00:00Z,19,2023,3,11,RB,RB9,1,102,23.4,0.3,3.76,Peacock eel,Macrognathus siamensis,Macrognathus,100,invasive,1,C,0,22.8,44,NA,2023
2023-03-11T00:00:00Z,19,2023,3,11,RB,RB9,2,96.8,23.7,0.3,3.9,Peacock eel,Macrognathus siamensis,Macrognathus,100,invasive,0,ZERO,0,0,0,NA,2023
2023-03-11T00:00:00Z,19,2023,3,11,RB,RB9,3,107,24.3,0.3,4.09,Peacock eel,Macrognathus siamensis,Macrognathus,100,invasive,1,S,0,22.7,59.8,NA,2023
2023-03-11T00:00:00Z,19,2023,3,11,RB,RB9,3,107,24.3,0.3,4.09,Peacock eel,Macrognathus siamensis,Macrognathus,100,invasive,1,C,0,24,66,NA,2023
2023-03-11T00:00:00Z,19,2023,3,11,RB,RB9,3,107,24.3,0.3,4.09,Peacock eel,Macrognathus siamensis,Macrognathus,100,invasive,1,C,0,21.8,37,NA,2023
2023-04-14T00:00:00Z,19,2023,4,14,RB,RB10,1,100,26.5,0.3,3.3,Peacock eel,Macrognathus siamensis,Macrognathus,100,invasive,0,ZERO,0,0,0,NA,2023
2023-04-14T00:00:00Z,19,2023,4,14,RB,RB10,2,99.4,26.9,0.3,3.76,Peacock eel,Macrognathus siamensis,Macrognathus,100,invasive,1,S,0,20.416666666666668,38.25,NA,2023
2023-04-14T00:00:00Z,19,2023,4,14,RB,RB10,3,106,27.7,0.3,4.45,Peacock eel,Macrognathus siamensis,Macrognathus,100,invasive,1,C,0,21.3,56,NA,2023
2023-04-14T00:00:00Z,19,2023,4,14,RB,RB11,1,111.1,24.8,0.3,3.02,Peacock eel,Macrognathus siamensis,Macrognathus,100,invasive,0,ZERO,0,0,0,NA,2023
2023-04-14T00:00:00Z,19,2023,4,14,RB,RB11,2,82.5,25,0.3,3.4,Peacock eel,Macrognathus siamensis,Macrognathus,100,invasive,1,I,25.3,20.416666666666668,56,NA,2023
2023-04-14T00:00:00Z,19,2023,4,14,RB,RB11,2,82.5,25,0.3,3.4,Peacock eel,Macrognathus siamensis,Macrognathus,100,invasive,1,I,23.2,20.416666666666668,45,NA,2023
2023-04-14T00:00:00Z,19,2023,4,14,RB,RB11,3,105,25.2,0.3,3.36,Peacock eel,Macrognathus siamensis,Macrognathus,100,invasive,0,ZERO,0,0,0,NA,2023
2023-04-14T00:00:00Z,19,2023,4,14,RB,RB13,1,77.11,27.1,0.4,4.29,Peacock eel,Macrognathus siamensis,Macrognathus,100,invasive,0,ZERO,0,0,0,NA,2023
2023-04-14T00:00:00Z,19,2023,4,14,RB,RB13,2,105,26.3,0.4,4.44,Peacock eel,Macrognathus siamensis,Macrognathus,100,invasive,0,ZERO,0,0,0,NA,2023
2023-04-14T00:00:00Z,19,2023,4,14,RB,RB13,3,95.9,26.3,0.4,4.21,Peacock eel,Macrognathus siamensis,Macrognathus,100,invasive,0,ZERO,0,0,0,NA,2023
2023-04-15T00:00:00Z,19,2023,4,15,RB,RB8,1,99.8,26.3,0.3,2.7,Peacock eel,Macrognathus siamensis,Macrognathus,100,invasive,0,ZERO,0,0,0,NA,2023
2023-04-15T00:00:00Z,19,2023,4,15,RB,RB8,2,95,26.8,0.3,3.91,Peacock eel,Macrognathus siamensis,Macrognathus,100,invasive,1,C,0,22.2,45,NA,2023
2023-04-15T00:00:00Z,19,2023,4,15,RB,RB8,3,91.5,26.7,0.3,3.88,Peacock eel,Macrognathus siamensis,Macrognathus,100,invasive,1,S,0,20.416666666666668,38.25,NA,2023
2023-04-14T00:00:00Z,19,2023,4,14,RB,RB9,1,101,25.7,0.3,3.15,Peacock eel,Macrognathus siamensis,Macrognathus,100,invasive,1,C,0,22.2,42,NA,2023
2023-04-14T00:00:00Z,19,2023,4,14,RB,RB9,2,102,25.9,0.3,3.32,Peacock eel,Macrognathus siamensis,Macrognathus,100,invasive,1,C,0,19.1,18,NA,2023
2023-04-14T00:00:00Z,19,2023,4,14,RB,RB9,3,101,26.4,0.3,3.58,Peacock eel,Macrognathus siamensis,Macrognathus,100,invasive,1,C,0,20.9,32,NA,2023
2023-04-14T00:00:00Z,19,2023,4,14,RB,RB9,3,101,26.4,0.3,3.58,Peacock eel,Macrognathus siamensis,Macrognathus,100,invasive,1,C,0,16.8,12,NA,2023
2023-05-06T00:00:00Z,19,2023,5,6,RB,RB10,1,88.4,26.9,0.3,3.1,Peacock eel,Macrognathus siamensis,Macrognathus,100,invasive,0,ZERO,0,0,0,NA,2023
2023-05-06T00:00:00Z,19,2023,5,6,RB,RB10,2,89.9,27.6,0.3,4.1,Peacock eel,Macrognathus siamensis,Macrognathus,100,invasive,1,C,0,25.4,51,NA,2023
2023-05-06T00:00:00Z,19,2023,5,6,RB,RB10,3,102.4,27.9,0.3,3.9,Peacock eel,Macrognathus siamensis,Macrognathus,100,invasive,0,ZERO,0,0,0,NA,2023
2023-05-06T00:00:00Z,19,2023,5,6,RB,RB11,1,99.6,27.2,0.3,3.3,Peacock eel,Macrognathus siamensis,Macrognathus,100,invasive,0,ZERO,0,0,0,NA,2023
2023-05-06T00:00:00Z,19,2023,5,6,RB,RB11,2,103,27.6,0.3,3.5,Peacock eel,Macrognathus siamensis,Macrognathus,100,invasive,0,ZERO,0,0,0,NA,2023
2023-05-06T00:00:00Z,19,2023,5,6,RB,RB11,3,95.7,27.2,0.3,3.5,Peacock eel,Macrognathus siamensis,Macrognathus,100,invasive,0,ZERO,0,0,0,NA,2023
2023-05-24T00:00:00Z,19,2023,5,24,RB,RB12,1,133,25.5,0.4,2.24,Peacock eel,Macrognathus siamensis,Macrognathus,100,invasive,0,ZERO,0,0,0,NA,2023
2023-05-24T00:00:00Z,19,2023,5,24,RB,RB12,2,101,25.5,0.4,2.5,Peacock eel,Macrognathus siamensis,Macrognathus,100,invasive,0,ZERO,0,0,0,NA,2023
2023-05-24T00:00:00Z,19,2023,5,24,RB,RB12,3,103,25.3,0.3,2.42,Peacock eel,Macrognathus siamensis,Macrognathus,100,invasive,0,ZERO,0,0,0,NA,2023
2023-05-06T00:00:00Z,19,2023,5,6,RB,RB13,1,88.4,26.1,0.3,4.8,Peacock eel,Macrognathus siamensis,Macrognathus,100,invasive,0,ZERO,0,0,0,NA,2023
2023-05-23T00:00:00Z,19,2023,5,23,RB,RB13,1,103,27.7,0.3,3.17,Peacock eel,Macrognathus siamensis,Macrognathus,100,invasive,0,ZERO,0,0,0,NA,2023
2023-05-06T00:00:00Z,19,2023,5,6,RB,RB13,2,110,26,0.3,3.2,Peacock eel,Macrognathus siamensis,Macrognathus,100,invasive,0,ZERO,0,0,0,NA,2023
2023-05-23T00:00:00Z,19,2023,5,23,RB,RB13,2,89.9,28.1,0.3,3.53,Peacock eel,Macrognathus siamensis,Macrognathus,100,invasive,0,ZERO,0,0,0,NA,2023
2023-05-06T00:00:00Z,19,2023,5,6,RB,RB13,3,85.3,26.2,0.3,3.5,Peacock eel,Macrognathus siamensis,Macrognathus,100,invasive,0,ZERO,0,0,0,NA,2023
2023-05-23T00:00:00Z,19,2023,5,23,RB,RB13,3,90.5,28.3,0.3,3.1,Peacock eel,Macrognathus siamensis,Macrognathus,100,invasive,0,ZERO,0,0,0,NA,2023
2023-05-23T00:00:00Z,19,2023,5,23,RB,RB14,1,103,28.5,0.3,3.74,Peacock eel,Macrognathus siamensis,Macrognathus,100,invasive,0,ZERO,0,0,0,NA,2023
2023-05-23T00:00:00Z,19,2023,5,23,RB,RB14,2,91.4,29.1,0.3,4.17,Peacock eel,Macrognathus siamensis,Macrognathus,100,invasive,0,ZERO,0,0,0,NA,2023
2023-05-23T00:00:00Z,19,2023,5,23,RB,RB14,3,93.6,28.7,0.3,4.25,Peacock eel,Macrognathus siamensis,Macrognathus,100,invasive,0,ZERO,0,0,0,NA,2023
2023-05-25T00:00:00Z,19,2023,5,25,RB,RB15,1,104,28,0.8,1.96,Peacock eel,Macrognathus siamensis,Macrognathus,100,invasive,0,ZERO,0,0,0,NA,2023
2023-05-25T00:00:00Z,19,2023,5,25,RB,RB15,2,122,28.2,0.5,2.13,Peacock eel,Macrognathus siamensis,Macrognathus,100,invasive,0,ZERO,0,0,0,NA,2023
2023-05-25T00:00:00Z,19,2023,5,25,RB,RB15,3,102,28.3,0.4,2.28,Peacock eel,Macrognathus siamensis,Macrognathus,100,invasive,0,ZERO,0,0,0,NA,2023
2023-05-24T00:00:00Z,19,2023,5,24,RB,RB16,1,104,26.6,2.1,1.84,Peacock eel,Macrognathus siamensis,Macrognathus,100,invasive,0,ZERO,0,0,0,NA,2023
2023-05-24T00:00:00Z,19,2023,5,24,RB,RB16,2,104,26.8,2,1.83,Peacock eel,Macrognathus siamensis,Macrognathus,100,invasive,0,ZERO,0,0,0,NA,2023
2023-05-24T00:00:00Z,19,2023,5,24,RB,RB16,3,108,27,1,2.38,Peacock eel,Macrognathus siamensis,Macrognathus,100,invasive,0,ZERO,0,0,0,NA,2023
2023-05-23T00:00:00Z,19,2023,5,23,RB,RB18,1,105,28.2,0.3,4.03,Peacock eel,Macrognathus siamensis,Macrognathus,100,invasive,0,ZERO,0,0,0,NA,2023
2023-05-23T00:00:00Z,19,2023,5,23,RB,RB18,2,109,29,0.3,4.19,Peacock eel,Macrognathus siamensis,Macrognathus,100,invasive,0,ZERO,0,0,0,NA,2023
2023-05-23T00:00:00Z,19,2023,5,23,RB,RB18,3,95.9,28.8,0.3,3.69,Peacock eel,Macrognathus siamensis,Macrognathus,100,invasive,0,ZERO,0,0,0,NA,2023
2023-05-23T00:00:00Z,19,2023,5,23,RB,RB7,1,95.9,26.8,0.3,3.53,Peacock eel,Macrognathus siamensis,Macrognathus,100,invasive,0,ZERO,0,0,0,NA,2023
2023-05-23T00:00:00Z,19,2023,5,23,RB,RB7,2,108,27.1,0.3,4.09,Peacock eel,Macrognathus siamensis,Macrognathus,100,invasive,0,ZERO,0,0,0,NA,2023
2023-05-23T00:00:00Z,19,2023,5,23,RB,RB7,3,98,26.6,0.3,3.49,Peacock eel,Macrognathus siamensis,Macrognathus,100,invasive,0,ZERO,0,0,0,NA,2023
2023-05-06T00:00:00Z,19,2023,5,6,RB,RB9,1,82.3,25.9,0.3,3.3,Peacock eel,Macrognathus siamensis,Macrognathus,100,invasive,0,ZERO,0,0,0,NA,2023
2023-05-06T00:00:00Z,19,2023,5,6,RB,RB9,2,100,25.1,0.3,3.4,Peacock eel,Macrognathus siamensis,Macrognathus,100,invasive,1,S,0,25.4,51,NA,2023
2023-05-06T00:00:00Z,19,2023,5,6,RB,RB9,3,99.4,26.5,0.3,3.4,Peacock eel,Macrognathus siamensis,Macrognathus,100,invasive,0,ZERO,0,0,0,NA,2023
2023-06-05T00:00:00Z,19,2023,6,5,RB,RB10,1,95.2,27.4,0.2,2.49,Peacock eel,Macrognathus siamensis,Macrognathus,100,invasive,0,ZERO,0,0,0,NA,2023
2023-06-05T00:00:00Z,19,2023,6,5,RB,RB10,2,98.7,27.4,0.2,2.5,Peacock eel,Macrognathus siamensis,Macrognathus,100,invasive,0,ZERO,0,0,0,NA,2023
2023-06-05T00:00:00Z,19,2023,6,5,RB,RB10,3,101,27.3,0.2,2.45,Peacock eel,Macrognathus siamensis,Macrognathus,100,invasive,0,ZERO,0,0,0,NA,2023
2023-06-05T00:00:00Z,19,2023,6,5,RB,RB11,1,109,27.7,0.2,2.11,Peacock eel,Macrognathus siamensis,Macrognathus,100,invasive,0,ZERO,0,0,0,NA,2023
2023-06-05T00:00:00Z,19,2023,6,5,RB,RB11,2,100,27.4,0.2,2.2,Peacock eel,Macrognathus siamensis,Macrognathus,100,invasive,0,ZERO,0,0,0,NA,2023
2023-06-05T00:00:00Z,19,2023,6,5,RB,RB11,3,94.2,27.8,0.2,2.63,Peacock eel,Macrognathus siamensis,Macrognathus,100,invasive,0,ZERO,0,0,0,NA,2023
2023-06-05T00:00:00Z,19,2023,6,5,RB,RB13,1,95.6,28.9,0.2,2.76,Peacock eel,Macrognathus siamensis,Macrognathus,100,invasive,0,ZERO,0,0,0,NA,2023
2023-06-05T00:00:00Z,19,2023,6,5,RB,RB13,2,90.3,29.2,0.2,3,Peacock eel,Macrognathus siamensis,Macrognathus,100,invasive,0,ZERO,0,0,0,NA,2023
2023-06-05T00:00:00Z,19,2023,6,5,RB,RB13,3,100,29,0.2,2.98,Peacock eel,Macrognathus siamensis,Macrognathus,100,invasive,0,ZERO,0,0,0,NA,2023
2023-06-05T00:00:00Z,19,2023,6,5,RB,RB8,1,93.7,28.1,0.2,2.34,Peacock eel,Macrognathus siamensis,Macrognathus,100,invasive,0,ZERO,0,0,0,NA,2023
2023-06-05T00:00:00Z,19,2023,6,5,RB,RB8,2,99.6,28.2,0.2,2.54,Peacock eel,Macrognathus siamensis,Macrognathus,100,invasive,0,ZERO,0,0,0,NA,2023
2023-06-05T00:00:00Z,19,2023,6,5,RB,RB8,3,98.9,28.4,0.2,2.44,Peacock eel,Macrognathus siamensis,Macrognathus,100,invasive,0,ZERO,0,0,0,NA,2023
2023-06-05T00:00:00Z,19,2023,6,5,RB,RB9,1,104,27,0.2,2.42,Peacock eel,Macrognathus siamensis,Macrognathus,100,invasive,0,ZERO,0,0,0,NA,2023
2023-06-05T00:00:00Z,19,2023,6,5,RB,RB9,2,100,27,0.2,2.25,Peacock eel,Macrognathus siamensis,Macrognathus,100,invasive,0,ZERO,0,0,0,NA,2023
2023-06-05T00:00:00Z,19,2023,6,5,RB,RB9,3,102,27.2,0.2,2.5,Peacock eel,Macrognathus siamensis,Macrognathus,100,invasive,0,ZERO,0,0,0,NA,2023
2023-12-09T00:00:00Z,20,2023,12,9,RB,RB10,1,106,21.4,0.2,4.8,Peacock eel,Macrognathus siamensis,Macrognathus,100,invasive,0,ZERO,0,0,0,NA,2024
2023-12-09T00:00:00Z,20,2023,12,9,RB,RB10,2,109,21.4,0.2,3.33,Peacock eel,Macrognathus siamensis,Macrognathus,100,invasive,0,ZERO,0,0,0,NA,2024
2023-12-09T00:00:00Z,20,2023,12,9,RB,RB11,1,109,20.8,0.2,4.12,Peacock eel,Macrognathus siamensis,Macrognathus,100,invasive,0,ZERO,0,0,0,NA,2024
2023-12-09T00:00:00Z,20,2023,12,9,RB,RB11,2,102,20.9,0.2,3.98,Peacock eel,Macrognathus siamensis,Macrognathus,100,invasive,1,C,0,20.5,29,NA,2024
2023-12-09T00:00:00Z,20,2023,12,9,RB,RB11,3,115,21.2,0.2,4.5,Peacock eel,Macrognathus siamensis,Macrognathus,100,invasive,1,C,0,27.6,93,NA,2024
2023-12-10T00:00:00Z,20,2023,12,10,RB,RB12,1,95.6,21.3,0.2,4.2,Peacock eel,Macrognathus siamensis,Macrognathus,100,invasive,0,ZERO,0,0,0,NA,2024
2023-12-10T00:00:00Z,20,2023,12,10,RB,RB12,2,105,21.5,0.2,4.03,Peacock eel,Macrognathus siamensis,Macrognathus,100,invasive,0,ZERO,0,0,0,NA,2024
2023-12-10T00:00:00Z,20,2023,12,10,RB,RB12,3,110,21.6,0.2,4.27,Peacock eel,Macrognathus siamensis,Macrognathus,100,invasive,0,ZERO,0,0,0,NA,2024
2023-12-08T00:00:00Z,20,2023,12,8,RB,RB13,1,78.8,19.9,0.2,5.36,Peacock eel,Macrognathus siamensis,Macrognathus,100,invasive,0,ZERO,0,0,0,NA,2024
2023-12-08T00:00:00Z,20,2023,12,8,RB,RB13,2,105,20,0.2,6.4,Peacock eel,Macrognathus siamensis,Macrognathus,100,invasive,0,ZERO,0,0,0,NA,2024
2023-12-08T00:00:00Z,20,2023,12,8,RB,RB13,3,102,20.1,0.2,5.42,Peacock eel,Macrognathus siamensis,Macrognathus,100,invasive,0,ZERO,0,0,0,NA,2024
2023-12-08T00:00:00Z,20,2023,12,8,RB,RB14,1,95.6,19.4,0.2,57.7,Peacock eel,Macrognathus siamensis,Macrognathus,100,invasive,0,ZERO,0,0,0,NA,2024
2023-12-08T00:00:00Z,20,2023,12,8,RB,RB14,2,95.9,19.4,0.2,56.1,Peacock eel,Macrognathus siamensis,Macrognathus,100,invasive,0,ZERO,0,0,0,NA,2024
2023-12-08T00:00:00Z,20,2023,12,8,RB,RB14,3,100,19.7,0.2,61.1,Peacock eel,Macrognathus siamensis,Macrognathus,100,invasive,0,ZERO,0,0,0,NA,2024
2023-12-09T00:00:00Z,20,2023,12,9,RB,RB15,1,124,21.6,0.2,4.96,Peacock eel,Macrognathus siamensis,Macrognathus,100,invasive,0,ZERO,0,0,0,NA,2024
2023-12-09T00:00:00Z,20,2023,12,9,RB,RB15,2,112,21.7,0.2,5.04,Peacock eel,Macrognathus siamensis,Macrognathus,100,invasive,0,ZERO,0,0,0,NA,2024
2023-12-09T00:00:00Z,20,2023,12,9,RB,RB15,3,116,21.7,0.2,4.88,Peacock eel,Macrognathus siamensis,Macrognathus,100,invasive,0,ZERO,0,0,0,NA,2024
2023-12-10T00:00:00Z,20,2023,12,10,RB,RB16,1,110,21.8,0.4,4.47,Peacock eel,Macrognathus siamensis,Macrognathus,100,invasive,0,ZERO,0,0,0,NA,2024
2023-12-10T00:00:00Z,20,2023,12,10,RB,RB16,2,120,21.8,0.4,4.44,Peacock eel,Macrognathus siamensis,Macrognathus,100,invasive,0,ZERO,0,0,0,NA,2024
2023-12-10T00:00:00Z,20,2023,12,10,RB,RB16,3,95.6,21.9,0.4,4.66,Peacock eel,Macrognathus siamensis,Macrognathus,100,invasive,0,ZERO,0,0,0,NA,2024
2023-12-08T00:00:00Z,20,2023,12,8,RB,RB18,1,112,20,0.2,5.28,Peacock eel,Macrognathus siamensis,Macrognathus,100,invasive,0,ZERO,0,0,0,NA,2024
2023-12-08T00:00:00Z,20,2023,12,8,RB,RB18,2,89.7,20,0.2,5.24,Peacock eel,Macrognathus siamensis,Macrognathus,100,invasive,0,ZERO,0,0,0,NA,2024
2023-12-08T00:00:00Z,20,2023,12,8,RB,RB18,3,101,20.1,0.2,5.43,Peacock eel,Macrognathus siamensis,Macrognathus,100,invasive,0,ZERO,0,0,0,NA,2024
2023-12-08T00:00:00Z,20,2023,12,8,RB,RB7,1,105,19.2,0.2,4.57,Peacock eel,Macrognathus siamensis,Macrognathus,100,invasive,0,ZERO,0,0,0,NA,2024
2023-12-08T00:00:00Z,20,2023,12,8,RB,RB7,3,108,19.5,0.2,6.2,Peacock eel,Macrognathus siamensis,Macrognathus,100,invasive,1,C,0,21.3,39,NA,2024
2023-12-09T00:00:00Z,20,2023,12,9,RB,RB8,1,85.5,20.8,0.2,4.71,Peacock eel,Macrognathus siamensis,Macrognathus,100,invasive,0,ZERO,0,0,0,NA,2024
2023-12-09T00:00:00Z,20,2023,12,9,RB,RB8,2,88.3,20.6,0.2,4.16,Peacock eel,Macrognathus siamensis,Macrognathus,100,invasive,0,ZERO,0,0,0,NA,2024
2023-12-09T00:00:00Z,20,2023,12,9,RB,RB8,3,100,20.8,0.2,4.54,Peacock eel,Macrognathus siamensis,Macrognathus,100,invasive,0,ZERO,0,0,0,NA,2024
2023-12-09T00:00:00Z,20,2023,12,9,RB,RB9,1,110,21.7,0.2,5.17,Peacock eel,Macrognathus siamensis,Macrognathus,100,invasive,1,C,0,25.7,79,NA,2024
2023-12-09T00:00:00Z,20,2023,12,9,RB,RB9,2,102,21.7,0.2,4.89,Peacock eel,Macrognathus siamensis,Macrognathus,100,invasive,0,ZERO,0,0,0,NA,2024
2023-12-09T00:00:00Z,20,2023,12,9,RB,RB9,3,108,21.9,0.2,5.06,Peacock eel,Macrognathus siamensis,Macrognathus,100,invasive,1,C,0,21.3,47,NA,2024
2024-01-12T00:00:00Z,20,2024,1,12,RB,RB10,1,93.9,22.1,0.2,5.16,Peacock eel,Macrognathus siamensis,Macrognathus,100,invasive,1,C,0,23.8,62,NA,2024
2024-01-12T00:00:00Z,20,2024,1,12,RB,RB10,2,105,22.2,0.2,4.81,Peacock eel,Macrognathus siamensis,Macrognathus,100,invasive,1,S,0,22.3,48.5,NA,2024
2024-01-12T00:00:00Z,20,2024,1,12,RB,RB10,3,114,22.7,0.2,5.61,Peacock eel,Macrognathus siamensis,Macrognathus,100,invasive,0,ZERO,0,0,0,NA,2024
2024-01-13T00:00:00Z,20,2024,1,13,RB,RB11,1,101,23.4,0.2,3.29,Peacock eel,Macrognathus siamensis,Macrognathus,100,invasive,0,ZERO,0,0,0,NA,2024
2024-01-13T00:00:00Z,20,2024,1,13,RB,RB11,2,99.6,23.6,0.2,3.63,Peacock eel,Macrognathus siamensis,Macrognathus,100,invasive,0,ZERO,0,0,0,NA,2024
2024-01-13T00:00:00Z,20,2024,1,13,RB,RB11,3,98.9,23.9,0.2,3.86,Peacock eel,Macrognathus siamensis,Macrognathus,100,invasive,1,C,0,20.8,35,NA,2024
2024-01-12T00:00:00Z,20,2024,1,12,RB,RB13,1,90.1,22.6,0.2,5.08,Peacock eel,Macrognathus siamensis,Macrognathus,100,invasive,0,ZERO,0,0,0,NA,2024
2024-01-12T00:00:00Z,20,2024,1,12,RB,RB13,2,100,22.7,0.2,5.56,Peacock eel,Macrognathus siamensis,Macrognathus,100,invasive,0,ZERO,0,0,0,NA,2024
2024-01-12T00:00:00Z,20,2024,1,12,RB,RB13,3,103,22.7,0.2,5.05,Peacock eel,Macrognathus siamensis,Macrognathus,100,invasive,0,ZERO,0,0,0,NA,2024
2024-01-13T00:00:00Z,20,2024,1,13,RB,RB8,1,98.9,23.2,0.2,3.82,Peacock eel,Macrognathus siamensis,Macrognathus,100,invasive,0,ZERO,0,0,0,NA,2024
2024-01-13T00:00:00Z,20,2024,1,13,RB,RB8,2,93.9,23,0.2,3.87,Peacock eel,Macrognathus siamensis,Macrognathus,100,invasive,0,ZERO,0,0,0,NA,2024
2024-01-13T00:00:00Z,20,2024,1,13,RB,RB8,3,100,23.3,0.2,3.75,Peacock eel,Macrognathus siamensis,Macrognathus,100,invasive,0,ZERO,0,0,0,NA,2024
2024-01-12T00:00:00Z,20,2024,1,12,RB,RB9,1,97.9,21.3,0.2,4.57,Peacock eel,Macrognathus siamensis,Macrognathus,100,invasive,0,ZERO,0,0,0,NA,2024
2024-01-12T00:00:00Z,20,2024,1,12,RB,RB9,2,89.2,21.5,0.2,4.9,Peacock eel,Macrognathus siamensis,Macrognathus,100,invasive,1,S,0,22.3,48.5,NA,2024
2024-01-12T00:00:00Z,20,2024,1,12,RB,RB9,3,98.3,21.8,0.2,5.71,Peacock eel,Macrognathus siamensis,Macrognathus,100,invasive,2,S,0,22.3,48.5,NA,2024
2024-02-21T00:00:00Z,20,2024,2,21,RB,RB10,1,96,18.6,0.3,6.3,Peacock eel,Macrognathus siamensis,Macrognathus,100,invasive,1,C,0,22.5,53,NA,2024
2024-02-21T00:00:00Z,20,2024,2,21,RB,RB10,2,102,18.9,0.3,5.8,Peacock eel,Macrognathus siamensis,Macrognathus,100,invasive,0,ZERO,0,0,0,NA,2024
2024-02-21T00:00:00Z,20,2024,2,21,RB,RB10,3,108,19.5,0.3,7.1,Peacock eel,Macrognathus siamensis,Macrognathus,100,invasive,2,S,0,23.85,68,NA,2024
2024-02-21T00:00:00Z,20,2024,2,21,RB,RB11,1,103,17.3,0.2,5.6,Peacock eel,Macrognathus siamensis,Macrognathus,100,invasive,0,ZERO,0,0,0,NA,2024
2024-02-21T00:00:00Z,20,2024,2,21,RB,RB11,2,112,17.5,0.2,6.5,Peacock eel,Macrognathus siamensis,Macrognathus,100,invasive,0,ZERO,0,0,0,NA,2024
2024-02-21T00:00:00Z,20,2024,2,21,RB,RB11,3,88.7,17.8,0.2,7.5,Peacock eel,Macrognathus siamensis,Macrognathus,100,invasive,0,ZERO,0,0,0,NA,2024
2024-02-22T00:00:00Z,20,2024,2,22,RB,RB12,1,103,15,0.2,5.7,Peacock eel,Macrognathus siamensis,Macrognathus,100,invasive,0,ZERO,0,0,0,NA,2024
2024-02-22T00:00:00Z,20,2024,2,22,RB,RB12,2,94.4,15.2,0.2,6.1,Peacock eel,Macrognathus siamensis,Macrognathus,100,invasive,1,S,0,23.85,68,NA,2024
2024-02-22T00:00:00Z,20,2024,2,22,RB,RB12,3,113,15.3,0.2,6.3,Peacock eel,Macrognathus siamensis,Macrognathus,100,invasive,0,ZERO,0,0,0,NA,2024
2024-02-23T00:00:00Z,20,2024,2,23,RB,RB13,1,99.9,19.4,0.3,5.8,Peacock eel,Macrognathus siamensis,Macrognathus,100,invasive,0,ZERO,0,0,0,NA,2024
2024-02-23T00:00:00Z,20,2024,2,23,RB,RB13,2,92.5,19.3,0.3,6,Peacock eel,Macrognathus siamensis,Macrognathus,100,invasive,0,ZERO,0,0,0,NA,2024
2024-02-23T00:00:00Z,20,2024,2,23,RB,RB13,3,122,19.3,0.3,6,Peacock eel,Macrognathus siamensis,Macrognathus,100,invasive,0,ZERO,0,0,0,NA,2024
2024-02-23T00:00:00Z,20,2024,2,23,RB,RB14,1,105,20,0.3,5.5,Peacock eel,Macrognathus siamensis,Macrognathus,100,invasive,0,ZERO,0,0,0,NA,2024
2024-02-23T00:00:00Z,20,2024,2,23,RB,RB14,2,101,20.6,0.3,6.1,Peacock eel,Macrognathus siamensis,Macrognathus,100,invasive,0,ZERO,0,0,0,NA,2024
2024-02-23T00:00:00Z,20,2024,2,23,RB,RB14,3,122,20.8,0.3,6.2,Peacock eel,Macrognathus siamensis,Macrognathus,100,invasive,0,ZERO,0,0,0,NA,2024
2024-02-23T00:00:00Z,20,2024,2,23,RB,RB15,1,120,19.3,0.3,4.9,Peacock eel,Macrognathus siamensis,Macrognathus,100,invasive,0,ZERO,0,0,0,NA,2024
2024-02-23T00:00:00Z,20,2024,2,23,RB,RB15,2,107,19.4,0.3,4.9,Peacock eel,Macrognathus siamensis,Macrognathus,100,invasive,0,ZERO,0,0,0,NA,2024
2024-02-23T00:00:00Z,20,2024,2,23,RB,RB15,3,122,19.3,0.3,5.2,Peacock eel,Macrognathus siamensis,Macrognathus,100,invasive,0,ZERO,0,0,0,NA,2024
2024-02-22T00:00:00Z,20,2024,2,22,RB,RB16,2,104,16.1,0.6,5.8,Peacock eel,Macrognathus siamensis,Macrognathus,100,invasive,0,ZERO,0,0,0,NA,2024
2024-02-22T00:00:00Z,20,2024,2,22,RB,RB16,3,106,15.5,0.5,5.5,Peacock eel,Macrognathus siamensis,Macrognathus,100,invasive,0,ZERO,0,0,0,NA,2024
2024-02-23T00:00:00Z,20,2024,2,23,RB,RB18,1,104,19.9,0.3,6.2,Peacock eel,Macrognathus siamensis,Macrognathus,100,invasive,0,ZERO,0,0,0,NA,2024
2024-02-23T00:00:00Z,20,2024,2,23,RB,RB18,2,96.7,19.8,0.3,6.2,Peacock eel,Macrognathus siamensis,Macrognathus,100,invasive,0,ZERO,0,0,0,NA,2024
2024-02-23T00:00:00Z,20,2024,2,23,RB,RB18,3,117,19.9,0.3,6.3,Peacock eel,Macrognathus siamensis,Macrognathus,100,invasive,0,ZERO,0,0,0,NA,2024
2024-02-23T00:00:00Z,20,2024,2,23,RB,RB7,1,103,18.7,0.3,5.2,Peacock eel,Macrognathus siamensis,Macrognathus,100,invasive,0,ZERO,0,0,0,NA,2024
2024-02-23T00:00:00Z,20,2024,2,23,RB,RB7,2,105,18.8,0.3,5.6,Peacock eel,Macrognathus siamensis,Macrognathus,100,invasive,0,ZERO,0,0,0,NA,2024
2024-02-23T00:00:00Z,20,2024,2,23,RB,RB7,3,95.7,19,0.3,5.6,Peacock eel,Macrognathus siamensis,Macrognathus,100,invasive,0,ZERO,0,0,0,NA,2024
2024-02-21T00:00:00Z,20,2024,2,21,RB,RB8,1,103,19.2,0.3,6.3,Peacock eel,Macrognathus siamensis,Macrognathus,100,invasive,0,ZERO,0,0,0,NA,2024
2024-02-21T00:00:00Z,20,2024,2,21,RB,RB8,2,112,19.1,0.3,7.7,Peacock eel,Macrognathus siamensis,Macrognathus,100,invasive,0,ZERO,0,0,0,NA,2024
2024-02-21T00:00:00Z,20,2024,2,21,RB,RB8,3,96.6,19.2,0.3,6.5,Peacock eel,Macrognathus siamensis,Macrognathus,100,invasive,0,ZERO,0,0,0,NA,2024
2024-02-21T00:00:00Z,20,2024,2,21,RB,RB9,1,105,18.9,0.3,6.3,Peacock eel,Macrognathus siamensis,Macrognathus,100,invasive,0,ZERO,0,0,0,NA,2024
2024-02-21T00:00:00Z,20,2024,2,21,RB,RB9,2,115,19,0.3,6.2,Peacock eel,Macrognathus siamensis,Macrognathus,100,invasive,0,ZERO,0,0,0,NA,2024
2024-02-21T00:00:00Z,20,2024,2,21,RB,RB9,3,105,19.2,0.3,7.1,Peacock eel,Macrognathus siamensis,Macrognathus,100,invasive,1,C,0,25.2,83,NA,2024
2024-03-16T00:00:00Z,20,2024,3,16,RB,RB10,1,99.8,25.3,0.3,3.1,Peacock eel,Macrognathus siamensis,Macrognathus,100,invasive,0,ZERO,0,0,0,NA,2024
2024-03-16T00:00:00Z,20,2024,3,16,RB,RB10,2,91.4,25.5,0.3,3.4,Peacock eel,Macrognathus siamensis,Macrognathus,100,invasive,0,ZERO,0,0,0,NA,2024
2024-03-16T00:00:00Z,20,2024,3,16,RB,RB10,3,94.5,25.9,0.3,3.7,Peacock eel,Macrognathus siamensis,Macrognathus,100,invasive,0,ZERO,0,0,0,NA,2024
2024-03-16T00:00:00Z,20,2024,3,16,RB,RB11,1,106,26.2,0.3,4,Peacock eel,Macrognathus siamensis,Macrognathus,100,invasive,0,ZERO,0,0,0,NA,2024
2024-03-16T00:00:00Z,20,2024,3,16,RB,RB11,3,97.3,27.4,0.3,4.9,Peacock eel,Macrognathus siamensis,Macrognathus,100,invasive,0,ZERO,0,0,0,NA,2024
2024-03-17T00:00:00Z,20,2024,3,17,RB,RB13,1,92.2,25.8,0.3,3.4,Peacock eel,Macrognathus siamensis,Macrognathus,100,invasive,0,ZERO,0,0,0,NA,2024
2024-03-17T00:00:00Z,20,2024,3,17,RB,RB13,2,95.6,25.9,0.3,3.4,Peacock eel,Macrognathus siamensis,Macrognathus,100,invasive,0,ZERO,0,0,0,NA,2024
2024-03-17T00:00:00Z,20,2024,3,17,RB,RB13,3,100,26.1,0.3,3.5,Peacock eel,Macrognathus siamensis,Macrognathus,100,invasive,0,ZERO,0,0,0,NA,2024
2024-03-16T00:00:00Z,20,2024,3,16,RB,RB8,1,93.7,26.5,0.3,4,Peacock eel,Macrognathus siamensis,Macrognathus,100,invasive,0,ZERO,0,0,0,NA,2024
2024-03-16T00:00:00Z,20,2024,3,16,RB,RB8,2,113,26.6,0.3,3.8,Peacock eel,Macrognathus siamensis,Macrognathus,100,invasive,0,ZERO,0,0,0,NA,2024
2024-03-16T00:00:00Z,20,2024,3,16,RB,RB8,3,107,27.1,0.3,4.6,Peacock eel,Macrognathus siamensis,Macrognathus,100,invasive,0,ZERO,0,0,0,NA,2024
2024-03-16T00:00:00Z,20,2024,3,16,RB,RB9,1,100,24.9,0.3,3.2,Peacock eel,Macrognathus siamensis,Macrognathus,100,invasive,0,ZERO,0,0,0,NA,2024
2024-03-16T00:00:00Z,20,2024,3,16,RB,RB9,2,100,25.1,0.3,3.4,Peacock eel,Macrognathus siamensis,Macrognathus,100,invasive,0,ZERO,0,0,0,NA,2024
2024-03-16T00:00:00Z,20,2024,3,16,RB,RB9,3,94.5,25.3,0.3,3.4,Peacock eel,Macrognathus siamensis,Macrognathus,100,invasive,0,ZERO,0,0,0,NA,2024
2024-04-12T00:00:00Z,20,2024,4,12,RB,RB10,1,99.6,26.2,0.3,3.7,Peacock eel,Macrognathus siamensis,Macrognathus,100,invasive,0,ZERO,0,0,0,NA,2024
2024-04-12T00:00:00Z,20,2024,4,12,RB,RB10,2,102,26.4,0.3,4.5,Peacock eel,Macrognathus siamensis,Macrognathus,100,invasive,1,S,0,23.9,73.50000000000001,NA,2024
2024-04-12T00:00:00Z,20,2024,4,12,RB,RB10,3,101,26.9,0.3,4.2,Peacock eel,Macrognathus siamensis,Macrognathus,100,invasive,0,ZERO,0,0,0,NA,2024
2024-04-12T00:00:00Z,20,2024,4,12,RB,RB11,1,103,27.2,0.3,4.7,Peacock eel,Macrognathus siamensis,Macrognathus,100,invasive,0,ZERO,0,0,0,NA,2024
2024-04-12T00:00:00Z,20,2024,4,12,RB,RB11,3,97.3,28.4,0.3,5.4,Peacock eel,Macrognathus siamensis,Macrognathus,100,invasive,0,ZERO,0,0,0,NA,2024
2024-04-13T00:00:00Z,20,2024,4,13,RB,RB13,1,98.3,24.2,0.3,3.6,Peacock eel,Macrognathus siamensis,Macrognathus,100,invasive,0,ZERO,0,0,0,NA,2024
2024-04-13T00:00:00Z,20,2024,4,13,RB,RB13,2,120,23.7,0.3,3.3,Peacock eel,Macrognathus siamensis,Macrognathus,100,invasive,0,ZERO,0,0,0,NA,2024
2024-04-13T00:00:00Z,20,2024,4,13,RB,RB13,3,130,23.7,0.3,3.7,Peacock eel,Macrognathus siamensis,Macrognathus,100,invasive,0,ZERO,0,0,0,NA,2024
2024-04-13T00:00:00Z,20,2024,4,13,RB,RB8,1,100,23.8,0.3,3.7,Peacock eel,Macrognathus siamensis,Macrognathus,100,invasive,0,ZERO,0,0,0,NA,2024
2024-04-13T00:00:00Z,20,2024,4,13,RB,RB8,2,124,23.7,0.3,3.7,Peacock eel,Macrognathus siamensis,Macrognathus,100,invasive,0,ZERO,0,0,0,NA,2024
2024-04-13T00:00:00Z,20,2024,4,13,RB,RB8,3,130,23.7,0.3,4,Peacock eel,Macrognathus siamensis,Macrognathus,100,invasive,0,ZERO,0,0,0,NA,2024
2024-04-12T00:00:00Z,20,2024,4,12,RB,RB9,1,97,25.6,0.3,3.1,Peacock eel,Macrognathus siamensis,Macrognathus,100,invasive,0,ZERO,0,0,0,NA,2024
2024-04-12T00:00:00Z,20,2024,4,12,RB,RB9,2,95.5,25.5,0.3,3.1,Peacock eel,Macrognathus siamensis,Macrognathus,100,invasive,0,ZERO,0,0,0,NA,2024
2024-04-12T00:00:00Z,20,2024,4,12,RB,RB9,3,92.5,25.8,0.3,3.3,Peacock eel,Macrognathus siamensis,Macrognathus,100,invasive,1,C,0,27.3,100,NA,2024
2024-04-12T00:00:00Z,20,2024,4,12,RB,RB9,3,92.5,25.8,0.3,3.3,Peacock eel,Macrognathus siamensis,Macrognathus,100,invasive,1,C,0,20.5,47,NA,2024
2024-05-18T00:00:00Z,20,2024,5,18,RB,RB10,1,104,30.5,0.3,2.6,Peacock eel,Macrognathus siamensis,Macrognathus,100,invasive,1,C,0,19.7,28,NA,2024
2024-05-18T00:00:00Z,20,2024,5,18,RB,RB10,2,102,31,0.3,2.8,Peacock eel,Macrognathus siamensis,Macrognathus,100,invasive,0,ZERO,0,0,0,NA,2024
2024-05-18T00:00:00Z,20,2024,5,18,RB,RB10,3,115,31.6,0.3,3.3,Peacock eel,Macrognathus siamensis,Macrognathus,100,invasive,0,ZERO,0,0,0,NA,2024
2024-05-18T00:00:00Z,20,2024,5,18,RB,RB11,1,109,30.8,0.3,3,Peacock eel,Macrognathus siamensis,Macrognathus,100,invasive,1,C,0,26.3,95,NA,2024
2024-05-18T00:00:00Z,20,2024,5,18,RB,RB11,2,108,31.2,0.3,2.5,Peacock eel,Macrognathus siamensis,Macrognathus,100,invasive,0,ZERO,0,0,0,NA,2024
2024-05-18T00:00:00Z,20,2024,5,18,RB,RB11,3,107,32.2,0.3,3,Peacock eel,Macrognathus siamensis,Macrognathus,100,invasive,0,ZERO,0,0,0,NA,2024
2024-05-29T00:00:00Z,20,2024,5,29,RB,RB12,1,101,28.2,0.4,1.7,Peacock eel,Macrognathus siamensis,Macrognathus,100,invasive,0,ZERO,0,0,0,NA,2024
2024-05-29T00:00:00Z,20,2024,5,29,RB,RB12,2,90.3,27.9,0.4,1.8,Peacock eel,Macrognathus siamensis,Macrognathus,100,invasive,0,ZERO,0,0,0,NA,2024
2024-05-29T00:00:00Z,20,2024,5,29,RB,RB12,3,102,28,0.4,2.1,Peacock eel,Macrognathus siamensis,Macrognathus,100,invasive,0,ZERO,0,0,0,NA,2024
2024-05-18T00:00:00Z,20,2024,5,18,RB,RB13,1,120,31.1,0.3,3.3,Peacock eel,Macrognathus siamensis,Macrognathus,100,invasive,0,ZERO,0,0,0,NA,2024
2024-05-18T00:00:00Z,20,2024,5,18,RB,RB13,2,108,31.9,0.3,3.1,Peacock eel,Macrognathus siamensis,Macrognathus,100,invasive,0,ZERO,0,0,0,NA,2024
2024-05-18T00:00:00Z,20,2024,5,18,RB,RB13,3,115,31.7,0.3,3.3,Peacock eel,Macrognathus siamensis,Macrognathus,100,invasive,0,ZERO,0,0,0,NA,2024
2024-05-19T00:00:00Z,20,2024,5,19,RB,RB14,1,100,30.9,0.3,2.4,Peacock eel,Macrognathus siamensis,Macrognathus,100,invasive,0,ZERO,0,0,0,NA,2024
2024-05-19T00:00:00Z,20,2024,5,19,RB,RB14,2,100,31.1,0.3,2.8,Peacock eel,Macrognathus siamensis,Macrognathus,100,invasive,0,ZERO,0,0,0,NA,2024
2024-05-19T00:00:00Z,20,2024,5,19,RB,RB14,3,104,31.1,0.3,1.9,Peacock eel,Macrognathus siamensis,Macrognathus,100,invasive,0,ZERO,0,0,0,NA,2024
2024-05-28T00:00:00Z,20,2024,5,28,RB,RB15,1,106,31,0.4,2.5,Peacock eel,Macrognathus siamensis,Macrognathus,100,invasive,0,ZERO,0,0,0,NA,2024
2024-05-28T00:00:00Z,20,2024,5,28,RB,RB15,2,111,31,0.5,2.4,Peacock eel,Macrognathus siamensis,Macrognathus,100,invasive,0,ZERO,0,0,0,NA,2024
2024-05-28T00:00:00Z,20,2024,5,28,RB,RB15,3,122,31,0.6,2.5,Peacock eel,Macrognathus siamensis,Macrognathus,100,invasive,0,ZERO,0,0,0,NA,2024
2024-05-29T00:00:00Z,20,2024,5,29,RB,RB16,1,100,29.5,1.1,2.2,Peacock eel,Macrognathus siamensis,Macrognathus,100,invasive,0,ZERO,0,0,0,NA,2024
2024-05-29T00:00:00Z,20,2024,5,29,RB,RB16,2,100,29.5,1.1,2.3,Peacock eel,Macrognathus siamensis,Macrognathus,100,invasive,0,ZERO,0,0,0,NA,2024
2024-05-29T00:00:00Z,20,2024,5,29,RB,RB16,3,96.4,29.6,1.1,2.2,Peacock eel,Macrognathus siamensis,Macrognathus,100,invasive,0,ZERO,0,0,0,NA,2024
2024-05-28T00:00:00Z,20,2024,5,28,RB,RB18,1,100,30.8,0.3,3.1,Peacock eel,Macrognathus siamensis,Macrognathus,100,invasive,0,ZERO,0,0,0,NA,2024
2024-05-28T00:00:00Z,20,2024,5,28,RB,RB18,2,97.4,30.7,0.3,3.2,Peacock eel,Macrognathus siamensis,Macrognathus,100,invasive,0,ZERO,0,0,0,NA,2024
2024-05-28T00:00:00Z,20,2024,5,28,RB,RB18,3,105,30.6,0.3,2.8,Peacock eel,Macrognathus siamensis,Macrognathus,100,invasive,0,ZERO,0,0,0,NA,2024
2024-05-19T00:00:00Z,20,2024,5,19,RB,RB7,1,104,29.5,0.4,1.4,Peacock eel,Macrognathus siamensis,Macrognathus,100,invasive,0,ZERO,0,0,0,NA,2024
2024-05-19T00:00:00Z,20,2024,5,19,RB,RB7,2,110,29.5,0.4,1.5,Peacock eel,Macrognathus siamensis,Macrognathus,100,invasive,0,ZERO,0,0,0,NA,2024
2024-05-19T00:00:00Z,20,2024,5,19,RB,RB7,3,94.5,29.7,0.3,1.9,Peacock eel,Macrognathus siamensis,Macrognathus,100,invasive,0,ZERO,0,0,0,NA,2024
2024-05-28T00:00:00Z,20,2024,5,28,RB,RB8,1,111,29.8,0.3,2,Peacock eel,Macrognathus siamensis,Macrognathus,100,invasive,0,ZERO,0,0,0,NA,2024
2024-05-28T00:00:00Z,20,2024,5,28,RB,RB8,2,93.2,29.8,0.3,2.1,Peacock eel,Macrognathus siamensis,Macrognathus,100,invasive,0,ZERO,0,0,0,NA,2024
2024-05-28T00:00:00Z,20,2024,5,28,RB,RB8,3,101,29.8,0.3,2.2,Peacock eel,Macrognathus siamensis,Macrognathus,100,invasive,1,C,0,23.2,45,NA,2024
2024-05-18T00:00:00Z,20,2024,5,18,RB,RB9,1,95,29.4,0.3,2.3,Peacock eel,Macrognathus siamensis,Macrognathus,100,invasive,0,ZERO,0,0,0,NA,2024
2024-05-18T00:00:00Z,20,2024,5,18,RB,RB9,2,97.8,29.4,0.3,2.3,Peacock eel,Macrognathus siamensis,Macrognathus,100,invasive,0,ZERO,0,0,0,NA,2024
2024-05-18T00:00:00Z,20,2024,5,18,RB,RB9,3,102,30,0.3,2.5,Peacock eel,Macrognathus siamensis,Macrognathus,100,invasive,0,ZERO,0,0,0,NA,2024
2024-06-16T00:00:00Z,20,2024,6,16,RB,RB10,1,100,27.6,0.2,2.9,Peacock eel,Macrognathus siamensis,Macrognathus,100,invasive,0,ZERO,0,0,0,NA,2024
2024-06-16T00:00:00Z,20,2024,6,16,RB,RB10,2,102,27.7,0.2,3.7,Peacock eel,Macrognathus siamensis,Macrognathus,100,invasive,0,ZERO,0,0,0,NA,2024
2024-06-16T00:00:00Z,20,2024,6,16,RB,RB10,3,105,27.8,0.2,3.5,Peacock eel,Macrognathus siamensis,Macrognathus,100,invasive,0,ZERO,0,0,0,NA,2024
2024-06-16T00:00:00Z,20,2024,6,16,RB,RB11,1,107,28,0.2,3.5,Peacock eel,Macrognathus siamensis,Macrognathus,100,invasive,0,ZERO,0,0,0,NA,2024
2024-06-16T00:00:00Z,20,2024,6,16,RB,RB11,2,112,28.2,0.2,3.7,Peacock eel,Macrognathus siamensis,Macrognathus,100,invasive,0,ZERO,0,0,0,NA,2024
2024-06-16T00:00:00Z,20,2024,6,16,RB,RB11,3,98.3,28.6,0.2,4.3,Peacock eel,Macrognathus siamensis,Macrognathus,100,invasive,0,ZERO,0,0,0,NA,2024
2024-06-16T00:00:00Z,20,2024,6,16,RB,RB13,1,103,28.3,0.2,3.7,Peacock eel,Macrognathus siamensis,Macrognathus,100,invasive,0,ZERO,0,0,0,NA,2024
2024-06-16T00:00:00Z,20,2024,6,16,RB,RB13,2,120,28.3,0.2,3.6,Peacock eel,Macrognathus siamensis,Macrognathus,100,invasive,0,ZERO,0,0,0,NA,2024
2024-06-16T00:00:00Z,20,2024,6,16,RB,RB13,3,99,28.6,0.2,3.6,Peacock eel,Macrognathus siamensis,Macrognathus,100,invasive,0,ZERO,0,0,0,NA,2024
2024-06-16T00:00:00Z,20,2024,6,16,RB,RB8,1,125,28.5,0.2,3.6,Peacock eel,Macrognathus siamensis,Macrognathus,100,invasive,0,ZERO,0,0,0,NA,2024
2024-06-16T00:00:00Z,20,2024,6,16,RB,RB8,2,101,28.3,0.2,3.5,Peacock eel,Macrognathus siamensis,Macrognathus,100,invasive,0,ZERO,0,0,0,NA,2024
2024-06-16T00:00:00Z,20,2024,6,16,RB,RB8,3,115,28.3,0.2,3.8,Peacock eel,Macrognathus siamensis,Macrognathus,100,invasive,0,ZERO,0,0,0,NA,2024
2024-06-16T00:00:00Z,20,2024,6,16,RB,RB9,1,98,27.3,0.2,2.8,Peacock eel,Macrognathus siamensis,Macrognathus,100,invasive,0,ZERO,0,0,0,NA,2024
2024-06-16T00:00:00Z,20,2024,6,16,RB,RB9,2,99,27.3,0.2,2.7,Peacock eel,Macrognathus siamensis,Macrognathus,100,invasive,0,ZERO,0,0,0,NA,2024
2024-06-16T00:00:00Z,20,2024,6,16,RB,RB9,3,98.9,27.3,0.2,2.9,Peacock eel,Macrognathus siamensis,Macrognathus,100,invasive,0,ZERO,0,0,0,NA,2024
